time,active_uavs,spare_uavs,swapping_uavs,contingency_spares,failed_uavs,deployed_uavs,coverage_%,rolling_avg_%,cells_overdue,c2_violations,c3_alarms,c3_missed,avg_soc,min_soc,orphan_overdue,orphan_coverage_%,bridge_inserts
1.0,1,29,0,1,0,1,0.0,0.0,144,0,0,0,100.0,99.9,0,0.0,0
2.0,1,29,0,1,0,1,0.0,0.0,144,0,0,0,100.0,99.9,0,0.0,0
3.0,1,29,0,1,0,1,0.0,0.0,144,0,0,0,100.0,99.8,0,0.0,0
4.0,1,29,0,1,0,1,0.0,0.0,144,0,0,0,100.0,99.8,0,0.0,0
5.0,2,28,0,1,0,2,0.0,0.0,144,0,0,0,100.0,99.7,0,0.0,0
6.0,2,28,0,1,0,2,0.0,0.0,144,0,0,0,100.0,99.7,0,0.0,0
7.0,2,28,0,1,0,2,0.0,0.0,144,0,0,0,100.0,99.6,0,0.0,0
8.0,2,28,0,1,0,2,0.0,0.0,144,0,0,0,100.0,99.6,0,0.0,0
9.0,2,28,0,1,0,2,0.0,0.0,144,0,0,0,100.0,99.5,0,0.0,0
10.0,3,27,0,1,0,3,0.0,0.0,144,0,0,0,100.0,99.5,0,0.0,0
11.0,3,27,0,1,0,3,0.0,0.0,144,0,0,0,100.0,99.4,0,0.0,0
12.0,3,27,0,1,0,3,0.0,0.0,144,0,0,0,100.0,99.4,0,0.0,0
13.0,3,27,0,1,0,3,0.0,0.0,144,0,0,0,100.0,99.3,0,0.0,0
14.0,3,27,0,1,0,3,0.0,0.0,144,0,0,0,100.0,99.3,0,0.0,0
15.0,4,26,0,1,0,4,0.0,0.0,144,0,0,0,99.9,99.2,0,0.0,0
16.0,4,26,0,1,0,4,0.0,0.0,144,0,0,0,99.9,99.2,0,0.0,0
17.0,4,26,0,1,0,4,0.0,0.0,144,0,0,0,99.9,99.1,0,0.0,0
18.0,4,26,0,1,0,4,0.0,0.0,144,0,0,0,99.9,99.0,0,0.0,0
19.0,4,26,0,1,0,4,0.0,0.0,144,0,0,0,99.9,99.0,0,0.0,0
20.0,4,26,0,1,0,4,0.0,0.0,144,0,0,0,99.9,98.9,0,0.0,0
21.0,4,26,0,1,0,4,0.0,0.0,144,0,0,0,99.9,98.9,0,0.0,0
22.0,4,26,0,1,0,4,0.0,0.0,144,0,0,0,99.9,98.8,0,0.0,0
23.0,4,26,0,1,0,4,0.0,0.0,144,0,0,0,99.9,98.8,0,0.0,0
24.0,4,26,0,1,0,4,0.0,0.0,144,0,0,0,99.9,98.7,0,0.0,0
25.0,4,26,0,1,0,4,0.0,0.0,144,0,0,0,99.9,98.7,0,0.0,0
26.0,4,26,0,1,0,4,0.0,0.0,144,0,0,0,99.9,98.6,0,0.0,0
27.0,4,26,0,1,0,4,0.0,0.0,144,0,0,0,99.9,98.6,0,0.0,0
28.0,4,26,0,1,0,4,0.0,0.0,144,0,0,0,99.9,98.5,0,0.0,0
29.0,4,26,0,1,0,4,0.0,0.0,144,0,0,0,99.8,98.5,0,0.0,0
30.0,4,26,0,1,0,4,0.0,0.0,144,0,0,0,99.8,98.4,0,0.0,0
31.0,4,26,0,1,0,4,0.0,0.0,144,0,0,0,99.8,98.4,0,0.0,0
32.0,4,26,0,1,0,4,0.0,0.0,144,0,0,0,99.8,98.3,0,0.0,0
33.0,4,26,0,1,0,4,0.0,0.0,144,0,0,0,99.8,98.3,0,0.0,0
34.0,4,26,0,1,0,4,0.0,0.0,144,0,0,0,99.8,98.2,0,0.0,0
35.0,4,26,0,1,0,4,0.0,0.0,144,0,0,0,99.8,98.1,0,0.0,0
36.0,4,26,0,1,0,4,0.0,0.0,144,0,0,0,99.8,98.1,0,0.0,0
37.0,4,26,0,1,0,4,0.0,0.0,144,0,0,0,99.8,98.0,0,0.0,0
38.0,4,26,0,1,0,4,0.0,0.0,144,0,0,0,99.8,98.0,0,0.0,0
39.0,4,26,0,1,0,4,0.0,0.0,144,0,0,0,99.8,97.9,0,0.0,0
40.0,4,26,0,1,0,4,0.0,0.0,144,0,0,0,99.8,97.9,0,0.0,0
41.0,4,26,0,1,0,4,0.0,0.0,144,0,0,0,99.8,97.8,0,0.0,0
42.0,4,26,0,1,0,4,0.0,0.0,144,0,0,0,99.8,97.8,0,0.0,0
43.0,4,26,0,1,0,4,0.0,0.0,144,0,0,0,99.8,97.7,0,0.0,0
44.0,4,26,0,1,0,4,0.0,0.0,144,0,0,0,99.7,97.7,0,0.0,0
45.0,4,26,0,1,0,4,0.0,0.0,144,0,0,0,99.7,97.6,0,0.0,0
46.0,4,26,0,1,0,4,0.0,0.0,144,0,0,0,99.7,97.6,0,0.0,0
47.0,4,26,0,1,0,4,0.0,0.0,144,0,0,0,99.7,97.5,0,0.0,0
48.0,4,26,0,1,0,4,0.0,0.0,144,0,0,0,99.7,97.5,0,0.0,0
49.0,4,26,0,1,0,4,0.0,0.0,144,0,0,0,99.7,97.4,0,0.0,0
50.0,4,26,0,1,0,4,0.0,0.0,144,0,0,0,99.7,97.4,0,0.0,0
51.0,4,26,0,1,0,4,0.0,0.0,144,0,0,0,99.7,97.3,0,0.0,0
52.0,4,26,0,1,0,4,0.0,0.0,144,0,0,0,99.7,97.2,0,0.0,0
53.0,4,26,0,1,0,4,0.0,0.0,144,0,0,0,99.7,97.2,0,0.0,0
54.0,4,26,0,1,0,4,0.0,0.0,144,0,0,0,99.7,97.1,0,0.0,0
55.0,4,26,0,1,0,4,0.0,0.0,144,0,0,0,99.7,97.1,0,0.0,0
56.0,4,26,0,1,0,4,0.0,0.0,144,0,0,0,99.7,97.0,0,0.0,0
57.0,4,26,0,1,0,4,0.0,0.0,144,0,0,0,99.7,97.0,0,0.0,0
58.0,4,26,0,1,0,4,0.0,0.0,144,0,0,0,99.7,96.9,0,0.0,0
59.0,4,26,0,1,0,4,0.0,0.0,144,0,0,0,99.6,96.9,0,0.0,0
60.0,4,26,0,1,0,4,0.0,0.0,144,0,0,0,99.6,96.8,0,0.0,0
61.0,4,26,0,1,0,4,0.0,0.0,144,0,0,0,99.6,96.8,0,0.0,0
62.0,4,26,0,1,0,4,0.0,0.0,144,0,0,0,99.6,96.7,0,0.0,0
63.0,4,26,0,1,0,4,0.0,0.0,144,0,0,0,99.6,96.7,0,0.0,0
64.0,4,26,0,1,0,4,0.0,0.0,144,0,0,0,99.6,96.6,0,0.0,0
65.0,4,26,0,1,0,4,0.0,0.0,144,0,0,0,99.6,96.6,0,0.0,0
66.0,4,26,0,1,0,4,0.0,0.0,144,0,0,0,99.6,96.5,0,0.0,0
67.0,4,26,0,1,0,4,0.0,0.0,144,0,0,0,99.6,96.5,0,0.0,0
68.0,4,26,0,1,0,4,0.0,0.0,144,0,0,0,99.6,96.4,0,0.0,0
69.0,4,26,0,1,0,4,0.0,0.0,144,0,0,0,99.6,96.3,0,0.0,0
70.0,4,26,0,1,0,4,0.0,0.0,144,0,0,0,99.6,96.3,0,0.0,0
71.0,4,26,0,1,0,4,0.0,0.0,144,0,0,0,99.6,96.2,0,0.0,0
72.0,4,26,0,1,0,4,0.0,0.0,144,0,0,0,99.6,96.2,0,0.0,0
73.0,4,26,0,1,0,4,0.0,0.0,144,0,0,0,99.5,96.1,0,0.0,0
74.0,4,26,0,1,0,4,0.0,0.0,144,0,0,0,99.5,96.1,0,0.0,0
75.0,4,26,0,1,0,4,0.0,0.0,144,0,0,0,99.5,96.0,0,0.0,0
76.0,4,26,0,1,0,4,0.0,0.0,144,0,0,0,99.5,96.0,0,0.0,0
77.0,4,26,0,1,0,4,0.0,0.0,144,0,0,0,99.5,95.9,0,0.0,0
78.0,4,26,0,1,0,4,0.0,0.0,144,0,0,0,99.5,95.9,0,0.0,0
79.0,4,26,0,1,0,4,0.0,0.0,144,0,0,0,99.5,95.8,0,0.0,0
80.0,4,26,0,1,0,4,0.0,0.0,144,0,0,0,99.5,95.8,0,0.0,0
81.0,4,26,0,1,0,4,0.0,0.0,144,0,0,0,99.5,95.7,0,0.0,0
82.0,4,26,0,1,0,4,0.0,0.0,144,0,0,0,99.5,95.7,0,0.0,0
83.0,4,26,0,1,0,4,0.0,0.0,144,0,0,0,99.5,95.6,0,0.0,0
84.0,4,26,0,1,0,4,1.4,0.0,142,0,0,0,99.5,95.6,0,0.0,0
85.0,4,26,0,1,0,4,1.4,0.0,142,0,0,0,99.5,95.5,0,0.0,0
86.0,4,26,0,1,0,4,1.4,0.0,142,0,0,0,99.5,95.4,0,0.0,0
87.0,4,26,0,1,0,4,1.4,0.1,142,0,0,0,99.5,95.4,0,0.0,0
88.0,4,26,0,1,0,4,1.4,0.1,142,0,0,0,99.4,95.3,0,0.0,0
89.0,4,26,0,1,0,4,1.4,0.1,142,0,0,0,99.4,95.3,0,0.0,0
90.0,4,26,0,1,0,4,2.1,0.1,141,0,0,0,99.4,95.2,0,0.0,0
91.0,4,26,0,1,0,4,2.8,0.1,140,0,0,0,99.4,95.2,0,0.0,0
92.0,4,26,0,1,0,4,2.8,0.2,140,0,0,0,99.4,95.1,0,0.0,0
93.0,4,26,0,1,0,4,2.8,0.2,140,0,0,0,99.4,95.1,0,0.0,0
94.0,4,26,0,1,0,4,2.8,0.2,140,0,0,0,99.4,95.0,0,0.0,0
95.0,4,26,0,1,0,4,2.8,0.3,140,0,0,0,99.4,95.0,0,0.0,0
96.0,4,26,0,1,0,4,3.5,0.3,139,0,0,0,99.4,94.9,0,0.0,0
97.0,4,26,0,1,0,4,3.5,0.3,139,0,0,0,99.4,94.9,0,0.0,0
98.0,4,26,0,1,0,4,3.5,0.4,139,0,0,0,99.4,94.8,0,0.0,0
99.0,4,26,0,1,0,4,3.5,0.4,139,0,0,0,99.4,94.8,0,0.0,0
100.0,4,26,0,1,0,4,4.2,0.4,138,0,0,0,99.4,94.7,0,0.0,0
101.0,4,26,0,1,0,4,4.2,0.5,138,0,0,0,99.4,94.7,0,0.0,0
102.0,4,26,0,1,0,4,4.2,0.5,138,0,0,0,99.3,94.6,0,0.0,0
103.0,4,26,0,1,0,4,4.9,0.5,137,0,0,0,99.3,94.6,0,0.0,0
104.0,4,26,0,1,0,4,4.9,0.6,137,0,0,0,99.3,94.5,0,0.0,0
105.0,4,26,0,1,0,4,4.9,0.6,137,0,0,0,99.3,94.4,0,0.0,0
106.0,4,26,0,1,0,4,4.9,0.7,137,0,0,0,99.3,94.4,0,0.0,0
107.0,4,26,0,1,0,4,4.9,0.7,137,0,0,0,99.3,94.3,0,0.0,0
108.0,4,26,0,1,0,4,4.9,0.7,137,0,0,0,99.3,94.3,0,0.0,0
109.0,4,26,0,1,0,4,5.6,0.8,136,0,0,0,99.3,94.2,0,0.0,0
110.0,4,26,0,1,0,4,5.6,0.8,136,0,0,0,99.3,94.2,0,0.0,0
111.0,4,26,0,1,0,4,5.6,0.9,136,0,0,0,99.3,94.1,0,0.0,0
112.0,4,26,0,1,0,4,5.6,0.9,136,0,0,0,99.3,94.1,0,0.0,0
113.0,4,26,0,1,0,4,5.6,1.0,136,0,0,0,99.3,94.0,0,0.0,0
114.0,4,26,0,1,0,4,5.6,1.0,136,0,0,0,99.3,94.0,0,0.0,0
115.0,4,26,0,1,0,4,5.6,1.0,136,0,0,0,99.3,93.9,0,0.0,0
116.0,4,26,0,1,0,4,6.2,1.1,135,0,0,0,99.3,93.9,0,0.0,0
117.0,4,26,0,1,0,4,6.9,1.1,134,0,0,0,99.2,93.8,0,0.0,0
118.0,4,26,0,1,0,4,7.6,1.2,133,0,0,0,99.2,93.8,0,0.0,0
119.0,4,26,0,1,0,4,7.6,1.2,133,0,0,0,99.2,93.7,0,0.0,0
120.0,4,26,0,1,0,4,8.3,1.3,132,0,0,0,99.2,93.7,0,0.0,0
121.0,4,26,0,1,0,4,8.3,1.4,132,0,0,0,99.2,93.6,0,0.0,0
122.0,4,26,0,1,0,4,8.3,1.4,132,0,0,0,99.2,93.6,0,0.0,0
123.0,4,26,0,1,0,4,9.0,1.5,131,0,0,0,99.2,93.5,0,0.0,0
124.0,4,26,0,1,0,4,9.7,1.5,130,0,0,0,99.2,93.5,0,0.0,0
125.0,4,26,0,1,0,4,10.4,1.6,129,0,0,0,99.2,93.4,0,0.0,0
126.0,4,26,0,1,0,4,10.4,1.7,129,0,0,0,99.2,93.4,0,0.0,0
127.0,4,26,0,1,0,4,11.1,1.8,128,0,0,0,99.2,93.3,0,0.0,0
128.0,4,26,0,1,0,4,11.1,1.8,128,0,0,0,99.2,93.3,0,0.0,0
129.0,4,26,0,1,0,4,11.1,1.9,128,0,0,0,99.2,93.2,0,0.0,0
130.0,4,26,0,1,0,4,12.5,2.0,126,0,0,0,99.2,93.2,0,0.0,0
131.0,4,26,0,1,0,4,12.5,2.1,126,0,0,0,99.2,93.1,0,0.0,0
132.0,4,26,0,1,0,4,13.2,2.1,125,0,0,0,99.1,93.0,0,0.0,0
133.0,4,26,0,1,0,4,13.9,2.2,124,0,0,0,99.1,93.0,0,0.0,0
134.0,4,26,0,1,0,4,13.9,2.3,124,0,0,0,99.1,92.9,0,0.0,0
135.0,4,26,0,1,0,4,13.9,2.4,124,0,0,0,99.1,92.9,0,0.0,0
136.0,4,26,0,1,0,4,14.6,2.5,123,0,0,0,99.1,92.8,0,0.0,0
137.0,4,26,0,1,0,4,15.3,2.6,122,0,0,0,99.1,92.8,0,0.0,0
138.0,4,26,0,1,0,4,15.3,2.7,122,0,0,0,99.1,92.7,0,0.0,0
139.0,4,26,0,1,0,4,16.0,2.8,121,0,0,0,99.1,92.7,0,0.0,0
140.0,4,26,0,1,0,4,16.7,2.9,120,0,0,0,99.1,92.6,0,0.0,0
141.0,4,26,0,1,0,4,16.7,3.0,120,0,0,0,99.1,92.6,0,0.0,0
142.0,4,26,0,1,0,4,16.7,3.1,120,0,0,0,99.1,92.5,0,0.0,0
143.0,4,26,0,1,0,4,17.4,3.2,119,0,0,0,99.1,92.5,0,0.0,0
144.0,4,26,0,1,0,4,18.1,3.3,118,0,0,0,99.1,92.4,0,0.0,0
145.0,4,26,0,1,0,4,18.8,3.4,117,0,0,0,99.1,92.4,0,0.0,0
146.0,4,26,0,1,0,4,18.8,3.5,117,0,0,0,99.1,92.3,0,0.0,0
147.0,4,26,0,1,0,4,19.4,3.6,116,0,0,0,99.0,92.3,0,0.0,0
148.0,4,26,0,1,0,4,19.4,3.7,116,0,0,0,99.0,92.2,0,0.0,0
149.0,4,26,0,1,0,4,19.4,3.8,116,0,0,0,99.0,92.2,0,0.0,0
150.0,5,25,0,1,0,5,20.1,3.9,115,0,0,0,99.0,92.1,0,0.0,0
151.0,5,25,0,1,0,5,20.8,4.0,114,0,0,0,99.0,92.1,0,0.0,0
152.0,5,25,0,1,0,5,21.5,4.1,113,0,0,0,99.0,92.0,0,0.0,0
153.0,5,25,0,1,0,5,21.5,4.3,113,0,0,0,99.0,92.0,0,0.0,0
154.0,5,25,0,1,0,5,22.2,4.4,112,0,0,0,99.0,91.9,0,0.0,0
155.0,6,24,0,1,0,6,22.2,4.5,112,0,0,0,99.0,91.8,0,0.0,0
156.0,6,24,0,1,0,6,22.2,4.6,112,0,0,0,99.0,91.8,0,0.0,0
157.0,6,24,0,1,0,6,23.6,4.7,110,0,0,0,99.0,91.7,0,0.0,0
158.0,6,24,0,1,0,6,23.6,4.8,110,0,0,0,99.0,91.7,0,0.0,0
159.0,6,24,0,1,0,6,24.3,5.0,109,0,0,0,98.9,91.6,0,0.0,0
160.0,7,23,0,1,0,7,25.0,5.1,108,0,0,0,98.9,91.6,0,0.0,0
161.0,7,23,0,1,0,7,25.0,5.2,108,0,0,0,98.9,91.5,0,0.0,0
162.0,7,23,0,1,0,7,25.0,5.3,108,0,0,0,98.9,91.5,0,0.0,0
163.0,7,23,0,1,0,7,25.7,5.5,107,0,0,0,98.9,91.4,0,0.0,0
164.0,7,23,0,1,0,7,26.4,5.6,106,0,0,0,98.9,91.4,0,0.0,0
165.0,8,22,0,1,0,8,26.4,5.7,106,0,0,0,98.9,91.3,0,0.0,0
166.0,8,22,0,1,0,8,27.1,5.8,105,0,0,0,98.9,91.3,0,0.0,0
167.0,8,22,0,1,0,8,27.8,6.0,104,0,0,0,98.8,91.2,0,0.0,0
168.0,8,22,0,1,0,8,27.8,6.1,104,0,0,0,98.8,91.2,0,0.0,0
169.0,8,22,0,1,0,8,27.8,6.2,104,0,0,0,98.8,91.1,0,0.0,0
170.0,8,22,0,1,0,8,28.5,6.4,103,0,0,0,98.8,91.1,0,0.0,0
171.0,8,22,0,1,0,8,29.2,6.5,102,0,0,0,98.8,91.0,0,0.0,0
172.0,8,22,0,1,0,8,29.9,6.6,101,0,0,0,98.8,90.9,0,0.0,0
173.0,8,22,0,1,0,8,29.9,6.8,101,0,0,0,98.8,90.9,0,0.0,0
174.0,8,22,0,1,0,8,30.6,6.9,100,0,0,0,98.7,90.8,0,0.0,0
175.0,8,22,0,1,0,8,30.6,7.0,100,0,0,0,98.7,90.8,0,0.0,0
176.0,8,22,0,1,0,8,30.6,7.2,100,0,0,0,98.7,90.8,0,0.0,0
177.0,8,22,0,1,0,8,31.2,7.3,99,0,0,0,98.7,90.7,0,0.0,0
178.0,8,22,0,1,0,8,31.9,7.4,98,0,0,0,98.7,90.6,0,0.0,0
179.0,8,22,0,1,0,8,32.6,7.6,97,0,0,0,98.7,90.6,0,0.0,0
180.0,8,22,0,1,0,8,32.6,7.7,97,0,0,0,98.7,90.5,0,0.0,0
181.0,8,22,0,1,0,8,33.3,7.9,96,0,0,0,98.7,90.5,0,0.0,0
182.0,8,22,0,1,0,8,33.3,8.0,96,0,0,0,98.6,90.4,0,0.0,0
183.0,8,22,0,1,0,8,33.3,8.1,96,0,0,0,98.6,90.4,0,0.0,0
184.0,8,22,0,1,0,8,34.0,8.3,95,0,0,0,98.6,90.3,0,0.0,0
185.0,8,22,0,1,0,8,34.0,8.4,95,0,0,0,98.6,90.3,0,0.0,0
186.0,8,22,0,1,0,8,34.0,8.6,95,0,0,0,98.6,90.2,0,0.0,0
187.0,8,22,0,1,0,8,34.0,8.7,95,0,0,0,98.6,90.2,0,0.0,0
188.0,8,22,0,1,0,8,34.0,8.8,95,0,0,0,98.6,90.1,0,0.0,0
189.0,8,22,0,1,0,8,34.0,9.0,95,0,0,0,98.5,90.1,0,0.0,0
190.0,8,22,0,1,0,8,34.0,9.1,95,0,0,0,98.5,90.1,0,0.0,0
191.0,8,22,0,1,0,8,34.0,9.2,95,0,0,0,98.5,90.0,0,0.0,0
192.0,8,22,0,1,0,8,34.0,9.4,95,0,0,0,98.5,90.0,0,0.0,0
193.0,8,22,0,1,0,8,34.0,9.5,95,0,0,0,98.5,89.9,0,0.0,0
194.0,8,22,0,1,0,8,34.0,9.6,95,0,0,0,98.5,89.9,0,0.0,0
195.0,8,22,0,1,0,8,34.0,9.7,95,0,0,0,98.5,89.8,0,0.0,0
196.0,8,22,0,1,0,8,34.0,9.9,95,0,0,0,98.5,89.7,0,0.0,0
197.0,8,22,0,1,0,8,34.0,10.0,95,0,0,0,98.4,89.7,0,0.0,0
198.0,8,22,0,1,0,8,34.0,10.1,95,0,0,0,98.4,89.6,0,0.0,0
199.0,8,22,0,1,0,8,34.0,10.2,95,0,0,0,98.4,89.6,0,0.0,0
200.0,8,22,0,1,0,8,34.0,10.3,95,0,0,0,98.4,89.5,0,0.0,0
201.0,8,22,0,1,0,8,34.0,10.5,95,0,0,0,98.4,89.5,0,0.0,0
202.0,8,22,0,1,0,8,34.0,10.6,95,0,0,0,98.4,89.4,0,0.0,0
203.0,8,22,0,1,0,8,34.0,10.7,95,0,0,0,98.4,89.4,0,0.0,0
204.0,8,22,0,1,0,8,34.0,10.8,95,0,0,0,98.3,89.3,0,0.0,0
205.0,8,22,0,1,0,8,34.0,10.9,95,0,0,0,98.3,89.3,0,0.0,0
206.0,8,22,0,1,0,8,34.0,11.0,95,0,0,0,98.3,89.2,0,0.0,0
207.0,8,22,0,1,0,8,34.0,11.1,95,0,0,0,98.3,89.2,0,0.0,0
208.0,8,22,0,1,0,8,34.0,11.3,95,0,0,0,98.3,89.1,0,0.0,0
209.0,8,22,0,1,0,8,34.0,11.4,95,0,0,0,98.3,89.1,0,0.0,0
210.0,8,22,0,1,0,8,34.0,11.5,95,0,0,0,98.3,89.0,0,0.0,0
211.0,8,22,0,1,0,8,34.0,11.6,95,0,0,0,98.2,89.0,0,0.0,0
212.0,8,22,0,1,0,8,34.0,11.7,95,0,0,0,98.2,88.9,0,0.0,0
213.0,8,22,0,1,0,8,34.0,11.8,95,0,0,0,98.2,88.8,0,0.0,0
214.0,8,22,0,1,0,8,34.0,11.9,95,0,0,0,98.2,88.8,0,0.0,0
215.0,8,22,0,1,0,8,34.0,12.0,95,0,0,0,98.2,88.7,0,0.0,0
216.0,8,22,0,1,0,8,34.0,12.1,95,0,0,0,98.2,88.7,0,0.0,0
217.0,8,22,0,1,0,8,34.0,12.2,95,0,0,0,98.2,88.6,0,0.0,0
218.0,8,22,0,1,0,8,33.3,12.3,96,0,0,0,98.2,88.6,0,0.0,0
219.0,8,22,0,1,0,8,32.6,12.4,97,0,0,0,98.1,88.5,0,0.0,0
220.0,8,22,0,1,0,8,32.6,12.5,97,0,0,0,98.1,88.5,0,0.0,0
221.0,8,22,0,1,0,8,31.9,12.6,98,0,0,0,98.1,88.4,0,0.0,0
222.0,8,22,0,1,0,8,31.9,12.7,98,0,0,0,98.1,88.4,0,0.0,0
223.0,8,22,0,1,0,8,31.9,12.7,98,0,0,0,98.1,88.3,0,0.0,0
224.0,8,22,0,1,0,8,31.9,12.8,98,0,0,0,98.1,88.3,0,0.0,0
225.0,8,22,0,1,0,8,31.9,12.9,98,0,0,0,98.1,88.2,0,0.0,0
226.0,8,22,0,1,0,8,31.9,13.0,98,0,0,0,98.0,88.2,0,0.0,0
227.0,8,22,0,1,0,8,31.2,13.1,99,0,0,0,98.0,88.1,0,0.0,0
228.0,8,22,0,1,0,8,31.2,13.2,99,0,0,0,98.0,88.1,0,0.0,0
229.0,8,22,0,1,0,8,31.2,13.2,99,0,0,0,98.0,88.0,0,0.0,0
230.0,8,22,0,1,0,8,31.2,13.3,99,0,0,0,98.0,87.9,0,0.0,0
231.0,8,22,0,1,0,8,31.2,13.4,99,0,0,0,98.0,87.9,0,0.0,0
232.0,8,22,0,1,0,8,31.9,13.5,98,0,0,0,98.0,87.8,0,0.0,0
233.0,8,22,0,1,0,8,31.2,13.6,99,0,0,0,97.9,87.8,0,0.0,0
234.0,8,22,0,1,0,8,31.2,13.6,99,0,0,0,97.9,87.7,0,0.0,0
235.0,8,22,0,1,0,8,31.2,13.7,99,0,0,0,97.9,87.7,0,0.0,0
236.0,8,22,0,1,0,8,31.2,13.8,99,0,0,0,97.9,87.6,0,0.0,0
237.0,8,22,0,1,0,8,31.2,13.9,99,0,0,0,97.9,87.6,0,0.0,0
238.0,8,22,0,1,0,8,31.9,13.9,98,0,0,0,97.9,87.5,0,0.0,0
239.0,8,22,0,1,0,8,31.9,14.0,98,0,0,0,97.9,87.5,0,0.0,0
240.0,8,22,0,1,0,8,31.9,14.1,98,0,0,0,97.9,87.4,0,0.0,0
241.0,8,22,0,1,0,8,31.9,14.2,98,0,0,0,97.8,87.4,0,0.0,0
242.0,8,22,0,1,0,8,31.2,14.3,99,0,0,0,97.8,87.3,0,0.0,0
243.0,8,22,0,1,0,8,31.9,14.5,98,0,0,0,97.8,87.3,0,0.0,0
244.0,8,22,0,1,0,8,31.2,14.6,99,0,0,0,97.8,87.2,0,0.0,0
245.0,8,22,0,1,0,8,32.6,14.7,97,0,0,0,97.8,87.2,0,0.0,0
246.0,8,22,0,1,0,8,32.6,14.9,97,0,0,0,97.8,87.1,0,0.0,0
247.0,8,22,0,1,0,8,32.6,15.0,97,0,0,0,97.8,87.1,0,0.0,0
248.0,8,22,0,1,0,8,33.3,15.2,96,0,0,0,97.7,87.0,0,0.0,0
249.0,8,22,0,1,0,8,33.3,15.3,96,0,0,0,97.7,86.9,0,0.0,0
250.0,8,22,0,1,0,8,34.0,15.4,95,0,0,0,97.7,86.9,0,0.0,0
251.0,8,22,0,1,0,8,34.7,15.6,94,0,0,0,97.7,86.8,0,0.0,0
252.0,8,22,0,1,0,8,35.4,15.7,93,0,0,0,97.7,86.8,0,0.0,0
253.0,8,22,0,1,0,8,36.1,15.9,92,0,0,0,97.7,86.7,0,0.0,0
254.0,8,22,0,1,0,8,36.1,16.0,92,0,0,0,97.7,86.7,0,0.0,0
255.0,8,22,0,1,0,8,36.1,16.2,92,0,0,0,97.6,86.6,0,0.0,0
256.0,8,22,0,1,0,8,36.1,16.3,92,0,0,0,97.6,86.6,0,0.0,0
257.0,8,22,0,1,0,8,36.8,16.5,91,0,0,0,97.6,86.5,0,0.0,0
258.0,8,22,0,1,0,8,37.5,16.6,90,0,0,0,97.6,86.5,0,0.0,0
259.0,8,22,0,1,0,8,37.5,16.8,90,0,0,0,97.6,86.4,0,0.0,0
260.0,8,22,0,1,0,8,37.5,16.9,90,0,0,0,97.6,86.4,0,0.0,0
261.0,8,22,0,1,0,8,37.5,17.1,90,0,0,0,97.6,86.3,0,0.0,0
262.0,8,22,0,1,0,8,37.5,17.3,90,0,0,0,97.6,86.3,0,0.0,0
263.0,8,22,0,1,0,8,37.5,17.4,90,0,0,0,97.5,86.2,0,0.0,0
264.0,8,22,0,1,0,8,38.2,17.6,89,0,0,0,97.5,86.2,0,0.0,0
265.0,8,22,0,1,0,8,38.9,17.7,88,0,0,0,97.5,86.1,0,0.0,0
266.0,8,22,0,1,0,8,38.9,17.9,88,0,0,0,97.5,86.0,0,0.0,0
267.0,8,22,0,1,0,8,38.9,18.1,88,0,0,0,97.5,86.0,0,0.0,0
268.0,8,22,0,1,0,8,38.9,18.2,88,0,0,0,97.5,85.9,0,0.0,0
269.0,8,22,0,1,0,8,38.9,18.4,88,0,0,0,97.5,85.9,0,0.0,0
270.0,8,22,0,1,0,8,39.6,18.6,87,0,0,0,97.4,85.8,0,0.0,0
271.0,8,22,0,1,0,8,39.6,18.7,87,0,0,0,97.4,85.8,0,0.0,0
272.0,8,22,0,1,0,8,40.3,18.9,86,0,0,0,97.4,85.7,0,0.0,0
273.0,8,22,0,1,0,8,40.3,19.1,86,0,0,0,97.4,85.7,0,0.0,0
274.0,8,22,0,1,0,8,40.3,19.2,86,0,0,0,97.4,85.6,0,0.0,0
275.0,8,22,0,1,0,8,40.3,19.4,86,0,0,0,97.4,85.6,0,0.0,0
276.0,8,22,0,1,0,8,40.3,19.6,86,0,0,0,97.4,85.5,0,0.0,0
277.0,8,22,0,1,0,8,41.0,19.7,85,0,0,0,97.4,85.5,0,0.0,0
278.0,8,22,0,1,0,8,41.0,19.9,85,0,0,0,97.3,85.4,0,0.0,0
279.0,8,22,0,1,0,8,41.7,20.1,84,0,0,0,97.3,85.4,0,0.0,0
280.0,8,22,0,1,0,8,41.7,20.2,84,0,0,0,97.3,85.3,0,0.0,0
281.0,8,22,0,1,0,8,41.7,20.4,84,0,0,0,97.3,85.3,0,0.0,0
282.0,8,22,0,1,0,8,41.7,20.6,84,0,0,0,97.3,85.2,0,0.0,0
283.0,8,22,0,1,0,8,41.7,20.8,84,0,0,0,97.3,85.1,0,0.0,0
284.0,8,22,0,1,0,8,42.4,20.9,83,0,0,0,97.3,85.1,0,0.0,0
285.0,8,22,0,1,0,8,43.1,21.1,82,0,0,0,97.2,85.0,0,0.0,0
286.0,8,22,0,1,0,8,43.1,21.3,82,0,0,0,97.2,85.0,0,0.0,0
287.0,8,22,0,1,0,8,43.1,21.5,82,0,0,0,97.2,84.9,0,0.0,0
288.0,8,22,0,1,0,8,43.1,21.7,82,0,0,0,97.2,84.9,0,0.0,0
289.0,8,22,0,1,0,8,43.1,21.8,82,0,0,0,97.2,84.8,0,0.0,0
290.0,8,22,0,1,0,8,43.1,22.0,82,0,0,0,97.2,84.8,0,0.0,0
291.0,8,22,0,1,0,8,43.8,22.2,81,0,0,0,97.2,84.7,0,0.0,0
292.0,8,22,0,1,0,8,44.4,22.4,80,0,0,0,97.1,84.7,0,0.0,0
293.0,8,22,0,1,0,8,44.4,22.6,80,0,0,0,97.1,84.6,0,0.0,0
294.0,8,22,0,1,0,8,44.4,22.8,80,0,0,0,97.1,84.6,0,0.0,0
295.0,8,22,0,1,0,8,44.4,22.9,80,0,0,0,97.1,84.5,0,0.0,0
296.0,8,22,0,1,0,8,44.4,23.1,80,0,0,0,97.1,84.5,0,0.0,0
297.0,8,22,0,1,0,8,45.1,23.3,79,0,0,0,97.1,84.4,0,0.0,0
298.0,8,22,0,1,0,8,45.1,23.5,79,0,0,0,97.1,84.4,0,0.0,0
299.0,8,22,0,1,0,8,45.8,23.7,78,0,0,0,97.1,84.3,0,0.0,0
300.0,9,21,0,1,0,9,45.8,23.9,78,0,0,0,97.0,84.3,0,0.0,0
301.0,9,21,0,1,0,9,45.8,24.1,78,0,0,0,97.0,84.2,0,0.0,0
302.0,9,21,0,1,0,9,45.8,24.3,78,0,0,0,97.0,84.2,0,0.0,0
303.0,9,21,0,1,0,9,45.8,24.5,78,0,0,0,97.0,84.1,0,0.0,0
304.0,9,21,0,1,0,9,46.5,24.6,77,0,0,0,97.0,84.1,0,0.0,0
305.0,10,20,0,1,0,10,46.5,24.8,77,0,0,0,97.0,84.0,0,0.0,0
306.0,10,20,0,1,0,10,47.2,25.0,76,0,0,0,96.9,83.9,0,0.0,0
307.0,10,20,0,1,0,10,47.2,25.2,76,0,0,0,96.9,83.9,0,0.0,0
308.0,10,20,0,1,0,10,46.5,25.4,77,0,0,0,96.9,83.8,0,0.0,0
309.0,10,20,0,1,0,10,46.5,25.6,77,0,0,0,96.9,83.8,0,0.0,0
310.0,11,19,0,1,0,11,46.5,25.8,77,0,0,0,96.9,83.7,0,0.0,0
311.0,11,19,0,1,0,11,45.8,26.0,78,0,0,0,96.9,83.7,0,0.0,0
312.0,11,19,0,1,0,11,45.8,26.2,78,0,0,0,96.8,83.6,0,0.0,0
313.0,11,19,0,1,0,11,45.8,26.4,78,0,0,0,96.8,83.6,0,0.0,0
314.0,11,19,0,1,0,11,45.8,26.6,78,0,0,0,96.8,83.5,0,0.0,0
315.0,12,18,0,1,0,12,46.5,26.8,77,0,0,0,96.8,83.5,0,0.0,0
316.0,12,18,0,1,0,12,46.5,27.0,77,0,0,0,96.8,83.4,0,0.0,0
317.0,12,18,0,1,0,12,47.2,27.2,76,0,0,0,96.7,83.4,0,0.0,0
318.0,12,18,0,1,0,12,47.2,27.4,76,0,0,0,96.7,83.3,0,0.0,0
319.0,12,18,0,1,0,12,47.2,27.6,76,0,0,0,96.7,83.3,0,0.0,0
320.0,12,18,0,1,0,12,47.2,27.8,76,0,0,0,96.7,83.2,0,0.0,0
321.0,12,18,0,1,0,12,47.2,28.0,76,0,0,0,96.7,83.2,0,0.0,0
322.0,12,18,0,1,0,12,47.2,28.2,76,0,0,0,96.6,83.1,0,0.0,0
323.0,12,18,0,1,0,12,47.2,28.3,76,0,0,0,96.6,83.1,0,0.0,0
324.0,12,18,0,1,0,12,47.2,28.5,76,0,0,0,96.6,83.1,0,0.0,0
325.0,12,18,0,1,0,12,47.2,28.7,76,0,0,0,96.6,83.0,0,0.0,0
326.0,12,18,0,1,0,12,47.2,28.9,76,0,0,0,96.6,83.0,0,0.0,0
327.0,12,18,0,1,0,12,47.2,29.1,76,0,0,0,96.6,82.9,0,0.0,0
328.0,12,18,0,1,0,12,47.2,29.3,76,0,0,0,96.5,82.9,0,0.0,0
329.0,12,18,0,1,0,12,47.2,29.5,76,0,0,0,96.5,82.8,0,0.0,0
330.0,12,18,0,1,0,12,47.2,29.7,76,0,0,0,96.5,82.7,0,0.0,0
331.0,12,18,0,1,0,12,47.2,29.9,76,0,0,0,96.5,82.7,0,0.0,0
332.0,12,18,0,1,0,12,47.2,30.1,76,0,0,0,96.4,82.6,0,0.0,0
333.0,12,18,0,1,0,12,47.2,30.2,76,0,0,0,96.4,82.6,0,0.0,0
334.0,12,18,0,1,0,12,47.2,30.4,76,0,0,0,96.4,82.5,0,0.0,0
335.0,12,18,0,1,0,12,47.2,30.6,76,0,0,0,96.4,82.5,0,0.0,0
336.0,12,18,0,1,0,12,47.2,30.8,76,0,0,0,96.4,82.4,0,0.0,0
337.0,12,18,0,1,0,12,47.2,31.0,76,0,0,0,96.3,82.4,0,0.0,0
338.0,12,18,0,1,0,12,47.2,31.2,76,0,0,0,96.3,82.3,0,0.0,0
339.0,12,18,0,1,0,12,47.2,31.3,76,0,0,0,96.3,82.3,0,0.0,0
340.0,12,18,0,1,0,12,47.2,31.5,76,0,0,0,96.3,82.2,0,0.0,0
341.0,12,18,0,1,0,12,47.2,31.7,76,0,0,0,96.3,82.2,0,0.0,0
342.0,12,18,0,1,0,12,47.2,31.9,76,0,0,0,96.2,82.1,0,0.0,0
343.0,12,18,0,1,0,12,47.2,32.1,76,0,0,0,96.2,82.1,0,0.0,0
344.0,12,18,0,1,0,12,47.2,32.2,76,0,0,0,96.2,82.0,0,0.0,0
345.0,12,18,0,1,0,12,47.2,32.4,76,0,0,0,96.2,82.0,0,0.0,0
346.0,12,18,0,1,0,12,47.2,32.6,76,0,0,0,96.2,81.9,0,0.0,0
347.0,12,18,0,1,0,12,47.2,32.8,76,0,0,0,96.1,81.8,0,0.0,0
348.0,12,18,0,1,0,12,47.2,32.9,76,0,0,0,96.1,81.8,0,0.0,0
349.0,12,18,0,1,0,12,47.2,33.1,76,0,0,0,96.1,81.7,0,0.0,0
350.0,12,18,0,1,0,12,47.2,33.3,76,0,0,0,96.1,81.7,0,0.0,0
351.0,12,18,0,1,0,12,47.2,33.5,76,0,0,0,96.1,81.6,0,0.0,0
352.0,12,18,0,1,0,12,47.2,33.6,76,0,0,0,96.0,81.6,0,0.0,0
353.0,12,18,0,1,0,12,47.2,33.8,76,0,0,0,96.0,81.5,0,0.0,0
354.0,12,18,0,1,0,12,47.2,34.0,76,0,0,0,96.0,81.5,0,0.0,0
355.0,12,18,0,1,0,12,47.2,34.1,76,0,0,0,96.0,81.4,0,0.0,0
356.0,12,18,0,1,0,12,47.2,34.3,76,0,0,0,96.0,81.4,0,0.0,0
357.0,12,18,0,1,0,12,47.2,34.5,76,0,0,0,95.9,81.3,0,0.0,0
358.0,12,18,0,1,0,12,47.2,34.7,76,0,0,0,95.9,81.3,0,0.0,0
359.0,12,18,0,1,0,12,47.2,34.8,76,0,0,0,95.9,81.2,0,0.0,0
360.0,12,18,0,1,0,12,47.2,35.0,76,0,0,0,95.9,81.2,0,0.0,0
361.0,12,18,0,1,0,12,47.2,35.1,76,0,0,0,95.9,81.1,0,0.0,0
362.0,12,18,0,1,0,12,47.2,35.3,76,0,0,0,95.8,81.1,0,0.0,0
363.0,12,18,0,1,0,12,47.2,35.5,76,0,0,0,95.8,81.0,0,0.0,0
364.0,12,18,0,1,0,12,47.2,35.6,76,0,0,0,95.8,80.9,0,0.0,0
365.0,12,18,0,1,0,12,47.2,35.8,76,0,0,0,95.8,80.9,0,0.0,0
366.0,12,18,0,1,0,12,47.2,35.9,76,0,0,0,95.8,80.8,0,0.0,0
367.0,12,18,0,1,0,12,47.2,36.1,76,0,0,0,95.7,80.8,0,0.0,0
368.0,12,18,0,1,0,12,47.2,36.2,76,0,0,0,95.7,80.7,0,0.0,0
369.0,12,18,0,1,0,12,47.2,36.4,76,0,0,0,95.7,80.7,0,0.0,0
370.0,12,18,0,1,0,12,47.2,36.5,76,0,0,0,95.7,80.6,0,0.0,0
371.0,12,18,0,1,0,12,47.2,36.7,76,0,0,0,95.6,80.6,0,0.0,0
372.0,12,18,0,1,0,12,47.2,36.8,76,0,0,0,95.6,80.5,0,0.0,0
373.0,12,18,0,1,0,12,47.2,36.9,76,0,0,0,95.6,80.5,0,0.0,0
374.0,12,18,0,1,0,12,46.5,37.1,77,0,0,0,95.6,80.4,0,0.0,0
375.0,12,18,0,1,0,12,46.5,37.2,77,0,0,0,95.6,80.4,0,0.0,0
376.0,12,18,0,1,0,12,46.5,37.4,77,0,0,0,95.5,80.3,0,0.0,0
377.0,12,18,0,1,0,12,45.8,37.5,78,0,0,0,95.5,80.3,0,0.0,0
378.0,12,18,0,1,0,12,45.1,37.6,79,0,0,0,95.5,80.2,0,0.0,0
379.0,12,18,0,1,0,12,45.8,37.7,78,0,0,0,95.5,80.2,0,0.0,0
380.0,12,18,0,1,0,12,45.1,37.8,79,0,0,0,95.5,80.1,0,0.0,0
381.0,12,18,0,1,0,12,45.1,38.0,79,0,0,0,95.4,80.0,0,0.0,0
382.0,12,18,0,1,0,12,46.5,38.1,77,0,0,0,95.4,80.0,0,0.0,0
383.0,12,18,0,1,0,12,46.5,38.2,77,0,0,0,95.4,79.9,0,0.0,0
384.0,12,18,0,1,0,12,45.8,38.3,78,0,0,0,95.4,79.9,0,0.0,0
385.0,12,18,0,1,0,12,46.5,38.4,77,0,0,0,95.4,79.8,0,0.0,0
386.0,12,18,0,1,0,12,46.5,38.6,77,0,0,0,95.3,79.8,0,0.0,0
387.0,12,18,0,1,0,12,46.5,38.7,77,0,0,0,95.3,79.7,0,0.0,0
388.0,12,18,0,1,0,12,47.2,38.8,76,0,0,0,95.3,79.7,0,0.0,0
389.0,12,18,0,1,0,12,47.2,38.9,76,0,0,0,95.3,79.6,0,0.0,0
390.0,12,18,0,1,0,12,47.2,39.0,76,0,0,0,95.3,79.6,0,0.0,0
391.0,12,18,0,1,0,12,47.2,39.1,76,0,0,0,95.2,79.5,0,0.0,0
392.0,12,18,0,1,0,12,47.2,39.2,76,0,0,0,95.2,79.5,0,0.0,0
393.0,12,18,0,1,0,12,47.2,39.3,76,0,0,0,95.2,79.4,0,0.0,0
394.0,12,18,0,1,0,12,47.2,39.4,76,0,0,0,95.2,79.4,0,0.0,0
395.0,12,18,0,1,0,12,47.9,39.6,75,0,0,0,95.2,79.3,0,0.0,0
396.0,12,18,0,1,0,12,47.9,39.7,75,0,0,0,95.1,79.3,0,0.0,0
397.0,12,18,0,1,0,12,47.9,39.8,75,0,0,0,95.1,79.2,0,0.0,0
398.0,12,18,0,1,0,12,47.9,39.9,75,0,0,0,95.1,79.2,0,0.0,0
399.0,12,18,0,1,0,12,47.9,40.0,75,0,0,0,95.1,79.1,0,0.0,0
400.0,12,18,0,1,0,12,47.9,40.1,75,0,0,0,95.1,79.1,0,0.0,0
401.0,12,18,0,1,0,12,47.9,40.2,75,0,0,0,95.0,79.0,0,0.0,0
402.0,12,18,0,1,0,12,47.9,40.2,75,0,0,0,95.0,79.0,0,0.0,0
403.0,12,18,0,1,0,12,47.9,40.3,75,0,0,0,95.0,78.9,0,0.0,0
404.0,12,18,0,1,0,12,47.9,40.4,75,0,0,0,95.0,78.8,0,0.0,0
405.0,12,18,0,1,0,12,47.9,40.5,75,0,0,0,95.0,78.8,0,0.0,0
406.0,12,18,0,1,0,12,48.6,40.6,74,0,0,0,94.9,78.7,0,0.0,0
407.0,12,18,0,1,0,12,48.6,40.7,74,0,0,0,94.9,78.7,0,0.0,0
408.0,12,18,0,1,0,12,48.6,40.8,74,0,0,0,94.9,78.6,0,0.0,0
409.0,12,18,0,1,0,12,48.6,40.9,74,0,0,0,94.9,78.6,0,0.0,0
410.0,12,18,0,1,0,12,48.6,41.0,74,0,0,0,94.9,78.5,0,0.0,0
411.0,12,18,0,1,0,12,48.6,41.0,74,0,0,0,94.8,78.5,0,0.0,0
412.0,12,18,0,1,0,12,48.6,41.1,74,0,0,0,94.8,78.4,0,0.0,0
413.0,12,18,0,1,0,12,48.6,41.2,74,0,0,0,94.8,78.4,0,0.0,0
414.0,12,18,0,1,0,12,48.6,41.3,74,0,0,0,94.8,78.3,0,0.0,0
415.0,12,18,0,1,0,12,48.6,41.3,74,0,0,0,94.8,78.3,0,0.0,0
416.0,12,18,0,1,0,12,48.6,41.4,74,0,0,0,94.7,78.2,0,0.0,0
417.0,12,18,0,1,0,12,48.6,41.5,74,0,0,0,94.7,78.2,0,0.0,0
418.0,12,18,0,1,0,12,49.3,41.6,73,0,0,0,94.7,78.1,0,0.0,0
419.0,12,18,0,1,0,12,49.3,41.6,73,0,0,0,94.7,78.1,0,0.0,0
420.0,12,18,0,1,0,12,49.3,41.7,73,0,0,0,94.7,78.0,0,0.0,0
421.0,12,18,0,1,0,12,49.3,41.8,73,0,0,0,94.6,78.0,0,0.0,0
422.0,12,18,0,1,0,12,49.3,41.8,73,0,0,0,94.6,77.9,0,0.0,0
423.0,12,18,0,1,0,12,49.3,41.9,73,0,0,0,94.6,77.9,0,0.0,0
424.0,12,18,0,1,0,12,49.3,42.0,73,0,0,0,94.6,77.8,0,0.0,0
425.0,12,18,0,1,0,12,49.3,42.0,73,0,0,0,94.6,77.8,0,0.0,0
426.0,12,18,0,1,0,12,49.3,42.1,73,0,0,0,94.5,77.7,0,0.0,0
427.0,12,18,0,1,0,12,49.3,42.2,73,0,0,0,94.5,77.6,0,0.0,0
428.0,12,18,0,1,0,12,49.3,42.2,73,0,0,0,94.5,77.6,0,0.0,0
429.0,12,18,0,1,0,12,49.3,42.3,73,0,0,0,94.5,77.5,0,0.0,0
430.0,12,18,0,1,0,12,50.0,42.3,72,0,0,0,94.4,77.5,0,0.0,0
431.0,12,18,0,1,0,12,50.0,42.4,72,0,0,0,94.4,77.4,0,0.0,0
432.0,12,18,0,1,0,12,50.0,42.5,72,0,0,0,94.4,77.4,0,0.0,0
433.0,12,18,0,1,0,12,50.0,42.5,72,0,0,0,94.4,77.3,0,0.0,0
434.0,12,18,0,1,0,12,50.0,42.6,72,0,0,0,94.4,77.3,0,0.0,0
435.0,12,18,0,1,0,12,50.0,42.7,72,0,0,0,94.3,77.2,0,0.0,0
436.0,12,18,0,1,0,12,49.3,42.7,73,0,0,0,94.3,77.2,0,0.0,0
437.0,12,18,0,1,0,12,49.3,42.8,73,0,0,0,94.3,77.1,0,0.0,0
438.0,12,18,0,1,0,12,49.3,42.9,73,0,0,0,94.3,77.1,0,0.0,0
439.0,12,18,0,1,0,12,50.0,42.9,72,0,0,0,94.3,77.0,0,0.0,0
440.0,12,18,0,1,0,12,50.7,43.0,71,0,0,0,94.2,77.0,0,0.0,0
441.0,12,18,0,1,0,12,50.7,43.1,71,0,0,0,94.2,76.9,0,0.0,0
442.0,12,18,0,1,0,12,50.7,43.1,71,0,0,0,94.2,76.9,0,0.0,0
443.0,12,18,0,1,0,12,50.7,43.2,71,0,0,0,94.2,76.8,0,0.0,0
444.0,12,18,0,1,0,12,50.7,43.3,71,0,0,0,94.2,76.8,0,0.0,0
445.0,12,18,0,1,0,12,50.0,43.4,72,0,0,0,94.2,76.7,0,0.0,0
446.0,12,18,0,1,0,12,49.3,43.4,73,0,0,0,94.1,76.7,0,0.0,0
447.0,12,18,0,1,0,12,50.0,43.5,72,0,0,0,94.1,76.6,0,0.0,0
448.0,12,18,0,1,0,12,50.7,43.6,71,0,0,0,94.1,76.6,0,0.0,0
449.0,12,18,0,1,0,12,50.0,43.6,72,0,0,0,94.1,76.5,0,0.0,0
450.0,13,17,0,1,0,13,50.7,43.7,71,0,0,0,94.0,76.5,0,0.0,0
451.0,13,17,0,1,0,13,50.7,43.8,71,0,0,0,94.0,76.4,0,0.0,0
452.0,13,17,0,1,0,13,50.7,43.8,71,0,0,0,94.0,76.3,0,0.0,0
453.0,13,17,0,1,0,13,51.4,43.9,70,0,0,0,94.0,76.3,0,0.0,0
454.0,13,17,0,1,0,13,51.4,44.0,70,0,0,0,94.0,76.2,0,0.0,0
455.0,14,16,0,1,0,14,51.4,44.0,70,0,0,0,93.9,76.2,0,0.0,0
456.0,14,16,0,1,0,14,51.4,44.1,70,0,0,0,93.9,76.1,0,0.0,0
457.0,14,16,0,1,0,14,51.4,44.2,70,0,0,0,93.9,76.1,0,0.0,0
458.0,14,16,0,1,0,14,51.4,44.3,70,0,0,0,93.9,76.1,0,0.0,0
459.0,14,16,0,1,0,14,51.4,44.3,70,0,0,0,93.8,76.0,0,0.0,0
460.0,15,15,0,1,0,15,51.4,44.4,70,0,0,0,93.8,76.0,0,0.0,0
461.0,15,15,0,1,0,15,51.4,44.5,70,0,0,0,93.8,75.9,0,0.0,0
462.0,15,15,0,1,0,15,51.4,44.6,70,0,0,0,93.8,75.9,0,0.0,0
463.0,15,15,0,1,0,15,51.4,44.7,70,0,0,0,93.7,75.8,0,0.0,0
464.0,15,15,0,1,0,15,51.4,44.7,70,0,0,0,93.7,75.8,0,0.0,0
465.0,16,14,0,1,0,16,51.4,44.8,70,0,0,0,93.7,75.7,0,0.0,0
466.0,16,14,0,1,0,16,51.4,44.9,70,0,0,0,93.7,75.7,0,0.0,0
467.0,16,14,0,1,0,16,51.4,45.0,70,0,0,0,93.6,75.6,0,0.0,0
468.0,16,14,0,1,0,16,51.4,45.1,70,0,0,0,93.6,75.6,0,0.0,0
469.0,16,14,0,1,0,16,51.4,45.2,70,0,0,0,93.6,75.5,0,0.0,0
470.0,16,14,0,1,0,16,51.4,45.2,70,0,0,0,93.6,75.4,0,0.0,0
471.0,16,14,0,1,0,16,51.4,45.3,70,0,0,0,93.5,75.4,0,0.0,0
472.0,16,14,0,1,0,16,51.4,45.4,70,0,0,0,93.5,75.3,0,0.0,0
473.0,16,14,0,1,0,16,51.4,45.5,70,0,0,0,93.5,75.3,0,0.0,0
474.0,16,14,0,1,0,16,51.4,45.6,70,0,0,0,93.5,75.2,0,0.0,0
475.0,16,14,0,1,0,16,51.4,45.7,70,0,0,0,93.4,75.2,0,0.0,0
476.0,16,14,0,1,0,16,51.4,45.7,70,0,0,0,93.4,75.1,0,0.0,0
477.0,16,14,0,1,0,16,51.4,45.8,70,0,0,0,93.4,75.1,0,0.0,0
478.0,16,14,0,1,0,16,51.4,45.9,70,0,0,0,93.3,75.0,0,0.0,0
479.0,16,14,0,1,0,16,51.4,46.0,70,0,0,0,93.3,75.0,0,0.0,0
480.0,16,14,0,1,0,16,51.4,46.1,70,0,0,0,93.3,74.9,0,0.0,0
481.0,16,14,0,1,0,16,51.4,46.1,70,0,0,0,93.3,74.9,0,0.0,0
482.0,16,14,0,1,0,16,51.4,46.2,70,0,0,0,93.2,74.8,0,0.0,0
483.0,16,14,0,1,0,16,51.4,46.3,70,0,0,0,93.2,74.8,0,0.0,0
484.0,16,14,0,1,0,16,51.4,46.4,70,0,0,0,93.2,74.7,0,0.0,0
485.0,16,14,0,1,0,16,51.4,46.5,70,0,0,0,93.2,74.7,0,0.0,0
486.0,16,14,0,1,0,16,51.4,46.6,70,0,0,0,93.1,74.6,0,0.0,0
487.0,16,14,0,1,0,16,51.4,46.6,70,0,0,0,93.1,74.5,0,0.0,0
488.0,16,14,0,1,0,16,51.4,46.7,70,0,0,0,93.1,74.5,0,0.0,0
489.0,16,14,0,1,0,16,51.4,46.8,70,0,0,0,93.0,74.4,0,0.0,0
490.0,16,14,0,1,0,16,51.4,46.9,70,0,0,0,93.0,74.4,0,0.0,0
491.0,16,14,0,1,0,16,51.4,46.9,70,0,0,0,93.0,74.3,0,0.0,0
492.0,16,14,0,1,0,16,51.4,47.0,70,0,0,0,93.0,74.3,0,0.0,0
493.0,16,14,0,1,0,16,51.4,47.1,70,0,0,0,92.9,74.2,0,0.0,0
494.0,16,14,0,1,0,16,51.4,47.1,70,0,0,0,92.9,74.2,0,0.0,0
495.0,16,14,0,1,0,16,51.4,47.2,70,0,0,0,92.9,74.1,0,0.0,0
496.0,16,14,0,1,0,16,51.4,47.2,70,0,0,0,92.9,74.1,0,0.0,0
497.0,16,14,0,1,0,16,51.4,47.3,70,0,0,0,92.8,74.0,0,0.0,0
498.0,16,14,0,1,0,16,51.4,47.4,70,0,0,0,92.8,74.0,0,0.0,0
499.0,16,14,0,1,0,16,51.4,47.4,70,0,0,0,92.8,73.9,0,0.0,0
500.0,16,14,0,1,0,16,51.4,47.5,70,0,0,0,92.7,73.9,0,0.0,0
501.0,16,14,0,1,0,16,51.4,47.5,70,0,0,0,92.7,73.8,0,0.0,0
502.0,16,14,0,1,0,16,51.4,47.6,70,0,0,0,92.7,73.8,0,0.0,0
503.0,16,14,0,1,0,16,51.4,47.7,70,0,0,0,92.7,73.7,0,0.0,0
504.0,16,14,0,1,0,16,51.4,47.7,70,0,0,0,92.6,73.6,0,0.0,0
505.0,16,14,0,1,0,16,51.4,47.8,70,0,0,0,92.6,73.6,0,0.0,0
506.0,16,14,0,1,0,16,51.4,47.8,70,0,0,0,92.6,73.5,0,0.0,0
507.0,16,14,0,1,0,16,51.4,47.9,70,0,0,0,92.6,73.5,0,0.0,0
508.0,16,14,0,1,0,16,51.4,47.9,70,0,0,0,92.5,73.4,0,0.0,0
509.0,16,14,0,1,0,16,51.4,48.0,70,0,0,0,92.5,73.4,0,0.0,0
510.0,16,14,0,1,0,16,51.4,48.0,70,0,0,0,92.5,73.3,0,0.0,0
511.0,16,14,0,1,0,16,51.4,48.1,70,0,0,0,92.4,73.3,0,0.0,0
512.0,16,14,0,1,0,16,51.4,48.1,70,0,0,0,92.4,73.2,0,0.0,0
513.0,16,14,0,1,0,16,51.4,48.2,70,0,0,0,92.4,73.2,0,0.0,0
514.0,16,14,0,1,0,16,51.4,48.2,70,0,0,0,92.4,73.1,0,0.0,0
515.0,16,14,0,1,0,16,51.4,48.3,70,0,0,0,92.3,73.1,0,0.0,0
516.0,16,14,0,1,0,16,51.4,48.3,70,0,0,0,92.3,73.0,0,0.0,0
517.0,16,14,0,1,0,16,51.4,48.3,70,0,0,0,92.3,73.0,0,0.0,0
518.0,16,14,0,1,0,16,51.4,48.4,70,0,0,0,92.3,72.9,0,0.0,0
519.0,16,14,0,1,0,16,51.4,48.4,70,0,0,0,92.2,72.9,0,0.0,0
520.0,16,14,0,1,0,16,51.4,48.5,70,0,0,0,92.2,72.8,0,0.0,0
521.0,16,14,0,1,0,16,51.4,48.5,70,0,0,0,92.2,72.7,0,0.0,0
522.0,16,14,0,1,0,16,51.4,48.5,70,0,0,0,92.2,72.7,0,0.0,0
523.0,16,14,0,1,0,16,51.4,48.6,70,0,0,0,92.1,72.6,0,0.0,0
524.0,16,14,0,1,0,16,51.4,48.6,70,0,0,0,92.1,72.6,0,0.0,0
525.0,16,14,0,1,0,16,51.4,48.7,70,0,0,0,92.1,72.5,0,0.0,0
526.0,16,14,0,1,0,16,51.4,48.7,70,0,0,0,92.0,72.5,0,0.0,0
527.0,16,14,0,1,0,16,51.4,48.7,70,0,0,0,92.0,72.4,0,0.0,0
528.0,16,14,0,1,0,16,51.4,48.8,70,0,0,0,92.0,72.4,0,0.0,0
529.0,16,14,0,1,0,16,51.4,48.8,70,0,0,0,92.0,72.3,0,0.0,0
530.0,16,14,0,1,0,16,51.4,48.8,70,0,0,0,91.9,72.3,0,0.0,0
531.0,16,14,0,1,0,16,51.4,48.9,70,0,0,0,91.9,72.2,0,0.0,0
532.0,16,14,0,1,0,16,51.4,48.9,70,0,0,0,91.9,72.2,0,0.0,0
533.0,16,14,0,1,0,16,51.4,48.9,70,0,0,0,91.9,72.1,0,0.0,0
534.0,16,14,0,1,0,16,51.4,49.0,70,0,0,0,91.8,72.1,0,0.0,0
535.0,16,14,0,1,0,16,51.4,49.0,70,0,0,0,91.8,72.0,0,0.0,0
536.0,16,14,0,1,0,16,51.4,49.0,70,0,0,0,91.8,72.0,0,0.0,0
537.0,16,14,0,1,0,16,51.4,49.0,70,0,0,0,91.7,71.9,0,0.0,0
538.0,16,14,0,1,0,16,51.4,49.1,70,0,0,0,91.7,71.8,0,0.0,0
539.0,16,14,0,1,0,16,51.4,49.1,70,0,0,0,91.7,71.8,0,0.0,0
540.0,16,14,0,1,0,16,51.4,49.1,70,0,0,0,91.7,71.7,0,0.0,0
541.0,16,14,0,1,0,16,51.4,49.1,70,0,0,0,91.6,71.7,0,0.0,0
542.0,16,14,0,1,0,16,51.4,49.2,70,0,0,0,91.6,71.6,0,0.0,0
543.0,16,14,0,1,0,16,51.4,49.2,70,0,0,0,91.6,71.6,0,0.0,0
544.0,16,14,0,1,0,16,51.4,49.2,70,0,0,0,91.6,71.5,0,0.0,0
545.0,16,14,0,1,0,16,51.4,49.2,70,0,0,0,91.5,71.5,0,0.0,0
546.0,16,14,0,1,0,16,51.4,49.2,70,0,0,0,91.5,71.4,0,0.0,0
547.0,16,14,0,1,0,16,51.4,49.3,70,0,0,0,91.5,71.4,0,0.0,0
548.0,16,14,0,1,0,16,51.4,49.3,70,0,0,0,91.4,71.3,0,0.0,0
549.0,16,14,0,1,0,16,51.4,49.3,70,0,0,0,91.4,71.3,0,0.0,0
550.0,16,14,0,1,0,16,51.4,49.3,70,0,0,0,91.4,71.2,0,0.0,0
551.0,16,14,0,1,0,16,51.4,49.3,70,0,0,0,91.4,71.2,0,0.0,0
552.0,16,14,0,1,0,16,51.4,49.4,70,0,0,0,91.3,71.1,0,0.0,0
553.0,16,14,0,1,0,16,51.4,49.4,70,0,0,0,91.3,71.1,0,0.0,0
554.0,16,14,0,1,0,16,51.4,49.4,70,0,0,0,91.3,71.0,0,0.0,0
555.0,16,14,0,1,0,16,51.4,49.4,70,0,0,0,91.3,70.9,0,0.0,0
556.0,16,14,0,1,0,16,51.4,49.4,70,0,0,0,91.2,70.9,0,0.0,0
557.0,16,14,0,1,0,16,51.4,49.5,70,0,0,0,91.2,70.8,0,0.0,0
558.0,16,14,0,1,0,16,51.4,49.5,70,0,0,0,91.2,70.8,0,0.0,0
559.0,16,14,0,1,0,16,51.4,49.5,70,0,0,0,91.1,70.7,0,0.0,0
560.0,16,14,0,1,0,16,50.7,49.5,71,0,0,0,91.1,70.7,0,0.0,0
561.0,16,14,0,1,0,16,50.7,49.5,71,0,0,0,91.1,70.6,0,0.0,0
562.0,16,14,0,1,0,16,50.7,49.5,71,0,0,0,91.1,70.6,0,0.0,0
563.0,16,14,0,1,0,16,50.7,49.6,71,0,0,0,91.0,70.5,0,0.0,0
564.0,16,14,0,1,0,16,50.7,49.6,71,0,0,0,91.0,70.5,0,0.0,0
565.0,16,14,0,1,0,16,50.7,49.6,71,0,0,0,91.0,70.4,0,0.0,0
566.0,16,14,0,1,0,16,50.0,49.6,72,0,0,0,91.0,70.4,0,0.0,0
567.0,16,14,0,1,0,16,50.0,49.6,72,0,0,0,90.9,70.3,0,0.0,0
568.0,16,14,0,1,0,16,50.0,49.6,72,0,0,0,90.9,70.3,0,0.0,0
569.0,16,14,0,1,0,16,50.0,49.6,72,0,0,0,90.9,70.2,0,0.0,0
570.0,16,14,0,1,0,16,50.0,49.6,72,0,0,0,90.8,70.2,0,0.0,0
571.0,16,14,0,1,0,16,48.6,49.6,74,0,0,0,90.8,70.1,0,0.0,0
572.0,16,14,0,1,0,16,49.3,49.7,73,0,0,0,90.8,70.1,0,0.0,0
573.0,16,14,0,1,0,16,50.0,49.7,72,0,0,0,90.8,70.0,0,0.0,0
574.0,16,14,0,1,0,16,50.0,49.7,72,0,0,0,90.7,70.0,0,0.0,0
575.0,16,14,0,1,0,16,50.7,49.7,71,0,0,0,90.7,69.9,0,0.0,0
576.0,16,14,0,1,0,16,51.4,49.7,70,0,0,0,90.7,69.9,0,0.0,0
577.0,16,14,0,1,0,16,50.7,49.7,71,0,0,0,90.7,69.8,0,0.0,0
578.0,16,14,0,1,0,16,50.7,49.7,71,0,0,0,90.6,69.7,0,0.0,0
579.0,16,14,0,1,0,16,51.4,49.8,70,0,0,0,90.6,69.7,0,0.0,0
580.0,16,14,0,1,0,16,50.7,49.8,71,0,0,0,90.6,69.6,0,0.0,0
581.0,16,14,0,1,0,16,50.7,49.8,71,0,0,0,90.6,69.6,0,0.0,0
582.0,16,14,0,1,0,16,50.7,49.8,71,0,0,0,90.5,69.5,0,0.0,0
583.0,16,14,0,1,0,16,51.4,49.8,70,0,0,0,90.5,69.5,0,0.0,0
584.0,16,14,0,1,0,16,52.1,49.8,69,0,0,0,90.5,69.4,0,0.0,0
585.0,16,14,0,1,0,16,52.1,49.9,69,0,0,0,90.4,69.4,0,0.0,0
586.0,16,14,0,1,0,16,53.5,49.9,67,0,0,0,90.4,69.3,0,0.0,0
587.0,16,14,0,1,0,16,54.2,49.9,66,0,0,0,90.4,69.3,0,0.0,0
588.0,16,14,0,1,0,16,54.2,49.9,66,0,0,0,90.4,69.2,0,0.0,0
589.0,16,14,0,1,0,16,54.9,50.0,65,0,0,0,90.3,69.2,0,0.0,0
590.0,16,14,0,1,0,16,55.6,50.0,64,0,0,0,90.3,69.1,0,0.0,0
591.0,16,14,0,1,0,16,55.6,50.0,64,0,0,0,90.3,69.1,0,0.0,0
592.0,16,14,0,1,0,16,56.2,50.1,63,0,0,0,90.3,69.1,0,0.0,0
593.0,16,14,0,1,0,16,56.2,50.1,63,0,0,0,90.2,69.0,0,0.0,0
594.0,16,14,0,1,0,16,56.2,50.2,63,0,0,0,90.2,69.0,0,0.0,0
595.0,16,14,0,1,0,16,56.9,50.2,62,0,0,0,90.2,68.9,0,0.0,0
596.0,16,14,0,1,0,16,56.9,50.2,62,0,0,0,90.2,68.9,0,0.0,0
597.0,16,14,0,1,0,16,57.6,50.3,61,0,0,0,90.1,68.8,0,0.0,0
598.0,16,14,0,1,0,16,57.6,50.3,61,0,0,0,90.1,68.8,0,0.0,0
599.0,16,14,0,1,0,16,58.3,50.4,60,0,0,0,90.1,68.7,0,0.0,0
600.0,17,13,0,1,0,17,59.0,50.4,59,0,0,0,90.0,68.7,0,0.0,0
601.0,17,13,0,1,0,17,59.0,50.5,59,0,0,0,90.0,68.6,0,0.0,0
602.0,17,13,0,1,0,17,59.7,50.5,58,0,0,0,90.0,68.5,0,0.0,0
603.0,17,13,0,1,0,17,59.7,50.6,58,0,0,0,90.0,68.5,0,0.0,0
604.0,17,13,0,1,0,17,59.7,50.6,58,0,0,0,89.9,68.4,0,0.0,0
605.0,18,12,0,1,0,18,59.7,50.7,58,0,0,0,89.9,68.4,0,0.0,0
606.0,18,12,0,1,0,18,61.1,50.7,56,0,0,0,89.9,68.3,0,0.0,0
607.0,18,12,0,1,0,18,61.1,50.8,56,0,0,0,89.8,68.3,0,0.0,0
608.0,18,12,0,1,0,18,61.1,50.9,56,0,0,0,89.8,68.2,0,0.0,0
609.0,18,12,0,1,0,18,61.8,50.9,55,0,0,0,89.8,68.2,0,0.0,0
610.0,19,11,0,1,0,19,61.8,51.0,55,0,0,0,89.7,68.1,0,0.0,0
611.0,19,11,0,1,0,19,61.8,51.0,55,0,0,0,89.7,68.1,0,0.0,0
612.0,19,11,0,1,0,19,62.5,51.1,54,0,0,0,89.7,68.0,0,0.0,0
613.0,19,11,0,1,0,19,63.9,51.2,52,0,0,0,89.7,68.0,0,0.0,0
614.0,19,11,0,1,0,19,63.9,51.2,52,0,0,0,89.6,67.9,0,0.0,0
615.0,20,10,0,1,0,20,64.6,51.3,51,0,0,0,89.6,67.9,0,0.0,0
616.0,20,10,0,1,0,20,64.6,51.4,51,0,0,0,89.6,67.8,0,0.0,0
617.0,20,10,0,1,0,20,64.6,51.5,51,0,0,0,89.5,67.8,0,0.0,0
618.0,20,10,0,1,0,20,64.6,51.6,51,0,0,0,89.5,67.7,0,0.0,0
619.0,20,10,0,1,0,20,66.0,51.6,49,0,0,0,89.5,67.6,0,0.0,0
620.0,20,10,0,1,0,20,66.7,51.7,48,0,0,0,89.4,67.6,0,0.0,0
621.0,20,10,0,1,0,20,66.7,51.8,48,0,0,0,89.4,67.5,0,0.0,0
622.0,20,10,0,1,0,20,67.4,51.9,47,0,0,0,89.3,67.5,0,0.0,0
623.0,20,10,0,1,0,20,68.1,52.0,46,0,0,0,89.3,67.4,0,0.0,0
624.0,20,10,0,1,0,20,68.1,52.1,46,0,0,0,89.3,67.4,0,0.0,0
625.0,20,10,0,1,0,20,68.8,52.2,45,0,0,0,89.2,67.3,0,0.0,0
626.0,20,10,0,1,0,20,69.4,52.3,44,0,0,0,89.2,67.3,0,0.0,0
627.0,20,10,0,1,0,20,69.4,52.4,44,0,0,0,89.2,67.2,0,0.0,0
628.0,20,10,0,1,0,20,70.1,52.5,43,0,0,0,89.1,67.2,0,0.0,0
629.0,20,10,0,1,0,20,70.8,52.6,42,0,0,0,89.1,67.1,0,0.0,0
630.0,20,10,0,1,0,20,70.8,52.7,42,0,0,0,89.1,67.1,0,0.0,0
631.0,20,10,0,1,0,20,70.8,52.8,42,0,0,0,89.0,67.0,0,0.0,0
632.0,20,10,0,1,0,20,71.5,52.9,41,0,0,0,89.0,67.0,0,0.0,0
633.0,20,10,0,1,0,20,71.5,53.0,41,0,0,0,89.0,66.9,0,0.0,0
634.0,20,10,0,1,0,20,71.5,53.1,41,0,0,0,88.9,66.9,0,0.0,0
635.0,20,10,0,1,0,20,72.2,53.2,40,0,0,0,88.9,66.8,0,0.0,0
636.0,20,10,0,1,0,20,72.9,53.3,39,0,0,0,88.9,66.8,0,0.0,0
637.0,20,10,0,1,0,20,72.9,53.4,39,0,0,0,88.8,66.7,0,0.0,0
638.0,20,10,0,1,0,20,72.9,53.5,39,0,0,0,88.8,66.6,0,0.0,0
639.0,20,10,0,1,0,20,73.6,53.6,38,0,0,0,88.8,66.6,0,0.0,0
640.0,20,10,0,1,0,20,73.6,53.7,38,0,0,0,88.7,66.5,0,0.0,0
641.0,20,10,0,1,0,20,73.6,53.8,38,0,0,0,88.7,66.5,0,0.0,0
642.0,20,10,0,1,0,20,75.0,53.9,36,0,0,0,88.7,66.4,0,0.0,0
643.0,20,10,0,1,0,20,75.0,54.0,36,0,0,0,88.6,66.4,0,0.0,0
644.0,20,10,0,1,0,20,75.0,54.1,36,0,0,0,88.6,66.3,0,0.0,0
645.0,20,10,0,1,0,20,75.0,54.2,36,0,0,0,88.6,66.3,0,0.0,0
646.0,20,10,0,1,0,20,75.7,54.4,35,0,0,0,88.5,66.2,0,0.0,0
647.0,20,10,0,1,0,20,75.7,54.5,35,0,0,0,88.5,66.2,0,0.0,0
648.0,20,10,0,1,0,20,76.4,54.6,34,0,0,0,88.5,66.1,0,0.0,0
649.0,20,10,0,1,0,20,77.1,54.7,33,0,0,0,88.4,66.1,0,0.0,0
650.0,20,10,0,1,0,20,77.1,54.8,33,0,0,0,88.4,66.0,0,0.0,0
651.0,20,10,0,1,0,20,77.1,54.9,33,0,0,0,88.4,66.0,0,0.0,0
652.0,20,10,0,1,0,20,77.1,55.1,33,0,0,0,88.3,65.9,0,0.0,0
653.0,20,10,0,1,0,20,77.1,55.2,33,0,0,0,88.3,65.9,0,0.0,0
654.0,20,10,0,1,0,20,77.1,55.3,33,0,0,0,88.3,65.8,0,0.0,0
655.0,20,10,0,1,0,20,77.8,55.4,32,0,0,0,88.2,65.7,0,0.0,0
656.0,20,10,0,1,0,20,78.5,55.5,31,0,0,0,88.2,65.7,0,0.0,0
657.0,20,10,0,1,0,20,78.5,55.7,31,0,0,0,88.2,65.6,0,0.0,0
658.0,20,10,0,1,0,20,78.5,55.8,31,0,0,0,88.1,65.6,0,0.0,0
659.0,20,10,0,1,0,20,78.5,55.9,31,0,0,0,88.1,65.6,0,0.0,0
660.0,20,10,0,1,0,20,78.5,56.0,31,0,0,0,88.1,65.5,0,0.0,0
661.0,20,10,0,1,0,20,78.5,56.2,31,0,0,0,88.0,65.4,0,0.0,0
662.0,20,10,0,1,0,20,79.2,56.3,30,0,0,0,88.0,65.4,0,0.0,0
663.0,20,10,0,1,0,20,79.2,56.4,30,0,0,0,88.0,65.3,0,0.0,0
664.0,20,10,0,1,0,20,79.9,56.5,29,0,0,0,87.9,65.3,0,0.0,0
665.0,20,10,0,1,0,20,79.9,56.7,29,0,0,0,87.9,65.2,0,0.0,0
666.0,20,10,0,1,0,20,79.9,56.8,29,0,0,0,87.9,65.2,0,0.0,0
667.0,20,10,0,1,0,20,79.9,56.9,29,0,0,0,87.8,65.1,0,0.0,0
668.0,20,10,0,1,0,20,79.9,57.0,29,0,0,0,87.8,65.1,0,0.0,0
669.0,20,10,0,1,0,20,80.6,57.2,28,0,0,0,87.8,65.0,0,0.0,0
670.0,20,10,0,1,0,20,80.6,57.3,28,0,0,0,87.7,65.0,0,0.0,0
671.0,20,10,0,1,0,20,80.6,57.4,28,0,0,0,87.7,64.9,0,0.0,0
672.0,20,10,0,1,0,20,80.6,57.6,28,0,0,0,87.7,64.9,0,0.0,0
673.0,20,10,0,1,0,20,80.6,57.7,28,0,0,0,87.6,64.8,0,0.0,0
674.0,20,10,0,1,0,20,80.6,57.8,28,0,0,0,87.6,64.8,0,0.0,0
675.0,20,10,0,1,0,20,80.6,57.9,28,0,0,0,87.6,64.7,0,0.0,0
676.0,20,10,0,1,0,20,80.6,58.1,28,0,0,0,87.5,64.7,0,0.0,0
677.0,20,10,0,1,0,20,80.6,58.2,28,0,0,0,87.5,64.6,0,0.0,0
678.0,20,10,0,1,0,20,80.6,58.3,28,0,0,0,87.5,64.5,0,0.0,0
679.0,20,10,0,1,0,20,80.6,58.5,28,0,0,0,87.4,64.5,0,0.0,0
680.0,20,10,0,1,0,20,80.6,58.6,28,0,0,0,87.4,64.4,0,0.0,0
681.0,20,10,0,1,0,20,80.6,58.7,28,0,0,0,87.4,64.4,0,0.0,0
682.0,20,10,0,1,0,20,80.6,58.8,28,0,0,0,87.3,64.3,0,0.0,0
683.0,20,10,0,1,0,20,80.6,59.0,28,0,0,0,87.3,64.3,0,0.0,0
684.0,20,10,0,1,0,20,80.6,59.1,28,0,0,0,87.3,64.2,0,0.0,0
685.0,20,10,0,1,0,20,80.6,59.2,28,0,0,0,87.2,64.2,0,0.0,0
686.0,20,10,0,1,0,20,80.6,59.3,28,0,0,0,87.2,64.1,0,0.0,0
687.0,20,10,0,1,0,20,80.6,59.5,28,0,0,0,87.2,64.1,0,0.0,0
688.0,20,10,0,1,0,20,80.6,59.6,28,0,0,0,87.1,64.0,0,0.0,0
689.0,20,10,0,1,0,20,80.6,59.7,28,0,0,0,87.1,64.0,0,0.0,0
690.0,20,10,0,1,0,20,80.6,59.8,28,0,0,0,87.1,63.9,0,0.0,0
691.0,20,10,0,1,0,20,80.6,60.0,28,0,0,0,87.0,63.9,0,0.0,0
692.0,20,10,0,1,0,20,80.6,60.1,28,0,0,0,87.0,63.8,0,0.0,0
693.0,20,10,0,1,0,20,80.6,60.2,28,0,0,0,86.9,63.8,0,0.0,0
694.0,20,10,0,1,0,20,80.6,60.3,28,0,0,0,86.9,63.7,0,0.0,0
695.0,20,10,0,1,0,20,80.6,60.5,28,0,0,0,86.9,63.7,0,0.0,0
696.0,20,10,0,1,0,20,80.6,60.6,28,0,0,0,86.8,63.6,0,0.0,0
697.0,20,10,0,1,0,20,80.6,60.7,28,0,0,0,86.8,63.6,0,0.0,0
698.0,20,10,0,1,0,20,80.6,60.8,28,0,0,0,86.8,63.5,0,0.0,0
699.0,20,10,0,1,0,20,80.6,60.9,28,0,0,0,86.7,63.5,0,0.0,0
700.0,20,10,0,1,0,20,80.6,61.1,28,0,0,0,86.7,63.4,0,0.0,0
701.0,20,10,0,1,0,20,80.6,61.2,28,0,0,0,86.7,63.3,0,0.0,0
702.0,20,10,0,1,0,20,80.6,61.3,28,0,0,0,86.6,63.3,0,0.0,0
703.0,20,10,0,1,0,20,80.6,61.4,28,0,0,0,86.6,63.2,0,0.0,0
704.0,20,10,0,1,0,20,80.6,61.5,28,0,0,0,86.6,63.2,0,0.0,0
705.0,20,10,0,1,0,20,79.2,61.7,30,0,0,0,86.5,63.1,0,0.0,0
706.0,20,10,0,1,0,20,79.2,61.8,30,0,0,0,86.5,63.1,0,0.0,0
707.0,20,10,0,1,0,20,79.2,61.9,30,0,0,0,86.5,63.0,0,0.0,0
708.0,20,10,0,1,0,20,79.9,62.0,29,0,0,0,86.4,63.0,0,0.0,0
709.0,20,10,0,1,0,20,80.6,62.1,28,0,0,0,86.4,62.9,0,0.0,0
710.0,20,10,0,1,0,20,79.9,62.3,29,0,0,0,86.4,62.9,0,0.0,0
711.0,20,10,0,1,0,20,79.9,62.4,29,0,0,0,86.3,62.8,0,0.0,0
712.0,20,10,0,1,0,20,79.2,62.5,30,0,0,0,86.3,62.8,0,0.0,0
713.0,20,10,0,1,0,20,79.2,62.6,30,0,0,0,86.3,62.7,0,0.0,0
714.0,20,10,0,1,0,20,78.5,62.7,31,0,0,0,86.2,62.7,0,0.0,0
715.0,20,10,0,1,0,20,77.1,62.8,33,0,0,0,86.2,62.6,0,0.0,0
716.0,20,10,0,1,0,20,77.1,62.9,33,0,0,0,86.2,62.6,0,0.0,0
717.0,20,10,0,1,0,20,78.5,63.0,31,0,0,0,86.1,62.5,0,0.0,0
718.0,20,10,0,1,0,20,77.8,63.2,32,0,0,0,86.1,62.5,0,0.0,0
719.0,20,10,0,1,0,20,78.5,63.3,31,0,0,0,86.1,62.4,0,0.0,0
720.0,20,10,0,1,0,20,78.5,63.4,31,0,0,0,86.0,62.4,0,0.0,0
721.0,20,10,0,1,0,20,78.5,63.5,31,0,0,0,86.0,62.3,0,0.0,0
722.0,20,10,0,1,0,20,79.2,63.6,30,0,0,0,86.0,62.3,0,0.0,0
723.0,20,10,0,1,0,20,79.9,63.7,29,0,0,0,85.9,62.2,0,0.0,0
724.0,20,10,0,1,0,20,80.6,63.8,28,0,0,0,85.9,62.1,0,0.0,0
725.0,20,10,0,1,0,20,80.6,64.0,28,0,0,0,85.9,62.1,0,0.0,0
726.0,20,10,0,1,0,20,80.6,64.1,28,0,0,0,85.8,62.0,0,0.0,0
727.0,20,10,0,1,0,20,80.6,64.2,28,0,0,0,85.8,62.0,0,0.0,0
728.0,20,10,0,1,0,20,80.6,64.3,28,0,0,0,85.8,62.0,0,0.0,0
729.0,20,10,0,1,0,20,80.6,64.5,28,0,0,0,85.7,61.9,0,0.0,0
730.0,20,10,0,1,0,20,80.6,64.6,28,0,0,0,85.7,61.9,0,0.0,0
731.0,20,10,0,1,0,20,80.6,64.7,28,0,0,0,85.7,61.8,0,0.0,0
732.0,20,10,0,1,0,20,80.6,64.8,28,0,0,0,85.6,61.8,0,0.0,0
733.0,20,10,0,1,0,20,80.6,64.9,28,0,0,0,85.6,61.7,0,0.0,0
734.0,20,10,0,1,0,20,80.6,65.1,28,0,0,0,85.6,61.7,0,0.0,0
735.0,20,10,0,1,0,20,80.6,65.2,28,0,0,0,85.5,61.6,0,0.0,0
736.0,20,10,0,1,0,20,80.6,65.3,28,0,0,0,85.5,61.6,0,0.0,0
737.0,20,10,0,1,0,20,80.6,65.4,28,0,0,0,85.5,61.5,0,0.0,0
738.0,20,10,0,1,0,20,80.6,65.5,28,0,0,0,85.4,61.5,0,0.0,0
739.0,20,10,0,1,0,20,80.6,65.7,28,0,0,0,85.4,61.4,0,0.0,0
740.0,20,10,0,1,0,20,80.6,65.8,28,0,0,0,85.4,61.4,0,0.0,0
741.0,20,10,0,1,0,20,80.6,65.9,28,0,0,0,85.3,61.3,0,0.0,0
742.0,20,10,0,1,0,20,80.6,66.0,28,0,0,0,85.3,61.2,0,0.0,0
743.0,20,10,0,1,0,20,80.6,66.2,28,0,0,0,85.3,61.2,0,0.0,0
744.0,20,10,0,1,0,20,80.6,66.3,28,0,0,0,85.2,61.1,0,0.0,0
745.0,20,10,0,1,0,20,80.6,66.4,28,0,0,0,85.2,61.1,0,0.0,0
746.0,20,10,0,1,0,20,80.6,66.5,28,0,0,0,85.2,61.0,0,0.0,0
747.0,20,10,0,1,0,20,80.6,66.6,28,0,0,0,85.1,61.0,0,0.0,0
748.0,20,10,0,1,0,20,80.6,66.8,28,0,0,0,85.1,60.9,0,0.0,0
749.0,20,10,0,1,0,20,81.2,66.9,27,0,0,0,85.1,60.9,0,0.0,0
750.0,21,9,0,1,0,21,81.2,67.0,27,0,0,0,85.0,60.8,0,0.0,0
751.0,21,9,0,1,0,21,81.2,67.1,27,0,0,0,85.0,60.8,0,0.0,0
752.0,21,9,0,1,0,21,81.2,67.3,27,0,0,0,85.0,60.7,0,0.0,0
753.0,21,9,0,1,0,21,81.2,67.4,27,0,0,0,84.9,60.7,0,0.0,0
754.0,21,9,0,1,0,21,81.2,67.5,27,0,0,0,84.9,60.6,0,0.0,0
755.0,22,8,0,1,0,22,81.9,67.6,26,0,0,0,84.9,60.6,0,0.0,0
756.0,22,8,0,1,0,22,81.9,67.8,26,0,0,0,84.8,60.5,0,0.0,0
757.0,22,8,0,1,0,22,81.9,67.9,26,0,0,0,84.8,60.5,0,0.0,0
758.0,22,8,0,1,0,22,81.9,68.0,26,0,0,0,84.7,60.4,0,0.0,0
759.0,22,8,0,1,0,22,81.9,68.1,26,0,0,0,84.7,60.3,0,0.0,0
760.0,23,7,0,1,0,23,82.6,68.3,25,0,0,0,84.7,60.3,0,0.0,0
761.0,23,7,0,1,0,23,82.6,68.4,25,0,0,0,84.6,60.2,0,0.0,0
762.0,23,7,0,1,0,23,83.3,68.5,24,0,0,0,84.6,60.2,0,0.0,0
763.0,23,7,0,1,0,23,83.3,68.7,24,0,0,0,84.5,60.1,0,0.0,0
764.0,23,7,0,1,0,23,83.3,68.8,24,0,0,0,84.5,60.1,0,0.0,0
765.0,24,6,0,1,0,24,83.3,68.9,24,0,0,0,84.5,60.0,0,0.0,0
766.0,24,6,0,1,0,24,84.0,69.1,23,0,0,0,84.4,60.0,0,0.0,0
767.0,24,6,0,1,0,24,84.7,69.2,22,0,0,0,84.4,59.9,0,0.0,0
768.0,24,6,0,1,0,24,84.7,69.4,22,0,0,0,84.3,59.9,0,0.0,0
769.0,24,6,0,1,0,24,85.4,69.5,21,0,0,0,84.3,59.8,0,0.0,0
770.0,24,6,0,1,0,24,85.4,69.6,21,0,0,0,84.3,59.8,0,0.0,0
771.0,24,6,0,1,0,24,85.4,69.8,21,0,0,0,84.2,59.7,0,0.0,0
772.0,24,6,0,1,0,24,85.4,69.9,21,0,0,0,84.2,59.7,0,0.0,0
773.0,24,6,0,1,0,24,86.1,70.1,20,0,0,0,84.1,59.6,0,0.0,0
774.0,24,6,0,1,0,24,86.8,70.2,19,0,0,0,84.1,59.6,0,0.0,0
775.0,24,6,0,1,0,24,86.8,70.4,19,0,0,0,84.1,59.5,0,0.0,0
776.0,24,6,0,1,0,24,87.5,70.5,18,0,0,0,84.0,59.4,0,0.0,0
777.0,24,6,0,1,0,24,88.2,70.7,17,0,0,0,84.0,59.4,0,0.0,0
778.0,24,6,0,1,0,24,88.2,70.8,17,0,0,0,83.9,59.3,0,0.0,0
779.0,24,6,0,1,0,24,88.2,71.0,17,0,0,0,83.9,59.3,0,0.0,0
780.0,24,6,0,1,0,24,88.9,71.1,16,0,0,0,83.9,59.2,0,0.0,0
781.0,24,6,0,1,0,24,88.9,71.3,16,0,0,0,83.8,59.2,0,0.0,0
782.0,24,6,0,1,0,24,90.3,71.4,14,0,0,0,83.8,59.1,0,0.0,0
783.0,24,6,0,1,0,24,90.3,71.6,14,0,0,0,83.7,59.1,0,0.0,0
784.0,24,6,0,1,0,24,90.3,71.8,14,0,0,0,83.7,59.0,0,0.0,0
785.0,24,6,0,1,0,24,90.3,71.9,14,0,0,0,83.7,59.0,0,0.0,0
786.0,24,6,0,1,0,24,90.3,72.1,14,0,0,0,83.6,58.9,0,0.0,0
787.0,24,6,0,1,0,24,91.0,72.3,13,0,0,0,83.6,58.9,0,0.0,0
788.0,24,6,0,1,0,24,91.0,72.4,13,0,0,0,83.5,58.8,0,0.0,0
789.0,24,6,0,1,0,24,91.7,72.6,12,0,0,0,83.5,58.8,0,0.0,0
790.0,24,6,0,1,0,24,91.7,72.8,12,0,0,0,83.5,58.7,0,0.0,0
791.0,24,6,0,1,0,24,91.7,72.9,12,0,0,0,83.4,58.7,0,0.0,0
792.0,24,6,0,1,0,24,91.7,73.1,12,0,0,0,83.4,58.6,0,0.0,0
793.0,24,6,0,1,0,24,91.7,73.3,12,0,0,0,83.3,58.5,0,0.0,0
794.0,24,6,0,1,0,24,92.4,73.4,11,0,0,0,83.3,58.5,0,0.0,0
795.0,24,6,0,1,0,24,92.4,73.6,11,0,0,0,83.3,58.4,0,0.0,0
796.0,24,6,0,1,0,24,93.1,73.8,10,0,0,0,83.2,58.4,0,0.0,0
797.0,24,6,0,1,0,24,93.1,73.9,10,0,0,0,83.2,58.3,0,0.0,0
798.0,24,6,0,1,0,24,93.1,74.1,10,0,0,0,83.2,58.3,0,0.0,0
799.0,24,6,0,1,0,24,93.8,74.3,9,0,0,0,83.1,58.2,0,0.0,0
800.0,24,6,0,1,0,24,93.8,74.5,9,0,0,0,83.1,58.2,0,0.0,0
801.0,24,6,0,1,0,24,94.4,74.7,8,0,0,0,83.0,58.1,0,0.0,0
802.0,24,6,0,1,0,24,94.4,74.8,8,0,0,0,83.0,58.1,0,0.0,0
803.0,24,6,0,1,0,24,94.4,75.0,8,0,0,0,83.0,58.0,0,0.0,0
804.0,24,6,0,1,0,24,94.4,75.2,8,0,0,0,82.9,58.0,0,0.0,0
805.0,24,6,0,1,0,24,94.4,75.4,8,0,0,0,82.9,57.9,0,0.0,0
806.0,24,6,0,1,0,24,94.4,75.6,8,0,0,0,82.8,57.9,0,0.0,0
807.0,24,6,0,1,0,24,94.4,75.8,8,0,0,0,82.8,57.8,0,0.0,0
808.0,24,6,0,1,0,24,95.1,75.9,7,0,0,0,82.8,57.8,0,0.0,0
809.0,24,6,0,1,0,24,95.1,76.1,7,0,0,0,82.7,57.7,0,0.0,0
810.0,24,6,0,1,0,24,95.1,76.3,7,0,0,0,82.7,57.6,0,0.0,0
811.0,24,6,0,1,0,24,95.1,76.5,7,0,0,0,82.6,57.6,0,0.0,0
812.0,24,6,0,1,0,24,95.1,76.7,7,0,0,0,82.6,57.5,0,0.0,0
813.0,24,6,0,1,0,24,95.1,76.9,7,0,0,0,82.6,57.5,0,0.0,0
814.0,24,6,0,1,0,24,95.1,77.1,7,0,0,0,82.5,57.4,0,0.0,0
815.0,24,6,0,1,0,24,95.8,77.3,6,0,0,0,82.5,57.4,0,0.0,0
816.0,24,6,0,1,0,24,95.8,77.5,6,0,0,0,82.5,57.3,0,0.0,0
817.0,24,6,0,1,0,24,95.8,77.6,6,0,0,0,82.4,57.3,0,0.0,0
818.0,24,6,0,1,0,24,95.8,77.8,6,0,0,0,82.4,57.2,0,0.0,0
819.0,24,6,0,1,0,24,95.8,78.0,6,0,0,0,82.3,57.2,0,0.0,0
820.0,24,6,0,1,0,24,95.8,78.2,6,0,0,0,82.3,57.1,0,0.0,0
821.0,24,6,0,1,0,24,95.8,78.4,6,0,0,0,82.3,57.1,0,0.0,0
822.0,24,6,0,1,0,24,96.5,78.6,5,0,0,0,82.2,57.0,0,0.0,0
823.0,24,6,0,1,0,24,96.5,78.8,5,0,0,0,82.2,57.0,0,0.0,0
824.0,24,6,0,1,0,24,96.5,79.0,5,0,0,0,82.1,56.9,0,0.0,0
825.0,24,6,0,1,0,24,96.5,79.1,5,0,0,0,82.1,56.9,0,0.0,0
826.0,24,6,0,1,0,24,96.5,79.3,5,0,0,0,82.1,56.8,0,0.0,0
827.0,24,6,0,1,0,24,96.5,79.5,5,0,0,0,82.0,56.8,0,0.0,0
828.0,24,6,0,1,0,24,96.5,79.7,5,0,0,0,82.0,56.7,0,0.0,0
829.0,24,6,0,1,0,24,97.2,79.9,4,0,0,0,81.9,56.6,0,0.0,0
830.0,24,6,0,1,0,24,97.2,80.0,4,0,0,0,81.9,56.6,0,0.0,0
831.0,24,6,0,1,0,24,97.2,80.2,4,0,0,0,81.9,56.5,0,0.0,0
832.0,24,6,0,1,0,24,97.2,80.4,4,0,0,0,81.8,56.5,0,0.0,0
833.0,24,6,0,1,0,24,97.2,80.5,4,0,0,0,81.8,56.5,0,0.0,0
834.0,24,6,0,1,0,24,97.2,80.7,4,0,0,0,81.8,56.4,0,0.0,0
835.0,24,6,0,1,0,24,97.2,80.9,4,0,0,0,81.7,56.3,0,0.0,0
836.0,24,6,0,1,0,24,97.2,81.1,4,0,0,0,81.7,56.3,0,0.0,0
837.0,24,6,0,1,0,24,97.2,81.2,4,0,0,0,81.6,56.2,0,0.0,0
838.0,24,6,0,1,0,24,97.2,81.4,4,0,0,0,81.6,56.2,0,0.0,0
839.0,24,6,0,1,0,24,96.5,81.5,5,0,0,0,81.6,56.1,0,0.0,0
840.0,24,6,0,1,0,24,95.8,81.7,6,0,0,0,81.5,56.1,0,0.0,0
841.0,24,6,0,1,0,24,95.8,81.8,6,0,0,0,81.5,56.0,0,0.0,0
842.0,24,6,0,1,0,24,96.5,82.0,5,0,0,0,81.4,56.0,0,0.0,0
843.0,24,6,0,1,0,24,96.5,82.2,5,0,0,0,81.4,55.9,0,0.0,0
844.0,24,6,0,1,0,24,97.2,82.3,4,0,0,0,81.4,55.9,0,0.0,0
845.0,24,6,0,1,0,24,97.2,82.5,4,0,0,0,81.3,55.8,0,0.0,0
846.0,24,6,0,1,0,24,96.5,82.6,5,0,0,0,81.3,55.8,0,0.0,0
847.0,24,6,0,1,0,24,96.5,82.8,5,0,0,0,81.3,55.7,0,0.0,0
848.0,24,6,0,1,0,24,96.5,82.9,5,0,0,0,81.2,55.7,0,0.0,0
849.0,24,6,0,1,0,24,95.8,83.0,6,0,0,0,81.2,55.6,0,0.0,0
850.0,24,6,0,1,0,24,95.8,83.2,6,0,0,0,81.1,55.6,0,0.0,0
851.0,24,6,0,1,0,24,95.8,83.3,6,0,0,0,81.1,55.5,0,0.0,0
852.0,24,6,0,1,0,24,95.8,83.5,6,0,0,0,81.1,55.4,0,0.0,0
853.0,24,6,0,1,0,24,96.5,83.6,5,0,0,0,81.0,55.4,0,0.0,0
854.0,24,6,0,1,0,24,96.5,83.7,5,0,0,0,81.0,55.3,0,0.0,0
855.0,24,6,0,1,0,24,97.2,83.9,4,0,0,0,80.9,55.3,0,0.0,0
856.0,24,6,0,1,0,24,95.8,84.0,6,0,0,0,80.9,55.2,0,0.0,0
857.0,24,6,0,1,0,24,95.8,84.1,6,0,0,0,80.9,55.2,0,0.0,0
858.0,24,6,0,1,0,24,95.8,84.3,6,0,0,0,80.8,55.1,0,0.0,0
859.0,24,6,0,1,0,24,95.8,84.4,6,0,0,0,80.8,55.1,0,0.0,0
860.0,24,6,0,1,0,24,95.8,84.5,6,0,0,0,80.8,55.0,0,0.0,0
861.0,24,6,0,1,0,24,96.5,84.6,5,0,0,0,80.7,55.0,0,0.0,0
862.0,24,6,0,1,0,24,96.5,84.8,5,0,0,0,80.7,55.0,0,0.0,0
863.0,24,6,0,1,0,24,96.5,84.9,5,0,0,0,80.6,54.9,0,0.0,0
864.0,24,6,0,1,0,24,96.5,85.0,5,0,0,0,80.6,54.9,0,0.0,0
865.0,24,6,0,1,0,24,96.5,85.1,5,0,0,0,80.6,54.8,0,0.0,0
866.0,24,6,0,1,0,24,95.8,85.2,6,0,0,0,80.5,54.8,0,0.0,0
867.0,24,6,0,1,0,24,95.8,85.3,6,0,0,0,80.5,54.7,0,0.0,0
868.0,24,6,0,1,0,24,96.5,85.4,5,0,0,0,80.4,54.7,0,0.0,0
869.0,24,6,0,1,0,24,96.5,85.6,5,0,0,0,80.4,54.6,0,0.0,0
870.0,24,6,0,1,0,24,96.5,85.7,5,0,0,0,80.4,54.6,0,0.0,0
871.0,24,6,0,1,0,24,96.5,85.8,5,0,0,0,80.3,54.5,0,0.0,0
872.0,24,6,0,1,0,24,97.2,85.9,4,0,0,0,80.3,54.5,0,0.0,0
873.0,24,6,0,1,0,24,97.2,86.0,4,0,0,0,80.3,54.4,0,0.0,0
874.0,24,6,0,1,0,24,97.2,86.1,4,0,0,0,80.2,54.4,0,0.0,0
875.0,24,6,0,1,0,24,97.2,86.2,4,0,0,0,80.2,54.3,0,0.0,0
876.0,24,6,0,1,0,24,97.2,86.3,4,0,0,0,80.1,54.2,0,0.0,0
877.0,24,6,0,1,0,24,97.2,86.4,4,0,0,0,80.1,54.2,0,0.0,0
878.0,24,6,0,1,0,24,97.2,86.5,4,0,0,0,80.1,54.1,0,0.0,0
879.0,24,6,0,1,0,24,97.2,86.6,4,0,0,0,80.0,54.1,0,0.0,0
880.0,24,6,0,1,0,24,97.2,86.7,4,0,0,0,80.0,54.0,0,0.0,0
881.0,24,6,0,1,0,24,97.2,86.8,4,0,0,0,79.9,54.0,0,0.0,0
882.0,24,6,0,1,0,24,97.2,86.9,4,0,0,0,79.9,53.9,0,0.0,0
883.0,24,6,0,1,0,24,97.2,87.0,4,0,0,0,79.9,53.9,0,0.0,0
884.0,24,6,0,1,0,24,97.2,87.1,4,0,0,0,79.8,53.8,0,0.0,0
885.0,24,6,0,1,0,24,97.2,87.2,4,0,0,0,79.8,53.8,0,0.0,0
886.0,24,6,0,1,0,24,97.2,87.3,4,0,0,0,79.7,53.7,0,0.0,0
887.0,24,6,0,1,0,24,97.2,87.3,4,0,0,0,79.7,53.7,0,0.0,0
888.0,24,6,0,1,0,24,97.2,87.4,4,0,0,0,79.7,53.6,0,0.0,0
889.0,24,6,0,1,0,24,97.2,87.5,4,0,0,0,79.6,53.6,0,0.0,0
890.0,24,6,0,1,0,24,96.5,87.6,5,0,0,0,79.6,53.5,0,0.0,0
891.0,24,6,0,1,0,24,96.5,87.7,5,0,0,0,79.6,53.5,0,0.0,0
892.0,24,6,0,1,0,24,96.5,87.8,5,0,0,0,79.5,53.4,0,0.0,0
893.0,24,6,0,1,0,24,96.5,87.8,5,0,0,0,79.5,53.3,0,0.0,0
894.0,24,6,0,1,0,24,96.5,87.9,5,0,0,0,79.4,53.3,0,0.0,0
895.0,24,6,0,1,0,24,96.5,88.0,5,0,0,0,79.4,53.2,0,0.0,0
896.0,24,6,0,1,0,24,96.5,88.1,5,0,0,0,79.4,53.2,0,0.0,0
897.0,24,6,0,1,0,24,95.8,88.1,6,0,0,0,79.3,53.1,0,0.0,0
898.0,24,6,0,1,0,24,96.5,88.2,5,0,0,0,79.3,53.1,0,0.0,0
899.0,24,6,0,1,0,24,96.5,88.3,5,0,0,0,79.2,53.0,0,0.0,0
900.0,24,6,0,1,0,24,96.5,88.4,5,0,0,0,79.2,53.0,0,0.0,0
901.0,24,6,0,1,0,24,96.5,88.4,5,0,0,0,79.2,52.9,0,0.0,0
902.0,24,6,0,1,0,24,96.5,88.5,5,0,0,0,79.1,52.9,0,0.0,0
903.0,24,6,0,1,0,24,96.5,88.6,5,0,0,0,79.1,52.8,0,0.0,0
904.0,24,6,0,1,0,24,97.2,88.7,4,0,0,0,79.0,52.8,0,0.0,0
905.0,24,6,0,1,0,24,97.2,88.7,4,0,0,0,79.0,52.7,0,0.0,0
906.0,24,6,0,1,0,24,97.2,88.8,4,0,0,0,79.0,52.7,0,0.0,0
907.0,24,6,0,1,0,24,97.2,88.9,4,0,0,0,78.9,52.6,0,0.0,0
908.0,24,6,0,1,0,24,97.2,88.9,4,0,0,0,78.9,52.6,0,0.0,0
909.0,24,6,0,1,0,24,97.2,89.0,4,0,0,0,78.9,52.5,0,0.0,0
910.0,24,6,0,1,0,24,97.2,89.1,4,0,0,0,78.8,52.4,0,0.0,0
911.0,24,6,0,1,0,24,97.2,89.2,4,0,0,0,78.8,52.4,0,0.0,0
912.0,24,6,0,1,0,24,97.2,89.2,4,0,0,0,78.7,52.3,0,0.0,0
913.0,24,6,0,1,0,24,97.2,89.3,4,0,0,0,78.7,52.3,0,0.0,0
914.0,24,6,0,1,0,24,97.2,89.4,4,0,0,0,78.7,52.2,0,0.0,0
915.0,24,6,0,1,0,24,97.2,89.4,4,0,0,0,78.6,52.2,0,0.0,0
916.0,24,6,0,1,0,24,97.2,89.5,4,0,0,0,78.6,52.1,0,0.0,0
917.0,24,6,0,1,0,24,97.2,89.6,4,0,0,0,78.5,52.1,0,0.0,0
918.0,24,6,0,1,0,24,97.2,89.6,4,0,0,0,78.5,52.0,0,0.0,0
919.0,24,6,0,1,0,24,97.2,89.7,4,0,0,0,78.5,52.0,0,0.0,0
920.0,24,6,0,1,0,24,97.2,89.8,4,0,0,0,78.4,51.9,0,0.0,0
921.0,24,6,0,1,0,24,97.2,89.9,4,0,0,0,78.4,51.9,0,0.0,0
922.0,24,6,0,1,0,24,97.2,89.9,4,0,0,0,78.3,51.8,0,0.0,0
923.0,24,6,0,1,0,24,97.2,90.0,4,0,0,0,78.3,51.8,0,0.0,0
924.0,24,6,0,1,0,24,97.2,90.1,4,0,0,0,78.3,51.7,0,0.0,0
925.0,24,6,0,1,0,24,97.2,90.1,4,0,0,0,78.2,51.7,0,0.0,0
926.0,24,6,0,1,0,24,97.2,90.2,4,0,0,0,78.2,51.6,0,0.0,0
927.0,24,6,0,1,0,24,97.2,90.3,4,0,0,0,78.2,51.5,0,0.0,0
928.0,24,6,0,1,0,24,97.2,90.3,4,0,0,0,78.1,51.5,0,0.0,0
929.0,24,6,0,1,0,24,97.2,90.4,4,0,0,0,78.1,51.5,0,0.0,0
930.0,24,6,0,1,0,24,97.2,90.5,4,0,0,0,78.0,51.4,0,0.0,0
931.0,24,6,0,1,0,24,97.2,90.5,4,0,0,0,78.0,51.4,0,0.0,0
932.0,24,6,0,1,0,24,97.2,90.6,4,0,0,0,78.0,51.3,0,0.0,0
933.0,24,6,0,1,0,24,97.2,90.7,4,0,0,0,77.9,51.2,0,0.0,0
934.0,24,6,0,1,0,24,97.2,90.8,4,0,0,0,77.9,51.2,0,0.0,0
935.0,24,6,0,1,0,24,97.2,90.8,4,0,0,0,77.8,51.1,0,0.0,0
936.0,24,6,0,1,0,24,97.2,90.9,4,0,0,0,77.8,51.1,0,0.0,0
937.0,24,6,0,1,0,24,97.2,91.0,4,0,0,0,77.8,51.0,0,0.0,0
938.0,24,6,0,1,0,24,97.2,91.0,4,0,0,0,77.7,51.0,0,0.0,0
939.0,24,6,0,1,0,24,97.2,91.1,4,0,0,0,77.7,50.9,0,0.0,0
940.0,24,6,0,1,0,24,97.2,91.2,4,0,0,0,77.6,50.9,0,0.0,0
941.0,24,6,0,1,0,24,97.2,91.2,4,0,0,0,77.6,50.8,0,0.0,0
942.0,24,6,0,1,0,24,97.9,91.3,3,0,0,0,77.6,50.8,0,0.0,0
943.0,24,6,0,1,0,24,97.9,91.4,3,0,0,0,77.5,50.7,0,0.0,0
944.0,24,6,0,1,0,24,97.9,91.5,3,0,0,0,77.5,50.7,0,0.0,0
945.0,24,6,0,1,0,24,98.6,91.5,2,0,0,0,77.5,50.6,0,0.0,0
946.0,24,6,0,1,0,24,97.9,91.6,3,0,0,0,77.4,50.6,0,0.0,0
947.0,24,6,0,1,0,24,97.9,91.7,3,0,0,0,77.4,50.5,0,0.0,0
948.0,24,6,0,1,0,24,97.9,91.8,3,0,0,0,77.3,50.5,0,0.0,0
949.0,24,6,0,1,0,24,98.6,91.8,2,0,0,0,77.3,50.4,0,0.0,0
950.0,24,6,0,1,0,24,98.6,91.9,2,0,0,0,77.3,50.3,0,0.0,0
951.0,24,6,0,1,0,24,98.6,92.0,2,0,0,0,77.2,50.3,0,0.0,0
952.0,24,6,0,1,0,24,99.3,92.1,1,0,0,0,77.2,50.2,0,0.0,0
953.0,24,6,0,1,0,24,98.6,92.2,2,0,0,0,77.1,50.2,0,0.0,0
954.0,24,6,0,1,0,24,98.6,92.3,2,0,0,0,77.1,50.1,0,0.0,0
955.0,24,6,0,1,0,24,98.6,92.3,2,0,0,0,77.1,50.1,0,0.0,0
956.0,24,6,0,1,0,24,98.6,92.4,2,0,0,0,77.0,50.0,0,0.0,0
957.0,24,6,0,1,0,24,98.6,92.5,2,0,0,0,77.0,50.0,0,0.0,0
958.0,24,6,0,1,0,24,98.6,92.6,2,0,0,0,77.0,49.9,0,0.0,0
959.0,24,6,0,1,0,24,98.6,92.7,2,0,0,0,76.9,49.9,0,0.0,0
960.0,24,6,0,1,0,24,98.6,92.8,2,0,0,0,76.9,49.8,0,0.0,0
961.0,24,6,0,1,0,24,97.9,92.9,3,0,0,0,76.8,49.8,0,0.0,0
962.0,24,6,0,1,0,24,97.9,92.9,3,0,0,0,76.8,49.7,0,0.0,0
963.0,24,6,0,1,0,24,97.9,93.0,3,0,0,0,76.8,49.7,0,0.0,0
964.0,24,6,0,1,0,24,97.9,93.1,3,0,0,0,76.7,49.6,0,0.0,0
965.0,24,6,0,1,0,24,97.9,93.1,3,0,0,0,76.7,49.6,0,0.0,0
966.0,24,6,0,1,0,24,97.9,93.2,3,0,0,0,76.7,49.5,0,0.0,0
967.0,24,6,0,1,0,24,98.6,93.3,2,0,0,0,76.6,49.5,0,0.0,0
968.0,24,6,0,1,0,24,98.6,93.4,2,0,0,0,76.6,49.4,0,0.0,0
969.0,24,6,0,1,0,24,98.6,93.4,2,0,0,0,76.5,49.4,0,0.0,0
970.0,24,6,0,1,0,24,98.6,93.5,2,0,0,0,76.5,49.3,0,0.0,0
971.0,24,6,0,1,0,24,98.6,93.6,2,0,0,0,76.5,49.3,0,0.0,0
972.0,24,6,0,1,0,24,98.6,93.7,2,0,0,0,76.4,49.2,0,0.0,0
973.0,24,6,0,1,0,24,99.3,93.8,1,0,0,0,76.4,49.1,0,0.0,0
974.0,24,6,0,1,0,24,98.6,93.8,2,0,0,0,76.3,49.1,0,0.0,0
975.0,24,6,0,1,0,24,98.6,93.9,2,0,0,0,76.3,49.0,0,0.0,0
976.0,24,6,0,1,0,24,98.6,94.0,2,0,0,0,76.3,49.0,0,0.0,0
977.0,24,6,0,1,0,24,99.3,94.1,1,0,0,0,76.2,48.9,0,0.0,0
978.0,24,6,0,1,0,24,100.0,94.1,0,0,0,0,76.2,48.9,0,0.0,0
979.0,24,6,0,1,0,24,100.0,94.2,0,0,0,0,76.1,48.8,0,0.0,0
980.0,24,6,0,1,0,24,100.0,94.3,0,0,0,0,76.1,48.8,0,0.0,0
981.0,24,6,0,1,0,24,99.3,94.4,1,0,0,0,76.1,48.7,0,0.0,0
982.0,24,6,0,1,0,24,99.3,94.5,1,0,0,0,76.0,48.7,0,0.0,0
983.0,24,6,0,1,0,24,98.6,94.5,2,0,0,0,76.0,48.6,0,0.0,0
984.0,24,6,0,1,0,24,97.9,94.6,3,0,0,0,76.0,48.6,0,0.0,0
985.0,24,6,0,1,0,24,98.6,94.7,2,0,0,0,75.9,48.5,0,0.0,0
986.0,24,6,0,1,0,24,99.3,94.8,1,0,0,0,75.9,48.5,0,0.0,0
987.0,24,6,0,1,0,24,98.6,94.8,2,0,0,0,75.8,48.4,0,0.0,0
988.0,24,6,0,1,0,24,99.3,94.9,1,0,0,0,75.8,48.4,0,0.0,0
989.0,24,6,0,1,0,24,99.3,95.0,1,0,0,0,75.8,48.3,0,0.0,0
990.0,24,6,0,1,0,24,99.3,95.1,1,0,0,0,75.7,48.3,0,0.0,0
991.0,24,6,0,1,0,24,100.0,95.1,0,0,0,0,75.7,48.2,0,0.0,0
992.0,24,6,0,1,0,24,99.3,95.2,1,0,0,0,75.7,48.2,0,0.0,0
993.0,24,6,0,1,0,24,99.3,95.3,1,0,0,0,75.6,48.1,0,0.0,0
994.0,24,6,0,1,0,24,99.3,95.4,1,0,0,0,75.6,48.1,0,0.0,0
995.0,24,6,0,1,0,24,99.3,95.4,1,0,0,0,75.5,48.0,0,0.0,0
996.0,24,6,0,1,0,24,99.3,95.5,1,0,0,0,75.5,48.0,0,0.0,0
997.0,24,6,0,1,0,24,99.3,95.6,1,0,0,0,75.5,47.9,0,0.0,0
998.0,24,6,0,1,0,24,98.6,95.6,2,0,0,0,75.4,47.9,0,0.0,0
999.0,24,6,0,1,0,24,98.6,95.7,2,0,0,0,75.4,47.8,0,0.0,0
1000.0,24,6,0,1,0,24,98.6,95.8,2,0,0,0,75.3,47.8,0,0.0,0
1001.0,24,6,0,1,0,24,98.6,95.9,2,0,0,0,75.3,47.7,0,0.0,0
1002.0,24,6,0,1,0,24,98.6,95.9,2,0,0,0,75.3,47.7,0,0.0,0
1003.0,24,6,0,1,0,24,98.6,96.0,2,0,0,0,75.2,47.6,0,0.0,0
1004.0,24,6,0,1,0,24,98.6,96.0,2,0,0,0,75.2,47.6,0,0.0,0
1005.0,24,6,0,1,0,24,99.3,96.1,1,0,0,0,75.2,47.5,0,0.0,0
1006.0,24,6,0,1,0,24,99.3,96.2,1,0,0,0,75.1,47.5,0,0.0,0
1007.0,24,6,0,1,0,24,99.3,96.2,1,0,0,0,75.1,47.4,0,0.0,0
1008.0,24,6,0,1,0,24,99.3,96.3,1,0,0,0,75.0,47.4,0,0.0,0
1009.0,24,6,0,1,0,24,99.3,96.4,1,0,0,0,75.0,47.3,0,0.0,0
1010.0,24,6,0,1,0,24,99.3,96.4,1,0,0,0,75.0,47.3,0,0.0,0
1011.0,24,6,0,1,0,24,99.3,96.5,1,0,0,0,74.9,47.2,0,0.0,0
1012.0,24,6,0,1,0,24,100.0,96.5,0,0,0,0,74.9,47.2,0,0.0,0
1013.0,24,6,0,1,0,24,100.0,96.6,0,0,0,0,74.8,47.1,0,0.0,0
1014.0,24,6,0,1,0,24,100.0,96.6,0,0,0,0,74.8,47.1,0,0.0,0
1015.0,24,6,0,1,0,24,100.0,96.7,0,0,0,0,74.8,47.0,0,0.0,0
1016.0,24,6,0,1,0,24,100.0,96.7,0,0,0,0,74.7,46.9,0,0.0,0
1017.0,24,6,0,1,0,24,100.0,96.8,0,0,0,0,74.7,46.9,0,0.0,0
1018.0,24,6,0,1,0,24,100.0,96.8,0,0,0,0,74.7,46.8,0,0.0,0
1019.0,24,6,0,1,0,24,100.0,96.9,0,0,0,0,74.6,46.8,0,0.0,0
1020.0,24,6,0,1,0,24,100.0,96.9,0,0,0,0,74.6,46.7,0,0.0,0
1021.0,24,6,0,1,0,24,100.0,97.0,0,0,0,0,74.5,46.7,0,0.0,0
1022.0,24,6,0,1,0,24,100.0,97.0,0,0,0,0,74.5,46.6,0,0.0,0
1023.0,24,6,0,1,0,24,100.0,97.1,0,0,0,0,74.5,46.6,0,0.0,0
1024.0,24,6,0,1,0,24,100.0,97.1,0,0,0,0,74.4,46.5,0,0.0,0
1025.0,24,6,0,1,0,24,100.0,97.1,0,0,0,0,74.4,46.5,0,0.0,0
1026.0,24,6,0,1,0,24,100.0,97.2,0,0,0,0,74.3,46.4,0,0.0,0
1027.0,24,6,0,1,0,24,100.0,97.2,0,0,0,0,74.3,46.4,0,0.0,0
1028.0,24,6,0,1,0,24,100.0,97.3,0,0,0,0,74.3,46.3,0,0.0,0
1029.0,24,6,0,1,0,24,100.0,97.3,0,0,0,0,74.2,46.3,0,0.0,0
1030.0,24,6,0,1,0,24,100.0,97.3,0,0,0,0,74.2,46.2,0,0.0,0
1031.0,24,6,0,1,0,24,100.0,97.4,0,0,0,0,74.1,46.2,0,0.0,0
1032.0,24,6,0,1,0,24,100.0,97.4,0,0,0,0,74.1,46.1,0,0.0,0
1033.0,24,6,0,1,0,24,100.0,97.4,0,0,0,0,74.1,46.0,0,0.0,0
1034.0,24,6,0,1,0,24,100.0,97.5,0,0,0,0,74.0,46.0,0,0.0,0
1035.0,24,6,0,1,0,24,99.3,97.5,1,0,0,0,74.0,45.9,0,0.0,0
1036.0,24,6,0,1,0,24,99.3,97.5,1,0,0,0,74.0,45.9,0,0.0,0
1037.0,24,6,0,1,0,24,99.3,97.6,1,0,0,0,73.9,45.8,0,0.0,0
1038.0,24,6,0,1,0,24,99.3,97.6,1,0,0,0,73.9,45.8,0,0.0,0
1039.0,24,6,0,1,0,24,99.3,97.6,1,0,0,0,73.8,45.7,0,0.0,0
1040.0,24,6,0,1,0,24,99.3,97.6,1,0,0,0,73.8,45.7,0,0.0,0
1041.0,24,6,0,1,0,24,99.3,97.6,1,0,0,0,73.8,45.6,0,0.0,0
1042.0,24,6,0,1,0,24,98.6,97.7,2,0,0,0,73.7,45.6,0,0.0,0
1043.0,24,6,0,1,0,24,98.6,97.7,2,0,0,0,73.7,45.5,0,0.0,0
1044.0,24,6,0,1,0,24,98.6,97.7,2,0,0,0,73.6,45.5,0,0.0,0
1045.0,24,6,0,1,0,24,98.6,97.7,2,0,0,0,73.6,45.4,0,0.0,0
1046.0,24,6,0,1,0,24,98.6,97.7,2,0,0,0,73.6,45.4,0,0.0,0
1047.0,24,6,0,1,0,24,98.6,97.7,2,0,0,0,73.5,45.3,0,0.0,0
1048.0,24,6,0,1,0,24,99.3,97.8,1,0,0,0,73.5,45.3,0,0.0,0
1049.0,24,6,0,1,0,24,100.0,97.8,0,0,0,0,73.4,45.2,0,0.0,0
1050.0,24,6,0,1,0,24,100.0,97.8,0,0,0,0,73.4,45.1,0,0.0,0
1051.0,24,6,0,1,0,24,100.0,97.8,0,0,0,0,73.4,45.1,0,0.0,0
1052.0,24,6,0,1,0,24,100.0,97.8,0,0,0,0,73.3,45.0,0,0.0,0
1053.0,24,6,0,1,0,24,100.0,97.9,0,0,0,0,73.3,45.0,0,0.0,0
1054.0,24,6,0,1,0,24,100.0,97.9,0,0,0,0,73.2,44.9,0,0.0,0
1055.0,24,6,0,1,0,24,99.3,97.9,1,0,0,0,73.2,44.9,0,0.0,0
1056.0,24,6,0,1,0,24,99.3,97.9,1,0,0,0,73.2,44.8,0,0.0,0
1057.0,24,6,0,1,0,24,99.3,97.9,1,0,0,0,73.1,44.8,0,0.0,0
1058.0,24,6,0,1,0,24,99.3,97.9,1,0,0,0,73.1,44.7,0,0.0,0
1059.0,24,6,0,1,0,24,99.3,98.0,1,0,0,0,73.1,44.7,0,0.0,0
1060.0,24,6,0,1,0,24,100.0,98.0,0,0,0,0,73.0,44.6,0,0.0,0
1061.0,24,6,0,1,0,24,100.0,98.0,0,0,0,0,73.0,44.6,0,0.0,0
1062.0,24,6,0,1,0,24,100.0,98.0,0,0,0,0,72.9,44.5,0,0.0,0
1063.0,24,6,0,1,0,24,99.3,98.0,1,0,0,0,72.9,44.5,0,0.0,0
1064.0,24,6,0,1,0,24,99.3,98.0,1,0,0,0,72.9,44.4,0,0.0,0
1065.0,24,6,0,1,0,24,99.3,98.0,1,0,0,0,72.8,44.4,0,0.0,0
1066.0,24,6,0,1,0,24,99.3,98.1,1,0,0,0,72.8,44.3,0,0.0,0
1067.0,24,6,0,1,0,24,99.3,98.1,1,0,0,0,72.7,44.2,0,0.0,0
1068.0,24,6,0,1,0,24,100.0,98.1,0,0,0,0,72.7,44.2,0,0.0,0
1069.0,24,6,0,1,0,24,100.0,98.1,0,0,0,0,72.7,44.1,0,0.0,0
1070.0,24,6,0,1,0,24,100.0,98.1,0,0,0,0,72.6,44.1,0,0.0,0
1071.0,24,6,0,1,0,24,100.0,98.1,0,0,0,0,72.6,44.0,0,0.0,0
1072.0,24,6,0,1,0,24,100.0,98.1,0,0,0,0,72.6,44.0,0,0.0,0
1073.0,24,6,0,1,0,24,100.0,98.1,0,0,0,0,72.5,43.9,0,0.0,0
1074.0,24,6,0,1,0,24,100.0,98.2,0,0,0,0,72.5,43.9,0,0.0,0
1075.0,24,6,0,1,0,24,99.3,98.2,1,0,0,0,72.4,43.8,0,0.0,0
1076.0,24,6,0,1,0,24,99.3,98.2,1,0,0,0,72.4,43.8,0,0.0,0
1077.0,24,6,0,1,0,24,99.3,98.2,1,0,0,0,72.4,43.7,0,0.0,0
1078.0,24,6,0,1,0,24,99.3,98.2,1,0,0,0,72.3,43.7,0,0.0,0
1079.0,24,6,0,1,0,24,100.0,98.2,0,0,0,0,72.3,43.6,0,0.0,0
1080.0,24,6,0,1,0,24,100.0,98.2,0,0,0,0,72.2,43.6,0,0.0,0
1081.0,24,6,0,1,0,24,100.0,98.2,0,0,0,0,72.2,43.5,0,0.0,0
1082.0,24,6,0,1,0,24,100.0,98.2,0,0,0,0,72.2,43.5,0,0.0,0
1083.0,24,6,0,1,0,24,100.0,98.3,0,0,0,0,72.1,43.4,0,0.0,0
1084.0,24,6,0,1,0,24,100.0,98.3,0,0,0,0,72.1,43.3,0,0.0,0
1085.0,24,6,0,1,0,24,100.0,98.3,0,0,0,0,72.1,43.3,0,0.0,0
1086.0,24,6,0,1,0,24,100.0,98.3,0,0,0,0,72.0,43.2,0,0.0,0
1087.0,24,6,0,1,0,24,99.3,98.3,1,0,0,0,72.0,43.2,0,0.0,0
1088.0,24,6,0,1,0,24,99.3,98.3,1,0,0,0,71.9,43.1,0,0.0,0
1089.0,24,6,0,1,0,24,99.3,98.3,1,0,0,0,71.9,43.1,0,0.0,0
1090.0,24,6,0,1,0,24,99.3,98.4,1,0,0,0,71.9,43.0,0,0.0,0
1091.0,24,6,0,1,0,24,99.3,98.4,1,0,0,0,71.8,43.0,0,0.0,0
1092.0,24,6,0,1,0,24,99.3,98.4,1,0,0,0,71.8,42.9,0,0.0,0
1093.0,24,6,0,1,0,24,99.3,98.4,1,0,0,0,71.7,42.9,0,0.0,0
1094.0,24,6,0,1,0,24,99.3,98.4,1,0,0,0,71.7,42.8,0,0.0,0
1095.0,24,6,0,1,0,24,99.3,98.4,1,0,0,0,71.7,42.8,0,0.0,0
1096.0,24,6,0,1,0,24,99.3,98.4,1,0,0,0,71.6,42.7,0,0.0,0
1097.0,24,6,0,1,0,24,99.3,98.4,1,0,0,0,71.6,42.7,0,0.0,0
1098.0,24,6,0,1,0,24,98.6,98.5,2,0,0,0,71.5,42.6,0,0.0,0
1099.0,24,6,0,1,0,24,98.6,98.5,2,0,0,0,71.5,42.6,0,0.0,0
1100.0,24,6,0,1,0,24,98.6,98.5,2,0,0,0,71.5,42.5,0,0.0,0
1101.0,24,6,0,1,0,24,98.6,98.5,2,0,0,0,71.4,42.4,0,0.0,0
1102.0,24,6,0,1,0,24,98.6,98.5,2,0,0,0,71.4,42.4,0,0.0,0
1103.0,24,6,0,1,0,24,97.9,98.5,3,0,0,0,71.4,42.4,0,0.0,0
1104.0,24,6,0,1,0,24,97.9,98.5,3,0,0,0,71.3,42.3,0,0.0,0
1105.0,24,6,0,1,0,24,97.9,98.5,3,0,0,0,71.3,42.3,0,0.0,0
1106.0,24,6,0,1,0,24,97.9,98.5,3,0,0,0,71.2,42.2,0,0.0,0
1107.0,24,6,0,1,0,24,97.9,98.5,3,0,0,0,71.2,42.1,0,0.0,0
1108.0,24,6,0,1,0,24,97.2,98.5,4,0,0,0,71.2,42.1,0,0.0,0
1109.0,24,6,0,1,0,24,96.5,98.5,5,0,0,0,71.1,42.0,0,0.0,0
1110.0,24,6,0,1,0,24,96.5,98.5,5,0,0,0,71.1,42.0,0,0.0,0
1111.0,25,5,0,1,0,25,97.2,98.5,4,0,0,0,71.0,41.9,0,0.0,0
1112.0,25,5,0,1,0,25,97.9,98.5,3,0,0,0,71.0,41.9,0,0.0,0
1113.0,25,5,0,1,0,25,98.6,98.5,2,0,0,0,71.0,41.8,0,0.0,0
1114.0,25,5,0,1,0,25,98.6,98.6,2,0,0,0,70.9,41.8,0,0.0,0
1115.0,25,5,0,1,0,25,98.6,98.6,2,0,0,0,70.9,41.7,0,0.0,0
1116.0,26,4,0,1,0,26,98.6,98.6,2,0,0,0,70.8,41.7,0,0.0,0
1117.0,26,4,0,1,0,26,98.6,98.6,2,0,0,0,70.8,41.6,0,0.0,0
1118.0,26,4,0,1,0,26,97.9,98.6,3,0,0,0,70.8,41.6,0,0.0,0
1119.0,26,4,0,1,0,26,98.6,98.6,2,0,0,0,70.7,41.5,0,0.0,0
1120.0,26,4,0,1,0,26,98.6,98.6,2,0,0,0,70.7,41.5,0,0.0,0
1121.0,26,4,0,1,0,26,98.6,98.6,2,0,0,0,70.6,41.4,0,0.0,0
1122.0,26,4,0,1,0,26,99.3,98.6,1,0,0,0,70.6,41.4,0,0.0,0
1123.0,26,4,0,1,0,26,99.3,98.6,1,0,0,0,70.6,41.3,0,0.0,0
1124.0,27,3,0,1,0,27,100.0,98.6,0,0,0,0,70.5,41.2,0,0.0,0
1125.0,27,3,0,1,0,27,100.0,98.6,0,0,0,0,70.5,41.2,0,0.0,0
1126.0,27,3,0,1,0,27,100.0,98.6,0,0,0,0,70.4,41.1,0,0.0,0
1127.0,27,3,0,1,0,27,100.0,98.7,0,0,0,0,70.4,41.1,0,0.0,0
1128.0,27,3,0,1,0,27,100.0,98.7,0,0,0,0,70.3,41.0,0,0.0,0
1129.0,27,3,0,1,0,27,100.0,98.7,0,0,0,0,70.3,41.0,0,0.0,0
1130.0,27,3,0,1,0,27,100.0,98.7,0,0,0,0,70.3,41.0,0,0.0,0
1131.0,27,3,0,1,0,27,100.0,98.7,0,0,0,0,70.2,40.9,0,0.0,0
1132.0,27,3,0,1,0,27,100.0,98.7,0,0,0,0,70.2,40.9,0,0.0,0
1133.0,27,3,0,1,0,27,100.0,98.7,0,0,0,0,70.1,40.8,0,0.0,0
1134.0,27,3,0,1,0,27,100.0,98.7,0,0,0,0,70.1,40.8,0,0.0,0
1135.0,27,3,0,1,0,27,100.0,98.8,0,0,0,0,70.0,40.7,0,0.0,0
1136.0,27,3,0,1,0,27,99.3,98.8,1,0,0,0,70.0,40.7,0,0.0,0
1137.0,27,3,0,1,0,27,99.3,98.8,1,0,0,0,69.9,40.6,0,0.0,0
1138.0,27,3,0,1,0,27,99.3,98.8,1,0,0,0,69.9,40.6,0,0.0,0
1139.0,27,3,0,1,0,27,99.3,98.8,1,0,0,0,69.9,40.5,0,0.0,0
1140.0,27,3,0,1,0,27,99.3,98.8,1,0,0,0,69.8,40.5,0,0.0,0
1141.0,27,3,0,1,0,27,99.3,98.8,1,0,0,0,69.8,40.4,0,0.0,0
1142.0,27,3,0,1,0,27,98.6,98.8,2,0,0,0,69.7,40.4,0,0.0,0
1143.0,27,3,0,1,0,27,98.6,98.9,2,0,0,0,69.7,40.3,0,0.0,0
1144.0,27,3,0,1,0,27,98.6,98.9,2,0,0,0,69.6,40.3,0,0.0,0
1145.0,27,3,0,1,0,27,98.6,98.9,2,0,0,0,69.6,40.2,0,0.0,0
1146.0,27,3,0,1,0,27,98.6,98.9,2,0,0,0,69.6,40.2,0,0.0,0
1147.0,27,3,0,1,0,27,98.6,98.9,2,0,0,0,69.5,40.1,0,0.0,0
1148.0,27,3,0,1,0,27,98.6,98.9,2,0,0,0,69.5,40.0,0,0.0,0
1149.0,27,3,0,1,0,27,99.3,98.9,1,0,0,0,69.4,40.0,0,0.0,0
1150.0,27,3,0,1,0,27,99.3,98.9,1,0,0,0,69.4,39.9,0,0.0,0
1151.0,27,3,0,1,0,27,99.3,98.9,1,0,0,0,69.3,39.9,0,0.0,0
1152.0,27,3,0,1,0,27,99.3,98.9,1,0,0,0,69.3,39.8,0,0.0,0
1153.0,27,3,0,1,0,27,99.3,98.9,1,0,0,0,69.2,39.8,0,0.0,0
1154.0,27,3,0,1,0,27,99.3,98.9,1,0,0,0,69.2,39.7,0,0.0,0
1155.0,27,3,0,1,0,27,99.3,98.9,1,0,0,0,69.2,39.7,0,0.0,0
1156.0,27,3,0,1,0,27,100.0,99.0,0,0,0,0,69.1,39.6,0,0.0,0
1157.0,27,3,0,1,0,27,100.0,99.0,0,0,0,0,69.1,39.6,0,0.0,0
1158.0,27,3,0,1,0,27,100.0,99.0,0,0,0,0,69.0,39.5,0,0.0,0
1159.0,27,3,0,1,0,27,100.0,99.0,0,0,0,0,69.0,39.5,0,0.0,0
1160.0,27,3,0,1,0,27,100.0,99.0,0,0,0,0,68.9,39.4,0,0.0,0
1161.0,27,3,0,1,0,27,100.0,99.0,0,0,0,0,68.9,39.4,0,0.0,0
1162.0,27,3,0,1,0,27,100.0,99.0,0,0,0,0,68.9,39.3,0,0.0,0
1163.0,27,3,0,1,0,27,100.0,99.0,0,0,0,0,68.8,39.3,0,0.0,0
1164.0,27,3,0,1,0,27,100.0,99.0,0,0,0,0,68.8,39.2,0,0.0,0
1165.0,27,3,0,1,0,27,100.0,99.1,0,0,0,0,68.7,39.1,0,0.0,0
1166.0,27,3,0,1,0,27,100.0,99.1,0,0,0,0,68.7,39.1,0,0.0,0
1167.0,27,3,0,1,0,27,100.0,99.1,0,0,0,0,68.6,39.0,0,0.0,0
1168.0,27,3,0,1,0,27,100.0,99.1,0,0,0,0,68.6,39.0,0,0.0,0
1169.0,27,3,0,1,0,27,100.0,99.1,0,0,0,0,68.5,38.9,0,0.0,0
1170.0,27,3,0,1,0,27,100.0,99.1,0,0,0,0,68.5,38.9,0,0.0,0
1171.0,27,3,0,1,0,27,100.0,99.1,0,0,0,0,68.5,38.8,0,0.0,0
1172.0,27,3,0,1,0,27,100.0,99.1,0,0,0,0,68.4,38.8,0,0.0,0
1173.0,27,3,0,1,0,27,100.0,99.1,0,0,0,0,68.4,38.7,0,0.0,0
1174.0,27,3,0,1,0,27,100.0,99.2,0,0,0,0,68.3,38.7,0,0.0,0
1175.0,27,3,0,1,0,27,100.0,99.2,0,0,0,0,68.3,38.6,0,0.0,0
1176.0,27,3,0,1,0,27,100.0,99.2,0,0,0,0,68.2,38.6,0,0.0,0
1177.0,27,3,0,1,0,27,100.0,99.2,0,0,0,0,68.2,38.5,0,0.0,0
1178.0,27,3,0,1,0,27,100.0,99.2,0,0,0,0,68.1,38.5,0,0.0,0
1179.0,27,3,0,1,0,27,99.3,99.2,1,0,0,0,68.1,38.4,0,0.0,0
1180.0,27,3,0,1,0,27,98.6,99.2,2,0,0,0,68.1,38.4,0,0.0,0
1181.0,27,3,0,1,0,27,98.6,99.2,2,0,0,0,68.0,38.3,0,0.0,0
1182.0,27,3,0,1,0,27,98.6,99.2,2,0,0,0,68.0,38.2,0,0.0,0
1183.0,27,3,0,1,0,27,99.3,99.2,1,0,0,0,67.9,38.2,0,0.0,0
1184.0,27,3,0,1,0,27,99.3,99.2,1,0,0,0,67.9,38.1,0,0.0,0
1185.0,27,3,0,1,0,27,99.3,99.2,1,0,0,0,67.8,38.1,0,0.0,0
1186.0,27,3,0,1,0,27,99.3,99.3,1,0,0,0,67.8,38.0,0,0.0,0
1187.0,27,3,0,1,0,27,98.6,99.3,2,0,0,0,67.8,38.0,0,0.0,0
1188.0,27,3,0,1,0,27,99.3,99.3,1,0,0,0,67.7,37.9,0,0.0,0
1189.0,27,3,0,1,0,27,99.3,99.3,1,0,0,0,67.7,37.9,0,0.0,0
1190.0,27,3,0,1,0,27,99.3,99.3,1,0,0,0,67.6,37.8,0,0.0,0
1191.0,27,3,0,1,0,27,98.6,99.3,2,0,0,0,67.6,37.8,0,0.0,0
1192.0,27,3,0,1,0,27,98.6,99.3,2,0,0,0,67.5,37.7,0,0.0,0
1193.0,27,3,0,1,0,27,98.6,99.3,2,0,0,0,67.5,37.7,0,0.0,0
1194.0,27,3,0,1,0,27,99.3,99.3,1,0,0,0,67.4,37.6,0,0.0,0
1195.0,27,3,0,1,0,27,100.0,99.3,0,0,0,0,67.4,37.6,0,0.0,0
1196.0,27,3,0,1,0,27,100.0,99.3,0,0,0,0,67.4,37.5,0,0.0,0
1197.0,27,3,0,1,0,27,100.0,99.3,0,0,0,0,67.3,37.5,0,0.0,0
1198.0,27,3,0,1,0,27,100.0,99.3,0,0,0,0,67.3,37.4,0,0.0,0
1199.0,27,3,0,1,0,27,99.3,99.3,1,0,0,0,67.2,37.4,0,0.0,0
1200.0,27,3,0,1,0,27,99.3,99.3,1,0,0,0,67.2,37.3,0,0.0,0
1201.0,27,3,0,1,0,27,99.3,99.3,1,0,0,0,67.1,37.3,0,0.0,0
1202.0,27,3,0,1,0,27,99.3,99.3,1,0,0,0,67.1,37.2,0,0.0,0
1203.0,27,3,0,1,0,27,100.0,99.3,0,0,0,0,67.1,37.2,0,0.0,0
1204.0,27,3,0,1,0,27,100.0,99.3,0,0,0,0,67.0,37.1,0,0.0,0
1205.0,28,2,0,1,0,28,100.0,99.3,0,0,0,0,67.0,37.1,0,0.0,0
1206.0,28,2,0,1,0,28,100.0,99.3,0,0,0,0,66.9,37.0,0,0.0,0
1207.0,28,2,0,1,0,28,100.0,99.3,0,0,0,0,66.9,36.9,0,0.0,0
1208.0,28,2,0,1,0,28,99.3,99.3,1,0,0,0,66.8,36.9,0,0.0,0
1209.0,28,2,0,1,0,28,99.3,99.4,1,0,0,0,66.8,36.8,0,0.0,0
1210.0,28,2,0,1,0,28,99.3,99.4,1,0,0,0,66.7,36.8,0,0.0,0
1211.0,28,2,0,1,0,28,99.3,99.4,1,0,0,0,66.7,36.7,0,0.0,0
1212.0,28,2,0,1,0,28,99.3,99.4,1,0,0,0,66.6,36.7,0,0.0,0
1213.0,28,2,0,1,0,28,100.0,99.4,0,0,0,0,66.6,36.6,0,0.0,0
1214.0,28,2,0,1,0,28,100.0,99.4,0,0,0,0,66.5,36.6,0,0.0,0
1215.0,28,2,0,1,0,28,100.0,99.4,0,0,0,0,66.5,36.5,0,0.0,0
1216.0,28,2,0,1,0,28,100.0,99.4,0,0,0,0,66.5,36.5,0,0.0,0
1217.0,28,2,0,1,0,28,100.0,99.4,0,0,0,0,66.4,36.4,0,0.0,0
1218.0,28,2,0,1,0,28,100.0,99.4,0,0,0,0,66.4,36.4,0,0.0,0
1219.0,28,2,0,1,0,28,100.0,99.4,0,0,0,0,66.3,36.3,0,0.0,0
1220.0,28,2,0,1,0,28,99.3,99.4,1,0,0,0,66.3,36.3,0,0.0,0
1221.0,28,2,0,1,0,28,99.3,99.4,1,0,0,0,66.2,36.2,0,0.0,0
1222.0,28,2,0,1,0,28,99.3,99.4,1,0,0,0,66.2,36.2,0,0.0,0
1223.0,28,2,0,1,0,28,99.3,99.4,1,0,0,0,66.1,36.1,0,0.0,0
1224.0,28,2,0,1,0,28,99.3,99.4,1,0,0,0,66.1,36.1,0,0.0,0
1225.0,28,2,0,1,0,28,100.0,99.4,0,0,0,0,66.0,36.0,0,0.0,0
1226.0,28,2,0,1,0,28,100.0,99.4,0,0,0,0,66.0,36.0,0,0.0,0
1227.0,28,2,0,1,0,28,100.0,99.4,0,0,0,0,66.0,35.9,0,0.0,0
1228.0,28,2,0,1,0,28,100.0,99.4,0,0,0,0,65.9,35.9,0,0.0,0
1229.0,28,2,0,1,0,28,100.0,99.4,0,0,0,0,65.9,35.8,0,0.0,0
1230.0,28,2,0,1,0,28,100.0,99.4,0,0,0,0,65.8,35.7,0,0.0,0
1231.0,28,2,0,1,0,28,100.0,99.4,0,0,0,0,65.8,35.7,0,0.0,0
1232.0,28,2,0,1,0,28,100.0,99.4,0,0,0,0,65.7,35.6,0,0.0,0
1233.0,28,2,0,1,0,28,100.0,99.4,0,0,0,0,65.7,35.6,0,0.0,0
1234.0,28,2,0,1,0,28,100.0,99.4,0,0,0,0,65.6,35.5,0,0.0,0
1235.0,28,2,0,1,0,28,100.0,99.4,0,0,0,0,65.6,35.5,0,0.0,0
1236.0,28,2,0,1,0,28,99.3,99.4,1,0,0,0,65.5,35.4,0,0.0,0
1237.0,28,2,0,1,0,28,99.3,99.4,1,0,0,0,65.5,35.4,0,0.0,0
1238.0,28,2,0,1,0,28,99.3,99.4,1,0,0,0,65.5,35.3,0,0.0,0
1239.0,28,2,0,1,0,28,99.3,99.4,1,0,0,0,65.4,35.3,0,0.0,0
1240.0,28,2,0,1,0,28,99.3,99.4,1,0,0,0,65.4,35.2,0,0.0,0
1241.0,28,2,0,1,0,28,99.3,99.4,1,0,0,0,65.3,35.2,0,0.0,0
1242.0,28,2,0,1,0,28,99.3,99.4,1,0,0,0,65.3,35.1,0,0.0,0
1243.0,28,2,0,1,0,28,97.2,99.4,4,0,0,0,65.2,35.1,0,0.0,0
1244.0,28,2,0,1,0,28,97.2,99.4,4,0,0,0,65.2,35.0,0,0.0,0
1245.0,28,2,0,1,0,28,96.5,99.4,5,0,0,0,65.1,35.0,0,0.0,0
1246.0,28,2,0,1,0,28,97.2,99.4,4,0,0,0,65.1,34.9,0,0.0,0
1247.0,28,2,0,1,0,28,97.9,99.4,3,0,0,0,65.0,34.8,0,0.0,0
1248.0,28,2,0,1,0,28,97.9,99.4,3,0,0,0,65.0,34.8,0,0.0,0
1249.0,28,2,0,1,0,28,97.9,99.4,3,0,0,0,65.0,34.7,0,0.0,0
1250.0,28,2,0,1,0,28,97.2,99.4,4,0,0,0,64.9,34.7,0,0.0,0
1251.0,28,2,0,1,0,28,97.2,99.4,4,0,0,0,64.9,34.7,0,0.0,0
1252.0,28,2,0,1,0,28,96.5,99.4,5,0,0,0,64.8,34.6,0,0.0,0
1253.0,28,2,0,1,0,28,95.8,99.3,6,0,0,0,64.8,34.5,0,0.0,0
1254.0,28,2,0,1,0,28,96.5,99.3,5,0,0,0,64.7,34.5,0,0.0,0
1255.0,28,2,0,1,0,28,97.2,99.3,4,0,0,0,64.7,34.4,0,0.0,0
1256.0,28,2,0,1,0,28,96.5,99.3,5,0,0,0,64.6,34.4,0,0.0,0
1257.0,28,2,0,1,0,28,98.6,99.3,2,0,0,0,64.6,34.3,0,0.0,0
1258.0,28,2,0,1,0,28,98.6,99.3,2,0,0,0,64.6,34.3,0,0.0,0
1259.0,28,2,0,1,0,28,98.6,99.3,2,0,0,0,64.5,34.2,0,0.0,0
1260.0,28,2,0,1,0,28,99.3,99.3,1,0,0,0,64.5,34.2,0,0.0,0
1261.0,28,2,0,1,0,28,99.3,99.3,1,0,0,0,64.4,34.1,0,0.0,0
1262.0,28,2,0,1,0,28,99.3,99.3,1,0,0,0,64.4,34.1,0,0.0,0
1263.0,28,2,0,1,0,28,99.3,99.3,1,0,0,0,64.3,34.0,0,0.0,0
1264.0,28,2,0,1,0,28,100.0,99.3,0,0,0,0,64.3,34.0,0,0.0,0
1265.0,28,2,0,1,0,28,100.0,99.3,0,0,0,0,64.2,34.0,0,0.0,0
1266.0,28,2,0,1,0,28,100.0,99.3,0,0,0,0,64.2,33.9,0,0.0,0
1267.0,28,2,0,1,0,28,100.0,99.3,0,0,0,0,64.2,33.9,0,0.0,0
1268.0,28,2,0,1,0,28,100.0,99.3,0,0,0,0,64.1,33.8,0,0.0,0
1269.0,28,2,0,1,0,28,100.0,99.3,0,0,0,0,64.1,33.8,0,0.0,0
1270.0,28,2,0,1,0,28,100.0,99.3,0,0,0,0,64.0,33.7,0,0.0,0
1271.0,28,2,0,1,0,28,100.0,99.3,0,0,0,0,64.0,33.6,0,0.0,0
1272.0,28,2,0,1,0,28,100.0,99.3,0,0,0,0,63.9,33.6,0,0.0,0
1273.0,28,2,0,1,0,28,100.0,99.3,0,0,0,0,63.9,33.5,0,0.0,0
1274.0,28,2,0,1,0,28,100.0,99.3,0,0,0,0,63.8,33.5,0,0.0,0
1275.0,28,2,0,1,0,28,100.0,99.3,0,0,0,0,63.8,33.4,0,0.0,0
1276.0,28,2,0,1,0,28,100.0,99.3,0,0,0,0,63.8,33.4,0,0.0,0
1277.0,28,2,0,1,0,28,100.0,99.3,0,0,0,0,63.7,33.3,0,0.0,0
1278.0,28,2,0,1,0,28,100.0,99.3,0,0,0,0,63.7,33.3,0,0.0,0
1279.0,28,2,0,1,0,28,100.0,99.3,0,0,0,0,63.6,33.2,0,0.0,0
1280.0,28,2,0,1,0,28,99.3,99.3,1,0,0,0,63.6,33.2,0,0.0,0
1281.0,28,2,0,1,0,28,99.3,99.3,1,0,0,0,63.5,33.1,0,0.0,0
1282.0,28,2,0,1,0,28,99.3,99.3,1,0,0,0,63.5,33.1,0,0.0,0
1283.0,28,2,0,1,0,28,99.3,99.3,1,0,0,0,63.4,33.0,0,0.0,0
1284.0,28,2,0,1,0,28,99.3,99.3,1,0,0,0,63.4,33.0,0,0.0,0
1285.0,28,2,0,1,0,28,99.3,99.3,1,0,0,0,63.3,32.9,0,0.0,0
1286.0,28,2,0,1,0,28,98.6,99.3,2,0,0,0,63.3,32.9,0,0.0,0
1287.0,28,2,0,1,0,28,98.6,99.3,2,0,0,0,63.3,32.8,0,0.0,0
1288.0,28,2,0,1,0,28,98.6,99.3,2,0,0,0,63.2,32.7,0,0.0,0
1289.0,28,2,0,1,0,28,98.6,99.3,2,0,0,0,63.2,32.7,0,0.0,0
1290.0,28,2,0,1,0,28,98.6,99.3,2,0,0,0,63.1,32.6,0,0.0,0
1291.0,28,2,0,1,0,28,98.6,99.3,2,0,0,0,63.1,32.6,0,0.0,0
1292.0,28,2,0,1,0,28,98.6,99.3,2,0,0,0,63.0,32.5,0,0.0,0
1293.0,28,2,0,1,0,28,99.3,99.3,1,0,0,0,63.0,32.5,0,0.0,0
1294.0,28,2,0,1,0,28,99.3,99.3,1,0,0,0,62.9,32.4,0,0.0,0
1295.0,28,2,0,1,0,28,99.3,99.3,1,0,0,0,62.9,32.4,0,0.0,0
1296.0,28,2,0,1,0,28,99.3,99.3,1,0,0,0,62.8,32.3,0,0.0,0
1297.0,28,2,0,1,0,28,99.3,99.3,1,0,0,0,62.8,32.3,0,0.0,0
1298.0,28,2,0,1,0,28,99.3,99.3,1,0,0,0,62.8,32.2,0,0.0,0
1299.0,28,2,0,1,0,28,99.3,99.3,1,0,0,0,62.7,32.2,0,0.0,0
1300.0,28,2,0,1,0,28,100.0,99.3,0,0,0,0,62.7,32.1,0,0.0,0
1301.0,28,2,0,1,0,28,100.0,99.3,0,0,0,0,62.6,32.1,0,0.0,0
1302.0,28,2,0,1,0,28,100.0,99.3,0,0,0,0,62.6,32.0,0,0.0,0
1303.0,28,2,0,1,0,28,100.0,99.3,0,0,0,0,62.5,32.0,0,0.0,0
1304.0,28,2,0,1,0,28,100.0,99.3,0,0,0,0,62.5,31.9,0,0.0,0
1305.0,28,2,0,1,0,28,100.0,99.3,0,0,0,0,62.4,31.8,0,0.0,0
1306.0,28,2,0,1,0,28,100.0,99.3,0,0,0,0,62.4,31.8,0,0.0,0
1307.0,28,2,0,1,0,28,100.0,99.3,0,0,0,0,62.3,31.7,0,0.0,0
1308.0,28,2,0,1,0,28,100.0,99.3,0,0,0,0,62.3,31.7,0,0.0,0
1309.0,28,2,0,1,0,28,100.0,99.3,0,0,0,0,62.3,31.6,0,0.0,0
1310.0,28,2,0,1,0,28,100.0,99.3,0,0,0,0,62.2,31.6,0,0.0,0
1311.0,28,2,0,1,0,28,100.0,99.3,0,0,0,0,62.2,31.5,0,0.0,0
1312.0,28,2,0,1,0,28,99.3,99.3,1,0,0,0,62.1,31.5,0,0.0,0
1313.0,28,2,0,1,0,28,99.3,99.3,1,0,0,0,62.1,31.4,0,0.0,0
1314.0,28,2,0,1,0,28,99.3,99.3,1,0,0,0,62.0,31.4,0,0.0,0
1315.0,28,2,0,1,0,28,99.3,99.3,1,0,0,0,62.0,31.3,0,0.0,0
1316.0,28,2,0,1,0,28,99.3,99.3,1,0,0,0,61.9,31.3,0,0.0,0
1317.0,28,2,0,1,0,28,100.0,99.3,0,0,0,0,61.9,31.2,0,0.0,0
1318.0,28,2,0,1,0,28,100.0,99.3,0,0,0,0,61.8,31.2,0,0.0,0
1319.0,28,2,0,1,0,28,100.0,99.3,0,0,0,0,61.8,31.1,0,0.0,0
1320.0,28,2,0,1,0,28,100.0,99.3,0,0,0,0,61.7,31.1,0,0.0,0
1321.0,28,2,0,1,0,28,100.0,99.3,0,0,0,0,61.7,31.0,0,0.0,0
1322.0,28,2,0,1,0,28,100.0,99.3,0,0,0,0,61.7,30.9,0,0.0,0
1323.0,28,2,0,1,0,28,100.0,99.3,0,0,0,0,61.6,30.9,0,0.0,0
1324.0,28,2,0,1,0,28,99.3,99.3,1,0,0,0,61.6,30.8,0,0.0,0
1325.0,28,2,0,1,0,28,98.6,99.3,2,0,0,0,61.5,30.8,0,0.0,0
1326.0,28,2,0,1,0,28,98.6,99.3,2,0,0,0,61.5,30.7,0,0.0,0
1327.0,28,2,0,1,0,28,98.6,99.3,2,0,0,0,61.4,30.7,0,0.0,0
1328.0,28,2,0,1,0,28,98.6,99.3,2,0,0,0,61.4,30.6,0,0.0,0
1329.0,28,2,0,1,0,28,99.3,99.3,1,0,0,0,61.3,30.6,0,0.0,0
1330.0,28,2,0,1,0,28,99.3,99.3,1,0,0,0,61.3,30.5,0,0.0,0
1331.0,28,2,0,1,0,28,99.3,99.3,1,0,0,0,61.2,30.5,0,0.0,0
1332.0,29,1,0,1,0,29,97.9,99.3,3,0,0,0,61.2,30.4,0,0.0,0
1333.0,30,0,0,1,0,30,98.6,99.2,2,0,0,0,61.1,30.4,0,0.0,0
1334.0,30,0,0,1,0,30,98.6,99.2,2,0,0,0,61.1,30.3,0,0.0,0
1335.0,30,0,0,1,0,30,98.6,99.2,2,0,0,0,61.1,30.3,0,0.0,0
1336.0,30,0,0,1,0,30,98.6,99.2,2,0,0,0,61.0,30.2,0,0.0,0
1337.0,30,0,0,1,0,30,99.3,99.2,1,0,0,0,61.0,30.2,0,0.0,0
1338.0,30,0,0,1,0,30,99.3,99.2,1,0,0,0,60.9,30.1,0,0.0,0
1339.0,30,0,0,1,0,30,100.0,99.2,0,0,0,0,60.9,30.0,0,0.0,0
1340.0,30,0,0,1,0,30,100.0,99.3,0,0,0,0,60.8,30.0,0,0.0,0
1341.0,30,0,0,1,0,30,100.0,99.3,0,0,0,0,60.8,29.9,0,0.0,0
1342.0,30,0,0,1,0,30,100.0,99.3,0,0,0,0,60.7,29.9,0,0.0,0
1343.0,30,0,0,1,0,30,100.0,99.3,0,0,0,0,60.7,29.8,0,0.0,0
1344.0,30,0,0,1,0,30,99.3,99.3,1,0,0,0,60.6,29.8,0,0.0,0
1345.0,30,0,0,1,0,30,99.3,99.3,1,0,0,0,60.6,29.7,0,0.0,0
1346.0,30,0,0,1,0,30,99.3,99.3,1,0,0,0,60.5,29.7,0,0.0,0
1347.0,30,0,0,1,0,30,99.3,99.3,1,0,0,0,60.5,29.6,0,0.0,0
1348.0,30,0,0,1,0,30,100.0,99.3,0,0,0,0,60.4,29.6,0,0.0,0
1349.0,30,0,0,1,0,30,100.0,99.3,0,0,0,0,60.4,29.5,0,0.0,0
1350.0,30,0,0,1,0,30,100.0,99.3,0,0,0,0,60.3,29.5,0,0.0,0
1351.0,30,0,0,1,0,30,100.0,99.3,0,0,0,0,60.3,29.4,0,0.0,0
1352.0,30,0,0,1,0,30,100.0,99.4,0,0,0,0,60.2,29.4,0,0.0,0
1353.0,30,0,0,1,0,30,100.0,99.4,0,0,0,0,60.2,29.3,0,0.0,0
1354.0,30,0,0,1,0,30,100.0,99.4,0,0,0,0,60.1,29.3,0,0.0,0
1355.0,30,0,0,1,0,30,100.0,99.4,0,0,0,0,60.1,29.2,0,0.0,0
1356.0,30,0,0,1,0,30,99.3,99.4,1,0,0,0,60.0,29.1,0,0.0,0
1357.0,30,0,0,1,0,30,99.3,99.4,1,0,0,0,60.0,29.1,0,0.0,0
1358.0,30,0,0,1,0,30,99.3,99.4,1,0,0,0,59.9,29.0,0,0.0,0
1359.0,30,0,0,1,0,30,99.3,99.4,1,0,0,0,59.9,29.0,0,0.0,0
1360.0,30,0,0,1,0,30,100.0,99.4,0,0,0,0,59.8,28.9,0,0.0,0
1361.0,30,0,0,1,0,30,100.0,99.4,0,0,0,0,59.8,28.9,0,0.0,0
1362.0,30,0,0,1,0,30,100.0,99.4,0,0,0,0,59.7,28.8,0,0.0,0
1363.0,30,0,0,1,0,30,100.0,99.4,0,0,0,0,59.7,28.8,0,0.0,0
1364.0,30,0,0,1,0,30,100.0,99.4,0,0,0,0,59.6,28.7,0,0.0,0
1365.0,30,0,0,1,0,30,100.0,99.4,0,0,0,0,59.6,28.7,0,0.0,0
1366.0,30,0,0,1,0,30,100.0,99.4,0,0,0,0,59.5,28.6,0,0.0,0
1367.0,30,0,0,1,0,30,100.0,99.4,0,0,0,0,59.5,28.6,0,0.0,0
1368.0,30,0,0,1,0,30,100.0,99.4,0,0,0,0,59.4,28.5,0,0.0,0
1369.0,30,0,0,1,0,30,100.0,99.4,0,0,0,0,59.4,28.5,0,0.0,0
1370.0,30,0,0,1,0,30,100.0,99.4,0,0,0,0,59.3,28.4,0,0.0,0
1371.0,30,0,0,1,0,30,100.0,99.4,0,0,0,0,59.3,28.4,0,0.0,0
1372.0,30,0,0,1,0,30,100.0,99.4,0,0,0,0,59.2,28.3,0,0.0,0
1373.0,30,0,0,1,0,30,100.0,99.4,0,0,0,0,59.2,28.2,0,0.0,0
1374.0,30,0,0,1,0,30,100.0,99.4,0,0,0,0,59.1,28.2,0,0.0,0
1375.0,30,0,0,1,0,30,100.0,99.4,0,0,0,0,59.1,28.1,0,0.0,0
1376.0,30,0,0,1,0,30,100.0,99.4,0,0,0,0,59.0,28.1,0,0.0,0
1377.0,30,0,0,1,0,30,99.3,99.4,1,0,0,0,59.0,28.0,0,0.0,0
1378.0,30,0,0,1,0,30,98.6,99.4,2,0,0,0,58.9,28.0,0,0.0,0
1379.0,30,0,0,1,0,30,98.6,99.4,2,0,0,0,58.9,27.9,0,0.0,0
1380.0,30,0,0,1,0,30,99.3,99.4,1,0,0,0,58.9,27.9,0,0.0,0
1381.0,30,0,0,1,0,30,98.6,99.4,2,0,0,0,58.8,27.8,0,0.0,0
1382.0,30,0,0,1,0,30,99.3,99.4,1,0,0,0,58.8,27.8,0,0.0,0
1383.0,30,0,0,1,0,30,99.3,99.4,1,0,0,0,58.7,27.7,0,0.0,0
1384.0,30,0,0,1,0,30,99.3,99.4,1,0,0,0,58.7,27.7,0,0.0,0
1385.0,30,0,0,1,0,30,99.3,99.4,1,0,0,0,58.6,27.6,0,0.0,0
1386.0,30,0,0,1,0,30,99.3,99.4,1,0,0,0,58.6,27.6,0,0.0,0
1387.0,30,0,0,1,0,30,98.6,99.4,2,0,0,0,58.5,27.5,0,0.0,0
1388.0,30,0,0,1,0,30,97.9,99.4,3,0,0,0,58.5,27.5,0,0.0,0
1389.0,30,0,0,1,0,30,97.9,99.4,3,0,0,0,58.4,27.4,0,0.0,0
1390.0,30,0,0,1,0,30,97.9,99.4,3,0,0,0,58.4,27.4,0,0.0,0
1391.0,30,0,0,1,0,30,97.9,99.4,3,0,0,0,58.3,27.3,0,0.0,0
1392.0,30,0,0,1,0,30,97.9,99.4,3,0,0,0,58.3,27.2,0,0.0,0
1393.0,30,0,0,1,0,30,97.2,99.4,4,0,0,0,58.2,27.2,0,0.0,0
1394.0,30,0,0,1,0,30,96.5,99.4,5,0,0,0,58.2,27.1,0,0.0,0
1395.0,30,0,0,1,0,30,95.8,99.4,6,0,0,0,58.1,27.1,0,0.0,0
1396.0,30,0,0,1,0,30,95.8,99.3,6,0,0,0,58.1,27.0,0,0.0,0
1397.0,30,0,0,1,0,30,96.5,99.3,5,0,0,0,58.0,27.0,0,0.0,0
1398.0,30,0,0,1,0,30,97.2,99.3,4,0,0,0,58.0,26.9,0,0.0,0
1399.0,30,0,0,1,0,30,98.6,99.3,2,0,0,0,57.9,26.9,0,0.0,0
1400.0,30,0,0,1,0,30,98.6,99.3,2,0,0,0,57.9,26.8,0,0.0,0
1401.0,30,0,0,1,0,30,98.6,99.3,2,0,0,0,57.8,26.8,0,0.0,0
1402.0,30,0,0,1,0,30,99.3,99.3,1,0,0,0,57.8,26.7,0,0.0,0
1403.0,30,0,0,1,0,30,99.3,99.3,1,0,0,0,57.7,26.7,0,0.0,0
1404.0,30,0,0,1,0,30,99.3,99.3,1,0,0,0,57.7,26.6,0,0.0,0
1405.0,30,0,0,1,0,30,99.3,99.3,1,0,0,0,57.6,26.6,0,0.0,0
1406.0,30,0,0,1,0,30,99.3,99.3,1,0,0,0,57.6,26.5,0,0.0,0
1407.0,30,0,0,1,0,30,99.3,99.3,1,0,0,0,57.5,26.5,0,0.0,0
1408.0,30,0,0,1,0,30,99.3,99.3,1,0,0,0,57.5,26.4,0,0.0,0
1409.0,30,0,0,1,0,30,100.0,99.3,0,0,0,0,57.4,26.3,0,0.0,0
1410.0,30,0,0,1,0,30,100.0,99.3,0,0,0,0,57.4,26.3,0,0.0,0
1411.0,30,0,0,1,0,30,100.0,99.3,0,0,0,0,57.3,26.2,0,0.0,0
1412.0,30,0,0,1,0,30,100.0,99.3,0,0,0,0,57.3,26.2,0,0.0,0
1413.0,30,0,0,1,0,30,100.0,99.3,0,0,0,0,57.2,26.1,0,0.0,0
1414.0,30,0,0,1,0,30,100.0,99.3,0,0,0,0,57.2,26.1,0,0.0,0
1415.0,30,0,0,1,0,30,100.0,99.3,0,0,0,0,57.2,26.0,0,0.0,0
1416.0,30,0,0,1,0,30,100.0,99.3,0,0,0,0,57.1,26.0,0,0.0,0
1417.0,30,0,0,1,0,30,100.0,99.3,0,0,0,0,57.1,25.9,0,0.0,0
1418.0,30,0,0,1,0,30,100.0,99.3,0,0,0,0,57.0,25.9,0,0.0,0
1419.0,30,0,0,1,0,30,100.0,99.3,0,0,0,0,57.0,25.8,0,0.0,0
1420.0,30,0,0,1,0,30,100.0,99.3,0,0,0,0,56.9,25.8,0,0.0,0
1421.0,30,0,0,1,0,30,100.0,99.3,0,0,0,0,56.9,25.7,0,0.0,0
1422.0,30,0,0,1,0,30,100.0,99.3,0,0,0,0,56.8,25.7,0,0.0,0
1423.0,30,0,0,1,0,30,100.0,99.3,0,0,0,0,56.8,25.6,0,0.0,0
1424.0,30,0,0,1,0,30,99.3,99.3,1,0,0,0,56.7,25.6,0,0.0,0
1425.0,30,0,0,1,0,30,99.3,99.3,1,0,0,0,56.7,25.5,0,0.0,0
1426.0,30,0,0,1,0,30,99.3,99.3,1,0,0,0,56.6,25.4,0,0.0,0
1427.0,30,0,0,1,0,30,99.3,99.3,1,0,0,0,56.6,25.4,0,0.0,0
1428.0,30,0,0,1,0,30,99.3,99.3,1,0,0,0,56.5,25.3,0,0.0,0
1429.0,30,0,0,1,0,30,99.3,99.3,1,0,0,0,56.5,25.3,0,0.0,0
1430.0,30,0,0,1,0,30,98.6,99.3,2,0,0,0,56.4,25.2,0,0.0,0
1431.0,30,0,0,1,0,30,98.6,99.3,2,0,0,0,56.4,25.2,0,0.0,0
1432.0,30,0,0,1,0,30,98.6,99.3,2,0,0,0,56.3,25.1,0,0.0,0
1433.0,30,0,0,1,0,30,98.6,99.3,2,0,0,0,56.3,25.1,0,0.0,0
1434.0,30,0,0,1,0,30,98.6,99.3,2,0,0,0,56.2,25.0,0,0.0,0
1435.0,30,0,0,1,0,30,98.6,99.3,2,0,0,0,56.2,25.0,0,0.0,0
1436.0,30,0,0,1,0,30,98.6,99.3,2,0,0,0,56.1,24.9,0,0.0,0
1437.0,30,0,0,1,0,30,99.3,99.3,1,0,0,0,56.1,24.9,0,0.0,0
1438.0,30,0,0,1,0,30,99.3,99.3,1,0,0,0,56.0,24.8,0,0.0,0
1439.0,30,0,0,1,0,30,99.3,99.3,1,0,0,0,56.0,24.8,0,0.0,0
1440.0,30,0,0,1,0,30,99.3,99.3,1,0,0,0,55.9,24.7,0,0.0,0
1441.0,30,0,0,1,0,30,99.3,99.3,1,0,0,0,55.9,24.7,0,0.0,0
1442.0,30,0,0,1,0,30,99.3,99.3,1,0,0,0,55.8,24.6,0,0.0,0
1443.0,30,0,0,1,0,30,99.3,99.3,1,0,0,0,55.8,24.5,0,0.0,0
1444.0,30,0,0,1,0,30,100.0,99.3,0,0,0,0,55.7,24.5,0,0.0,0
1445.0,30,0,0,1,0,30,100.0,99.3,0,0,0,0,55.7,24.4,0,0.0,0
1446.0,30,0,0,1,0,30,100.0,99.3,0,0,0,0,55.6,24.4,0,0.0,0
1447.0,30,0,0,1,0,30,100.0,99.3,0,0,0,0,55.6,24.3,0,0.0,0
1448.0,30,0,0,1,0,30,99.3,99.3,1,0,0,0,55.5,24.3,0,0.0,0
1449.0,30,0,0,1,0,30,99.3,99.3,1,0,0,0,55.5,24.2,0,0.0,0
1450.0,30,0,0,1,0,30,99.3,99.3,1,0,0,0,55.4,24.2,0,0.0,0
1451.0,30,0,0,1,0,30,99.3,99.3,1,0,0,0,55.4,24.1,0,0.0,0
1452.0,30,0,0,1,0,30,100.0,99.3,0,0,0,0,55.3,24.1,0,0.0,0
1453.0,30,0,0,1,0,30,100.0,99.3,0,0,0,0,55.3,24.0,0,0.0,0
1454.0,30,0,0,1,0,30,100.0,99.3,0,0,0,0,55.2,24.0,0,0.0,0
1455.0,30,0,0,1,0,30,100.0,99.3,0,0,0,0,55.2,23.9,0,0.0,0
1456.0,30,0,0,1,0,30,100.0,99.3,0,0,0,0,55.1,23.9,0,0.0,0
1457.0,30,0,0,1,0,30,100.0,99.3,0,0,0,0,55.1,23.8,0,0.0,0
1458.0,30,0,0,1,0,30,100.0,99.3,0,0,0,0,55.0,23.8,0,0.0,0
1459.0,30,0,0,1,0,30,100.0,99.3,0,0,0,0,55.0,23.7,0,0.0,0
1460.0,30,0,0,1,0,30,99.3,99.3,1,0,0,0,54.9,23.6,0,0.0,0
1461.0,29,0,1,1,0,30,99.3,99.3,1,0,0,0,54.9,23.6,0,0.0,0
1462.0,26,0,4,1,0,30,99.3,99.3,1,0,0,0,54.9,23.6,0,0.0,0
1463.0,26,0,4,1,0,30,99.3,99.3,1,0,0,0,54.8,23.6,0,0.0,0
1464.0,26,0,4,1,0,30,100.0,99.3,0,0,0,0,54.8,23.6,0,0.0,0
1465.0,26,0,4,1,0,30,100.0,99.3,0,0,0,0,54.7,23.6,0,0.0,0
1466.0,26,0,4,1,0,30,100.0,99.3,0,0,0,0,54.7,23.6,0,0.0,0
1467.0,26,0,4,1,0,30,100.0,99.3,0,0,0,0,54.6,23.6,0,0.0,0
1468.0,26,0,4,1,0,30,99.3,99.3,1,0,0,0,54.6,23.6,0,0.0,0
1469.0,26,0,4,1,0,30,99.3,99.3,1,0,0,0,54.6,23.6,0,0.0,0
1470.0,26,0,4,1,0,30,98.6,99.3,2,0,0,0,54.5,23.6,0,0.0,0
1471.0,26,0,4,1,0,30,98.6,99.3,2,0,0,0,54.5,23.6,0,0.0,0
1472.0,26,0,4,1,0,30,99.3,99.3,1,0,0,0,54.4,23.6,0,0.0,0
1473.0,26,0,4,1,0,30,99.3,99.3,1,0,0,0,54.4,23.6,0,0.0,0
1474.0,26,0,4,1,0,30,99.3,99.3,1,0,0,0,54.4,23.6,0,0.0,0
1475.0,26,0,4,1,0,30,99.3,99.3,1,0,0,0,54.3,23.6,0,0.0,0
1476.0,26,0,4,1,0,30,99.3,99.3,1,0,0,0,54.3,23.6,0,0.0,0
1477.0,26,0,4,1,0,30,97.2,99.2,4,0,0,0,54.2,23.6,0,0.0,0
1478.0,26,0,4,1,0,30,97.9,99.2,3,0,0,0,54.2,23.6,0,0.0,0
1479.0,26,0,4,1,0,30,97.9,99.2,3,0,0,0,54.1,23.6,0,0.0,0
1480.0,26,0,4,1,0,30,98.6,99.2,2,0,0,0,54.1,23.6,0,0.0,0
1481.0,26,0,4,1,0,30,98.6,99.2,2,0,0,0,54.1,23.6,0,0.0,0
1482.0,26,0,4,1,0,30,99.3,99.2,1,0,0,0,54.0,23.6,0,0.0,0
1483.0,26,0,4,1,0,30,99.3,99.2,1,0,0,0,54.0,23.6,0,0.0,0
1484.0,26,0,4,1,0,30,100.0,99.2,0,0,0,0,53.9,23.6,0,0.0,0
1485.0,26,0,4,1,0,30,100.0,99.3,0,0,0,0,53.9,23.6,0,0.0,0
1486.0,26,0,4,1,0,30,100.0,99.3,0,0,0,0,53.8,23.6,0,0.0,0
1487.0,26,0,4,1,0,30,100.0,99.3,0,0,0,0,53.8,23.6,0,0.0,0
1488.0,26,0,4,1,0,30,100.0,99.3,0,0,0,0,53.8,23.6,0,0.0,0
1489.0,26,0,4,1,0,30,99.3,99.3,1,0,0,0,53.7,23.6,0,0.0,0
1490.0,26,0,4,1,0,30,99.3,99.3,1,0,0,0,53.7,23.6,0,0.0,0
1491.0,26,0,4,1,0,30,99.3,99.3,1,0,0,0,53.6,23.6,0,0.0,0
1492.0,26,0,4,1,0,30,99.3,99.3,1,0,0,0,53.6,23.6,0,0.0,0
1493.0,26,0,4,1,0,30,99.3,99.3,1,0,0,0,53.6,23.6,0,0.0,0
1494.0,26,0,4,1,0,30,100.0,99.4,0,0,0,0,53.5,23.6,0,0.0,0
1495.0,26,0,4,1,0,30,100.0,99.4,0,0,0,0,53.5,23.6,0,0.0,0
1496.0,26,0,4,1,0,30,100.0,99.4,0,0,0,0,53.4,23.6,0,0.0,0
1497.0,26,0,4,1,0,30,100.0,99.4,0,0,0,0,53.4,23.6,0,0.0,0
1498.0,26,0,4,1,0,30,100.0,99.4,0,0,0,0,53.3,23.6,0,0.0,0
1499.0,26,0,4,1,0,30,100.0,99.4,0,0,0,0,53.3,23.6,0,0.0,0
1500.0,26,0,4,1,0,30,100.0,99.4,0,0,0,0,53.3,23.6,0,0.0,0
1501.0,26,0,4,1,0,30,100.0,99.4,0,0,0,0,53.2,23.6,0,0.0,0
1502.0,26,0,4,1,0,30,100.0,99.4,0,0,0,0,53.2,23.6,0,0.0,0
1503.0,26,0,4,1,0,30,100.0,99.4,0,0,0,0,53.1,23.6,0,0.0,0
1504.0,26,0,4,1,0,30,100.0,99.4,0,0,0,0,53.1,23.6,0,0.0,0
1505.0,26,0,4,1,0,30,100.0,99.4,0,0,0,0,53.0,23.6,0,0.0,0
1506.0,26,0,4,1,0,30,100.0,99.4,0,0,0,0,53.0,23.6,0,0.0,0
1507.0,26,0,4,1,0,30,100.0,99.4,0,0,0,0,53.0,23.6,0,0.0,0
1508.0,26,0,4,1,0,30,100.0,99.4,0,0,0,0,52.9,23.6,0,0.0,0
1509.0,26,0,4,1,0,30,100.0,99.4,0,0,0,0,52.9,23.6,0,0.0,0
1510.0,26,0,4,1,0,30,100.0,99.4,0,0,0,0,52.8,23.6,0,0.0,0
1511.0,26,0,4,1,0,30,100.0,99.4,0,0,0,0,52.8,23.6,0,0.0,0
1512.0,26,0,4,1,0,30,100.0,99.4,0,0,0,0,52.7,23.6,0,0.0,0
1513.0,26,0,4,1,0,30,100.0,99.4,0,0,0,0,52.7,23.6,0,0.0,0
1514.0,26,0,4,1,0,30,100.0,99.4,0,0,0,0,52.7,23.6,0,0.0,0
1515.0,26,0,4,1,0,30,100.0,99.4,0,0,0,0,52.6,23.6,0,0.0,0
1516.0,26,0,4,1,0,30,100.0,99.4,0,0,0,0,52.6,23.6,0,0.0,0
1517.0,26,0,4,1,0,30,100.0,99.4,0,0,0,0,52.5,23.6,0,0.0,0
1518.0,26,0,4,1,0,30,100.0,99.4,0,0,0,0,52.5,23.6,0,0.0,0
1519.0,26,0,4,1,0,30,100.0,99.4,0,0,0,0,52.5,23.6,0,0.0,0
1520.0,26,0,4,1,0,30,100.0,99.4,0,0,0,0,52.4,23.6,0,0.0,0
1521.0,26,1,3,1,0,29,100.0,99.4,0,0,0,0,54.8,23.6,0,0.0,0
1522.0,27,3,0,1,0,27,100.0,99.4,0,0,0,0,62.1,28.2,0,0.0,0
1523.0,28,2,0,1,0,28,100.0,99.4,0,0,0,0,62.1,28.2,0,0.0,0
1524.0,29,1,0,1,0,29,100.0,99.4,0,0,0,0,62.0,28.1,0,0.0,0
1525.0,29,1,0,1,0,29,100.0,99.4,0,0,0,0,62.0,28.1,0,0.0,0
1526.0,29,1,0,1,0,29,99.3,99.4,1,0,0,0,62.0,28.0,0,0.0,0
1527.0,29,1,0,1,0,29,98.6,99.4,2,0,0,0,61.9,28.0,0,0.0,0
1528.0,29,1,0,1,0,29,97.9,99.4,3,0,0,0,61.9,27.9,0,0.0,0
1529.0,29,1,0,1,0,29,96.5,99.4,5,0,0,0,61.8,27.9,0,0.0,0
1530.0,29,1,0,1,0,29,97.2,99.4,4,0,0,0,61.8,27.8,0,0.0,0
1531.0,29,1,0,1,0,29,97.9,99.4,3,0,0,0,61.7,27.7,0,0.0,0
1532.0,29,1,0,1,0,29,98.6,99.4,2,0,0,0,61.7,27.7,0,0.0,0
1533.0,29,1,0,1,0,29,97.9,99.4,3,0,0,0,61.6,27.6,0,0.0,0
1534.0,29,1,0,1,0,29,97.9,99.4,3,0,0,0,61.6,27.6,0,0.0,0
1535.0,29,1,0,1,0,29,97.9,99.4,3,0,0,0,61.5,27.5,0,0.0,0
1536.0,29,1,0,1,0,29,97.9,99.4,3,0,0,0,61.5,27.5,0,0.0,0
1537.0,29,1,0,1,0,29,97.9,99.4,3,0,0,0,61.4,27.4,0,0.0,0
1538.0,29,1,0,1,0,29,97.9,99.4,3,0,0,0,61.4,27.4,0,0.0,0
1539.0,29,1,0,1,0,29,97.9,99.4,3,0,0,0,61.3,27.3,0,0.0,0
1540.0,29,1,0,1,0,29,97.9,99.4,3,0,0,0,61.3,27.3,0,0.0,0
1541.0,29,1,0,1,0,29,98.6,99.4,2,0,0,0,61.3,27.2,0,0.0,0
1542.0,29,1,0,1,0,29,98.6,99.3,2,0,0,0,61.2,27.2,0,0.0,0
1543.0,29,1,0,1,0,29,98.6,99.3,2,0,0,0,61.2,27.1,0,0.0,0
1544.0,29,1,0,1,0,29,98.6,99.3,2,0,0,0,61.1,27.1,0,0.0,0
1545.0,29,1,0,1,0,29,98.6,99.3,2,0,0,0,61.1,27.0,0,0.0,0
1546.0,29,1,0,1,0,29,98.6,99.3,2,0,0,0,61.0,27.0,0,0.0,0
1547.0,29,1,0,1,0,29,99.3,99.3,1,0,0,0,61.0,26.9,0,0.0,0
1548.0,29,1,0,1,0,29,99.3,99.3,1,0,0,0,60.9,26.9,0,0.0,0
1549.0,29,1,0,1,0,29,99.3,99.3,1,0,0,0,60.9,26.8,0,0.0,0
1550.0,29,1,0,1,0,29,99.3,99.3,1,0,0,0,60.8,26.7,0,0.0,0
1551.0,29,1,0,1,0,29,99.3,99.3,1,0,0,0,60.8,26.7,0,0.0,0
1552.0,29,1,0,1,0,29,99.3,99.3,1,0,0,0,60.7,26.6,0,0.0,0
1553.0,29,1,0,1,0,29,99.3,99.3,1,0,0,0,60.7,26.6,0,0.0,0
1554.0,29,1,0,1,0,29,100.0,99.3,0,0,0,0,60.6,26.5,0,0.0,0
1555.0,29,1,0,1,0,29,100.0,99.3,0,0,0,0,60.6,26.5,0,0.0,0
1556.0,29,1,0,1,0,29,100.0,99.3,0,0,0,0,60.5,26.4,0,0.0,0
1557.0,29,1,0,1,0,29,100.0,99.3,0,0,0,0,60.5,26.4,0,0.0,0
1558.0,29,1,0,1,0,29,100.0,99.3,0,0,0,0,60.5,26.3,0,0.0,0
1559.0,29,1,0,1,0,29,100.0,99.3,0,0,0,0,60.4,26.3,0,0.0,0
1560.0,30,0,0,1,0,30,100.0,99.3,0,0,0,0,60.4,26.2,0,0.0,0
1561.0,30,0,0,1,0,30,100.0,99.3,0,0,0,0,60.3,26.2,0,0.0,0
1562.0,30,0,0,1,0,30,100.0,99.3,0,0,0,0,60.3,26.1,0,0.0,0
1563.0,30,0,0,1,0,30,100.0,99.3,0,0,0,0,60.2,26.1,0,0.0,0
1564.0,30,0,0,1,0,30,100.0,99.3,0,0,0,0,60.2,26.0,0,0.0,0
1565.0,30,0,0,1,0,30,100.0,99.3,0,0,0,0,60.1,26.0,0,0.0,0
1566.0,30,0,0,1,0,30,100.0,99.3,0,0,0,0,60.1,25.9,0,0.0,0
1567.0,30,0,0,1,0,30,100.0,99.3,0,0,0,0,60.0,25.8,0,0.0,0
1568.0,30,0,0,1,0,30,99.3,99.3,1,0,0,0,60.0,25.8,0,0.0,0
1569.0,30,0,0,1,0,30,99.3,99.3,1,0,0,0,59.9,25.7,0,0.0,0
1570.0,30,0,0,1,0,30,99.3,99.3,1,0,0,0,59.9,25.7,0,0.0,0
1571.0,30,0,0,1,0,30,99.3,99.3,1,0,0,0,59.8,25.6,0,0.0,0
1572.0,30,0,0,1,0,30,99.3,99.3,1,0,0,0,59.8,25.6,0,0.0,0
1573.0,30,0,0,1,0,30,99.3,99.3,1,0,0,0,59.7,25.5,0,0.0,0
1574.0,30,0,0,1,0,30,98.6,99.3,2,0,0,0,59.7,25.5,0,0.0,0
1575.0,30,0,0,1,0,30,98.6,99.3,2,0,0,0,59.6,25.4,0,0.0,0
1576.0,30,0,0,1,0,30,98.6,99.3,2,0,0,0,59.6,25.4,0,0.0,0
1577.0,30,0,0,1,0,30,98.6,99.3,2,0,0,0,59.5,25.3,0,0.0,0
1578.0,30,0,0,1,0,30,98.6,99.3,2,0,0,0,59.5,25.3,0,0.0,0
1579.0,30,0,0,1,0,30,98.6,99.3,2,0,0,0,59.4,25.2,0,0.0,0
1580.0,30,0,0,1,0,30,98.6,99.3,2,0,0,0,59.4,25.2,0,0.0,0
1581.0,30,0,0,1,0,30,98.6,99.3,2,0,0,0,59.3,25.1,0,0.0,0
1582.0,30,0,0,1,0,30,98.6,99.3,2,0,0,0,59.3,25.1,0,0.0,0
1583.0,30,0,0,1,0,30,98.6,99.3,2,0,0,0,59.2,25.0,0,0.0,0
1584.0,30,0,0,1,0,30,98.6,99.3,2,0,0,0,59.2,24.9,0,0.0,0
1585.0,30,0,0,1,0,30,98.6,99.3,2,0,0,0,59.1,24.9,0,0.0,0
1586.0,30,0,0,1,0,30,98.6,99.3,2,0,0,0,59.1,24.8,0,0.0,0
1587.0,30,0,0,1,0,30,98.6,99.3,2,0,0,0,59.0,24.8,0,0.0,0
1588.0,30,0,0,1,0,30,99.3,99.3,1,0,0,0,59.0,24.7,0,0.0,0
1589.0,30,0,0,1,0,30,99.3,99.3,1,0,0,0,58.9,24.7,0,0.0,0
1590.0,30,0,0,1,0,30,99.3,99.3,1,0,0,0,58.9,24.6,0,0.0,0
1591.0,30,0,0,1,0,30,99.3,99.3,1,0,0,0,58.8,24.6,0,0.0,0
1592.0,30,0,0,1,0,30,99.3,99.3,1,0,0,0,58.8,24.5,0,0.0,0
1593.0,29,0,1,1,0,30,97.9,99.3,3,0,0,0,58.7,24.5,0,0.0,0
1594.0,29,0,1,1,0,30,97.9,99.3,3,0,0,0,58.7,24.5,0,0.0,0
1595.0,29,0,1,1,0,30,97.9,99.3,3,0,0,0,58.6,24.5,0,0.0,0
1596.0,28,0,2,1,0,30,97.9,99.3,3,0,0,0,58.6,24.5,0,0.0,0
1597.0,27,0,3,1,0,30,98.6,99.3,2,0,0,0,58.6,24.5,0,0.0,0
1598.0,27,0,3,1,0,30,98.6,99.3,2,0,0,0,58.5,24.5,0,0.0,0
1599.0,27,0,3,1,0,30,98.6,99.2,2,0,0,0,58.5,24.5,0,0.0,0
1600.0,27,0,3,1,0,30,97.9,99.2,3,0,0,0,58.4,24.5,0,0.0,0
1601.0,27,0,3,1,0,30,97.2,99.2,4,0,0,0,58.4,24.5,0,0.0,0
1602.0,27,0,3,1,0,30,97.2,99.2,4,0,0,0,58.3,24.5,0,0.0,0
1603.0,27,0,3,1,0,30,97.2,99.2,4,0,0,0,58.3,24.5,0,0.0,0
1604.0,27,0,3,1,0,30,97.9,99.2,3,0,0,0,58.2,24.5,0,0.0,0
1605.0,27,0,3,1,0,30,97.9,99.2,3,0,0,0,58.2,24.5,0,0.0,0
1606.0,26,0,4,1,0,30,98.6,99.2,2,0,0,0,58.2,24.5,0,0.0,0
1607.0,26,0,4,1,0,30,98.6,99.2,2,0,0,0,58.1,24.5,0,0.0,0
1608.0,26,0,4,1,0,30,98.6,99.2,2,0,0,0,58.1,24.5,0,0.0,0
1609.0,26,0,4,1,0,30,98.6,99.2,2,0,0,0,58.0,24.5,0,0.0,0
1610.0,26,0,4,1,0,30,98.6,99.2,2,0,0,0,58.0,24.5,0,0.0,0
1611.0,26,0,4,1,0,30,98.6,99.2,2,0,0,0,58.0,24.5,0,0.0,0
1612.0,26,0,4,1,0,30,97.9,99.1,3,0,0,0,57.9,24.5,0,0.0,0
1613.0,26,0,4,1,0,30,97.2,99.1,4,0,0,0,57.9,24.5,0,0.0,0
1614.0,26,0,4,1,0,30,97.2,99.1,4,0,0,0,57.8,24.5,0,0.0,0
1615.0,26,0,4,1,0,30,96.5,99.1,5,0,0,0,57.8,24.5,0,0.0,0
1616.0,26,0,4,1,0,30,97.2,99.1,4,0,0,0,57.7,24.5,0,0.0,0
1617.0,26,0,4,1,0,30,97.9,99.1,3,0,0,0,57.7,24.5,0,0.0,0
1618.0,26,0,4,1,0,30,97.9,99.1,3,0,0,0,57.7,24.5,0,0.0,0
1619.0,26,0,4,1,0,30,97.9,99.1,3,0,0,0,57.6,24.5,0,0.0,0
1620.0,26,0,4,1,0,30,97.9,99.1,3,0,0,0,57.6,24.5,0,0.0,0
1621.0,26,0,4,1,0,30,97.9,99.1,3,0,0,0,57.5,24.5,0,0.0,0
1622.0,26,0,4,1,0,30,97.2,99.1,4,0,0,0,57.5,24.5,0,0.0,0
1623.0,26,0,4,1,0,30,97.9,99.1,3,0,0,0,57.4,24.5,0,0.0,0
1624.0,26,0,4,1,0,30,97.9,99.1,3,0,0,0,57.4,24.5,0,0.0,0
1625.0,26,0,4,1,0,30,97.2,99.0,4,0,0,0,57.4,24.5,0,0.0,0
1626.0,26,0,4,1,0,30,97.2,99.0,4,0,0,0,57.3,24.5,0,0.0,0
1627.0,26,0,4,1,0,30,97.2,99.0,4,0,0,0,57.3,24.5,0,0.0,0
1628.0,26,0,4,1,0,30,97.2,99.0,4,0,0,0,57.2,24.5,0,0.0,0
1629.0,26,0,4,1,0,30,98.6,99.0,2,0,0,0,57.2,24.5,0,0.0,0
1630.0,26,0,4,1,0,30,98.6,99.0,2,0,0,0,57.1,24.5,0,0.0,0
1631.0,26,0,4,1,0,30,98.6,99.0,2,0,0,0,57.1,24.5,0,0.0,0
1632.0,26,0,4,1,0,30,98.6,99.0,2,0,0,0,57.1,24.5,0,0.0,0
1633.0,26,0,4,1,0,30,98.6,99.0,2,0,0,0,57.0,24.5,0,0.0,0
1634.0,26,0,4,1,0,30,98.6,99.1,2,0,0,0,57.0,24.5,0,0.0,0
1635.0,26,0,4,1,0,30,98.6,99.1,2,0,0,0,56.9,24.5,0,0.0,0
1636.0,26,0,4,1,0,30,98.6,99.1,2,0,0,0,56.9,24.5,0,0.0,0
1637.0,26,0,4,1,0,30,98.6,99.1,2,0,0,0,56.8,24.5,0,0.0,0
1638.0,26,0,4,1,0,30,98.6,99.1,2,0,0,0,56.8,24.5,0,0.0,0
1639.0,26,0,4,1,0,30,98.6,99.1,2,0,0,0,56.8,24.5,0,0.0,0
1640.0,26,0,4,1,0,30,98.6,99.1,2,0,0,0,56.7,24.5,0,0.0,0
1641.0,26,0,4,1,0,30,98.6,99.1,2,0,0,0,56.7,24.5,0,0.0,0
1642.0,26,0,4,1,0,30,98.6,99.1,2,0,0,0,56.6,24.5,0,0.0,0
1643.0,26,0,4,1,0,30,98.6,99.1,2,0,0,0,56.6,24.5,0,0.0,0
1644.0,26,0,4,1,0,30,98.6,99.1,2,0,0,0,56.6,24.5,0,0.0,0
1645.0,26,0,4,1,0,30,98.6,99.1,2,0,0,0,56.5,24.5,0,0.0,0
1646.0,26,0,4,1,0,30,98.6,99.1,2,0,0,0,56.5,24.5,0,0.0,0
1647.0,26,0,4,1,0,30,98.6,99.1,2,0,0,0,56.4,24.5,0,0.0,0
1648.0,26,0,4,1,0,30,98.6,99.1,2,0,0,0,56.4,24.5,0,0.0,0
1649.0,26,0,4,1,0,30,98.6,99.1,2,0,0,0,56.3,24.5,0,0.0,0
1650.0,26,0,4,1,0,30,98.6,99.1,2,0,0,0,56.3,24.5,0,0.0,0
1651.0,26,0,4,1,0,30,98.6,99.1,2,0,0,0,56.3,24.5,0,0.0,0
1652.0,26,0,4,1,0,30,98.6,99.0,2,0,0,0,56.2,24.5,0,0.0,0
1653.0,26,1,3,1,0,29,98.6,99.0,2,0,0,0,58.6,24.6,0,0.0,0
1654.0,27,0,3,1,0,30,98.6,99.0,2,0,0,0,58.6,24.6,0,0.0,0
1655.0,27,0,3,1,0,30,98.6,99.0,2,0,0,0,58.5,24.6,0,0.0,0
1656.0,27,1,2,1,0,29,98.6,99.0,2,0,0,0,60.9,24.6,0,0.0,0
1657.0,28,1,1,1,0,29,98.6,99.0,2,0,0,0,63.3,24.6,0,0.0,0
1658.0,28,1,1,1,0,29,98.6,99.0,2,0,0,0,63.3,24.6,0,0.0,0
1659.0,28,1,1,1,0,29,98.6,99.0,2,0,0,0,63.2,24.6,0,0.0,0
1660.0,28,1,1,1,0,29,97.9,99.0,3,0,0,0,63.2,24.6,0,0.0,0
1661.0,28,1,1,1,0,29,97.9,99.0,3,0,0,0,63.1,24.6,0,0.0,0
1662.0,28,1,1,1,0,29,97.2,99.0,4,0,0,0,63.1,24.6,0,0.0,0
1663.0,29,0,1,1,0,30,96.5,99.0,5,0,0,0,63.0,24.6,0,0.0,0
1664.0,29,0,1,1,0,30,96.5,99.0,5,0,0,0,63.0,24.6,0,0.0,0
1665.0,29,0,1,1,0,30,96.5,98.9,5,0,0,0,62.9,24.6,0,0.0,0
1666.0,29,1,0,1,0,29,97.2,98.9,4,0,0,0,65.3,28.6,0,0.0,0
1667.0,30,0,0,1,0,30,97.2,98.9,4,0,0,0,65.3,28.6,0,0.0,0
1668.0,30,0,0,1,0,30,97.9,98.9,3,0,0,0,65.2,28.5,0,0.0,0
1669.0,30,0,0,1,0,30,97.9,98.9,3,0,0,0,65.2,28.4,0,0.0,0
1670.0,30,0,0,1,0,30,97.9,98.9,3,0,0,0,65.1,28.4,0,0.0,0
1671.0,30,0,0,1,0,30,97.2,98.9,4,0,0,0,65.1,28.3,0,0.0,0
1672.0,30,0,0,1,0,30,97.2,98.9,4,0,0,0,65.0,28.3,0,0.0,0
1673.0,30,0,0,1,0,30,97.2,98.9,4,0,0,0,65.0,28.2,0,0.0,0
1674.0,30,0,0,1,0,30,97.2,98.9,4,0,0,0,64.9,28.2,0,0.0,0
1675.0,30,0,0,1,0,30,97.2,98.9,4,0,0,0,64.9,28.1,0,0.0,0
1676.0,30,0,0,1,0,30,97.2,98.9,4,0,0,0,64.8,28.1,0,0.0,0
1677.0,30,0,0,1,0,30,97.2,98.9,4,0,0,0,64.8,28.0,0,0.0,0
1678.0,30,0,0,1,0,30,96.5,98.9,5,0,0,0,64.7,28.0,0,0.0,0
1679.0,30,0,0,1,0,30,96.5,98.8,5,0,0,0,64.7,27.9,0,0.0,0
1680.0,30,0,0,1,0,30,96.5,98.8,5,0,0,0,64.6,27.9,0,0.0,0
1681.0,30,0,0,1,0,30,96.5,98.8,5,0,0,0,64.6,27.8,0,0.0,0
1682.0,30,0,0,1,0,30,96.5,98.8,5,0,0,0,64.5,27.8,0,0.0,0
1683.0,30,0,0,1,0,30,97.2,98.8,4,0,0,0,64.5,27.7,0,0.0,0
1684.0,30,0,0,1,0,30,97.2,98.8,4,0,0,0,64.4,27.7,0,0.0,0
1685.0,30,0,0,1,0,30,97.2,98.8,4,0,0,0,64.4,27.6,0,0.0,0
1686.0,30,0,0,1,0,30,97.2,98.8,4,0,0,0,64.3,27.5,0,0.0,0
1687.0,30,0,0,1,0,30,97.2,98.8,4,0,0,0,64.3,27.5,0,0.0,0
1688.0,30,0,0,1,0,30,97.2,98.7,4,0,0,0,64.2,27.4,0,0.0,0
1689.0,30,0,0,1,0,30,97.2,98.7,4,0,0,0,64.2,27.4,0,0.0,0
1690.0,30,0,0,1,0,30,97.2,98.7,4,0,0,0,64.1,27.3,0,0.0,0
1691.0,30,0,0,1,0,30,97.2,98.7,4,0,0,0,64.1,27.3,0,0.0,0
1692.0,30,0,0,1,0,30,97.9,98.7,3,0,0,0,64.0,27.2,0,0.0,0
1693.0,30,0,0,1,0,30,97.9,98.7,3,0,0,0,64.0,27.2,0,0.0,0
1694.0,30,0,0,1,0,30,97.9,98.7,3,0,0,0,63.9,27.1,0,0.0,0
1695.0,30,0,0,1,0,30,97.9,98.7,3,0,0,0,63.9,27.1,0,0.0,0
1696.0,30,0,0,1,0,30,97.9,98.7,3,0,0,0,63.8,27.0,0,0.0,0
1697.0,30,0,0,1,0,30,97.9,98.7,3,0,0,0,63.8,27.0,0,0.0,0
1698.0,30,0,0,1,0,30,97.9,98.7,3,0,0,0,63.7,26.9,0,0.0,0
1699.0,30,0,0,1,0,30,98.6,98.7,2,0,0,0,63.7,26.9,0,0.0,0
1700.0,30,0,0,1,0,30,98.6,98.6,2,0,0,0,63.6,26.8,0,0.0,0
1701.0,30,0,0,1,0,30,98.6,98.6,2,0,0,0,63.6,26.8,0,0.0,0
1702.0,30,0,0,1,0,30,98.6,98.6,2,0,0,0,63.6,26.7,0,0.0,0
1703.0,30,0,0,1,0,30,98.6,98.6,2,0,0,0,63.5,26.6,0,0.0,0
1704.0,30,0,0,1,0,30,98.6,98.6,2,0,0,0,63.5,26.6,0,0.0,0
1705.0,30,0,0,1,0,30,98.6,98.6,2,0,0,0,63.4,26.5,0,0.0,0
1706.0,30,0,0,1,0,30,98.6,98.6,2,0,0,0,63.4,26.5,0,0.0,0
1707.0,30,0,0,1,0,30,98.6,98.6,2,0,0,0,63.3,26.4,0,0.0,0
1708.0,30,0,0,1,0,30,98.6,98.6,2,0,0,0,63.3,26.4,0,0.0,0
1709.0,30,0,0,1,0,30,98.6,98.6,2,0,0,0,63.2,26.3,0,0.0,0
1710.0,30,0,0,1,0,30,98.6,98.6,2,0,0,0,63.2,26.3,0,0.0,0
1711.0,30,0,0,1,0,30,98.6,98.6,2,0,0,0,63.1,26.2,0,0.0,0
1712.0,30,0,0,1,0,30,97.9,98.6,3,0,0,0,63.1,26.2,0,0.0,0
1713.0,30,0,0,1,0,30,97.9,98.6,3,0,0,0,63.0,26.1,0,0.0,0
1714.0,30,0,0,1,0,30,97.9,98.6,3,0,0,0,63.0,26.1,0,0.0,0
1715.0,30,0,0,1,0,30,97.9,98.6,3,0,0,0,62.9,26.0,0,0.0,0
1716.0,30,0,0,1,0,30,97.9,98.6,3,0,0,0,62.9,26.0,0,0.0,0
1717.0,30,0,0,1,0,30,97.9,98.6,3,0,0,0,62.8,25.9,0,0.0,0
1718.0,30,0,0,1,0,30,97.2,98.6,4,0,0,0,62.8,25.9,0,0.0,0
1719.0,30,0,0,1,0,30,97.2,98.6,4,0,0,0,62.7,25.8,0,0.0,0
1720.0,30,0,0,1,0,30,97.2,98.6,4,0,0,0,62.7,25.7,0,0.0,0
1721.0,30,0,0,1,0,30,97.2,98.6,4,0,0,0,62.6,25.7,0,0.0,0
1722.0,30,0,0,1,0,30,97.2,98.6,4,0,0,0,62.6,25.6,0,0.0,0
1723.0,30,0,0,1,0,30,97.2,98.6,4,0,0,0,62.5,25.6,0,0.0,0
1724.0,30,0,0,1,0,30,97.2,98.5,4,0,0,0,62.5,25.5,0,0.0,0
1725.0,30,0,0,1,0,30,97.2,98.5,4,0,0,0,62.4,25.5,0,0.0,0
1726.0,30,0,0,1,0,30,97.2,98.5,4,0,0,0,62.4,25.4,0,0.0,0
1727.0,30,0,0,1,0,30,96.5,98.5,5,0,0,0,62.3,25.4,0,0.0,0
1728.0,30,0,0,1,0,30,96.5,98.5,5,0,0,0,62.3,25.3,0,0.0,0
1729.0,30,0,0,1,0,30,96.5,98.5,5,0,0,0,62.2,25.3,0,0.0,0
1730.0,30,0,0,1,0,30,96.5,98.5,5,0,0,0,62.2,25.2,0,0.0,0
1731.0,30,0,0,1,0,30,96.5,98.5,5,0,0,0,62.1,25.2,0,0.0,0
1732.0,30,0,0,1,0,30,96.5,98.4,5,0,0,0,62.1,25.1,0,0.0,0
1733.0,30,0,0,1,0,30,96.5,98.4,5,0,0,0,62.0,25.1,0,0.0,0
1734.0,30,0,0,1,0,30,96.5,98.4,5,0,0,0,62.0,25.0,0,0.0,0
1735.0,30,0,0,1,0,30,96.5,98.4,5,0,0,0,61.9,25.0,0,0.0,0
1736.0,30,0,0,1,0,30,96.5,98.4,5,0,0,0,61.9,24.9,0,0.0,0
1737.0,30,0,0,1,0,30,97.2,98.4,4,0,0,0,61.8,24.8,0,0.0,0
1738.0,30,0,0,1,0,30,97.2,98.4,4,0,0,0,61.8,24.8,0,0.0,0
1739.0,30,0,0,1,0,30,97.2,98.4,4,0,0,0,61.7,24.7,0,0.0,0
1740.0,30,0,0,1,0,30,97.2,98.3,4,0,0,0,61.7,24.7,0,0.0,0
1741.0,30,0,0,1,0,30,97.2,98.3,4,0,0,0,61.6,24.6,0,0.0,0
1742.0,30,0,0,1,0,30,97.2,98.3,4,0,0,0,61.6,24.6,0,0.0,0
1743.0,30,0,0,1,0,30,97.2,98.3,4,0,0,0,61.5,24.5,0,0.0,0
1744.0,30,0,0,1,0,30,97.2,98.3,4,0,0,0,61.5,24.5,0,0.0,0
1745.0,29,0,1,1,0,30,97.2,98.3,4,0,0,0,61.4,24.4,0,0.0,0
1746.0,29,0,1,1,0,30,96.5,98.3,5,0,0,0,61.4,24.4,0,0.0,0
1747.0,29,0,1,1,0,30,96.5,98.3,5,0,0,0,61.4,24.4,0,0.0,0
1748.0,29,0,1,1,0,30,96.5,98.2,5,0,0,0,61.3,24.4,0,0.0,0
1749.0,29,0,1,1,0,30,97.2,98.2,4,0,0,0,61.3,24.4,0,0.0,0
1750.0,29,0,1,1,0,30,97.2,98.2,4,0,0,0,61.2,24.4,0,0.0,0
1751.0,29,0,1,1,0,30,97.2,98.2,4,0,0,0,61.2,24.3,0,0.0,0
1752.0,29,0,1,1,0,30,97.2,98.2,4,0,0,0,61.1,24.3,0,0.0,0
1753.0,29,0,1,1,0,30,97.2,98.2,4,0,0,0,61.1,24.2,0,0.0,0
1754.0,28,0,2,1,0,30,97.2,98.2,4,0,0,0,61.0,24.2,0,0.0,0
1755.0,28,0,2,1,0,30,97.2,98.2,4,0,0,0,61.0,24.2,0,0.0,0
1756.0,28,0,2,1,0,30,97.2,98.1,4,0,0,0,60.9,24.2,0,0.0,0
1757.0,28,0,2,1,0,30,97.2,98.1,4,0,0,0,60.9,24.2,0,0.0,0
1758.0,28,0,2,1,0,30,97.2,98.1,4,0,0,0,60.8,24.2,0,0.0,0
1759.0,28,0,2,1,0,30,97.2,98.1,4,0,0,0,60.8,24.2,0,0.0,0
1760.0,28,0,2,1,0,30,96.5,98.1,5,0,0,0,60.7,24.1,0,0.0,0
1761.0,28,0,2,1,0,30,96.5,98.1,5,0,0,0,60.7,24.1,0,0.0,0
1762.0,28,0,2,1,0,30,96.5,98.1,5,0,0,0,60.7,24.0,0,0.0,0
1763.0,28,0,2,1,0,30,96.5,98.1,5,0,0,0,60.6,24.0,0,0.0,0
1764.0,27,0,3,1,0,30,96.5,98.0,5,0,0,0,60.6,23.9,0,0.0,0
1765.0,27,0,3,1,0,30,96.5,98.0,5,0,0,0,60.5,23.9,0,0.0,0
1766.0,27,0,3,1,0,30,96.5,98.0,5,0,0,0,60.5,23.9,0,0.0,0
1767.0,27,0,3,1,0,30,95.8,98.0,6,0,0,0,60.4,23.9,0,0.0,0
1768.0,27,0,3,1,0,30,96.5,98.0,5,0,0,0,60.4,23.9,0,0.0,0
1769.0,27,0,3,1,0,30,96.5,98.0,5,0,0,0,60.3,23.9,0,0.0,0
1770.0,27,0,3,1,0,30,96.5,98.0,5,0,0,0,60.3,23.9,0,0.0,0
1771.0,27,0,3,1,0,30,96.5,98.0,5,0,0,0,60.3,23.9,0,0.0,0
1772.0,27,0,3,1,0,30,96.5,98.0,5,0,0,0,60.2,23.9,0,0.0,0
1773.0,27,0,3,1,0,30,96.5,98.0,5,0,0,0,60.2,23.9,0,0.0,0
1774.0,27,0,3,1,0,30,97.2,98.0,4,0,0,0,60.1,23.8,0,0.0,0
1775.0,27,0,3,1,0,30,97.2,98.0,4,0,0,0,60.1,23.8,0,0.0,0
1776.0,27,0,3,1,0,30,97.2,98.0,4,0,0,0,60.0,23.7,0,0.0,0
1777.0,27,0,3,1,0,30,97.2,98.0,4,0,0,0,60.0,23.7,0,0.0,0
1778.0,27,0,3,1,0,30,97.2,98.0,4,0,0,0,60.0,23.6,0,0.0,0
1779.0,27,0,3,1,0,30,97.2,98.0,4,0,0,0,59.9,23.6,0,0.0,0
1780.0,27,0,3,1,0,30,97.2,98.0,4,0,0,0,59.9,23.5,0,0.0,0
1781.0,27,0,3,1,0,30,97.2,97.9,4,0,0,0,59.8,23.4,0,0.0,0
1782.0,27,0,3,1,0,30,97.2,97.9,4,0,0,0,59.8,23.4,0,0.0,0
1783.0,27,0,3,1,0,30,97.2,97.9,4,0,0,0,59.7,23.3,0,0.0,0
1784.0,27,0,3,1,0,30,97.2,97.9,4,0,0,0,59.7,23.3,0,0.0,0
1785.0,27,0,3,1,0,30,97.2,97.9,4,0,0,0,59.6,23.2,0,0.0,0
1786.0,27,0,3,1,0,30,97.2,97.9,4,0,0,0,59.6,23.2,0,0.0,0
1787.0,27,0,3,1,0,30,97.2,97.9,4,0,0,0,59.6,23.1,0,0.0,0
1788.0,27,0,3,1,0,30,97.2,97.9,4,0,0,0,59.5,23.1,0,0.0,0
1789.0,27,0,3,1,0,30,97.2,97.9,4,0,0,0,59.5,23.0,0,0.0,0
1790.0,27,0,3,1,0,30,97.2,97.9,4,0,0,0,59.4,23.0,0,0.0,0
1791.0,27,0,3,1,0,30,97.2,97.9,4,0,0,0,59.4,22.9,0,0.0,0
1792.0,27,0,3,1,0,30,97.2,97.9,4,0,0,0,59.3,22.9,0,0.0,0
1793.0,27,0,3,1,0,30,97.2,97.9,4,0,0,0,59.3,22.8,0,0.0,0
1794.0,27,0,3,1,0,30,97.2,97.8,4,0,0,0,59.3,22.8,0,0.0,0
1795.0,26,0,4,1,0,30,97.2,97.8,4,0,0,0,59.2,22.7,0,0.0,0
1796.0,26,0,4,1,0,30,96.5,97.8,5,0,0,0,59.2,22.7,0,0.0,0
1797.0,26,0,4,1,0,30,95.8,97.8,6,0,0,0,59.1,22.7,0,0.0,0
1798.0,26,0,4,1,0,30,95.1,97.8,7,0,0,0,59.1,22.7,0,0.0,0
1799.0,26,0,4,1,0,30,95.8,97.8,6,0,0,0,59.0,22.7,0,0.0,0
1800.0,26,0,4,1,0,30,96.5,97.7,5,0,0,0,59.0,22.7,0,0.0,0
1801.0,26,0,4,1,0,30,97.2,97.7,4,0,0,0,59.0,22.7,0,0.0,0
1802.0,26,0,4,1,0,30,97.2,97.7,4,0,0,0,58.9,22.7,0,0.0,0
1803.0,26,0,4,1,0,30,97.2,97.7,4,0,0,0,58.9,22.7,0,0.0,0
1804.0,26,0,4,1,0,30,97.2,97.7,4,0,0,0,58.8,22.7,0,0.0,0
1805.0,26,1,3,1,0,29,97.2,97.7,4,0,0,0,61.2,22.7,0,0.0,0
1806.0,27,0,3,1,0,30,97.2,97.7,4,0,0,0,61.2,22.7,0,0.0,0
1807.0,27,0,3,1,0,30,97.2,97.7,4,0,0,0,61.1,22.7,0,0.0,0
1808.0,27,0,3,1,0,30,97.2,97.7,4,0,0,0,61.1,22.7,0,0.0,0
1809.0,27,0,3,1,0,30,97.2,97.7,4,0,0,0,61.1,22.7,0,0.0,0
1810.0,27,0,3,1,0,30,97.2,97.6,4,0,0,0,61.0,22.7,0,0.0,0
1811.0,27,0,3,1,0,30,97.2,97.6,4,0,0,0,61.0,22.7,0,0.0,0
1812.0,27,0,3,1,0,30,97.2,97.6,4,0,0,0,60.9,22.7,0,0.0,0
1813.0,27,0,3,1,0,30,96.5,97.6,5,0,0,0,60.9,22.7,0,0.0,0
1814.0,27,1,2,1,0,29,96.5,97.6,5,0,0,0,63.3,22.7,0,0.0,0
1815.0,28,0,2,1,0,30,96.5,97.6,5,0,0,0,63.2,22.7,0,0.0,0
1816.0,28,0,2,1,0,30,95.8,97.6,6,0,0,0,63.2,22.7,0,0.0,0
1817.0,28,0,2,1,0,30,95.8,97.6,6,0,0,0,63.1,22.7,0,0.0,0
1818.0,28,0,2,1,0,30,95.8,97.6,6,0,0,0,63.1,22.7,0,0.0,0
1819.0,28,0,2,1,0,30,95.8,97.5,6,0,0,0,63.1,22.7,0,0.0,0
1820.0,28,0,2,1,0,30,95.8,97.5,6,0,0,0,63.0,22.7,0,0.0,0
1821.0,28,0,2,1,0,30,95.8,97.5,6,0,0,0,63.0,22.7,0,0.0,0
1822.0,28,0,2,1,0,30,95.8,97.5,6,0,0,0,62.9,22.7,0,0.0,0
1823.0,28,0,2,1,0,30,95.1,97.5,7,0,0,0,62.9,22.7,0,0.0,0
1824.0,28,1,1,1,0,29,95.1,97.5,7,0,0,0,65.3,22.7,0,0.0,0
1825.0,28,1,1,1,0,29,95.8,97.5,6,0,0,0,65.2,22.7,0,0.0,0
1826.0,28,1,1,1,0,29,95.8,97.5,6,0,0,0,65.2,22.7,0,0.0,0
1827.0,28,1,1,1,0,29,95.8,97.5,6,0,0,0,65.1,22.7,0,0.0,0
1828.0,28,1,1,1,0,29,95.8,97.4,6,0,0,0,65.1,22.7,0,0.0,0
1829.0,28,1,1,1,0,29,95.8,97.4,6,0,0,0,65.1,22.7,0,0.0,0
1830.0,28,1,1,1,0,29,95.8,97.4,6,0,0,0,65.0,22.7,0,0.0,0
1831.0,28,1,1,1,0,29,95.8,97.4,6,0,0,0,65.0,22.7,0,0.0,0
1832.0,28,1,1,1,0,29,95.8,97.4,6,0,0,0,64.9,22.7,0,0.0,0
1833.0,28,1,1,1,0,29,95.8,97.4,6,0,0,0,64.9,22.7,0,0.0,0
1834.0,28,1,1,1,0,29,95.8,97.4,6,0,0,0,64.8,22.7,0,0.0,0
1835.0,28,1,1,1,0,29,95.8,97.4,6,0,0,0,64.8,22.7,0,0.0,0
1836.0,28,1,1,1,0,29,95.8,97.3,6,0,0,0,64.7,22.7,0,0.0,0
1837.0,28,1,1,1,0,29,96.5,97.3,5,0,0,0,64.7,22.7,0,0.0,0
1838.0,28,1,1,1,0,29,96.5,97.3,5,0,0,0,64.6,22.7,0,0.0,0
1839.0,28,1,1,1,0,29,96.5,97.3,5,0,0,0,64.6,22.7,0,0.0,0
1840.0,28,1,1,1,0,29,96.5,97.3,5,0,0,0,64.6,22.7,0,0.0,0
1841.0,28,1,1,1,0,29,96.5,97.3,5,0,0,0,64.5,22.7,0,0.0,0
1842.0,28,1,1,1,0,29,96.5,97.3,5,0,0,0,64.5,22.7,0,0.0,0
1843.0,28,1,1,1,0,29,96.5,97.3,5,0,0,0,64.4,22.7,0,0.0,0
1844.0,28,1,1,1,0,29,97.2,97.3,4,0,0,0,64.4,22.7,0,0.0,0
1845.0,28,1,1,1,0,29,97.2,97.3,4,0,0,0,64.3,22.7,0,0.0,0
1846.0,28,1,1,1,0,29,97.2,97.3,4,0,0,0,64.3,22.7,0,0.0,0
1847.0,28,1,1,1,0,29,97.2,97.3,4,0,0,0,64.2,22.7,0,0.0,0
1848.0,28,1,1,1,0,29,97.2,97.3,4,0,0,0,64.2,22.7,0,0.0,0
1849.0,28,1,1,1,0,29,97.2,97.3,4,0,0,0,64.1,22.7,0,0.0,0
1850.0,28,1,1,1,0,29,97.2,97.3,4,0,0,0,64.1,22.7,0,0.0,0
1851.0,28,1,1,1,0,29,96.5,97.3,5,0,0,0,64.1,22.7,0,0.0,0
1852.0,28,1,1,1,0,29,96.5,97.3,5,0,0,0,64.0,22.7,0,0.0,0
1853.0,29,0,1,1,0,30,96.5,97.3,5,0,0,0,64.0,22.7,0,0.0,0
1854.0,29,0,1,1,0,30,96.5,97.2,5,0,0,0,63.9,22.7,0,0.0,0
1855.0,29,1,0,1,0,29,97.2,97.3,4,0,0,0,66.4,26.5,0,0.0,0
1856.0,29,1,0,1,0,29,96.5,97.2,5,0,0,0,66.3,26.5,0,0.0,0
1857.0,29,1,0,1,0,29,96.5,97.2,5,0,0,0,66.3,26.4,0,0.0,0
1858.0,29,1,0,1,0,29,96.5,97.2,5,0,0,0,66.2,26.3,0,0.0,0
1859.0,29,1,0,1,0,29,96.5,97.2,5,0,0,0,66.2,26.3,0,0.0,0
1860.0,29,1,0,1,0,29,96.5,97.2,5,0,0,0,66.1,26.2,0,0.0,0
1861.0,29,1,0,1,0,29,97.2,97.2,4,0,0,0,66.1,26.2,0,0.0,0
1862.0,29,1,0,1,0,29,96.5,97.2,5,0,0,0,66.0,26.1,0,0.0,0
1863.0,29,1,0,1,0,29,96.5,97.2,5,0,0,0,66.0,26.1,0,0.0,0
1864.0,29,1,0,1,0,29,96.5,97.2,5,0,0,0,65.9,26.0,0,0.0,0
1865.0,30,0,0,1,0,30,96.5,97.2,5,0,0,0,65.9,26.0,0,0.0,0
1866.0,30,0,0,1,0,30,97.2,97.2,4,0,0,0,65.8,25.9,0,0.0,0
1867.0,30,0,0,1,0,30,97.2,97.2,4,0,0,0,65.8,25.9,0,0.0,0
1868.0,30,0,0,1,0,30,97.2,97.2,4,0,0,0,65.7,25.8,0,0.0,0
1869.0,30,0,0,1,0,30,96.5,97.2,5,0,0,0,65.7,25.8,0,0.0,0
1870.0,30,0,0,1,0,30,96.5,97.2,5,0,0,0,65.6,25.7,0,0.0,0
1871.0,30,0,0,1,0,30,97.2,97.2,4,0,0,0,65.6,25.7,0,0.0,0
1872.0,30,0,0,1,0,30,97.2,97.2,4,0,0,0,65.5,25.6,0,0.0,0
1873.0,30,0,0,1,0,30,97.9,97.2,3,0,0,0,65.5,25.6,0,0.0,0
1874.0,30,0,0,1,0,30,97.9,97.2,3,0,0,0,65.4,25.5,0,0.0,0
1875.0,30,0,0,1,0,30,97.2,97.2,4,0,0,0,65.4,25.4,0,0.0,0
1876.0,30,0,0,1,0,30,97.2,97.2,4,0,0,0,65.3,25.4,0,0.0,0
1877.0,30,0,0,1,0,30,97.2,97.2,4,0,0,0,65.3,25.3,0,0.0,0
1878.0,30,0,0,1,0,30,97.9,97.1,3,0,0,0,65.3,25.3,0,0.0,0
1879.0,30,0,0,1,0,30,98.6,97.1,2,0,0,0,65.2,25.2,0,0.0,0
1880.0,30,0,0,1,0,30,98.6,97.1,2,0,0,0,65.2,25.2,0,0.0,0
1881.0,30,0,0,1,0,30,97.9,97.1,3,0,0,0,65.1,25.1,0,0.0,0
1882.0,30,0,0,1,0,30,97.9,97.1,3,0,0,0,65.1,25.1,0,0.0,0
1883.0,30,0,0,1,0,30,97.9,97.1,3,0,0,0,65.0,25.0,0,0.0,0
1884.0,30,0,0,1,0,30,97.9,97.1,3,0,0,0,65.0,25.0,0,0.0,0
1885.0,30,0,0,1,0,30,98.6,97.1,2,0,0,0,64.9,24.9,0,0.0,0
1886.0,30,0,0,1,0,30,98.6,97.1,2,0,0,0,64.9,24.9,0,0.0,0
1887.0,30,0,0,1,0,30,98.6,97.1,2,0,0,0,64.8,24.8,0,0.0,0
1888.0,30,0,0,1,0,30,98.6,97.1,2,0,0,0,64.8,24.8,0,0.0,0
1889.0,30,0,0,1,0,30,98.6,97.1,2,0,0,0,64.7,24.7,0,0.0,0
1890.0,30,0,0,1,0,30,98.6,97.1,2,0,0,0,64.7,24.7,0,0.0,0
1891.0,30,0,0,1,0,30,98.6,97.1,2,0,0,0,64.6,24.6,0,0.0,0
1892.0,30,0,0,1,0,30,98.6,97.1,2,0,0,0,64.6,24.5,0,0.0,0
1893.0,30,0,0,1,0,30,98.6,97.1,2,0,0,0,64.5,24.5,0,0.0,0
1894.0,30,0,0,1,0,30,98.6,97.1,2,0,0,0,64.5,24.4,0,0.0,0
1895.0,30,0,0,1,0,30,98.6,97.1,2,0,0,0,64.4,24.4,0,0.0,0
1896.0,30,0,0,1,0,30,98.6,97.1,2,0,0,0,64.4,24.3,0,0.0,0
1897.0,30,0,0,1,0,30,97.9,97.1,3,0,0,0,64.3,24.3,0,0.0,0
1898.0,30,0,0,1,0,30,97.9,97.1,3,0,0,0,64.3,24.2,0,0.0,0
1899.0,30,0,0,1,0,30,98.6,97.1,2,0,0,0,64.2,24.2,0,0.0,0
1900.0,30,0,0,1,0,30,98.6,97.1,2,0,0,0,64.2,24.1,0,0.0,0
1901.0,30,0,0,1,0,30,98.6,97.1,2,0,0,0,64.1,24.1,0,0.0,0
1902.0,30,0,0,1,0,30,98.6,97.1,2,0,0,0,64.1,24.0,0,0.0,0
1903.0,30,0,0,1,0,30,97.9,97.1,3,0,0,0,64.0,24.0,0,0.0,0
1904.0,30,0,0,1,0,30,97.9,97.2,3,0,0,0,64.0,23.9,0,0.0,0
1905.0,30,0,0,1,0,30,97.2,97.2,4,0,0,0,63.9,23.9,0,0.0,0
1906.0,30,0,0,1,0,30,97.9,97.2,3,0,0,0,63.9,23.8,0,0.0,0
1907.0,30,0,0,1,0,30,97.9,97.2,3,0,0,0,63.8,23.8,0,0.0,0
1908.0,30,0,0,1,0,30,97.9,97.2,3,0,0,0,63.8,23.7,0,0.0,0
1909.0,30,0,0,1,0,30,97.9,97.2,3,0,0,0,63.7,23.6,0,0.0,0
1910.0,30,0,0,1,0,30,97.9,97.2,3,0,0,0,63.7,23.6,0,0.0,0
1911.0,30,0,0,1,0,30,97.9,97.2,3,0,0,0,63.6,23.5,0,0.0,0
1912.0,30,0,0,1,0,30,97.2,97.2,4,0,0,0,63.6,23.5,0,0.0,0
1913.0,30,0,0,1,0,30,97.9,97.2,3,0,0,0,63.5,23.4,0,0.0,0
1914.0,30,0,0,1,0,30,97.9,97.2,3,0,0,0,63.5,23.4,0,0.0,0
1915.0,30,0,0,1,0,30,97.9,97.2,3,0,0,0,63.4,23.3,0,0.0,0
1916.0,30,0,0,1,0,30,97.9,97.2,3,0,0,0,63.4,23.3,0,0.0,0
1917.0,30,0,0,1,0,30,97.9,97.2,3,0,0,0,63.3,23.2,0,0.0,0
1918.0,30,0,0,1,0,30,97.9,97.2,3,0,0,0,63.3,23.2,0,0.0,0
1919.0,30,0,0,1,0,30,98.6,97.2,2,0,0,0,63.2,23.1,0,0.0,0
1920.0,30,0,0,1,0,30,98.6,97.2,2,0,0,0,63.2,23.1,0,0.0,0
1921.0,30,0,0,1,0,30,98.6,97.2,2,0,0,0,63.1,23.0,0,0.0,0
1922.0,30,0,0,1,0,30,98.6,97.2,2,0,0,0,63.1,23.0,0,0.0,0
1923.0,30,0,0,1,0,30,98.6,97.2,2,0,0,0,63.0,22.9,0,0.0,0
1924.0,29,0,1,1,0,30,98.6,97.2,2,0,0,0,63.0,22.9,0,0.0,0
1925.0,29,0,1,1,0,30,98.6,97.2,2,0,0,0,62.9,22.9,0,0.0,0
1926.0,29,0,1,1,0,30,98.6,97.2,2,0,0,0,62.9,22.9,0,0.0,0
1927.0,29,0,1,1,0,30,98.6,97.3,2,0,0,0,62.9,22.9,0,0.0,0
1928.0,29,0,1,1,0,30,98.6,97.3,2,0,0,0,62.8,22.9,0,0.0,0
1929.0,29,0,1,1,0,30,97.9,97.3,3,0,0,0,62.8,22.9,0,0.0,0
1930.0,29,0,1,1,0,30,97.9,97.3,3,0,0,0,62.7,22.9,0,0.0,0
1931.0,29,0,1,1,0,30,97.2,97.3,4,0,0,0,62.7,22.8,0,0.0,0
1932.0,29,0,1,1,0,30,96.5,97.3,5,0,0,0,62.6,22.8,0,0.0,0
1933.0,29,0,1,1,0,30,96.5,97.3,5,0,0,0,62.6,22.7,0,0.0,0
1934.0,29,0,1,1,0,30,96.5,97.2,5,0,0,0,62.5,22.7,0,0.0,0
1935.0,29,0,1,1,0,30,97.2,97.2,4,0,0,0,62.5,22.6,0,0.0,0
1936.0,28,0,2,1,0,30,97.2,97.2,4,0,0,0,62.4,22.6,0,0.0,0
1937.0,28,0,2,1,0,30,97.9,97.2,3,0,0,0,62.4,22.6,0,0.0,0
1938.0,28,0,2,1,0,30,97.9,97.2,3,0,0,0,62.3,22.6,0,0.0,0
1939.0,28,0,2,1,0,30,97.9,97.2,3,0,0,0,62.3,22.6,0,0.0,0
1940.0,28,0,2,1,0,30,98.6,97.2,2,0,0,0,62.3,22.6,0,0.0,0
1941.0,28,0,2,1,0,30,98.6,97.2,2,0,0,0,62.2,22.6,0,0.0,0
1942.0,28,0,2,1,0,30,98.6,97.2,2,0,0,0,62.2,22.6,0,0.0,0
1943.0,28,0,2,1,0,30,98.6,97.2,2,0,0,0,62.1,22.6,0,0.0,0
1944.0,28,0,2,1,0,30,98.6,97.2,2,0,0,0,62.1,22.6,0,0.0,0
1945.0,28,0,2,1,0,30,98.6,97.2,2,0,0,0,62.0,22.6,0,0.0,0
1946.0,28,0,2,1,0,30,98.6,97.2,2,0,0,0,62.0,22.5,0,0.0,0
1947.0,28,0,2,1,0,30,98.6,97.2,2,0,0,0,61.9,22.5,0,0.0,0
1948.0,28,0,2,1,0,30,98.6,97.2,2,0,0,0,61.9,22.4,0,0.0,0
1949.0,28,0,2,1,0,30,98.6,97.2,2,0,0,0,61.8,22.4,0,0.0,0
1950.0,28,0,2,1,0,30,98.6,97.2,2,0,0,0,61.8,22.3,0,0.0,0
1951.0,28,0,2,1,0,30,98.6,97.2,2,0,0,0,61.8,22.3,0,0.0,0
1952.0,28,0,2,1,0,30,98.6,97.2,2,0,0,0,61.7,22.2,0,0.0,0
1953.0,28,0,2,1,0,30,98.6,97.2,2,0,0,0,61.7,22.2,0,0.0,0
1954.0,28,0,2,1,0,30,98.6,97.2,2,0,0,0,61.6,22.1,0,0.0,0
1955.0,28,0,2,1,0,30,97.9,97.2,3,0,0,0,61.6,22.1,0,0.0,0
1956.0,27,0,3,1,0,30,97.9,97.2,3,0,0,0,61.5,22.0,0,0.0,0
1957.0,27,0,3,1,0,30,97.9,97.2,3,0,0,0,61.5,22.0,0,0.0,0
1958.0,26,0,4,1,0,30,97.9,97.2,3,0,0,0,61.4,21.9,0,0.0,0
1959.0,26,0,4,1,0,30,97.9,97.3,3,0,0,0,61.4,21.9,0,0.0,0
1960.0,26,0,4,1,0,30,97.9,97.3,3,0,0,0,61.4,21.9,0,0.0,0
1961.0,26,0,4,1,0,30,97.2,97.3,4,0,0,0,61.3,21.9,0,0.0,0
1962.0,26,0,4,1,0,30,97.2,97.3,4,0,0,0,61.3,21.9,0,0.0,0
1963.0,26,0,4,1,0,30,97.2,97.3,4,0,0,0,61.2,21.9,0,0.0,0
1964.0,26,0,4,1,0,30,97.2,97.3,4,0,0,0,61.2,21.9,0,0.0,0
1965.0,26,0,4,1,0,30,97.2,97.3,4,0,0,0,61.1,21.9,0,0.0,0
1966.0,26,0,4,1,0,30,97.2,97.3,4,0,0,0,61.1,21.9,0,0.0,0
1967.0,26,0,4,1,0,30,97.2,97.3,4,0,0,0,61.1,21.9,0,0.0,0
1968.0,26,0,4,1,0,30,96.5,97.3,5,0,0,0,61.0,21.9,0,0.0,0
1969.0,26,0,4,1,0,30,96.5,97.3,5,0,0,0,61.0,21.9,0,0.0,0
1970.0,26,0,4,1,0,30,96.5,97.3,5,0,0,0,60.9,21.9,0,0.0,0
1971.0,26,0,4,1,0,30,96.5,97.3,5,0,0,0,60.9,21.9,0,0.0,0
1972.0,26,0,4,1,0,30,96.5,97.3,5,0,0,0,60.8,21.9,0,0.0,0
1973.0,26,0,4,1,0,30,96.5,97.3,5,0,0,0,60.8,21.9,0,0.0,0
1974.0,26,0,4,1,0,30,96.5,97.3,5,0,0,0,60.8,21.9,0,0.0,0
1975.0,26,0,4,1,0,30,95.8,97.3,6,0,0,0,60.7,21.9,0,0.0,0
1976.0,26,0,4,1,0,30,95.8,97.3,6,0,0,0,60.7,21.9,0,0.0,0
1977.0,26,0,4,1,0,30,95.8,97.2,6,0,0,0,60.6,21.9,0,0.0,0
1978.0,26,0,4,1,0,30,95.8,97.2,6,0,0,0,60.6,21.9,0,0.0,0
1979.0,26,0,4,1,0,30,95.8,97.2,6,0,0,0,60.6,21.9,0,0.0,0
1980.0,26,0,4,1,0,30,95.8,97.2,6,0,0,0,60.5,21.9,0,0.0,0
1981.0,26,0,4,1,0,30,95.8,97.2,6,0,0,0,60.5,21.9,0,0.0,0
1982.0,26,0,4,1,0,30,95.8,97.2,6,0,0,0,60.4,21.9,0,0.0,0
1983.0,26,0,4,1,0,30,95.1,97.2,7,0,0,0,60.4,21.9,0,0.0,0
1984.0,26,1,3,1,0,29,94.4,97.2,8,0,0,0,62.8,21.9,0,0.0,0
1985.0,27,0,3,1,0,30,94.4,97.2,8,0,0,0,62.8,21.9,0,0.0,0
1986.0,27,0,3,1,0,30,94.4,97.2,8,0,0,0,62.7,21.9,0,0.0,0
1987.0,27,0,3,1,0,30,94.4,97.2,8,0,0,0,62.7,21.9,0,0.0,0
1988.0,27,0,3,1,0,30,94.4,97.2,8,0,0,0,62.7,21.9,0,0.0,0
1989.0,27,0,3,1,0,30,95.1,97.1,7,0,0,0,62.6,21.9,0,0.0,0
1990.0,27,0,3,1,0,30,95.1,97.1,7,0,0,0,62.6,21.9,0,0.0,0
1991.0,27,0,3,1,0,30,96.5,97.1,5,0,0,0,62.5,21.9,0,0.0,0
1992.0,27,0,3,1,0,30,95.8,97.1,6,0,0,0,62.5,21.9,0,0.0,0
1993.0,27,0,3,1,0,30,95.8,97.1,6,0,0,0,62.4,21.9,0,0.0,0
1994.0,27,0,3,1,0,30,95.8,97.1,6,0,0,0,62.4,21.9,0,0.0,0
1995.0,27,0,3,1,0,30,95.8,97.1,6,0,0,0,62.3,21.9,0,0.0,0
1996.0,27,1,2,1,0,29,95.8,97.1,6,0,0,0,64.8,21.9,0,0.0,0
1997.0,27,1,2,1,0,29,95.8,97.1,6,0,0,0,64.8,21.9,0,0.0,0
1998.0,27,1,2,1,0,29,97.2,97.1,4,0,0,0,64.7,21.9,0,0.0,0
1999.0,27,1,2,1,0,29,97.9,97.1,3,0,0,0,64.7,21.9,0,0.0,0
2000.0,27,1,2,1,0,29,97.9,97.1,3,0,0,0,64.6,21.9,0,0.0,0
2001.0,27,1,2,1,0,29,97.9,97.1,3,0,0,0,64.6,21.9,0,0.0,0
2002.0,27,1,2,1,0,29,97.2,97.1,4,0,0,0,64.5,21.9,0,0.0,0
2003.0,27,1,2,1,0,29,96.5,97.1,5,0,0,0,64.5,21.9,0,0.0,0
2004.0,27,1,2,1,0,29,96.5,97.1,5,0,0,0,64.5,21.9,0,0.0,0
2005.0,27,1,2,1,0,29,97.2,97.1,4,0,0,0,64.4,21.9,0,0.0,0
2006.0,28,0,2,1,0,30,97.9,97.1,3,0,0,0,64.4,21.9,0,0.0,0
2007.0,28,0,2,1,0,30,97.9,97.1,3,0,0,0,64.3,21.9,0,0.0,0
2008.0,28,0,2,1,0,30,96.5,97.1,5,0,0,0,64.3,21.9,0,0.0,0
2009.0,28,0,2,1,0,30,96.5,97.1,5,0,0,0,64.2,21.9,0,0.0,0
2010.0,28,0,2,1,0,30,96.5,97.1,5,0,0,0,64.2,21.9,0,0.0,0
2011.0,28,0,2,1,0,30,96.5,97.1,5,0,0,0,64.1,21.9,0,0.0,0
2012.0,28,0,2,1,0,30,96.5,97.1,5,0,0,0,64.1,21.9,0,0.0,0
2013.0,28,0,2,1,0,30,97.2,97.1,4,0,0,0,64.0,21.9,0,0.0,0
2014.0,28,0,2,1,0,30,97.2,97.1,4,0,0,0,64.0,21.9,0,0.0,0
2015.0,28,0,2,1,0,30,97.2,97.1,4,0,0,0,64.0,21.9,0,0.0,0
2016.0,28,1,1,1,0,29,97.2,97.1,4,0,0,0,66.4,21.9,0,0.0,0
2017.0,28,1,1,1,0,29,97.2,97.1,4,0,0,0,66.4,21.9,0,0.0,0
2018.0,28,2,0,1,0,28,97.9,97.1,3,0,0,0,68.9,26.0,0,0.0,0
2019.0,28,2,0,1,0,28,97.9,97.1,3,0,0,0,68.8,25.9,0,0.0,0
2020.0,28,2,0,1,0,28,97.9,97.1,3,0,0,0,68.8,25.9,0,0.0,0
2021.0,28,2,0,1,0,28,97.9,97.2,3,0,0,0,68.7,25.8,0,0.0,0
2022.0,28,2,0,1,0,28,98.6,97.2,2,0,0,0,68.7,25.7,0,0.0,0
2023.0,28,2,0,1,0,28,98.6,97.2,2,0,0,0,68.6,25.7,0,0.0,0
2024.0,28,2,0,1,0,28,98.6,97.2,2,0,0,0,68.6,25.6,0,0.0,0
2025.0,28,2,0,1,0,28,98.6,97.2,2,0,0,0,68.5,25.6,0,0.0,0
2026.0,28,2,0,1,0,28,98.6,97.2,2,0,0,0,68.5,25.5,0,0.0,0
2027.0,28,2,0,1,0,28,98.6,97.2,2,0,0,0,68.4,25.5,0,0.0,0
2028.0,28,2,0,1,0,28,98.6,97.2,2,0,0,0,68.4,25.4,0,0.0,0
2029.0,28,2,0,1,0,28,98.6,97.2,2,0,0,0,68.4,25.4,0,0.0,0
2030.0,28,2,0,1,0,28,98.6,97.2,2,0,0,0,68.3,25.3,0,0.0,0
2031.0,28,2,0,1,0,28,98.6,97.2,2,0,0,0,68.3,25.3,0,0.0,0
2032.0,28,2,0,1,0,28,98.6,97.2,2,0,0,0,68.2,25.2,0,0.0,0
2033.0,28,2,0,1,0,28,98.6,97.2,2,0,0,0,68.2,25.2,0,0.0,0
2034.0,28,2,0,1,0,28,98.6,97.2,2,0,0,0,68.1,25.1,0,0.0,0
2035.0,28,2,0,1,0,28,98.6,97.2,2,0,0,0,68.1,25.1,0,0.0,0
2036.0,28,2,0,1,0,28,97.9,97.2,3,0,0,0,68.0,25.0,0,0.0,0
2037.0,28,2,0,1,0,28,97.9,97.2,3,0,0,0,68.0,25.0,0,0.0,0
2038.0,28,2,0,1,0,28,97.9,97.3,3,0,0,0,67.9,24.9,0,0.0,0
2039.0,28,2,0,1,0,28,97.9,97.3,3,0,0,0,67.9,24.9,0,0.0,0
2040.0,28,2,0,1,0,28,97.9,97.3,3,0,0,0,67.9,24.8,0,0.0,0
2041.0,28,2,0,1,0,28,97.9,97.3,3,0,0,0,67.8,24.7,0,0.0,0
2042.0,28,2,0,1,0,28,97.9,97.3,3,0,0,0,67.8,24.7,0,0.0,0
2043.0,28,2,0,1,0,28,97.2,97.3,4,0,0,0,67.7,24.6,0,0.0,0
2044.0,28,2,0,1,0,28,97.2,97.3,4,0,0,0,67.7,24.6,0,0.0,0
2045.0,28,2,0,1,0,28,97.2,97.3,4,0,0,0,67.6,24.5,0,0.0,0
2046.0,28,2,0,1,0,28,97.2,97.3,4,0,0,0,67.6,24.5,0,0.0,0
2047.0,28,2,0,1,0,28,97.2,97.3,4,0,0,0,67.5,24.4,0,0.0,0
2048.0,28,2,0,1,0,28,97.2,97.3,4,0,0,0,67.5,24.4,0,0.0,0
2049.0,28,2,0,1,0,28,97.2,97.3,4,0,0,0,67.4,24.3,0,0.0,0
2050.0,28,2,0,1,0,28,96.5,97.3,5,0,0,0,67.4,24.3,0,0.0,0
2051.0,28,2,0,1,0,28,96.5,97.3,5,0,0,0,67.4,24.2,0,0.0,0
2052.0,28,2,0,1,0,28,96.5,97.3,5,0,0,0,67.3,24.2,0,0.0,0
2053.0,28,2,0,1,0,28,96.5,97.3,5,0,0,0,67.3,24.1,0,0.0,0
2054.0,28,2,0,1,0,28,96.5,97.3,5,0,0,0,67.2,24.1,0,0.0,0
2055.0,28,2,0,1,0,28,96.5,97.3,5,0,0,0,67.2,24.0,0,0.0,0
2056.0,28,2,0,1,0,28,96.5,97.3,5,0,0,0,67.1,24.0,0,0.0,0
2057.0,28,2,0,1,0,28,95.8,97.3,6,0,0,0,67.1,23.9,0,0.0,0
2058.0,28,2,0,1,0,28,95.8,97.3,6,0,0,0,67.0,23.8,0,0.0,0
2059.0,28,2,0,1,0,28,95.8,97.3,6,0,0,0,67.0,23.8,0,0.0,0
2060.0,28,2,0,1,0,28,95.8,97.3,6,0,0,0,66.9,23.7,0,0.0,0
2061.0,28,2,0,1,0,28,95.8,97.3,6,0,0,0,66.9,23.7,0,0.0,0
2062.0,28,2,0,1,0,28,95.1,97.3,7,0,0,0,66.8,23.6,0,0.0,0
2063.0,28,2,0,1,0,28,95.8,97.3,6,0,0,0,66.8,23.6,0,0.0,0
2064.0,28,2,0,1,0,28,95.1,97.3,7,0,0,0,66.8,23.5,0,0.0,0
2065.0,28,2,0,1,0,28,94.4,97.3,8,0,0,0,66.7,23.5,0,0.0,0
2066.0,28,2,0,1,0,28,93.8,97.3,9,0,0,0,66.7,23.4,0,0.0,0
2067.0,28,2,0,1,0,28,94.4,97.3,8,0,0,0,66.6,23.4,0,0.0,0
2068.0,28,2,0,1,0,28,95.1,97.3,7,0,0,0,66.6,23.3,0,0.0,0
2069.0,28,2,0,1,0,28,95.1,97.2,7,0,0,0,66.5,23.3,0,0.0,0
2070.0,28,2,0,1,0,28,95.8,97.2,6,0,0,0,66.5,23.2,0,0.0,0
2071.0,28,2,0,1,0,28,95.8,97.2,6,0,0,0,66.4,23.2,0,0.0,0
2072.0,28,2,0,1,0,28,95.8,97.2,6,0,0,0,66.4,23.1,0,0.0,0
2073.0,28,2,0,1,0,28,95.8,97.2,6,0,0,0,66.3,23.1,0,0.0,0
2074.0,28,2,0,1,0,28,97.2,97.3,4,0,0,0,66.3,23.0,0,0.0,0
2075.0,28,2,0,1,0,28,97.2,97.3,4,0,0,0,66.3,22.9,0,0.0,0
2076.0,28,2,0,1,0,28,97.2,97.3,4,0,0,0,66.2,22.9,0,0.0,0
2077.0,28,2,0,1,0,28,97.2,97.3,4,0,0,0,66.2,22.8,0,0.0,0
2078.0,28,2,0,1,0,28,97.2,97.3,4,0,0,0,66.1,22.8,0,0.0,0
2079.0,28,2,0,1,0,28,97.9,97.3,3,0,0,0,66.1,22.7,0,0.0,0
2080.0,28,2,0,1,0,28,98.6,97.3,2,0,0,0,66.0,22.7,0,0.0,0
2081.0,28,2,0,1,0,28,98.6,97.3,2,0,0,0,66.0,22.6,0,0.0,0
2082.0,28,2,0,1,0,28,98.6,97.3,2,0,0,0,65.9,22.6,0,0.0,0
2083.0,28,2,0,1,0,28,98.6,97.3,2,0,0,0,65.9,22.5,0,0.0,0
2084.0,28,2,0,1,0,28,98.6,97.3,2,0,0,0,65.9,22.5,0,0.0,0
2085.0,28,2,0,1,0,28,98.6,97.3,2,0,0,0,65.8,22.4,0,0.0,0
2086.0,28,2,0,1,0,28,98.6,97.3,2,0,0,0,65.8,22.4,0,0.0,0
2087.0,28,2,0,1,0,28,98.6,97.3,2,0,0,0,65.7,22.3,0,0.0,0
2088.0,28,2,0,1,0,28,98.6,97.3,2,0,0,0,65.7,22.3,0,0.0,0
2089.0,28,2,0,1,0,28,98.6,97.3,2,0,0,0,65.6,22.2,0,0.0,0
2090.0,28,2,0,1,0,28,98.6,97.4,2,0,0,0,65.6,22.2,0,0.0,0
2091.0,28,2,0,1,0,28,98.6,97.4,2,0,0,0,65.5,22.1,0,0.0,0
2092.0,28,2,0,1,0,28,98.6,97.4,2,0,0,0,65.5,22.0,0,0.0,0
2093.0,28,2,0,1,0,28,98.6,97.4,2,0,0,0,65.4,22.0,0,0.0,0
2094.0,28,2,0,1,0,28,98.6,97.4,2,0,0,0,65.4,21.9,0,0.0,0
2095.0,28,2,0,1,0,28,98.6,97.4,2,0,0,0,65.4,21.9,0,0.0,0
2096.0,28,2,0,1,0,28,98.6,97.4,2,0,0,0,65.3,21.8,0,0.0,0
2097.0,28,2,0,1,0,28,98.6,97.4,2,0,0,0,65.3,21.8,0,0.0,0
2098.0,28,1,1,1,0,29,98.6,97.4,2,0,0,0,65.2,21.8,0,0.0,0
2099.0,28,1,1,1,0,29,98.6,97.4,2,0,0,0,65.2,21.8,0,0.0,0
2100.0,28,1,1,1,0,29,98.6,97.4,2,0,0,0,65.1,21.8,0,0.0,0
2101.0,28,1,1,1,0,29,98.6,97.4,2,0,0,0,65.1,21.8,0,0.0,0
2102.0,28,1,1,1,0,29,98.6,97.5,2,0,0,0,65.0,21.8,0,0.0,0
2103.0,28,1,1,1,0,29,98.6,97.5,2,0,0,0,65.0,21.8,0,0.0,0
2104.0,28,1,1,1,0,29,98.6,97.5,2,0,0,0,64.9,21.8,0,0.0,0
2105.0,28,1,1,1,0,29,98.6,97.5,2,0,0,0,64.9,21.8,0,0.0,0
2106.0,28,1,1,1,0,29,98.6,97.5,2,0,0,0,64.9,21.8,0,0.0,0
2107.0,28,1,1,1,0,29,98.6,97.5,2,0,0,0,64.8,21.8,0,0.0,0
2108.0,28,1,1,1,0,29,98.6,97.5,2,0,0,0,64.8,21.8,0,0.0,0
2109.0,28,1,1,1,0,29,98.6,97.5,2,0,0,0,64.7,21.8,0,0.0,0
2110.0,28,1,1,1,0,29,98.6,97.5,2,0,0,0,64.7,21.8,0,0.0,0
2111.0,28,1,1,1,0,29,98.6,97.5,2,0,0,0,64.6,21.8,0,0.0,0
2112.0,28,1,1,1,0,29,98.6,97.5,2,0,0,0,64.6,21.8,0,0.0,0
2113.0,28,1,1,1,0,29,98.6,97.5,2,0,0,0,64.5,21.7,0,0.0,0
2114.0,28,1,1,1,0,29,98.6,97.5,2,0,0,0,64.5,21.7,0,0.0,0
2115.0,28,1,1,1,0,29,98.6,97.5,2,0,0,0,64.4,21.6,0,0.0,0
2116.0,28,1,1,1,0,29,98.6,97.5,2,0,0,0,64.4,21.6,0,0.0,0
2117.0,28,1,1,1,0,29,98.6,97.5,2,0,0,0,64.3,21.5,0,0.0,0
2118.0,28,1,1,1,0,29,98.6,97.5,2,0,0,0,64.3,21.4,0,0.0,0
2119.0,28,1,1,1,0,29,98.6,97.5,2,0,0,0,64.3,21.4,0,0.0,0
2120.0,28,1,1,1,0,29,97.9,97.5,3,0,0,0,64.2,21.3,0,0.0,0
2121.0,28,1,1,1,0,29,97.9,97.5,3,0,0,0,64.2,21.3,0,0.0,0
2122.0,28,1,1,1,0,29,97.2,97.5,4,0,0,0,64.1,21.2,0,0.0,0
2123.0,28,0,2,1,0,30,97.2,97.5,4,0,0,0,64.1,21.2,0,0.0,0
2124.0,28,0,2,1,0,30,97.9,97.5,3,0,0,0,64.0,21.2,0,0.0,0
2125.0,28,0,2,1,0,30,97.2,97.5,4,0,0,0,64.0,21.2,0,0.0,0
2126.0,28,0,2,1,0,30,97.2,97.5,4,0,0,0,63.9,21.2,0,0.0,0
2127.0,28,0,2,1,0,30,97.2,97.5,4,0,0,0,63.9,21.2,0,0.0,0
2128.0,28,0,2,1,0,30,96.5,97.5,5,0,0,0,63.8,21.2,0,0.0,0
2129.0,28,0,2,1,0,30,95.8,97.5,6,0,0,0,63.8,21.2,0,0.0,0
2130.0,28,0,2,1,0,30,96.5,97.5,5,0,0,0,63.8,21.2,0,0.0,0
2131.0,28,0,2,1,0,30,95.8,97.5,6,0,0,0,63.7,21.2,0,0.0,0
2132.0,28,0,2,1,0,30,95.8,97.5,6,0,0,0,63.7,21.2,0,0.0,0
2133.0,27,0,3,1,0,30,95.8,97.5,6,0,0,0,63.6,21.2,0,0.0,0
2134.0,27,0,3,1,0,30,95.8,97.4,6,0,0,0,63.6,21.2,0,0.0,0
2135.0,27,0,3,1,0,30,96.5,97.4,5,0,0,0,63.5,21.2,0,0.0,0
2136.0,27,0,3,1,0,30,96.5,97.4,5,0,0,0,63.5,21.2,0,0.0,0
2137.0,27,0,3,1,0,30,96.5,97.4,5,0,0,0,63.4,21.2,0,0.0,0
2138.0,27,0,3,1,0,30,95.8,97.4,6,0,0,0,63.4,21.2,0,0.0,0
2139.0,27,0,3,1,0,30,95.8,97.4,6,0,0,0,63.4,21.2,0,0.0,0
2140.0,27,0,3,1,0,30,96.5,97.4,5,0,0,0,63.3,21.2,0,0.0,0
2141.0,27,0,3,1,0,30,96.5,97.4,5,0,0,0,63.3,21.2,0,0.0,0
2142.0,27,0,3,1,0,30,97.2,97.4,4,0,0,0,63.2,21.2,0,0.0,0
2143.0,27,0,3,1,0,30,97.9,97.4,3,0,0,0,63.2,21.2,0,0.0,0
2144.0,27,0,3,1,0,30,97.2,97.4,4,0,0,0,63.1,21.2,0,0.0,0
2145.0,27,0,3,1,0,30,97.2,97.4,4,0,0,0,63.1,21.2,0,0.0,0
2146.0,27,0,3,1,0,30,96.5,97.4,5,0,0,0,63.1,21.2,0,0.0,0
2147.0,27,0,3,1,0,30,96.5,97.4,5,0,0,0,63.0,21.2,0,0.0,0
2148.0,27,0,3,1,0,30,97.2,97.4,4,0,0,0,63.0,21.2,0,0.0,0
2149.0,27,0,3,1,0,30,97.2,97.4,4,0,0,0,62.9,21.2,0,0.0,0
2150.0,27,0,3,1,0,30,97.2,97.4,4,0,0,0,62.9,21.2,0,0.0,0
2151.0,27,0,3,1,0,30,97.2,97.4,4,0,0,0,62.8,21.2,0,0.0,0
2152.0,27,0,3,1,0,30,96.5,97.4,5,0,0,0,62.8,21.2,0,0.0,0
2153.0,27,0,3,1,0,30,96.5,97.3,5,0,0,0,62.7,21.2,0,0.0,0
2154.0,27,0,3,1,0,30,97.2,97.3,4,0,0,0,62.7,21.2,0,0.0,0
2155.0,27,0,3,1,0,30,97.2,97.3,4,0,0,0,62.7,21.2,0,0.0,0
2156.0,27,0,3,1,0,30,97.2,97.3,4,0,0,0,62.6,21.2,0,0.0,0
2157.0,27,0,3,1,0,30,97.2,97.3,4,0,0,0,62.6,21.2,0,0.0,0
2158.0,27,1,2,1,0,29,97.2,97.3,4,0,0,0,65.1,21.2,0,0.0,0
2159.0,27,1,2,1,0,29,97.9,97.3,3,0,0,0,65.0,21.2,0,0.0,0
2160.0,27,1,2,1,0,29,97.9,97.3,3,0,0,0,65.0,21.2,0,0.0,0
2161.0,27,1,2,1,0,29,97.9,97.3,3,0,0,0,64.9,21.2,0,0.0,0
2162.0,27,1,2,1,0,29,97.9,97.3,3,0,0,0,64.9,21.2,0,0.0,0
2163.0,27,1,2,1,0,29,97.9,97.3,3,0,0,0,64.8,21.2,0,0.0,0
2164.0,27,1,2,1,0,29,97.9,97.3,3,0,0,0,64.8,21.2,0,0.0,0
2165.0,27,1,2,1,0,29,97.9,97.3,3,0,0,0,64.7,21.2,0,0.0,0
2166.0,27,1,2,1,0,29,98.6,97.3,2,0,0,0,64.7,21.2,0,0.0,0
2167.0,27,1,2,1,0,29,98.6,97.3,2,0,0,0,64.7,21.2,0,0.0,0
2168.0,27,1,2,1,0,29,98.6,97.3,2,0,0,0,64.6,21.2,0,0.0,0
2169.0,27,1,2,1,0,29,98.6,97.3,2,0,0,0,64.6,21.2,0,0.0,0
2170.0,27,1,2,1,0,29,98.6,97.3,2,0,0,0,64.5,21.2,0,0.0,0
2171.0,27,1,2,1,0,29,98.6,97.3,2,0,0,0,64.5,21.2,0,0.0,0
2172.0,27,1,2,1,0,29,98.6,97.3,2,0,0,0,64.4,21.2,0,0.0,0
2173.0,27,1,2,1,0,29,98.6,97.3,2,0,0,0,64.4,21.2,0,0.0,0
2174.0,27,1,2,1,0,29,98.6,97.3,2,0,0,0,64.4,21.2,0,0.0,0
2175.0,27,1,2,1,0,29,98.6,97.4,2,0,0,0,64.3,21.2,0,0.0,0
2176.0,27,1,2,1,0,29,98.6,97.4,2,0,0,0,64.3,21.2,0,0.0,0
2177.0,27,1,2,1,0,29,98.6,97.4,2,0,0,0,64.2,21.2,0,0.0,0
2178.0,27,1,2,1,0,29,98.6,97.4,2,0,0,0,64.2,21.2,0,0.0,0
2179.0,27,1,2,1,0,29,98.6,97.4,2,0,0,0,64.1,21.2,0,0.0,0
2180.0,27,1,2,1,0,29,98.6,97.4,2,0,0,0,64.1,21.2,0,0.0,0
2181.0,27,1,2,1,0,29,98.6,97.4,2,0,0,0,64.0,21.2,0,0.0,0
2182.0,27,1,2,1,0,29,98.6,97.4,2,0,0,0,64.0,21.2,0,0.0,0
2183.0,27,2,1,1,0,28,98.6,97.4,2,0,0,0,66.5,21.2,0,0.0,0
2184.0,27,2,1,1,0,28,98.6,97.4,2,0,0,0,66.5,21.2,0,0.0,0
2185.0,27,2,1,1,0,28,98.6,97.4,2,0,0,0,66.4,21.2,0,0.0,0
2186.0,27,2,1,1,0,28,98.6,97.4,2,0,0,0,66.4,21.2,0,0.0,0
2187.0,27,2,1,1,0,28,98.6,97.4,2,0,0,0,66.3,21.2,0,0.0,0
2188.0,27,2,1,1,0,28,98.6,97.4,2,0,0,0,66.3,21.2,0,0.0,0
2189.0,27,2,1,1,0,28,98.6,97.4,2,0,0,0,66.2,21.2,0,0.0,0
2190.0,27,2,1,1,0,28,98.6,97.4,2,0,0,0,66.2,21.2,0,0.0,0
2191.0,27,2,1,1,0,28,98.6,97.4,2,0,0,0,66.1,21.2,0,0.0,0
2192.0,27,2,1,1,0,28,98.6,97.4,2,0,0,0,66.1,21.2,0,0.0,0
2193.0,27,3,0,1,0,27,98.6,97.4,2,0,0,0,68.6,24.8,0,0.0,0
2194.0,27,3,0,1,0,27,98.6,97.4,2,0,0,0,68.6,24.7,0,0.0,0
2195.0,27,3,0,1,0,27,98.6,97.4,2,0,0,0,68.5,24.7,0,0.0,0
2196.0,27,3,0,1,0,27,98.6,97.4,2,0,0,0,68.5,24.6,0,0.0,0
2197.0,27,3,0,1,0,27,98.6,97.4,2,0,0,0,68.4,24.6,0,0.0,0
2198.0,27,3,0,1,0,27,98.6,97.4,2,0,0,0,68.4,24.5,0,0.0,0
2199.0,27,3,0,1,0,27,98.6,97.4,2,0,0,0,68.3,24.5,0,0.0,0
2200.0,27,3,0,1,0,27,97.9,97.4,3,0,0,0,68.3,24.4,0,0.0,0
2201.0,27,3,0,1,0,27,97.2,97.4,4,0,0,0,68.3,24.3,0,0.0,0
2202.0,27,3,0,1,0,27,96.5,97.4,5,0,0,0,68.2,24.3,0,0.0,0
2203.0,27,3,0,1,0,27,96.5,97.4,5,0,0,0,68.2,24.2,0,0.0,0
2204.0,27,3,0,1,0,27,97.2,97.4,4,0,0,0,68.1,24.2,0,0.0,0
2205.0,27,3,0,1,0,27,97.9,97.4,3,0,0,0,68.1,24.1,0,0.0,0
2206.0,27,3,0,1,0,27,98.6,97.4,2,0,0,0,68.0,24.1,0,0.0,0
2207.0,27,3,0,1,0,27,98.6,97.4,2,0,0,0,68.0,24.0,0,0.0,0
2208.0,27,3,0,1,0,27,98.6,97.4,2,0,0,0,67.9,24.0,0,0.0,0
2209.0,27,3,0,1,0,27,97.9,97.4,3,0,0,0,67.9,23.9,0,0.0,0
2210.0,27,3,0,1,0,27,97.9,97.4,3,0,0,0,67.9,23.9,0,0.0,0
2211.0,27,3,0,1,0,27,97.2,97.4,4,0,0,0,67.8,23.8,0,0.0,0
2212.0,27,3,0,1,0,27,97.2,97.4,4,0,0,0,67.8,23.8,0,0.0,0
2213.0,27,3,0,1,0,27,97.2,97.4,4,0,0,0,67.7,23.7,0,0.0,0
2214.0,27,3,0,1,0,27,97.2,97.4,4,0,0,0,67.7,23.7,0,0.0,0
2215.0,27,3,0,1,0,27,97.2,97.4,4,0,0,0,67.6,23.6,0,0.0,0
2216.0,27,3,0,1,0,27,97.2,97.4,4,0,0,0,67.6,23.6,0,0.0,0
2217.0,27,3,0,1,0,27,97.2,97.4,4,0,0,0,67.6,23.5,0,0.0,0
2218.0,27,3,0,1,0,27,96.5,97.4,5,0,0,0,67.5,23.4,0,0.0,0
2219.0,27,3,0,1,0,27,97.2,97.5,4,0,0,0,67.5,23.4,0,0.0,0
2220.0,27,3,0,1,0,27,97.2,97.5,4,0,0,0,67.4,23.3,0,0.0,0
2221.0,27,3,0,1,0,27,97.9,97.5,3,0,0,0,67.4,23.3,0,0.0,0
2222.0,27,3,0,1,0,27,97.9,97.5,3,0,0,0,67.3,23.2,0,0.0,0
2223.0,27,3,0,1,0,27,97.9,97.5,3,0,0,0,67.3,23.2,0,0.0,0
2224.0,27,3,0,1,0,27,97.9,97.5,3,0,0,0,67.2,23.1,0,0.0,0
2225.0,27,3,0,1,0,27,98.6,97.5,2,0,0,0,67.2,23.1,0,0.0,0
2226.0,27,3,0,1,0,27,98.6,97.5,2,0,0,0,67.2,23.0,0,0.0,0
2227.0,27,3,0,1,0,27,98.6,97.6,2,0,0,0,67.1,23.0,0,0.0,0
2228.0,27,3,0,1,0,27,98.6,97.6,2,0,0,0,67.1,22.9,0,0.0,0
2229.0,27,3,0,1,0,27,98.6,97.6,2,0,0,0,67.0,22.9,0,0.0,0
2230.0,27,3,0,1,0,27,98.6,97.6,2,0,0,0,67.0,22.8,0,0.0,0
2231.0,27,3,0,1,0,27,98.6,97.6,2,0,0,0,66.9,22.8,0,0.0,0
2232.0,27,3,0,1,0,27,98.6,97.6,2,0,0,0,66.9,22.7,0,0.0,0
2233.0,27,3,0,1,0,27,98.6,97.6,2,0,0,0,66.8,22.7,0,0.0,0
2234.0,27,3,0,1,0,27,98.6,97.6,2,0,0,0,66.8,22.6,0,0.0,0
2235.0,27,3,0,1,0,27,98.6,97.7,2,0,0,0,66.8,22.5,0,0.0,0
2236.0,27,2,1,1,0,28,98.6,97.7,2,0,0,0,66.7,22.5,0,0.0,0
2237.0,27,2,1,1,0,28,98.6,97.7,2,0,0,0,66.7,22.5,0,0.0,0
2238.0,27,2,1,1,0,28,98.6,97.7,2,0,0,0,66.6,22.5,0,0.0,0
2239.0,27,2,1,1,0,28,98.6,97.7,2,0,0,0,66.6,22.5,0,0.0,0
2240.0,27,2,1,1,0,28,98.6,97.7,2,0,0,0,66.5,22.5,0,0.0,0
2241.0,27,2,1,1,0,28,98.6,97.7,2,0,0,0,66.5,22.5,0,0.0,0
2242.0,27,2,1,1,0,28,98.6,97.7,2,0,0,0,66.5,22.5,0,0.0,0
2243.0,27,2,1,1,0,28,98.6,97.7,2,0,0,0,66.4,22.4,0,0.0,0
2244.0,27,2,1,1,0,28,98.6,97.7,2,0,0,0,66.4,22.4,0,0.0,0
2245.0,27,2,1,1,0,28,98.6,97.7,2,0,0,0,66.3,22.3,0,0.0,0
2246.0,27,2,1,1,0,28,98.6,97.7,2,0,0,0,66.3,22.3,0,0.0,0
2247.0,27,2,1,1,0,28,98.6,97.7,2,0,0,0,66.2,22.2,0,0.0,0
2248.0,27,2,1,1,0,28,98.6,97.7,2,0,0,0,66.2,22.2,0,0.0,0
2249.0,27,2,1,1,0,28,98.6,97.7,2,0,0,0,66.1,22.1,0,0.0,0
2250.0,27,2,1,1,0,28,98.6,97.8,2,0,0,0,66.1,22.1,0,0.0,0
2251.0,27,2,1,1,0,28,98.6,97.8,2,0,0,0,66.1,22.0,0,0.0,0
2252.0,27,2,1,1,0,28,98.6,97.8,2,0,0,0,66.0,22.0,0,0.0,0
2253.0,27,1,2,1,0,29,97.9,97.8,3,0,0,0,66.0,21.9,0,0.0,0
2254.0,27,1,2,1,0,29,97.9,97.8,3,0,0,0,65.9,21.8,0,0.0,0
2255.0,27,0,3,1,0,30,97.9,97.8,3,0,0,0,65.9,21.8,0,0.0,0
2256.0,27,0,3,1,0,30,97.9,97.8,3,0,0,0,65.8,21.8,0,0.0,0
2257.0,27,0,3,1,0,30,97.9,97.8,3,0,0,0,65.8,21.8,0,0.0,0
2258.0,27,0,3,1,0,30,98.6,97.8,2,0,0,0,65.7,21.8,0,0.0,0
2259.0,27,0,3,1,0,30,98.6,97.8,2,0,0,0,65.7,21.8,0,0.0,0
2260.0,27,0,3,1,0,30,98.6,97.8,2,0,0,0,65.7,21.8,0,0.0,0
2261.0,27,0,3,1,0,30,97.9,97.8,3,0,0,0,65.6,21.8,0,0.0,0
2262.0,27,0,3,1,0,30,97.9,97.8,3,0,0,0,65.6,21.8,0,0.0,0
2263.0,26,0,4,1,0,30,97.9,97.8,3,0,0,0,65.5,21.8,0,0.0,0
2264.0,26,0,4,1,0,30,97.9,97.8,3,0,0,0,65.5,21.8,0,0.0,0
2265.0,26,0,4,1,0,30,97.9,97.8,3,0,0,0,65.5,21.8,0,0.0,0
2266.0,26,0,4,1,0,30,97.9,97.8,3,0,0,0,65.4,21.8,0,0.0,0
2267.0,26,0,4,1,0,30,97.2,97.8,4,0,0,0,65.4,21.8,0,0.0,0
2268.0,26,0,4,1,0,30,97.9,97.8,3,0,0,0,65.3,21.8,0,0.0,0
2269.0,26,0,4,1,0,30,97.9,97.8,3,0,0,0,65.3,21.8,0,0.0,0
2270.0,26,0,4,1,0,30,97.2,97.8,4,0,0,0,65.2,21.8,0,0.0,0
2271.0,26,0,4,1,0,30,97.2,97.8,4,0,0,0,65.2,21.8,0,0.0,0
2272.0,26,0,4,1,0,30,96.5,97.7,5,0,0,0,65.2,21.8,0,0.0,0
2273.0,26,0,4,1,0,30,96.5,97.7,5,0,0,0,65.1,21.8,0,0.0,0
2274.0,26,0,4,1,0,30,95.8,97.7,6,0,0,0,65.1,21.8,0,0.0,0
2275.0,26,0,4,1,0,30,96.5,97.7,5,0,0,0,65.0,21.8,0,0.0,0
2276.0,26,0,4,1,0,30,96.5,97.7,5,0,0,0,65.0,21.8,0,0.0,0
2277.0,26,0,4,1,0,30,95.8,97.7,6,0,0,0,64.9,21.8,0,0.0,0
2278.0,26,0,4,1,0,30,95.8,97.7,6,0,0,0,64.9,21.8,0,0.0,0
2279.0,26,0,4,1,0,30,95.8,97.7,6,0,0,0,64.9,21.8,0,0.0,0
2280.0,26,0,4,1,0,30,95.8,97.7,6,0,0,0,64.8,21.8,0,0.0,0
2281.0,26,0,4,1,0,30,95.8,97.7,6,0,0,0,64.8,21.8,0,0.0,0
2282.0,26,0,4,1,0,30,97.2,97.7,4,0,0,0,64.7,21.8,0,0.0,0
2283.0,26,0,4,1,0,30,97.2,97.7,4,0,0,0,64.7,21.8,0,0.0,0
2284.0,26,0,4,1,0,30,96.5,97.7,5,0,0,0,64.7,21.8,0,0.0,0
2285.0,26,0,4,1,0,30,96.5,97.7,5,0,0,0,64.6,21.8,0,0.0,0
2286.0,26,0,4,1,0,30,96.5,97.7,5,0,0,0,64.6,21.8,0,0.0,0
2287.0,26,0,4,1,0,30,97.2,97.7,4,0,0,0,64.5,21.8,0,0.0,0
2288.0,26,0,4,1,0,30,97.9,97.7,3,0,0,0,64.5,21.8,0,0.0,0
2289.0,26,0,4,1,0,30,97.9,97.7,3,0,0,0,64.4,21.8,0,0.0,0
2290.0,26,0,4,1,0,30,97.2,97.7,4,0,0,0,64.4,21.8,0,0.0,0
2291.0,26,0,4,1,0,30,97.2,97.7,4,0,0,0,64.4,21.8,0,0.0,0
2292.0,26,0,4,1,0,30,97.2,97.7,4,0,0,0,64.3,21.8,0,0.0,0
2293.0,26,0,4,1,0,30,97.2,97.7,4,0,0,0,64.3,21.8,0,0.0,0
2294.0,26,0,4,1,0,30,97.2,97.7,4,0,0,0,64.2,21.8,0,0.0,0
2295.0,26,0,4,1,0,30,97.9,97.7,3,0,0,0,64.2,21.8,0,0.0,0
2296.0,26,1,3,1,0,29,97.2,97.7,4,0,0,0,66.6,21.8,0,0.0,0
2297.0,27,0,3,1,0,30,97.2,97.7,4,0,0,0,66.6,21.8,0,0.0,0
2298.0,27,0,3,1,0,30,97.2,97.7,4,0,0,0,66.6,21.8,0,0.0,0
2299.0,27,0,3,1,0,30,97.2,97.7,4,0,0,0,66.5,21.8,0,0.0,0
2300.0,27,0,3,1,0,30,97.2,97.7,4,0,0,0,66.5,21.8,0,0.0,0
2301.0,27,0,3,1,0,30,97.2,97.7,4,0,0,0,66.4,21.8,0,0.0,0
2302.0,27,0,3,1,0,30,97.2,97.7,4,0,0,0,66.4,21.8,0,0.0,0
2303.0,27,0,3,1,0,30,97.9,97.7,3,0,0,0,66.3,21.8,0,0.0,0
2304.0,27,0,3,1,0,30,97.9,97.7,3,0,0,0,66.3,21.8,0,0.0,0
2305.0,27,0,3,1,0,30,97.9,97.8,3,0,0,0,66.3,21.8,0,0.0,0
2306.0,27,0,3,1,0,30,97.9,97.8,3,0,0,0,66.2,21.8,0,0.0,0
2307.0,27,0,3,1,0,30,97.9,97.8,3,0,0,0,66.2,21.8,0,0.0,0
2308.0,27,0,3,1,0,30,97.9,97.8,3,0,0,0,66.1,21.8,0,0.0,0
2309.0,27,0,3,1,0,30,97.9,97.8,3,0,0,0,66.1,21.8,0,0.0,0
2310.0,27,0,3,1,0,30,98.6,97.8,2,0,0,0,66.0,21.8,0,0.0,0
2311.0,27,0,3,1,0,30,98.6,97.8,2,0,0,0,66.0,21.8,0,0.0,0
2312.0,27,0,3,1,0,30,98.6,97.8,2,0,0,0,66.0,21.8,0,0.0,0
2313.0,27,1,2,1,0,29,98.6,97.9,2,0,0,0,68.4,21.8,0,0.0,0
2314.0,28,0,2,1,0,30,98.6,97.9,2,0,0,0,68.4,21.8,0,0.0,0
2315.0,28,1,1,1,0,29,98.6,97.9,2,0,0,0,70.9,22.0,0,0.0,0
2316.0,29,0,1,1,0,30,98.6,97.9,2,0,0,0,70.8,22.0,0,0.0,0
2317.0,29,0,1,1,0,30,98.6,97.9,2,0,0,0,70.8,22.0,0,0.0,0
2318.0,29,0,1,1,0,30,98.6,97.9,2,0,0,0,70.7,22.0,0,0.0,0
2319.0,29,0,1,1,0,30,99.3,97.9,1,0,0,0,70.7,22.0,0,0.0,0
2320.0,29,0,1,1,0,30,99.3,97.9,1,0,0,0,70.6,22.0,0,0.0,0
2321.0,29,0,1,1,0,30,99.3,97.9,1,0,0,0,70.6,22.0,0,0.0,0
2322.0,29,0,1,1,0,30,99.3,97.9,1,0,0,0,70.5,22.0,0,0.0,0
2323.0,29,1,0,1,0,29,99.3,97.9,1,0,0,0,73.0,36.6,0,0.0,0
2324.0,29,1,0,1,0,29,99.3,97.9,1,0,0,0,72.9,36.5,0,0.0,0
2325.0,29,1,0,1,0,29,99.3,97.9,1,0,0,0,72.9,36.5,0,0.0,0
2326.0,29,1,0,1,0,29,100.0,97.9,0,0,0,0,72.8,36.4,0,0.0,0
2327.0,29,1,0,1,0,29,100.0,97.9,0,0,0,0,72.8,36.4,0,0.0,0
2328.0,29,1,0,1,0,29,100.0,97.9,0,0,0,0,72.8,36.3,0,0.0,0
2329.0,29,1,0,1,0,29,100.0,97.9,0,0,0,0,72.7,36.3,0,0.0,0
2330.0,29,1,0,1,0,29,100.0,97.9,0,0,0,0,72.7,36.2,0,0.0,0
2331.0,29,1,0,1,0,29,100.0,97.9,0,0,0,0,72.6,36.2,0,0.0,0
2332.0,29,1,0,1,0,29,100.0,98.0,0,0,0,0,72.6,36.1,0,0.0,0
2333.0,29,1,0,1,0,29,100.0,98.0,0,0,0,0,72.5,36.1,0,0.0,0
2334.0,29,1,0,1,0,29,99.3,98.0,1,0,0,0,72.5,36.0,0,0.0,0
2335.0,29,1,0,1,0,29,98.6,98.0,2,0,0,0,72.4,36.0,0,0.0,0
2336.0,29,1,0,1,0,29,97.9,98.0,3,0,0,0,72.4,35.9,0,0.0,0
2337.0,29,1,0,1,0,29,98.6,98.0,2,0,0,0,72.3,35.9,0,0.0,0
2338.0,29,1,0,1,0,29,99.3,98.0,1,0,0,0,72.3,35.8,0,0.0,0
2339.0,29,1,0,1,0,29,100.0,98.0,0,0,0,0,72.2,35.7,0,0.0,0
2340.0,29,1,0,1,0,29,100.0,98.0,0,0,0,0,72.2,35.7,0,0.0,0
2341.0,29,1,0,1,0,29,100.0,98.0,0,0,0,0,72.1,35.6,0,0.0,0
2342.0,29,1,0,1,0,29,100.0,98.0,0,0,0,0,72.1,35.6,0,0.0,0
2343.0,29,1,0,1,0,29,100.0,98.0,0,0,0,0,72.0,35.6,0,0.0,0
2344.0,29,1,0,1,0,29,100.0,98.0,0,0,0,0,72.0,35.6,0,0.0,0
2345.0,29,1,0,1,0,29,100.0,98.0,0,0,0,0,72.0,35.5,0,0.0,0
2346.0,29,1,0,1,0,29,100.0,98.0,0,0,0,0,71.9,35.4,0,0.0,0
2347.0,29,1,0,1,0,29,100.0,98.0,0,0,0,0,71.9,35.4,0,0.0,0
2348.0,29,1,0,1,0,29,100.0,98.0,0,0,0,0,71.8,35.3,0,0.0,0
2349.0,29,1,0,1,0,29,100.0,98.0,0,0,0,0,71.8,35.3,0,0.0,0
2350.0,29,1,0,1,0,29,100.0,98.0,0,0,0,0,71.7,35.2,0,0.0,0
2351.0,29,1,0,1,0,29,100.0,98.0,0,0,0,0,71.7,35.2,0,0.0,0
2352.0,29,1,0,1,0,29,100.0,98.0,0,0,0,0,71.6,35.1,0,0.0,0
2353.0,29,1,0,1,0,29,100.0,98.0,0,0,0,0,71.6,35.1,0,0.0,0
2354.0,29,1,0,1,0,29,100.0,98.1,0,0,0,0,71.5,35.0,0,0.0,0
2355.0,29,1,0,1,0,29,100.0,98.1,0,0,0,0,71.5,35.0,0,0.0,0
2356.0,29,1,0,1,0,29,99.3,98.1,1,0,0,0,71.4,34.9,0,0.0,0
2357.0,29,1,0,1,0,29,99.3,98.1,1,0,0,0,71.4,34.9,0,0.0,0
2358.0,29,1,0,1,0,29,99.3,98.1,1,0,0,0,71.3,34.8,0,0.0,0
2359.0,29,1,0,1,0,29,99.3,98.1,1,0,0,0,71.3,34.8,0,0.0,0
2360.0,29,1,0,1,0,29,99.3,98.1,1,0,0,0,71.2,34.7,0,0.0,0
2361.0,29,1,0,1,0,29,99.3,98.1,1,0,0,0,71.2,34.7,0,0.0,0
2362.0,29,1,0,1,0,29,99.3,98.1,1,0,0,0,71.1,34.6,0,0.0,0
2363.0,29,1,0,1,0,29,98.6,98.1,2,0,0,0,71.1,34.6,0,0.0,0
2364.0,29,1,0,1,0,29,99.3,98.1,1,0,0,0,71.1,34.5,0,0.0,0
2365.0,29,1,0,1,0,29,99.3,98.1,1,0,0,0,71.0,34.4,0,0.0,0
2366.0,29,1,0,1,0,29,99.3,98.1,1,0,0,0,71.0,34.4,0,0.0,0
2367.0,29,1,0,1,0,29,99.3,98.1,1,0,0,0,70.9,34.3,0,0.0,0
2368.0,29,1,0,1,0,29,99.3,98.1,1,0,0,0,70.9,34.3,0,0.0,0
2369.0,29,1,0,1,0,29,99.3,98.2,1,0,0,0,70.8,34.2,0,0.0,0
2370.0,29,1,0,1,0,29,100.0,98.2,0,0,0,0,70.8,34.2,0,0.0,0
2371.0,29,1,0,1,0,29,100.0,98.2,0,0,0,0,70.7,34.1,0,0.0,0
2372.0,29,1,0,1,0,29,100.0,98.2,0,0,0,0,70.7,34.1,0,0.0,0
2373.0,29,1,0,1,0,29,100.0,98.2,0,0,0,0,70.6,34.0,0,0.0,0
2374.0,30,0,0,1,0,30,100.0,98.2,0,0,0,0,70.6,34.0,0,0.0,0
2375.0,30,0,0,1,0,30,100.0,98.3,0,0,0,0,70.5,33.9,0,0.0,0
2376.0,30,0,0,1,0,30,100.0,98.3,0,0,0,0,70.5,33.9,0,0.0,0
2377.0,30,0,0,1,0,30,100.0,98.3,0,0,0,0,70.4,33.8,0,0.0,0
2378.0,30,0,0,1,0,30,100.0,98.3,0,0,0,0,70.4,33.8,0,0.0,0
2379.0,30,0,0,1,0,30,100.0,98.3,0,0,0,0,70.3,33.7,0,0.0,0
2380.0,30,0,0,1,0,30,100.0,98.3,0,0,0,0,70.3,33.7,0,0.0,0
2381.0,30,0,0,1,0,30,100.0,98.3,0,0,0,0,70.2,33.6,0,0.0,0
2382.0,30,0,0,1,0,30,100.0,98.4,0,0,0,0,70.2,33.5,0,0.0,0
2383.0,30,0,0,1,0,30,100.0,98.4,0,0,0,0,70.1,33.5,0,0.0,0
2384.0,30,0,0,1,0,30,100.0,98.4,0,0,0,0,70.1,33.4,0,0.0,0
2385.0,30,0,0,1,0,30,100.0,98.4,0,0,0,0,70.0,33.4,0,0.0,0
2386.0,30,0,0,1,0,30,100.0,98.4,0,0,0,0,70.0,33.3,0,0.0,0
2387.0,30,0,0,1,0,30,100.0,98.4,0,0,0,0,69.9,33.3,0,0.0,0
2388.0,30,0,0,1,0,30,100.0,98.4,0,0,0,0,69.9,33.2,0,0.0,0
2389.0,30,0,0,1,0,30,100.0,98.4,0,0,0,0,69.8,33.2,0,0.0,0
2390.0,30,0,0,1,0,30,100.0,98.5,0,0,0,0,69.8,33.1,0,0.0,0
2391.0,30,0,0,1,0,30,100.0,98.5,0,0,0,0,69.8,33.1,0,0.0,0
2392.0,30,0,0,1,0,30,100.0,98.5,0,0,0,0,69.7,33.0,0,0.0,0
2393.0,30,0,0,1,0,30,100.0,98.5,0,0,0,0,69.7,33.0,0,0.0,0
2394.0,30,0,0,1,0,30,100.0,98.5,0,0,0,0,69.6,32.9,0,0.0,0
2395.0,30,0,0,1,0,30,100.0,98.5,0,0,0,0,69.6,32.9,0,0.0,0
2396.0,30,0,0,1,0,30,100.0,98.5,0,0,0,0,69.5,32.8,0,0.0,0
2397.0,30,0,0,1,0,30,100.0,98.5,0,0,0,0,69.5,32.8,0,0.0,0
2398.0,30,0,0,1,0,30,100.0,98.6,0,0,0,0,69.4,32.7,0,0.0,0
2399.0,30,0,0,1,0,30,100.0,98.6,0,0,0,0,69.4,32.6,0,0.0,0
2400.0,30,0,0,1,0,30,99.3,98.6,1,0,0,0,69.3,32.6,0,0.0,0
2401.0,30,0,0,1,0,30,99.3,98.6,1,0,0,0,69.3,32.5,0,0.0,0
2402.0,30,0,0,1,0,30,99.3,98.6,1,0,0,0,69.2,32.5,0,0.0,0
2403.0,30,0,0,1,0,30,99.3,98.6,1,0,0,0,69.2,32.4,0,0.0,0
2404.0,30,0,0,1,0,30,100.0,98.6,0,0,0,0,69.1,32.4,0,0.0,0
2405.0,30,0,0,1,0,30,100.0,98.6,0,0,0,0,69.1,32.3,0,0.0,0
2406.0,30,0,0,1,0,30,100.0,98.6,0,0,0,0,69.0,32.3,0,0.0,0
2407.0,30,0,0,1,0,30,99.3,98.6,1,0,0,0,69.0,32.2,0,0.0,0
2408.0,30,0,0,1,0,30,99.3,98.6,1,0,0,0,68.9,32.2,0,0.0,0
2409.0,30,0,0,1,0,30,99.3,98.6,1,0,0,0,68.9,32.1,0,0.0,0
2410.0,30,0,0,1,0,30,99.3,98.6,1,0,0,0,68.8,32.1,0,0.0,0
2411.0,30,0,0,1,0,30,100.0,98.6,0,0,0,0,68.8,32.0,0,0.0,0
2412.0,30,0,0,1,0,30,99.3,98.6,1,0,0,0,68.7,32.0,0,0.0,0
2413.0,30,0,0,1,0,30,99.3,98.6,1,0,0,0,68.7,31.9,0,0.0,0
2414.0,30,0,0,1,0,30,99.3,98.6,1,0,0,0,68.6,31.9,0,0.0,0
2415.0,30,0,0,1,0,30,99.3,98.6,1,0,0,0,68.6,31.8,0,0.0,0
2416.0,30,0,0,1,0,30,99.3,98.6,1,0,0,0,68.5,31.8,0,0.0,0
2417.0,30,0,0,1,0,30,99.3,98.6,1,0,0,0,68.5,31.7,0,0.0,0
2418.0,30,0,0,1,0,30,99.3,98.6,1,0,0,0,68.4,31.7,0,0.0,0
2419.0,30,0,0,1,0,30,97.9,98.6,3,0,0,0,68.4,31.6,0,0.0,0
2420.0,30,0,0,1,0,30,97.9,98.6,3,0,0,0,68.3,31.6,0,0.0,0
2421.0,30,0,0,1,0,30,97.9,98.6,3,0,0,0,68.3,31.5,0,0.0,0
2422.0,30,0,0,1,0,30,97.9,98.6,3,0,0,0,68.2,31.4,0,0.0,0
2423.0,30,0,0,1,0,30,98.6,98.6,2,0,0,0,68.2,31.4,0,0.0,0
2424.0,30,0,0,1,0,30,98.6,98.6,2,0,0,0,68.1,31.3,0,0.0,0
2425.0,30,0,0,1,0,30,98.6,98.6,2,0,0,0,68.1,31.3,0,0.0,0
2426.0,30,0,0,1,0,30,98.6,98.6,2,0,0,0,68.0,31.2,0,0.0,0
2427.0,30,0,0,1,0,30,98.6,98.6,2,0,0,0,68.0,31.2,0,0.0,0
2428.0,30,0,0,1,0,30,98.6,98.6,2,0,0,0,67.9,31.1,0,0.0,0
2429.0,30,0,0,1,0,30,98.6,98.6,2,0,0,0,67.9,31.1,0,0.0,0
2430.0,30,0,0,1,0,30,98.6,98.6,2,0,0,0,67.9,31.0,0,0.0,0
2431.0,30,0,0,1,0,30,98.6,98.6,2,0,0,0,67.8,31.0,0,0.0,0
2432.0,30,0,0,1,0,30,98.6,98.6,2,0,0,0,67.8,30.9,0,0.0,0
2433.0,30,0,0,1,0,30,99.3,98.6,1,0,0,0,67.7,30.9,0,0.0,0
2434.0,30,0,0,1,0,30,98.6,98.6,2,0,0,0,67.7,30.8,0,0.0,0
2435.0,30,0,0,1,0,30,98.6,98.6,2,0,0,0,67.6,30.8,0,0.0,0
2436.0,30,0,0,1,0,30,98.6,98.6,2,0,0,0,67.6,30.7,0,0.0,0
2437.0,30,0,0,1,0,30,98.6,98.6,2,0,0,0,67.5,30.7,0,0.0,0
2438.0,30,0,0,1,0,30,98.6,98.6,2,0,0,0,67.5,30.6,0,0.0,0
2439.0,30,0,0,1,0,30,98.6,98.6,2,0,0,0,67.4,30.6,0,0.0,0
2440.0,30,0,0,1,0,30,98.6,98.6,2,0,0,0,67.4,30.5,0,0.0,0
2441.0,30,0,0,1,0,30,98.6,98.6,2,0,0,0,67.3,30.5,0,0.0,0
2442.0,30,0,0,1,0,30,98.6,98.7,2,0,0,0,67.3,30.4,0,0.0,0
2443.0,30,0,0,1,0,30,98.6,98.7,2,0,0,0,67.2,30.4,0,0.0,0
2444.0,30,0,0,1,0,30,98.6,98.7,2,0,0,0,67.2,30.3,0,0.0,0
2445.0,30,0,0,1,0,30,98.6,98.7,2,0,0,0,67.1,30.2,0,0.0,0
2446.0,30,0,0,1,0,30,98.6,98.7,2,0,0,0,67.1,30.2,0,0.0,0
2447.0,30,0,0,1,0,30,98.6,98.7,2,0,0,0,67.0,30.1,0,0.0,0
2448.0,30,0,0,1,0,30,98.6,98.7,2,0,0,0,67.0,30.1,0,0.0,0
2449.0,30,0,0,1,0,30,98.6,98.7,2,0,0,0,66.9,30.0,0,0.0,0
2450.0,30,0,0,1,0,30,98.6,98.7,2,0,0,0,66.9,30.0,0,0.0,0
2451.0,30,0,0,1,0,30,98.6,98.7,2,0,0,0,66.8,29.9,0,0.0,0
2452.0,30,0,0,1,0,30,98.6,98.7,2,0,0,0,66.8,29.9,0,0.0,0
2453.0,30,0,0,1,0,30,98.6,98.7,2,0,0,0,66.7,29.8,0,0.0,0
2454.0,30,0,0,1,0,30,98.6,98.7,2,0,0,0,66.7,29.8,0,0.0,0
2455.0,30,0,0,1,0,30,98.6,98.7,2,0,0,0,66.6,29.7,0,0.0,0
2456.0,30,0,0,1,0,30,98.6,98.7,2,0,0,0,66.6,29.7,0,0.0,0
2457.0,30,0,0,1,0,30,98.6,98.7,2,0,0,0,66.5,29.6,0,0.0,0
2458.0,30,0,0,1,0,30,98.6,98.7,2,0,0,0,66.5,29.6,0,0.0,0
2459.0,30,0,0,1,0,30,98.6,98.7,2,0,0,0,66.4,29.5,0,0.0,0
2460.0,30,0,0,1,0,30,98.6,98.7,2,0,0,0,66.4,29.5,0,0.0,0
2461.0,30,0,0,1,0,30,98.6,98.7,2,0,0,0,66.3,29.4,0,0.0,0
2462.0,30,0,0,1,0,30,98.6,98.7,2,0,0,0,66.3,29.3,0,0.0,0
2463.0,30,0,0,1,0,30,98.6,98.7,2,0,0,0,66.2,29.3,0,0.0,0
2464.0,30,0,0,1,0,30,98.6,98.7,2,0,0,0,66.2,29.2,0,0.0,0
2465.0,30,0,0,1,0,30,98.6,98.7,2,0,0,0,66.1,29.2,0,0.0,0
2466.0,30,0,0,1,0,30,98.6,98.7,2,0,0,0,66.1,29.1,0,0.0,0
2467.0,30,0,0,1,0,30,97.9,98.7,3,0,0,0,66.1,29.1,0,0.0,0
2468.0,30,0,0,1,0,30,97.9,98.7,3,0,0,0,66.0,29.0,0,0.0,0
2469.0,30,0,0,1,0,30,97.9,98.7,3,0,0,0,66.0,29.0,0,0.0,0
2470.0,30,0,0,1,0,30,97.9,98.7,3,0,0,0,65.9,28.9,0,0.0,0
2471.0,30,0,0,1,0,30,98.6,98.7,2,0,0,0,65.9,28.9,0,0.0,0
2472.0,30,0,0,1,0,30,98.6,98.7,2,0,0,0,65.8,28.8,0,0.0,0
2473.0,30,0,0,1,0,30,98.6,98.7,2,0,0,0,65.8,28.8,0,0.0,0
2474.0,30,0,0,1,0,30,97.9,98.7,3,0,0,0,65.7,28.7,0,0.0,0
2475.0,30,0,0,1,0,30,97.9,98.7,3,0,0,0,65.7,28.7,0,0.0,0
2476.0,30,0,0,1,0,30,97.9,98.7,3,0,0,0,65.6,28.6,0,0.0,0
2477.0,30,0,0,1,0,30,97.9,98.7,3,0,0,0,65.6,28.6,0,0.0,0
2478.0,30,0,0,1,0,30,98.6,98.7,2,0,0,0,65.5,28.5,0,0.0,0
2479.0,30,0,0,1,0,30,98.6,98.7,2,0,0,0,65.5,28.4,0,0.0,0
2480.0,30,0,0,1,0,30,98.6,98.7,2,0,0,0,65.4,28.4,0,0.0,0
2481.0,30,0,0,1,0,30,98.6,98.7,2,0,0,0,65.4,28.3,0,0.0,0
2482.0,30,0,0,1,0,30,98.6,98.7,2,0,0,0,65.3,28.3,0,0.0,0
2483.0,30,0,0,1,0,30,98.6,98.7,2,0,0,0,65.3,28.2,0,0.0,0
2484.0,30,0,0,1,0,30,98.6,98.7,2,0,0,0,65.2,28.2,0,0.0,0
2485.0,30,0,0,1,0,30,98.6,98.7,2,0,0,0,65.2,28.1,0,0.0,0
2486.0,30,0,0,1,0,30,98.6,98.7,2,0,0,0,65.1,28.1,0,0.0,0
2487.0,30,0,0,1,0,30,98.6,98.7,2,0,0,0,65.1,28.0,0,0.0,0
2488.0,30,0,0,1,0,30,98.6,98.7,2,0,0,0,65.0,28.0,0,0.0,0
2489.0,30,0,0,1,0,30,98.6,98.7,2,0,0,0,65.0,27.9,0,0.0,0
2490.0,30,0,0,1,0,30,98.6,98.7,2,0,0,0,64.9,27.9,0,0.0,0
2491.0,30,0,0,1,0,30,98.6,98.7,2,0,0,0,64.9,27.8,0,0.0,0
2492.0,30,0,0,1,0,30,98.6,98.7,2,0,0,0,64.8,27.8,0,0.0,0
2493.0,30,0,0,1,0,30,98.6,98.7,2,0,0,0,64.8,27.7,0,0.0,0
2494.0,30,0,0,1,0,30,98.6,98.7,2,0,0,0,64.7,27.7,0,0.0,0
2495.0,30,0,0,1,0,30,98.6,98.7,2,0,0,0,64.7,27.6,0,0.0,0
2496.0,30,0,0,1,0,30,98.6,98.7,2,0,0,0,64.6,27.5,0,0.0,0
2497.0,30,0,0,1,0,30,98.6,98.7,2,0,0,0,64.6,27.5,0,0.0,0
2498.0,30,0,0,1,0,30,98.6,98.7,2,0,0,0,64.5,27.4,0,0.0,0
2499.0,30,0,0,1,0,30,98.6,98.7,2,0,0,0,64.5,27.4,0,0.0,0
2500.0,30,0,0,1,0,30,98.6,98.7,2,0,0,0,64.4,27.3,0,0.0,0
2501.0,30,0,0,1,0,30,97.9,98.7,3,0,0,0,64.4,27.3,0,0.0,0
2502.0,30,0,0,1,0,30,97.9,98.7,3,0,0,0,64.3,27.2,0,0.0,0
2503.0,30,0,0,1,0,30,97.9,98.7,3,0,0,0,64.3,27.2,0,0.0,0
2504.0,30,0,0,1,0,30,97.9,98.7,3,0,0,0,64.2,27.1,0,0.0,0
2505.0,30,0,0,1,0,30,97.9,98.7,3,0,0,0,64.2,27.1,0,0.0,0
2506.0,30,0,0,1,0,30,97.9,98.7,3,0,0,0,64.1,27.0,0,0.0,0
2507.0,30,0,0,1,0,30,97.9,98.7,3,0,0,0,64.1,27.0,0,0.0,0
2508.0,30,0,0,1,0,30,97.2,98.7,4,0,0,0,64.0,26.9,0,0.0,0
2509.0,30,0,0,1,0,30,97.9,98.7,3,0,0,0,64.0,26.9,0,0.0,0
2510.0,30,0,0,1,0,30,97.9,98.7,3,0,0,0,63.9,26.8,0,0.0,0
2511.0,30,0,0,1,0,30,97.9,98.7,3,0,0,0,63.9,26.8,0,0.0,0
2512.0,30,0,0,1,0,30,97.9,98.8,3,0,0,0,63.9,26.7,0,0.0,0
2513.0,30,0,0,1,0,30,97.9,98.8,3,0,0,0,63.8,26.6,0,0.0,0
2514.0,30,0,0,1,0,30,97.9,98.8,3,0,0,0,63.8,26.6,0,0.0,0
2515.0,30,0,0,1,0,30,98.6,98.8,2,0,0,0,63.7,26.5,0,0.0,0
2516.0,30,0,0,1,0,30,98.6,98.8,2,0,0,0,63.7,26.5,0,0.0,0
2517.0,30,0,0,1,0,30,98.6,98.8,2,0,0,0,63.6,26.4,0,0.0,0
2518.0,30,0,0,1,0,30,98.6,98.8,2,0,0,0,63.6,26.4,0,0.0,0
2519.0,30,0,0,1,0,30,98.6,98.8,2,0,0,0,63.5,26.3,0,0.0,0
2520.0,30,0,0,1,0,30,98.6,98.8,2,0,0,0,63.5,26.3,0,0.0,0
2521.0,30,0,0,1,0,30,98.6,98.8,2,0,0,0,63.4,26.2,0,0.0,0
2522.0,30,0,0,1,0,30,97.9,98.8,3,0,0,0,63.4,26.2,0,0.0,0
2523.0,30,0,0,1,0,30,97.9,98.8,3,0,0,0,63.3,26.1,0,0.0,0
2524.0,30,0,0,1,0,30,97.9,98.9,3,0,0,0,63.3,26.1,0,0.0,0
2525.0,30,0,0,1,0,30,97.9,98.9,3,0,0,0,63.2,26.0,0,0.0,0
2526.0,30,0,0,1,0,30,97.9,98.9,3,0,0,0,63.2,26.0,0,0.0,0
2527.0,30,0,0,1,0,30,98.6,98.9,2,0,0,0,63.1,25.9,0,0.0,0
2528.0,30,0,0,1,0,30,98.6,98.9,2,0,0,0,63.1,25.9,0,0.0,0
2529.0,30,0,0,1,0,30,98.6,98.9,2,0,0,0,63.0,25.8,0,0.0,0
2530.0,30,0,0,1,0,30,97.9,98.9,3,0,0,0,63.0,25.7,0,0.0,0
2531.0,30,0,0,1,0,30,97.9,98.9,3,0,0,0,62.9,25.7,0,0.0,0
2532.0,30,0,0,1,0,30,97.9,98.9,3,0,0,0,62.9,25.6,0,0.0,0
2533.0,30,0,0,1,0,30,97.9,98.9,3,0,0,0,62.8,25.6,0,0.0,0
2534.0,30,0,0,1,0,30,97.9,98.9,3,0,0,0,62.8,25.5,0,0.0,0
2535.0,30,0,0,1,0,30,97.9,98.9,3,0,0,0,62.7,25.5,0,0.0,0
2536.0,30,0,0,1,0,30,97.9,98.9,3,0,0,0,62.7,25.4,0,0.0,0
2537.0,30,0,0,1,0,30,98.6,98.9,2,0,0,0,62.6,25.4,0,0.0,0
2538.0,30,0,0,1,0,30,98.6,98.9,2,0,0,0,62.6,25.3,0,0.0,0
2539.0,30,0,0,1,0,30,98.6,98.9,2,0,0,0,62.5,25.3,0,0.0,0
2540.0,30,0,0,1,0,30,98.6,98.9,2,0,0,0,62.5,25.2,0,0.0,0
2541.0,30,0,0,1,0,30,97.9,98.9,3,0,0,0,62.4,25.2,0,0.0,0
2542.0,30,0,0,1,0,30,97.9,98.9,3,0,0,0,62.4,25.1,0,0.0,0
2543.0,30,0,0,1,0,30,97.9,98.9,3,0,0,0,62.3,25.1,0,0.0,0
2544.0,30,0,0,1,0,30,98.6,98.9,2,0,0,0,62.3,25.0,0,0.0,0
2545.0,30,0,0,1,0,30,98.6,98.9,2,0,0,0,62.2,25.0,0,0.0,0
2546.0,30,0,0,1,0,30,97.9,98.9,3,0,0,0,62.2,24.9,0,0.0,0
2547.0,30,0,0,1,0,30,97.9,98.9,3,0,0,0,62.1,24.9,0,0.0,0
2548.0,30,0,0,1,0,30,97.9,98.9,3,0,0,0,62.1,24.8,0,0.0,0
2549.0,30,0,0,1,0,30,97.9,98.9,3,0,0,0,62.1,24.7,0,0.0,0
2550.0,30,0,0,1,0,30,97.9,98.9,3,0,0,0,62.0,24.7,0,0.0,0
2551.0,30,0,0,1,0,30,98.6,98.9,2,0,0,0,62.0,24.6,0,0.0,0
2552.0,30,0,0,1,0,30,98.6,98.9,2,0,0,0,61.9,24.6,0,0.0,0
2553.0,30,0,0,1,0,30,98.6,98.9,2,0,0,0,61.9,24.5,0,0.0,0
2554.0,30,0,0,1,0,30,98.6,98.9,2,0,0,0,61.8,24.5,0,0.0,0
2555.0,30,0,0,1,0,30,98.6,98.9,2,0,0,0,61.8,24.4,0,0.0,0
2556.0,30,0,0,1,0,30,98.6,98.9,2,0,0,0,61.7,24.4,0,0.0,0
2557.0,30,0,0,1,0,30,97.9,98.9,3,0,0,0,61.7,24.3,0,0.0,0
2558.0,30,0,0,1,0,30,97.9,98.9,3,0,0,0,61.6,24.3,0,0.0,0
2559.0,30,0,0,1,0,30,97.9,98.9,3,0,0,0,61.6,24.2,0,0.0,0
2560.0,30,0,0,1,0,30,97.9,98.9,3,0,0,0,61.5,24.2,0,0.0,0
2561.0,30,0,0,1,0,30,97.9,98.9,3,0,0,0,61.5,24.1,0,0.0,0
2562.0,30,0,0,1,0,30,97.9,98.9,3,0,0,0,61.4,24.1,0,0.0,0
2563.0,30,0,0,1,0,30,97.9,98.9,3,0,0,0,61.4,24.0,0,0.0,0
2564.0,30,0,0,1,0,30,97.2,98.9,4,0,0,0,61.3,24.0,0,0.0,0
2565.0,30,0,0,1,0,30,97.2,98.9,4,0,0,0,61.3,23.9,0,0.0,0
2566.0,30,0,0,1,0,30,97.2,98.9,4,0,0,0,61.2,23.8,0,0.0,0
2567.0,30,0,0,1,0,30,97.2,98.8,4,0,0,0,61.2,23.8,0,0.0,0
2568.0,30,0,0,1,0,30,97.2,98.8,4,0,0,0,61.1,23.7,0,0.0,0
2569.0,30,0,0,1,0,30,97.2,98.8,4,0,0,0,61.1,23.7,0,0.0,0
2570.0,30,0,0,1,0,30,97.2,98.8,4,0,0,0,61.0,23.6,0,0.0,0
2571.0,30,0,0,1,0,30,97.2,98.8,4,0,0,0,61.0,23.6,0,0.0,0
2572.0,30,0,0,1,0,30,97.2,98.8,4,0,0,0,60.9,23.5,0,0.0,0
2573.0,30,0,0,1,0,30,97.2,98.8,4,0,0,0,60.9,23.5,0,0.0,0
2574.0,30,0,0,1,0,30,97.2,98.8,4,0,0,0,60.8,23.4,0,0.0,0
2575.0,30,0,0,1,0,30,97.2,98.8,4,0,0,0,60.8,23.4,0,0.0,0
2576.0,30,0,0,1,0,30,97.2,98.8,4,0,0,0,60.7,23.3,0,0.0,0
2577.0,30,0,0,1,0,30,97.2,98.8,4,0,0,0,60.7,23.3,0,0.0,0
2578.0,30,0,0,1,0,30,97.2,98.7,4,0,0,0,60.6,23.2,0,0.0,0
2579.0,30,0,0,1,0,30,97.2,98.7,4,0,0,0,60.6,23.2,0,0.0,0
2580.0,29,0,1,1,0,30,97.2,98.7,4,0,0,0,60.5,23.1,0,0.0,0
2581.0,28,0,2,1,0,30,97.2,98.7,4,0,0,0,60.5,23.1,0,0.0,0
2582.0,28,0,2,1,0,30,97.2,98.7,4,0,0,0,60.4,23.1,0,0.0,0
2583.0,28,0,2,1,0,30,97.2,98.7,4,0,0,0,60.4,23.1,0,0.0,0
2584.0,28,0,2,1,0,30,96.5,98.7,5,0,0,0,60.4,23.1,0,0.0,0
2585.0,28,0,2,1,0,30,97.2,98.7,4,0,0,0,60.3,23.1,0,0.0,0
2586.0,27,0,3,1,0,30,97.2,98.7,4,0,0,0,60.3,23.1,0,0.0,0
2587.0,27,0,3,1,0,30,96.5,98.6,5,0,0,0,60.2,23.1,0,0.0,0
2588.0,27,0,3,1,0,30,96.5,98.6,5,0,0,0,60.2,23.1,0,0.0,0
2589.0,27,0,3,1,0,30,95.8,98.6,6,0,0,0,60.1,23.1,0,0.0,0
2590.0,27,0,3,1,0,30,95.8,98.6,6,0,0,0,60.1,23.1,0,0.0,0
2591.0,27,0,3,1,0,30,96.5,98.6,5,0,0,0,60.0,23.1,0,0.0,0
2592.0,27,0,3,1,0,30,96.5,98.6,5,0,0,0,60.0,23.1,0,0.0,0
2593.0,27,0,3,1,0,30,97.2,98.5,4,0,0,0,60.0,23.1,0,0.0,0
2594.0,27,0,3,1,0,30,97.2,98.5,4,0,0,0,59.9,23.1,0,0.0,0
2595.0,27,0,3,1,0,30,97.9,98.5,3,0,0,0,59.9,23.1,0,0.0,0
2596.0,27,0,3,1,0,30,97.9,98.5,3,0,0,0,59.8,23.1,0,0.0,0
2597.0,27,0,3,1,0,30,97.9,98.5,3,0,0,0,59.8,23.1,0,0.0,0
2598.0,27,0,3,1,0,30,98.6,98.5,2,0,0,0,59.7,23.1,0,0.0,0
2599.0,27,0,3,1,0,30,98.6,98.5,2,0,0,0,59.7,23.1,0,0.0,0
2600.0,27,0,3,1,0,30,97.9,98.5,3,0,0,0,59.7,23.1,0,0.0,0
2601.0,27,0,3,1,0,30,97.9,98.5,3,0,0,0,59.6,23.1,0,0.0,0
2602.0,27,0,3,1,0,30,97.9,98.5,3,0,0,0,59.6,23.1,0,0.0,0
2603.0,27,0,3,1,0,30,97.9,98.5,3,0,0,0,59.5,23.1,0,0.0,0
2604.0,27,0,3,1,0,30,97.9,98.5,3,0,0,0,59.5,23.1,0,0.0,0
2605.0,27,0,3,1,0,30,98.6,98.5,2,0,0,0,59.4,23.1,0,0.0,0
2606.0,27,0,3,1,0,30,98.6,98.5,2,0,0,0,59.4,23.1,0,0.0,0
2607.0,27,0,3,1,0,30,97.9,98.5,3,0,0,0,59.4,23.1,0,0.0,0
2608.0,27,0,3,1,0,30,97.9,98.5,3,0,0,0,59.3,23.1,0,0.0,0
2609.0,27,0,3,1,0,30,97.9,98.5,3,0,0,0,59.3,23.1,0,0.0,0
2610.0,27,0,3,1,0,30,97.9,98.5,3,0,0,0,59.2,23.1,0,0.0,0
2611.0,27,0,3,1,0,30,97.9,98.4,3,0,0,0,59.2,23.1,0,0.0,0
2612.0,27,0,3,1,0,30,98.6,98.4,2,0,0,0,59.1,23.1,0,0.0,0
2613.0,27,0,3,1,0,30,98.6,98.4,2,0,0,0,59.1,23.1,0,0.0,0
2614.0,27,0,3,1,0,30,98.6,98.4,2,0,0,0,59.0,23.1,0,0.0,0
2615.0,27,0,3,1,0,30,98.6,98.4,2,0,0,0,59.0,23.1,0,0.0,0
2616.0,27,0,3,1,0,30,98.6,98.4,2,0,0,0,59.0,23.1,0,0.0,0
2617.0,27,0,3,1,0,30,98.6,98.4,2,0,0,0,58.9,23.1,0,0.0,0
2618.0,27,0,3,1,0,30,98.6,98.4,2,0,0,0,58.9,23.1,0,0.0,0
2619.0,27,0,3,1,0,30,98.6,98.4,2,0,0,0,58.8,23.1,0,0.0,0
2620.0,27,0,3,1,0,30,98.6,98.4,2,0,0,0,58.8,23.1,0,0.0,0
2621.0,27,0,3,1,0,30,98.6,98.4,2,0,0,0,58.7,23.1,0,0.0,0
2622.0,27,0,3,1,0,30,98.6,98.4,2,0,0,0,58.7,23.1,0,0.0,0
2623.0,27,0,3,1,0,30,98.6,98.4,2,0,0,0,58.7,23.1,0,0.0,0
2624.0,27,0,3,1,0,30,98.6,98.4,2,0,0,0,58.6,23.1,0,0.0,0
2625.0,27,0,3,1,0,30,98.6,98.4,2,0,0,0,58.6,23.1,0,0.0,0
2626.0,27,0,3,1,0,30,98.6,98.4,2,0,0,0,58.5,23.1,0,0.0,0
2627.0,27,0,3,1,0,30,98.6,98.4,2,0,0,0,58.5,23.1,0,0.0,0
2628.0,27,0,3,1,0,30,98.6,98.3,2,0,0,0,58.4,23.1,0,0.0,0
2629.0,27,0,3,1,0,30,98.6,98.3,2,0,0,0,58.4,23.1,0,0.0,0
2630.0,27,0,3,1,0,30,98.6,98.3,2,0,0,0,58.3,23.1,0,0.0,0
2631.0,27,0,3,1,0,30,98.6,98.3,2,0,0,0,58.3,23.1,0,0.0,0
2632.0,27,0,3,1,0,30,98.6,98.3,2,0,0,0,58.3,23.1,0,0.0,0
2633.0,27,0,3,1,0,30,98.6,98.3,2,0,0,0,58.2,23.1,0,0.0,0
2634.0,27,0,3,1,0,30,98.6,98.3,2,0,0,0,58.2,23.1,0,0.0,0
2635.0,27,0,3,1,0,30,98.6,98.3,2,0,0,0,58.1,23.1,0,0.0,0
2636.0,27,0,3,1,0,30,98.6,98.3,2,0,0,0,58.1,23.1,0,0.0,0
2637.0,27,0,3,1,0,30,98.6,98.3,2,0,0,0,58.0,23.1,0,0.0,0
2638.0,27,0,3,1,0,30,98.6,98.3,2,0,0,0,58.0,23.1,0,0.0,0
2639.0,27,0,3,1,0,30,98.6,98.3,2,0,0,0,58.0,23.1,0,0.0,0
2640.0,27,1,2,1,0,29,98.6,98.3,2,0,0,0,60.4,23.3,0,0.0,0
2641.0,28,1,1,1,0,29,98.6,98.3,2,0,0,0,62.8,23.5,0,0.0,0
2642.0,29,0,1,1,0,30,98.6,98.3,2,0,0,0,62.8,23.5,0,0.0,0
2643.0,29,0,1,1,0,30,98.6,98.3,2,0,0,0,62.7,23.5,0,0.0,0
2644.0,29,0,1,1,0,30,98.6,98.3,2,0,0,0,62.7,23.5,0,0.0,0
2645.0,29,0,1,1,0,30,98.6,98.3,2,0,0,0,62.6,23.5,0,0.0,0
2646.0,29,1,0,1,0,29,97.2,98.2,4,0,0,0,65.0,24.6,0,0.0,0
2647.0,29,1,0,1,0,29,97.2,98.2,4,0,0,0,65.0,24.5,0,0.0,0
2648.0,29,1,0,1,0,29,97.2,98.2,4,0,0,0,64.9,24.5,0,0.0,0
2649.0,29,1,0,1,0,29,97.9,98.2,3,0,0,0,64.9,24.4,0,0.0,0
2650.0,29,1,0,1,0,29,97.9,98.2,3,0,0,0,64.9,24.4,0,0.0,0
2651.0,29,1,0,1,0,29,97.9,98.2,3,0,0,0,64.8,24.3,0,0.0,0
2652.0,29,1,0,1,0,29,97.9,98.2,3,0,0,0,64.8,24.3,0,0.0,0
2653.0,29,1,0,1,0,29,97.2,98.2,4,0,0,0,64.7,24.2,0,0.0,0
2654.0,29,1,0,1,0,29,97.9,98.2,3,0,0,0,64.7,24.2,0,0.0,0
2655.0,29,1,0,1,0,29,97.9,98.2,3,0,0,0,64.6,24.1,0,0.0,0
2656.0,29,1,0,1,0,29,97.9,98.2,3,0,0,0,64.6,24.1,0,0.0,0
2657.0,29,1,0,1,0,29,97.9,98.2,3,0,0,0,64.5,24.0,0,0.0,0
2658.0,29,1,0,1,0,29,97.2,98.2,4,0,0,0,64.5,24.0,0,0.0,0
2659.0,29,1,0,1,0,29,97.2,98.2,4,0,0,0,64.4,23.9,0,0.0,0
2660.0,29,1,0,1,0,29,97.9,98.2,3,0,0,0,64.4,23.9,0,0.0,0
2661.0,29,0,1,1,0,30,97.9,98.2,3,0,0,0,64.3,23.8,0,0.0,0
2662.0,29,0,1,1,0,30,98.6,98.2,2,0,0,0,64.3,23.8,0,0.0,0
2663.0,29,0,1,1,0,30,97.9,98.2,3,0,0,0,64.2,23.8,0,0.0,0
2664.0,29,0,1,1,0,30,97.9,98.2,3,0,0,0,64.2,23.8,0,0.0,0
2665.0,29,0,1,1,0,30,97.9,98.2,3,0,0,0,64.2,23.8,0,0.0,0
2666.0,29,0,1,1,0,30,97.9,98.2,3,0,0,0,64.1,23.8,0,0.0,0
2667.0,29,0,1,1,0,30,97.9,98.1,3,0,0,0,64.1,23.8,0,0.0,0
2668.0,29,0,1,1,0,30,98.6,98.1,2,0,0,0,64.0,23.8,0,0.0,0
2669.0,29,0,1,1,0,30,97.9,98.1,3,0,0,0,64.0,23.8,0,0.0,0
2670.0,29,0,1,1,0,30,97.9,98.1,3,0,0,0,63.9,23.8,0,0.0,0
2671.0,29,0,1,1,0,30,97.9,98.1,3,0,0,0,63.9,23.8,0,0.0,0
2672.0,29,0,1,1,0,30,97.9,98.1,3,0,0,0,63.8,23.8,0,0.0,0
2673.0,29,0,1,1,0,30,97.9,98.1,3,0,0,0,63.8,23.8,0,0.0,0
2674.0,29,0,1,1,0,30,97.9,98.1,3,0,0,0,63.7,23.8,0,0.0,0
2675.0,29,0,1,1,0,30,97.9,98.1,3,0,0,0,63.7,23.8,0,0.0,0
2676.0,29,0,1,1,0,30,97.2,98.1,4,0,0,0,63.6,23.8,0,0.0,0
2677.0,29,0,1,1,0,30,97.2,98.1,4,0,0,0,63.6,23.8,0,0.0,0
2678.0,29,0,1,1,0,30,97.2,98.1,4,0,0,0,63.5,23.8,0,0.0,0
2679.0,29,0,1,1,0,30,97.2,98.1,4,0,0,0,63.5,23.8,0,0.0,0
2680.0,29,0,1,1,0,30,97.2,98.1,4,0,0,0,63.4,23.8,0,0.0,0
2681.0,29,0,1,1,0,30,97.2,98.1,4,0,0,0,63.4,23.8,0,0.0,0
2682.0,29,0,1,1,0,30,96.5,98.1,5,0,0,0,63.3,23.8,0,0.0,0
2683.0,29,0,1,1,0,30,96.5,98.1,5,0,0,0,63.3,23.8,0,0.0,0
2684.0,29,0,1,1,0,30,96.5,98.1,5,0,0,0,63.3,23.8,0,0.0,0
2685.0,29,0,1,1,0,30,96.5,98.1,5,0,0,0,63.2,23.8,0,0.0,0
2686.0,29,0,1,1,0,30,97.2,98.0,4,0,0,0,63.2,23.8,0,0.0,0
2687.0,29,0,1,1,0,30,97.2,98.0,4,0,0,0,63.1,23.8,0,0.0,0
2688.0,29,0,1,1,0,30,97.2,98.0,4,0,0,0,63.1,23.8,0,0.0,0
2689.0,29,0,1,1,0,30,97.2,98.0,4,0,0,0,63.0,23.8,0,0.0,0
2690.0,29,0,1,1,0,30,97.2,98.0,4,0,0,0,63.0,23.8,0,0.0,0
2691.0,29,0,1,1,0,30,97.2,98.0,4,0,0,0,62.9,23.8,0,0.0,0
2692.0,29,0,1,1,0,30,97.2,98.0,4,0,0,0,62.9,23.8,0,0.0,0
2693.0,29,0,1,1,0,30,97.2,98.0,4,0,0,0,62.8,23.8,0,0.0,0
2694.0,29,0,1,1,0,30,97.2,98.0,4,0,0,0,62.8,23.8,0,0.0,0
2695.0,29,0,1,1,0,30,97.2,98.0,4,0,0,0,62.7,23.8,0,0.0,0
2696.0,29,0,1,1,0,30,97.2,98.0,4,0,0,0,62.7,23.8,0,0.0,0
2697.0,29,0,1,1,0,30,97.2,98.0,4,0,0,0,62.6,23.8,0,0.0,0
2698.0,29,0,1,1,0,30,97.2,98.0,4,0,0,0,62.6,23.8,0,0.0,0
2699.0,29,0,1,1,0,30,97.2,98.0,4,0,0,0,62.5,23.8,0,0.0,0
2700.0,29,0,1,1,0,30,97.2,98.0,4,0,0,0,62.5,23.8,0,0.0,0
2701.0,29,0,1,1,0,30,97.2,98.0,4,0,0,0,62.5,23.8,0,0.0,0
2702.0,29,0,1,1,0,30,96.5,98.0,5,0,0,0,62.4,23.8,0,0.0,0
2703.0,29,0,1,1,0,30,96.5,97.9,5,0,0,0,62.4,23.8,0,0.0,0
2704.0,29,0,1,1,0,30,96.5,97.9,5,0,0,0,62.3,23.8,0,0.0,0
2705.0,29,0,1,1,0,30,96.5,97.9,5,0,0,0,62.3,23.8,0,0.0,0
2706.0,29,0,1,1,0,30,96.5,97.9,5,0,0,0,62.2,23.8,0,0.0,0
2707.0,29,0,1,1,0,30,96.5,97.9,5,0,0,0,62.2,23.8,0,0.0,0
2708.0,29,0,1,1,0,30,96.5,97.9,5,0,0,0,62.1,23.8,0,0.0,0
2709.0,29,0,1,1,0,30,95.8,97.9,6,0,0,0,62.1,23.8,0,0.0,0
2710.0,29,0,1,1,0,30,95.8,97.9,6,0,0,0,62.0,23.8,0,0.0,0
2711.0,29,0,1,1,0,30,95.8,97.9,6,0,0,0,62.0,23.8,0,0.0,0
2712.0,29,0,1,1,0,30,95.8,97.9,6,0,0,0,61.9,23.8,0,0.0,0
2713.0,29,0,1,1,0,30,95.8,97.9,6,0,0,0,61.9,23.8,0,0.0,0
2714.0,29,0,1,1,0,30,95.8,97.8,6,0,0,0,61.8,23.8,0,0.0,0
2715.0,29,0,1,1,0,30,95.8,97.8,6,0,0,0,61.8,23.8,0,0.0,0
2716.0,29,0,1,1,0,30,95.8,97.8,6,0,0,0,61.7,23.8,0,0.0,0
2717.0,29,0,1,1,0,30,95.8,97.8,6,0,0,0,61.7,23.8,0,0.0,0
2718.0,29,0,1,1,0,30,95.8,97.8,6,0,0,0,61.6,23.8,0,0.0,0
2719.0,29,0,1,1,0,30,95.8,97.8,6,0,0,0,61.6,23.8,0,0.0,0
2720.0,29,0,1,1,0,30,95.8,97.8,6,0,0,0,61.6,23.8,0,0.0,0
2721.0,29,1,0,1,0,29,95.1,97.8,7,0,0,0,64.0,27.4,0,0.0,0
2722.0,29,1,0,1,0,29,94.4,97.8,8,0,0,0,63.9,27.3,0,0.0,0
2723.0,29,1,0,1,0,29,94.4,97.7,8,0,0,0,63.9,27.3,0,0.0,0
2724.0,29,1,0,1,0,29,95.1,97.7,7,0,0,0,63.8,27.2,0,0.0,0
2725.0,29,1,0,1,0,29,94.4,97.7,8,0,0,0,63.8,27.2,0,0.0,0
2726.0,29,1,0,1,0,29,95.1,97.7,7,0,0,0,63.7,27.1,0,0.0,0
2727.0,29,1,0,1,0,29,95.1,97.7,7,0,0,0,63.7,27.1,0,0.0,0
2728.0,29,1,0,1,0,29,95.1,97.7,7,0,0,0,63.6,27.0,0,0.0,0
2729.0,29,1,0,1,0,29,95.1,97.6,7,0,0,0,63.6,27.0,0,0.0,0
2730.0,29,1,0,1,0,29,95.8,97.6,6,0,0,0,63.5,26.9,0,0.0,0
2731.0,29,1,0,1,0,29,95.8,97.6,6,0,0,0,63.5,26.9,0,0.0,0
2732.0,29,1,0,1,0,29,95.8,97.6,6,0,0,0,63.5,26.8,0,0.0,0
2733.0,29,1,0,1,0,29,95.8,97.6,6,0,0,0,63.4,26.8,0,0.0,0
2734.0,29,1,0,1,0,29,95.8,97.6,6,0,0,0,63.4,26.7,0,0.0,0
2735.0,29,1,0,1,0,29,96.5,97.6,5,0,0,0,63.3,26.6,0,0.0,0
2736.0,29,1,0,1,0,29,95.8,97.6,6,0,0,0,63.3,26.6,0,0.0,0
2737.0,29,1,0,1,0,29,95.8,97.6,6,0,0,0,63.2,26.5,0,0.0,0
2738.0,29,1,0,1,0,29,95.8,97.5,6,0,0,0,63.2,26.5,0,0.0,0
2739.0,29,1,0,1,0,29,95.8,97.5,6,0,0,0,63.1,26.4,0,0.0,0
2740.0,29,1,0,1,0,29,95.8,97.5,6,0,0,0,63.1,26.4,0,0.0,0
2741.0,29,1,0,1,0,29,95.8,97.5,6,0,0,0,63.0,26.3,0,0.0,0
2742.0,29,1,0,1,0,29,95.8,97.5,6,0,0,0,63.0,26.3,0,0.0,0
2743.0,29,1,0,1,0,29,95.1,97.5,7,0,0,0,62.9,26.2,0,0.0,0
2744.0,29,1,0,1,0,29,95.1,97.5,7,0,0,0,62.9,26.2,0,0.0,0
2745.0,29,1,0,1,0,29,95.1,97.5,7,0,0,0,62.8,26.1,0,0.0,0
2746.0,29,1,0,1,0,29,95.1,97.5,7,0,0,0,62.8,26.1,0,0.0,0
2747.0,29,1,0,1,0,29,95.1,97.4,7,0,0,0,62.8,26.0,0,0.0,0
2748.0,29,1,0,1,0,29,95.1,97.4,7,0,0,0,62.7,26.0,0,0.0,0
2749.0,29,1,0,1,0,29,93.8,97.4,9,0,0,0,62.7,25.9,0,0.0,0
2750.0,29,1,0,1,0,29,93.8,97.4,9,0,0,0,62.6,25.9,0,0.0,0
2751.0,29,1,0,1,0,29,93.8,97.4,9,0,0,0,62.6,25.8,0,0.0,0
2752.0,29,1,0,1,0,29,93.8,97.4,9,0,0,0,62.5,25.7,0,0.0,0
2753.0,29,1,0,1,0,29,93.8,97.4,9,0,0,0,62.5,25.7,0,0.0,0
2754.0,29,1,0,1,0,29,93.8,97.3,9,0,0,0,62.4,25.6,0,0.0,0
2755.0,29,1,0,1,0,29,93.8,97.3,9,0,0,0,62.4,25.6,0,0.0,0
2756.0,30,0,0,1,0,30,93.1,97.3,10,0,0,0,62.3,25.5,0,0.0,0
2757.0,30,0,0,1,0,30,93.1,97.3,10,0,0,0,62.3,25.5,0,0.0,0
2758.0,30,0,0,1,0,30,93.1,97.2,10,0,0,0,62.2,25.4,0,0.0,0
2759.0,30,0,0,1,0,30,93.1,97.2,10,0,0,0,62.2,25.4,0,0.0,0
2760.0,30,0,0,1,0,30,93.1,97.2,10,0,0,0,62.1,25.3,0,0.0,0
2761.0,30,0,0,1,0,30,93.1,97.2,10,0,0,0,62.1,25.3,0,0.0,0
2762.0,30,0,0,1,0,30,93.1,97.2,10,0,0,0,62.0,25.2,0,0.0,0
2763.0,30,0,0,1,0,30,93.1,97.1,10,0,0,0,62.0,25.2,0,0.0,0
2764.0,30,0,0,1,0,30,93.1,97.1,10,0,0,0,61.9,25.1,0,0.0,0
2765.0,30,0,0,1,0,30,93.1,97.1,10,0,0,0,61.9,25.1,0,0.0,0
2766.0,30,0,0,1,0,30,93.1,97.1,10,0,0,0,61.8,25.0,0,0.0,0
2767.0,30,0,0,1,0,30,93.1,97.1,10,0,0,0,61.8,25.0,0,0.0,0
2768.0,30,0,0,1,0,30,93.1,97.0,10,0,0,0,61.7,24.9,0,0.0,0
2769.0,30,0,0,1,0,30,93.1,97.0,10,0,0,0,61.7,24.8,0,0.0,0
2770.0,30,0,0,1,0,30,93.1,97.0,10,0,0,0,61.6,24.8,0,0.0,0
2771.0,30,0,0,1,0,30,93.1,97.0,10,0,0,0,61.6,24.7,0,0.0,0
2772.0,30,0,0,1,0,30,93.1,96.9,10,0,0,0,61.5,24.7,0,0.0,0
2773.0,30,0,0,1,0,30,93.1,96.9,10,0,0,0,61.5,24.6,0,0.0,0
2774.0,30,0,0,1,0,30,93.1,96.9,10,0,0,0,61.4,24.6,0,0.0,0
2775.0,30,0,0,1,0,30,93.1,96.9,10,0,0,0,61.4,24.5,0,0.0,0
2776.0,30,0,0,1,0,30,93.1,96.9,10,0,0,0,61.3,24.5,0,0.0,0
2777.0,30,0,0,1,0,30,93.8,96.8,9,0,0,0,61.3,24.4,0,0.0,0
2778.0,30,0,0,1,0,30,93.8,96.8,9,0,0,0,61.3,24.4,0,0.0,0
2779.0,30,0,0,1,0,30,93.8,96.8,9,0,0,0,61.2,24.3,0,0.0,0
2780.0,30,0,0,1,0,30,93.8,96.8,9,0,0,0,61.2,24.3,0,0.0,0
2781.0,30,0,0,1,0,30,93.1,96.8,10,0,0,0,61.1,24.2,0,0.0,0
2782.0,30,0,0,1,0,30,93.1,96.7,10,0,0,0,61.1,24.2,0,0.0,0
2783.0,30,0,0,1,0,30,93.1,96.7,10,0,0,0,61.0,24.1,0,0.0,0
2784.0,29,0,1,1,0,30,93.1,96.7,10,0,0,0,61.0,24.1,0,0.0,0
2785.0,29,0,1,1,0,30,93.8,96.7,9,0,0,0,60.9,24.1,0,0.0,0
2786.0,29,0,1,1,0,30,93.8,96.7,9,0,0,0,60.9,24.0,0,0.0,0
2787.0,28,0,2,1,0,30,93.8,96.6,9,0,0,0,60.8,23.9,0,0.0,0
2788.0,28,0,2,1,0,30,93.8,96.6,9,0,0,0,60.8,23.9,0,0.0,0
2789.0,28,0,2,1,0,30,93.8,96.6,9,0,0,0,60.7,23.9,0,0.0,0
2790.0,28,0,2,1,0,30,93.8,96.6,9,0,0,0,60.7,23.9,0,0.0,0
2791.0,28,0,2,1,0,30,92.4,96.6,11,0,0,0,60.6,23.9,0,0.0,0
2792.0,28,0,2,1,0,30,92.4,96.5,11,0,0,0,60.6,23.9,0,0.0,0
2793.0,28,0,2,1,0,30,92.4,96.5,11,0,0,0,60.5,23.9,0,0.0,0
2794.0,28,0,2,1,0,30,92.4,96.5,11,0,0,0,60.5,23.9,0,0.0,0
2795.0,28,0,2,1,0,30,92.4,96.5,11,0,0,0,60.5,23.9,0,0.0,0
2796.0,28,0,2,1,0,30,93.1,96.4,10,0,0,0,60.4,23.9,0,0.0,0
2797.0,28,0,2,1,0,30,93.1,96.4,10,0,0,0,60.4,23.9,0,0.0,0
2798.0,28,0,2,1,0,30,92.4,96.4,11,0,0,0,60.3,23.9,0,0.0,0
2799.0,28,0,2,1,0,30,92.4,96.4,11,0,0,0,60.3,23.9,0,0.0,0
2800.0,28,0,2,1,0,30,92.4,96.3,11,0,0,0,60.2,23.9,0,0.0,0
2801.0,28,0,2,1,0,30,92.4,96.3,11,0,0,0,60.2,23.9,0,0.0,0
2802.0,28,0,2,1,0,30,92.4,96.3,11,0,0,0,60.1,23.9,0,0.0,0
2803.0,28,0,2,1,0,30,93.1,96.3,10,0,0,0,60.1,23.9,0,0.0,0
2804.0,28,0,2,1,0,30,93.1,96.3,10,0,0,0,60.0,23.9,0,0.0,0
2805.0,28,0,2,1,0,30,93.8,96.2,9,0,0,0,60.0,23.9,0,0.0,0
2806.0,28,0,2,1,0,30,93.8,96.2,9,0,0,0,60.0,23.9,0,0.0,0
2807.0,28,0,2,1,0,30,93.8,96.2,9,0,0,0,59.9,23.9,0,0.0,0
2808.0,28,0,2,1,0,30,93.8,96.2,9,0,0,0,59.9,23.9,0,0.0,0
2809.0,28,0,2,1,0,30,93.8,96.2,9,0,0,0,59.8,23.9,0,0.0,0
2810.0,28,0,2,1,0,30,93.8,96.2,9,0,0,0,59.8,23.9,0,0.0,0
2811.0,28,0,2,1,0,30,93.8,96.2,9,0,0,0,59.7,23.9,0,0.0,0
2812.0,28,0,2,1,0,30,93.8,96.1,9,0,0,0,59.7,23.9,0,0.0,0
2813.0,28,0,2,1,0,30,93.8,96.1,9,0,0,0,59.6,23.9,0,0.0,0
2814.0,28,0,2,1,0,30,93.8,96.1,9,0,0,0,59.6,23.9,0,0.0,0
2815.0,28,0,2,1,0,30,93.1,96.1,10,0,0,0,59.5,23.9,0,0.0,0
2816.0,28,0,2,1,0,30,93.8,96.1,9,0,0,0,59.5,23.9,0,0.0,0
2817.0,28,0,2,1,0,30,93.8,96.1,9,0,0,0,59.5,23.9,0,0.0,0
2818.0,28,0,2,1,0,30,93.8,96.1,9,0,0,0,59.4,23.9,0,0.0,0
2819.0,28,0,2,1,0,30,93.8,96.0,9,0,0,0,59.4,23.9,0,0.0,0
2820.0,28,0,2,1,0,30,94.4,96.0,8,0,0,0,59.3,23.9,0,0.0,0
2821.0,28,0,2,1,0,30,94.4,96.0,8,0,0,0,59.3,23.9,0,0.0,0
2822.0,28,0,2,1,0,30,94.4,96.0,8,0,0,0,59.2,23.9,0,0.0,0
2823.0,28,0,2,1,0,30,95.1,96.0,7,0,0,0,59.2,23.9,0,0.0,0
2824.0,28,0,2,1,0,30,95.1,96.0,7,0,0,0,59.1,23.9,0,0.0,0
2825.0,28,0,2,1,0,30,95.8,96.0,6,0,0,0,59.1,23.9,0,0.0,0
2826.0,28,0,2,1,0,30,95.8,96.0,6,0,0,0,59.0,23.9,0,0.0,0
2827.0,28,0,2,1,0,30,95.8,96.0,6,0,0,0,59.0,23.9,0,0.0,0
2828.0,28,0,2,1,0,30,95.8,96.0,6,0,0,0,59.0,23.9,0,0.0,0
2829.0,28,0,2,1,0,30,95.8,96.0,6,0,0,0,58.9,23.9,0,0.0,0
2830.0,28,0,2,1,0,30,96.5,96.0,5,0,0,0,58.9,23.9,0,0.0,0
2831.0,28,0,2,1,0,30,96.5,96.0,5,0,0,0,58.8,23.9,0,0.0,0
2832.0,28,0,2,1,0,30,97.2,96.0,4,0,0,0,58.8,23.9,0,0.0,0
2833.0,28,0,2,1,0,30,97.2,96.0,4,0,0,0,58.7,23.9,0,0.0,0
2834.0,28,0,2,1,0,30,97.2,96.0,4,0,0,0,58.7,23.9,0,0.0,0
2835.0,28,0,2,1,0,30,97.2,96.0,4,0,0,0,58.6,23.9,0,0.0,0
2836.0,28,0,2,1,0,30,97.2,96.0,4,0,0,0,58.6,23.9,0,0.0,0
2837.0,28,0,2,1,0,30,97.2,96.0,4,0,0,0,58.5,23.9,0,0.0,0
2838.0,28,0,2,1,0,30,97.9,96.0,3,0,0,0,58.5,23.9,0,0.0,0
2839.0,28,0,2,1,0,30,97.9,96.0,3,0,0,0,58.5,23.9,0,0.0,0
2840.0,28,0,2,1,0,30,97.9,96.0,3,0,0,0,58.4,23.9,0,0.0,0
2841.0,28,0,2,1,0,30,97.9,96.0,3,0,0,0,58.4,23.9,0,0.0,0
2842.0,28,0,2,1,0,30,97.9,96.0,3,0,0,0,58.3,23.9,0,0.0,0
2843.0,28,0,2,1,0,30,97.9,96.0,3,0,0,0,58.3,23.9,0,0.0,0
2844.0,28,1,1,1,0,29,97.9,96.0,3,0,0,0,60.7,23.9,0,0.0,0
2845.0,28,1,1,1,0,29,98.6,96.0,2,0,0,0,60.6,23.9,0,0.0,0
2846.0,28,1,1,1,0,29,98.6,96.0,2,0,0,0,60.6,23.9,0,0.0,0
2847.0,28,2,0,1,0,28,97.9,96.0,3,0,0,0,63.0,30.7,0,0.0,0
2848.0,28,2,0,1,0,28,97.9,96.0,3,0,0,0,63.0,30.7,0,0.0,0
2849.0,28,2,0,1,0,28,97.9,96.0,3,0,0,0,62.9,30.6,0,0.0,0
2850.0,28,2,0,1,0,28,97.9,96.0,3,0,0,0,62.9,30.6,0,0.0,0
2851.0,28,2,0,1,0,28,97.9,96.0,3,0,0,0,62.8,30.5,0,0.0,0
2852.0,28,2,0,1,0,28,97.9,96.0,3,0,0,0,62.8,30.5,0,0.0,0
2853.0,28,2,0,1,0,28,97.9,96.0,3,0,0,0,62.7,30.4,0,0.0,0
2854.0,28,2,0,1,0,28,97.2,96.0,4,0,0,0,62.7,30.4,0,0.0,0
2855.0,28,2,0,1,0,28,97.2,96.0,4,0,0,0,62.6,30.3,0,0.0,0
2856.0,28,2,0,1,0,28,96.5,95.9,5,0,0,0,62.6,30.3,0,0.0,0
2857.0,28,2,0,1,0,28,96.5,95.9,5,0,0,0,62.5,30.2,0,0.0,0
2858.0,28,2,0,1,0,28,95.8,95.9,6,0,0,0,62.5,30.2,0,0.0,0
2859.0,28,2,0,1,0,28,95.8,95.9,6,0,0,0,62.5,30.1,0,0.0,0
2860.0,28,2,0,1,0,28,95.8,95.9,6,0,0,0,62.4,30.1,0,0.0,0
2861.0,28,2,0,1,0,28,95.8,95.9,6,0,0,0,62.4,30.0,0,0.0,0
2862.0,29,1,0,1,0,29,96.5,95.9,5,0,0,0,62.3,29.9,0,0.0,0
2863.0,29,1,0,1,0,29,96.5,95.9,5,0,0,0,62.3,29.9,0,0.0,0
2864.0,29,1,0,1,0,29,97.2,95.9,4,0,0,0,62.2,29.8,0,0.0,0
2865.0,29,1,0,1,0,29,97.2,95.9,4,0,0,0,62.2,29.8,0,0.0,0
2866.0,29,1,0,1,0,29,96.5,95.9,5,0,0,0,62.1,29.7,0,0.0,0
2867.0,29,1,0,1,0,29,96.5,95.8,5,0,0,0,62.1,29.7,0,0.0,0
2868.0,29,1,0,1,0,29,97.2,95.8,4,0,0,0,62.0,29.6,0,0.0,0
2869.0,29,1,0,1,0,29,97.2,95.8,4,0,0,0,62.0,29.6,0,0.0,0
2870.0,29,1,0,1,0,29,97.2,95.8,4,0,0,0,61.9,29.5,0,0.0,0
2871.0,29,1,0,1,0,29,97.2,95.8,4,0,0,0,61.9,29.5,0,0.0,0
2872.0,29,1,0,1,0,29,96.5,95.8,5,0,0,0,61.8,29.4,0,0.0,0
2873.0,29,1,0,1,0,29,96.5,95.8,5,0,0,0,61.8,29.4,0,0.0,0
2874.0,29,1,0,1,0,29,96.5,95.8,5,0,0,0,61.8,29.3,0,0.0,0
2875.0,29,1,0,1,0,29,97.2,95.8,4,0,0,0,61.7,29.3,0,0.0,0
2876.0,29,1,0,1,0,29,97.2,95.8,4,0,0,0,61.7,29.2,0,0.0,0
2877.0,29,1,0,1,0,29,97.2,95.8,4,0,0,0,61.6,29.2,0,0.0,0
2878.0,29,1,0,1,0,29,97.2,95.8,4,0,0,0,61.6,29.1,0,0.0,0
2879.0,29,1,0,1,0,29,97.9,95.8,3,0,0,0,61.5,29.0,0,0.0,0
2880.0,29,1,0,1,0,29,97.9,95.8,3,0,0,0,61.5,29.0,0,0.0,0
2881.0,29,1,0,1,0,29,97.9,95.8,3,0,0,0,61.4,28.9,0,0.0,0
2882.0,29,1,0,1,0,29,97.9,95.8,3,0,0,0,61.4,28.9,0,0.0,0
2883.0,29,1,0,1,0,29,97.9,95.8,3,0,0,0,61.3,28.8,0,0.0,0
2884.0,29,1,0,1,0,29,97.9,95.8,3,0,0,0,61.3,28.8,0,0.0,0
2885.0,29,1,0,1,0,29,97.9,95.7,3,0,0,0,61.2,28.7,0,0.0,0
2886.0,29,1,0,1,0,29,98.6,95.8,2,0,0,0,61.2,28.7,0,0.0,0
2887.0,29,1,0,1,0,29,98.6,95.8,2,0,0,0,61.1,28.6,0,0.0,0
2888.0,29,1,0,1,0,29,98.6,95.8,2,0,0,0,61.1,28.6,0,0.0,0
2889.0,29,1,0,1,0,29,98.6,95.8,2,0,0,0,61.0,28.5,0,0.0,0
2890.0,29,1,0,1,0,29,98.6,95.8,2,0,0,0,61.0,28.5,0,0.0,0
2891.0,29,1,0,1,0,29,98.6,95.8,2,0,0,0,61.0,28.4,0,0.0,0
2892.0,29,1,0,1,0,29,98.6,95.8,2,0,0,0,60.9,28.4,0,0.0,0
2893.0,29,1,0,1,0,29,97.9,95.8,3,0,0,0,60.9,28.3,0,0.0,0
2894.0,29,1,0,1,0,29,97.9,95.8,3,0,0,0,60.8,28.3,0,0.0,0
2895.0,29,1,0,1,0,29,97.9,95.8,3,0,0,0,60.8,28.2,0,0.0,0
2896.0,29,1,0,1,0,29,98.6,95.8,2,0,0,0,60.7,28.1,0,0.0,0
2897.0,29,1,0,1,0,29,98.6,95.8,2,0,0,0,60.7,28.1,0,0.0,0
2898.0,29,1,0,1,0,29,98.6,95.8,2,0,0,0,60.6,28.0,0,0.0,0
2899.0,29,1,0,1,0,29,98.6,95.8,2,0,0,0,60.6,28.0,0,0.0,0
2900.0,29,1,0,1,0,29,98.6,95.8,2,0,0,0,60.5,27.9,0,0.0,0
2901.0,29,1,0,1,0,29,98.6,95.8,2,0,0,0,60.5,27.9,0,0.0,0
2902.0,29,1,0,1,0,29,98.6,95.8,2,0,0,0,60.4,27.8,0,0.0,0
2903.0,29,1,0,1,0,29,98.6,95.8,2,0,0,0,60.4,27.8,0,0.0,0
2904.0,29,1,0,1,0,29,98.6,95.8,2,0,0,0,60.3,27.7,0,0.0,0
2905.0,29,1,0,1,0,29,98.6,95.8,2,0,0,0,60.3,27.7,0,0.0,0
2906.0,29,1,0,1,0,29,98.6,95.8,2,0,0,0,60.3,27.6,0,0.0,0
2907.0,29,1,0,1,0,29,98.6,95.8,2,0,0,0,60.2,27.6,0,0.0,0
2908.0,29,1,0,1,0,29,98.6,95.8,2,0,0,0,60.2,27.5,0,0.0,0
2909.0,29,1,0,1,0,29,97.9,95.8,3,0,0,0,60.1,27.5,0,0.0,0
2910.0,29,1,0,1,0,29,97.9,95.8,3,0,0,0,60.1,27.4,0,0.0,0
2911.0,29,1,0,1,0,29,97.9,95.8,3,0,0,0,60.0,27.4,0,0.0,0
2912.0,29,1,0,1,0,29,97.9,95.8,3,0,0,0,60.0,27.3,0,0.0,0
2913.0,29,1,0,1,0,29,98.6,95.8,2,0,0,0,59.9,27.2,0,0.0,0
2914.0,29,1,0,1,0,29,98.6,95.8,2,0,0,0,59.9,27.2,0,0.0,0
2915.0,29,1,0,1,0,29,98.6,95.8,2,0,0,0,59.8,27.1,0,0.0,0
2916.0,29,1,0,1,0,29,98.6,95.8,2,0,0,0,59.8,27.1,0,0.0,0
2917.0,29,1,0,1,0,29,98.6,95.8,2,0,0,0,59.7,27.0,0,0.0,0
2918.0,29,1,0,1,0,29,98.6,95.8,2,0,0,0,59.7,27.0,0,0.0,0
2919.0,29,1,0,1,0,29,98.6,95.9,2,0,0,0,59.6,26.9,0,0.0,0
2920.0,29,1,0,1,0,29,98.6,95.9,2,0,0,0,59.6,26.9,0,0.0,0
2921.0,29,1,0,1,0,29,98.6,95.9,2,0,0,0,59.5,26.8,0,0.0,0
2922.0,29,1,0,1,0,29,98.6,95.9,2,0,0,0,59.5,26.8,0,0.0,0
2923.0,29,1,0,1,0,29,98.6,95.9,2,0,0,0,59.4,26.7,0,0.0,0
2924.0,29,1,0,1,0,29,98.6,95.9,2,0,0,0,59.4,26.7,0,0.0,0
2925.0,29,1,0,1,0,29,98.6,95.9,2,0,0,0,59.4,26.6,0,0.0,0
2926.0,29,1,0,1,0,29,98.6,95.9,2,0,0,0,59.3,26.6,0,0.0,0
2927.0,29,1,0,1,0,29,97.9,95.9,3,0,0,0,59.3,26.5,0,0.0,0
2928.0,29,1,0,1,0,29,97.9,95.9,3,0,0,0,59.2,26.5,0,0.0,0
2929.0,29,1,0,1,0,29,97.9,95.9,3,0,0,0,59.2,26.4,0,0.0,0
2930.0,29,1,0,1,0,29,97.9,95.9,3,0,0,0,59.1,26.3,0,0.0,0
2931.0,29,1,0,1,0,29,97.9,95.9,3,0,0,0,59.1,26.3,0,0.0,0
2932.0,29,1,0,1,0,29,97.2,95.9,4,0,0,0,59.0,26.2,0,0.0,0
2933.0,29,1,0,1,0,29,97.2,95.9,4,0,0,0,59.0,26.2,0,0.0,0
2934.0,29,1,0,1,0,29,97.2,95.9,4,0,0,0,58.9,26.1,0,0.0,0
2935.0,29,1,0,1,0,29,97.2,95.9,4,0,0,0,58.9,26.1,0,0.0,0
2936.0,29,1,0,1,0,29,96.5,95.9,5,0,0,0,58.8,26.0,0,0.0,0
2937.0,29,1,0,1,0,29,96.5,95.9,5,0,0,0,58.8,26.0,0,0.0,0
2938.0,29,1,0,1,0,29,96.5,95.9,5,0,0,0,58.7,25.9,0,0.0,0
2939.0,29,1,0,1,0,29,96.5,95.9,5,0,0,0,58.7,25.9,0,0.0,0
2940.0,29,1,0,1,0,29,96.5,95.9,5,0,0,0,58.6,25.8,0,0.0,0
2941.0,29,1,0,1,0,29,96.5,95.9,5,0,0,0,58.6,25.8,0,0.0,0
2942.0,29,1,0,1,0,29,96.5,95.9,5,0,0,0,58.5,25.7,0,0.0,0
2943.0,29,1,0,1,0,29,95.8,95.9,6,0,0,0,58.5,25.7,0,0.0,0
2944.0,29,1,0,1,0,29,96.5,95.9,5,0,0,0,58.5,25.6,0,0.0,0
2945.0,29,1,0,1,0,29,96.5,95.9,5,0,0,0,58.4,25.6,0,0.0,0
2946.0,29,1,0,1,0,29,96.5,95.9,5,0,0,0,58.4,25.5,0,0.0,0
2947.0,29,1,0,1,0,29,96.5,95.9,5,0,0,0,58.3,25.5,0,0.0,0
2948.0,29,1,0,1,0,29,96.5,95.9,5,0,0,0,58.3,25.4,0,0.0,0
2949.0,29,1,0,1,0,29,96.5,95.9,5,0,0,0,58.2,25.3,0,0.0,0
2950.0,29,1,0,1,0,29,97.2,95.9,4,0,0,0,58.2,25.3,0,0.0,0
2951.0,29,1,0,1,0,29,96.5,95.9,5,0,0,0,58.1,25.2,0,0.0,0
2952.0,29,1,0,1,0,29,96.5,95.9,5,0,0,0,58.1,25.2,0,0.0,0
2953.0,29,1,0,1,0,29,96.5,95.9,5,0,0,0,58.0,25.1,0,0.0,0
2954.0,29,1,0,1,0,29,96.5,95.9,5,0,0,0,58.0,25.1,0,0.0,0
2955.0,29,1,0,1,0,29,96.5,95.9,5,0,0,0,57.9,25.0,0,0.0,0
2956.0,29,1,0,1,0,29,96.5,95.9,5,0,0,0,57.9,25.0,0,0.0,0
2957.0,29,1,0,1,0,29,96.5,95.9,5,0,0,0,57.8,24.9,0,0.0,0
2958.0,29,1,0,1,0,29,96.5,95.9,5,0,0,0,57.8,24.9,0,0.0,0
2959.0,29,1,0,1,0,29,95.8,95.9,6,0,0,0,57.7,24.8,0,0.0,0
2960.0,29,1,0,1,0,29,95.8,95.9,6,0,0,0,57.7,24.8,0,0.0,0
2961.0,29,1,0,1,0,29,95.8,95.9,6,0,0,0,57.7,24.7,0,0.0,0
2962.0,29,1,0,1,0,29,95.8,95.9,6,0,0,0,57.6,24.7,0,0.0,0
2963.0,29,1,0,1,0,29,95.8,95.9,6,0,0,0,57.6,24.6,0,0.0,0
2964.0,29,1,0,1,0,29,96.5,95.9,5,0,0,0,57.5,24.6,0,0.0,0
2965.0,29,1,0,1,0,29,96.5,96.0,5,0,0,0,57.5,24.5,0,0.0,0
2966.0,29,1,0,1,0,29,96.5,96.0,5,0,0,0,57.4,24.4,0,0.0,0
2967.0,29,1,0,1,0,29,96.5,96.0,5,0,0,0,57.4,24.4,0,0.0,0
2968.0,29,1,0,1,0,29,96.5,96.0,5,0,0,0,57.3,24.3,0,0.0,0
2969.0,29,1,0,1,0,29,96.5,96.0,5,0,0,0,57.3,24.3,0,0.0,0
2970.0,29,1,0,1,0,29,96.5,96.0,5,0,0,0,57.2,24.2,0,0.0,0
2971.0,29,1,0,1,0,29,96.5,96.0,5,0,0,0,57.2,24.2,0,0.0,0
2972.0,29,1,0,1,0,29,96.5,96.0,5,0,0,0,57.1,24.1,0,0.0,0
2973.0,29,1,0,1,0,29,96.5,96.0,5,0,0,0,57.1,24.1,0,0.0,0
2974.0,29,1,0,1,0,29,96.5,96.0,5,0,0,0,57.0,24.0,0,0.0,0
2975.0,29,1,0,1,0,29,96.5,96.0,5,0,0,0,57.0,24.0,0,0.0,0
2976.0,29,1,0,1,0,29,95.8,96.0,6,0,0,0,56.9,23.9,0,0.0,0
2977.0,29,1,0,1,0,29,95.8,96.0,6,0,0,0,56.9,23.9,0,0.0,0
2978.0,29,1,0,1,0,29,95.8,96.0,6,0,0,0,56.8,23.8,0,0.0,0
2979.0,29,1,0,1,0,29,95.8,96.0,6,0,0,0,56.8,23.8,0,0.0,0
2980.0,29,1,0,1,0,29,96.5,96.0,5,0,0,0,56.8,23.7,0,0.0,0
2981.0,29,0,1,1,0,30,96.5,96.0,5,0,0,0,56.7,23.7,0,0.0,0
2982.0,29,0,1,1,0,30,96.5,96.0,5,0,0,0,56.7,23.6,0,0.0,0
2983.0,29,0,1,1,0,30,96.5,96.0,5,0,0,0,56.6,23.6,0,0.0,0
2984.0,28,0,2,1,0,30,96.5,96.0,5,0,0,0,56.6,23.5,0,0.0,0
2985.0,27,0,3,1,0,30,96.5,96.0,5,0,0,0,56.5,23.5,0,0.0,0
2986.0,27,0,3,1,0,30,96.5,96.0,5,0,0,0,56.5,23.5,0,0.0,0
2987.0,27,0,3,1,0,30,96.5,96.0,5,0,0,0,56.4,23.5,0,0.0,0
2988.0,27,0,3,1,0,30,96.5,96.0,5,0,0,0,56.4,23.5,0,0.0,0
2989.0,27,0,3,1,0,30,96.5,96.1,5,0,0,0,56.3,23.5,0,0.0,0
2990.0,27,0,3,1,0,30,95.8,96.1,6,0,0,0,56.3,23.5,0,0.0,0
2991.0,27,0,3,1,0,30,95.8,96.1,6,0,0,0,56.3,23.5,0,0.0,0
2992.0,27,0,3,1,0,30,94.4,96.1,8,0,0,0,56.2,23.5,0,0.0,0
2993.0,27,0,3,1,0,30,95.1,96.1,7,0,0,0,56.2,23.5,0,0.0,0
2994.0,27,0,3,1,0,30,94.4,96.1,8,0,0,0,56.1,23.5,0,0.0,0
2995.0,27,0,3,1,0,30,95.1,96.1,7,0,0,0,56.1,23.5,0,0.0,0
2996.0,27,0,3,1,0,30,95.1,96.1,7,0,0,0,56.0,23.5,0,0.0,0
2997.0,27,0,3,1,0,30,95.8,96.1,6,0,0,0,56.0,23.5,0,0.0,0
2998.0,27,0,3,1,0,30,95.8,96.1,6,0,0,0,56.0,23.5,0,0.0,0
2999.0,27,0,3,1,0,30,95.1,96.1,7,0,0,0,55.9,23.5,0,0.0,0
3000.0,27,0,3,1,0,30,95.1,96.1,7,0,0,0,55.9,23.5,0,0.0,0
3001.0,27,0,3,1,0,30,95.1,96.1,7,0,0,0,55.8,23.5,0,0.0,0
3002.0,27,0,3,1,0,30,95.1,96.2,7,0,0,0,55.8,23.5,0,0.0,0
3003.0,27,0,3,1,0,30,95.1,96.2,7,0,0,0,55.7,23.5,0,0.0,0
3004.0,27,0,3,1,0,30,95.1,96.2,7,0,0,0,55.7,23.5,0,0.0,0
3005.0,27,0,3,1,0,30,95.1,96.2,7,0,0,0,55.7,23.5,0,0.0,0
3006.0,27,0,3,1,0,30,95.1,96.2,7,0,0,0,55.6,23.5,0,0.0,0
3007.0,27,0,3,1,0,30,95.1,96.2,7,0,0,0,55.6,23.5,0,0.0,0
3008.0,27,0,3,1,0,30,95.1,96.2,7,0,0,0,55.5,23.5,0,0.0,0
3009.0,27,0,3,1,0,30,95.1,96.2,7,0,0,0,55.5,23.5,0,0.0,0
3010.0,27,0,3,1,0,30,94.4,96.2,8,0,0,0,55.4,23.5,0,0.0,0
3011.0,27,0,3,1,0,30,94.4,96.2,8,0,0,0,55.4,23.5,0,0.0,0
3012.0,27,0,3,1,0,30,94.4,96.2,8,0,0,0,55.3,23.5,0,0.0,0
3013.0,27,0,3,1,0,30,95.1,96.2,7,0,0,0,55.3,23.5,0,0.0,0
3014.0,27,0,3,1,0,30,95.1,96.2,7,0,0,0,55.3,23.5,0,0.0,0
3015.0,27,0,3,1,0,30,95.1,96.3,7,0,0,0,55.2,23.5,0,0.0,0
3016.0,27,0,3,1,0,30,94.4,96.3,8,0,0,0,55.2,23.5,0,0.0,0
3017.0,27,0,3,1,0,30,94.4,96.3,8,0,0,0,55.1,23.5,0,0.0,0
3018.0,27,0,3,1,0,30,94.4,96.3,8,0,0,0,55.1,23.5,0,0.0,0
3019.0,27,0,3,1,0,30,94.4,96.3,8,0,0,0,55.0,23.5,0,0.0,0
3020.0,27,0,3,1,0,30,95.1,96.3,7,0,0,0,55.0,23.5,0,0.0,0
3021.0,27,0,3,1,0,30,95.1,96.3,7,0,0,0,54.9,23.5,0,0.0,0
3022.0,27,0,3,1,0,30,95.1,96.3,7,0,0,0,54.9,23.5,0,0.0,0
3023.0,27,0,3,1,0,30,95.1,96.3,7,0,0,0,54.9,23.5,0,0.0,0
3024.0,27,0,3,1,0,30,95.1,96.3,7,0,0,0,54.8,23.5,0,0.0,0
3025.0,27,0,3,1,0,30,95.1,96.3,7,0,0,0,54.8,23.5,0,0.0,0
3026.0,27,0,3,1,0,30,95.1,96.3,7,0,0,0,54.7,23.5,0,0.0,0
3027.0,27,0,3,1,0,30,95.1,96.3,7,0,0,0,54.7,23.5,0,0.0,0
3028.0,27,0,3,1,0,30,94.4,96.3,8,0,0,0,54.6,23.5,0,0.0,0
3029.0,27,0,3,1,0,30,94.4,96.3,8,0,0,0,54.6,23.5,0,0.0,0
3030.0,27,0,3,1,0,30,94.4,96.3,8,0,0,0,54.6,23.5,0,0.0,0
3031.0,27,0,3,1,0,30,94.4,96.3,8,0,0,0,54.5,23.4,0,0.0,0
3032.0,27,0,3,1,0,30,95.1,96.4,7,0,0,0,54.5,23.4,0,0.0,0
3033.0,27,0,3,1,0,30,95.1,96.4,7,0,0,0,54.4,23.3,0,0.0,0
3034.0,27,0,3,1,0,30,95.1,96.4,7,0,0,0,54.4,23.3,0,0.0,0
3035.0,27,0,3,1,0,30,95.1,96.4,7,0,0,0,54.3,23.2,0,0.0,0
3036.0,27,0,3,1,0,30,95.1,96.4,7,0,0,0,54.3,23.1,0,0.0,0
3037.0,27,0,3,1,0,30,95.1,96.4,7,0,0,0,54.3,23.1,0,0.0,0
3038.0,27,0,3,1,0,30,95.1,96.4,7,0,0,0,54.2,23.0,0,0.0,0
3039.0,27,0,3,1,0,30,95.1,96.4,7,0,0,0,54.2,23.0,0,0.0,0
3040.0,27,0,3,1,0,30,95.1,96.4,7,0,0,0,54.1,22.9,0,0.0,0
3041.0,27,1,2,1,0,29,95.1,96.5,7,0,0,0,56.5,22.9,0,0.0,0
3042.0,27,1,2,1,0,29,95.1,96.5,7,0,0,0,56.5,22.8,0,0.0,0
3043.0,27,1,2,1,0,29,94.4,96.5,8,0,0,0,56.4,22.8,0,0.0,0
3044.0,27,2,1,1,0,28,93.8,96.5,9,0,0,0,58.9,22.7,0,0.0,0
3045.0,27,3,0,1,0,27,93.8,96.5,9,0,0,0,61.3,22.7,0,0.0,0
3046.0,27,3,0,1,0,27,94.4,96.5,8,0,0,0,61.2,22.6,0,0.0,0
3047.0,27,3,0,1,0,27,94.4,96.5,8,0,0,0,61.2,22.6,0,0.0,0
3048.0,27,3,0,1,0,27,94.4,96.5,8,0,0,0,61.2,22.5,0,0.0,0
3049.0,27,3,0,1,0,27,94.4,96.5,8,0,0,0,61.1,22.5,0,0.0,0
3050.0,27,3,0,1,0,27,93.8,96.5,9,0,0,0,61.1,22.4,0,0.0,0
3051.0,27,3,0,1,0,27,93.8,96.5,9,0,0,0,61.0,22.4,0,0.0,0
3052.0,27,3,0,1,0,27,93.8,96.5,9,0,0,0,61.0,22.3,0,0.0,0
3053.0,27,2,1,1,0,28,93.8,96.5,9,0,0,0,60.9,22.2,0,0.0,0
3054.0,27,2,1,1,0,28,93.8,96.5,9,0,0,0,60.9,22.2,0,0.0,0
3055.0,27,2,1,1,0,28,93.8,96.5,9,0,0,0,60.9,22.2,0,0.0,0
3056.0,27,2,1,1,0,28,93.1,96.5,10,0,0,0,60.8,22.2,0,0.0,0
3057.0,27,2,1,1,0,28,93.1,96.5,10,0,0,0,60.8,22.2,0,0.0,0
3058.0,27,2,1,1,0,28,92.4,96.5,11,0,0,0,60.7,22.2,0,0.0,0
3059.0,27,2,1,1,0,28,92.4,96.5,11,0,0,0,60.7,22.2,0,0.0,0
3060.0,27,2,1,1,0,28,91.7,96.5,12,0,0,0,60.6,22.2,0,0.0,0
3061.0,27,2,1,1,0,28,92.4,96.5,11,0,0,0,60.6,22.2,0,0.0,0
3062.0,27,2,1,1,0,28,92.4,96.4,11,0,0,0,60.5,22.2,0,0.0,0
3063.0,27,2,1,1,0,28,93.1,96.4,10,0,0,0,60.5,22.2,0,0.0,0
3064.0,27,2,1,1,0,28,93.1,96.4,10,0,0,0,60.5,22.2,0,0.0,0
3065.0,27,2,1,1,0,28,93.8,96.4,9,0,0,0,60.4,22.2,0,0.0,0
3066.0,27,2,1,1,0,28,93.8,96.4,9,0,0,0,60.4,22.2,0,0.0,0
3067.0,27,2,1,1,0,28,93.8,96.4,9,0,0,0,60.3,22.2,0,0.0,0
3068.0,27,2,1,1,0,28,93.8,96.4,9,0,0,0,60.3,22.2,0,0.0,0
3069.0,27,2,1,1,0,28,93.8,96.4,9,0,0,0,60.2,22.2,0,0.0,0
3070.0,27,2,1,1,0,28,93.8,96.4,9,0,0,0,60.2,22.2,0,0.0,0
3071.0,27,2,1,1,0,28,93.8,96.4,9,0,0,0,60.2,22.2,0,0.0,0
3072.0,27,2,1,1,0,28,93.8,96.3,9,0,0,0,60.1,22.2,0,0.0,0
3073.0,27,2,1,1,0,28,93.8,96.3,9,0,0,0,60.1,22.2,0,0.0,0
3074.0,27,2,1,1,0,28,93.8,96.3,9,0,0,0,60.0,22.2,0,0.0,0
3075.0,27,2,1,1,0,28,93.8,96.3,9,0,0,0,60.0,22.2,0,0.0,0
3076.0,27,2,1,1,0,28,93.8,96.3,9,0,0,0,59.9,22.2,0,0.0,0
3077.0,27,2,1,1,0,28,93.8,96.3,9,0,0,0,59.9,22.2,0,0.0,0
3078.0,27,2,1,1,0,28,93.8,96.3,9,0,0,0,59.9,22.2,0,0.0,0
3079.0,27,2,1,1,0,28,93.8,96.2,9,0,0,0,59.8,22.2,0,0.0,0
3080.0,27,2,1,1,0,28,93.8,96.2,9,0,0,0,59.8,22.2,0,0.0,0
3081.0,27,2,1,1,0,28,93.1,96.2,10,0,0,0,59.7,22.2,0,0.0,0
3082.0,27,2,1,1,0,28,93.1,96.2,10,0,0,0,59.7,22.2,0,0.0,0
3083.0,27,2,1,1,0,28,93.1,96.2,10,0,0,0,59.6,22.2,0,0.0,0
3084.0,27,2,1,1,0,28,93.1,96.1,10,0,0,0,59.6,22.2,0,0.0,0
3085.0,27,2,1,1,0,28,93.1,96.1,10,0,0,0,59.5,22.2,0,0.0,0
3086.0,27,2,1,1,0,28,93.1,96.1,10,0,0,0,59.5,22.2,0,0.0,0
3087.0,27,2,1,1,0,28,93.1,96.1,10,0,0,0,59.5,22.2,0,0.0,0
3088.0,27,2,1,1,0,28,92.4,96.1,11,0,0,0,59.4,22.2,0,0.0,0
3089.0,27,2,1,1,0,28,93.1,96.0,10,0,0,0,59.4,22.2,0,0.0,0
3090.0,27,2,1,1,0,28,93.1,96.0,10,0,0,0,59.3,22.2,0,0.0,0
3091.0,27,2,1,1,0,28,93.1,96.0,10,0,0,0,59.3,22.2,0,0.0,0
3092.0,27,2,1,1,0,28,93.1,96.0,10,0,0,0,59.2,22.2,0,0.0,0
3093.0,27,2,1,1,0,28,93.1,95.9,10,0,0,0,59.2,22.2,0,0.0,0
3094.0,27,2,1,1,0,28,93.1,95.9,10,0,0,0,59.1,22.2,0,0.0,0
3095.0,27,2,1,1,0,28,93.1,95.9,10,0,0,0,59.1,22.2,0,0.0,0
3096.0,27,2,1,1,0,28,93.1,95.9,10,0,0,0,59.1,22.2,0,0.0,0
3097.0,27,2,1,1,0,28,93.1,95.9,10,0,0,0,59.0,22.2,0,0.0,0
3098.0,27,2,1,1,0,28,93.1,95.9,10,0,0,0,59.0,22.2,0,0.0,0
3099.0,27,2,1,1,0,28,93.8,95.9,9,0,0,0,58.9,22.2,0,0.0,0
3100.0,27,2,1,1,0,28,93.8,95.9,9,0,0,0,58.9,22.2,0,0.0,0
3101.0,27,2,1,1,0,28,93.8,95.8,9,0,0,0,58.8,22.2,0,0.0,0
3102.0,27,2,1,1,0,28,93.8,95.8,9,0,0,0,58.8,22.2,0,0.0,0
3103.0,27,2,1,1,0,28,93.8,95.8,9,0,0,0,58.7,22.2,0,0.0,0
3104.0,27,2,1,1,0,28,93.8,95.8,9,0,0,0,58.7,22.2,0,0.0,0
3105.0,27,2,1,1,0,28,93.8,95.8,9,0,0,0,58.7,22.2,0,0.0,0
3106.0,27,2,1,1,0,28,93.8,95.8,9,0,0,0,58.6,22.2,0,0.0,0
3107.0,27,2,1,1,0,28,93.8,95.8,9,0,0,0,58.6,22.2,0,0.0,0
3108.0,27,2,1,1,0,28,93.8,95.8,9,0,0,0,58.5,22.2,0,0.0,0
3109.0,27,2,1,1,0,28,93.1,95.7,10,0,0,0,58.5,22.2,0,0.0,0
3110.0,27,2,1,1,0,28,93.1,95.7,10,0,0,0,58.4,22.2,0,0.0,0
3111.0,27,2,1,1,0,28,93.1,95.7,10,0,0,0,58.4,22.2,0,0.0,0
3112.0,27,2,1,1,0,28,93.1,95.7,10,0,0,0,58.4,22.2,0,0.0,0
3113.0,27,3,0,1,0,27,93.1,95.7,10,0,0,0,60.8,23.9,0,0.0,0
3114.0,27,3,0,1,0,27,93.8,95.7,9,0,0,0,60.8,23.8,0,0.0,0
3115.0,27,3,0,1,0,27,93.8,95.7,9,0,0,0,60.7,23.8,0,0.0,0
3116.0,27,3,0,1,0,27,93.8,95.6,9,0,0,0,60.7,23.7,0,0.0,0
3117.0,27,3,0,1,0,27,93.8,95.6,9,0,0,0,60.6,23.7,0,0.0,0
3118.0,27,3,0,1,0,27,93.8,95.6,9,0,0,0,60.6,23.6,0,0.0,0
3119.0,27,3,0,1,0,27,93.8,95.6,9,0,0,0,60.6,23.6,0,0.0,0
3120.0,27,3,0,1,0,27,93.8,95.6,9,0,0,0,60.5,23.5,0,0.0,0
3121.0,27,3,0,1,0,27,93.8,95.6,9,0,0,0,60.5,23.5,0,0.0,0
3122.0,27,3,0,1,0,27,93.8,95.5,9,0,0,0,60.4,23.4,0,0.0,0
3123.0,27,2,1,1,0,28,93.8,95.5,9,0,0,0,60.4,23.4,0,0.0,0
3124.0,27,2,1,1,0,28,93.8,95.5,9,0,0,0,60.3,23.3,0,0.0,0
3125.0,27,2,1,1,0,28,93.1,95.5,10,0,0,0,60.3,23.3,0,0.0,0
3126.0,27,2,1,1,0,28,93.1,95.5,10,0,0,0,60.3,23.2,0,0.0,0
3127.0,27,2,1,1,0,28,92.4,95.4,11,0,0,0,60.2,23.2,0,0.0,0
3128.0,27,2,1,1,0,28,92.4,95.4,11,0,0,0,60.2,23.1,0,0.0,0
3129.0,27,2,1,1,0,28,92.4,95.4,11,0,0,0,60.1,23.1,0,0.0,0
3130.0,27,2,1,1,0,28,92.4,95.4,11,0,0,0,60.1,23.0,0,0.0,0
3131.0,27,2,1,1,0,28,93.1,95.3,10,0,0,0,60.0,23.0,0,0.0,0
3132.0,27,2,1,1,0,28,93.1,95.3,10,0,0,0,60.0,22.9,0,0.0,0
3133.0,27,2,1,1,0,28,93.8,95.3,9,0,0,0,59.9,22.9,0,0.0,0
3134.0,27,2,1,1,0,28,93.8,95.3,9,0,0,0,59.9,22.8,0,0.0,0
3135.0,27,2,1,1,0,28,93.8,95.3,9,0,0,0,59.9,22.8,0,0.0,0
3136.0,27,2,1,1,0,28,93.8,95.2,9,0,0,0,59.8,22.7,0,0.0,0
3137.0,27,2,1,1,0,28,93.1,95.2,10,0,0,0,59.8,22.7,0,0.0,0
3138.0,27,1,2,1,0,29,93.1,95.2,10,0,0,0,59.7,22.6,0,0.0,0
3139.0,27,1,2,1,0,29,93.1,95.2,10,0,0,0,59.7,22.6,0,0.0,0
3140.0,27,1,2,1,0,29,93.1,95.1,10,0,0,0,59.6,22.6,0,0.0,0
3141.0,27,1,2,1,0,29,93.1,95.1,10,0,0,0,59.6,22.6,0,0.0,0
3142.0,27,1,2,1,0,29,93.1,95.1,10,0,0,0,59.6,22.6,0,0.0,0
3143.0,27,1,2,1,0,29,93.1,95.1,10,0,0,0,59.5,22.6,0,0.0,0
3144.0,27,1,2,1,0,29,92.4,95.0,11,0,0,0,59.5,22.6,0,0.0,0
3145.0,27,1,2,1,0,29,92.4,95.0,11,0,0,0,59.4,22.5,0,0.0,0
3146.0,27,1,2,1,0,29,92.4,95.0,11,0,0,0,59.4,22.5,0,0.0,0
3147.0,27,1,2,1,0,29,92.4,95.0,11,0,0,0,59.3,22.4,0,0.0,0
3148.0,27,1,2,1,0,29,92.4,94.9,11,0,0,0,59.3,22.4,0,0.0,0
3149.0,27,0,3,1,0,30,92.4,94.9,11,0,0,0,59.2,22.3,0,0.0,0
3150.0,27,0,3,1,0,30,92.4,94.9,11,0,0,0,59.2,22.3,0,0.0,0
3151.0,27,0,3,1,0,30,92.4,94.9,11,0,0,0,59.2,22.2,0,0.0,0
3152.0,27,0,3,1,0,30,92.4,94.9,11,0,0,0,59.1,22.1,0,0.0,0
3153.0,27,0,3,1,0,30,92.4,94.8,11,0,0,0,59.1,22.1,0,0.0,0
3154.0,27,0,3,1,0,30,92.4,94.8,11,0,0,0,59.0,22.0,0,0.0,0
3155.0,27,0,3,1,0,30,92.4,94.8,11,0,0,0,59.0,22.0,0,0.0,0
3156.0,27,0,3,1,0,30,92.4,94.7,11,0,0,0,58.9,21.9,0,0.0,0
3157.0,27,0,3,1,0,30,92.4,94.7,11,0,0,0,58.9,21.9,0,0.0,0
3158.0,27,0,3,1,0,30,93.1,94.7,10,0,0,0,58.9,21.8,0,0.0,0
3159.0,26,0,4,1,0,30,93.1,94.7,10,0,0,0,58.8,21.8,0,0.0,0
3160.0,26,0,4,1,0,30,93.1,94.7,10,0,0,0,58.8,21.8,0,0.0,0
3161.0,26,0,4,1,0,30,93.1,94.6,10,0,0,0,58.7,21.8,0,0.0,0
3162.0,26,0,4,1,0,30,92.4,94.6,11,0,0,0,58.7,21.8,0,0.0,0
3163.0,26,0,4,1,0,30,92.4,94.6,11,0,0,0,58.6,21.8,0,0.0,0
3164.0,26,0,4,1,0,30,92.4,94.6,11,0,0,0,58.6,21.8,0,0.0,0
3165.0,26,0,4,1,0,30,93.8,94.5,9,0,0,0,58.6,21.8,0,0.0,0
3166.0,26,0,4,1,0,30,93.8,94.5,9,0,0,0,58.5,21.8,0,0.0,0
3167.0,26,0,4,1,0,30,93.8,94.5,9,0,0,0,58.5,21.8,0,0.0,0
3168.0,26,0,4,1,0,30,93.8,94.5,9,0,0,0,58.4,21.8,0,0.0,0
3169.0,26,0,4,1,0,30,93.8,94.5,9,0,0,0,58.4,21.8,0,0.0,0
3170.0,26,0,4,1,0,30,93.8,94.4,9,0,0,0,58.3,21.8,0,0.0,0
3171.0,26,0,4,1,0,30,93.8,94.4,9,0,0,0,58.3,21.8,0,0.0,0
3172.0,26,0,4,1,0,30,93.8,94.4,9,0,0,0,58.3,21.8,0,0.0,0
3173.0,26,0,4,1,0,30,93.8,94.4,9,0,0,0,58.2,21.8,0,0.0,0
3174.0,26,0,4,1,0,30,93.8,94.4,9,0,0,0,58.2,21.8,0,0.0,0
3175.0,26,0,4,1,0,30,93.8,94.4,9,0,0,0,58.1,21.8,0,0.0,0
3176.0,26,0,4,1,0,30,93.8,94.4,9,0,0,0,58.1,21.8,0,0.0,0
3177.0,26,0,4,1,0,30,93.8,94.3,9,0,0,0,58.1,21.8,0,0.0,0
3178.0,26,0,4,1,0,30,93.1,94.3,10,0,0,0,58.0,21.8,0,0.0,0
3179.0,26,0,4,1,0,30,93.8,94.3,9,0,0,0,58.0,21.8,0,0.0,0
3180.0,26,0,4,1,0,30,93.8,94.3,9,0,0,0,57.9,21.8,0,0.0,0
3181.0,26,0,4,1,0,30,93.8,94.3,9,0,0,0,57.9,21.8,0,0.0,0
3182.0,26,0,4,1,0,30,94.4,94.3,8,0,0,0,57.8,21.8,0,0.0,0
3183.0,26,1,3,1,0,29,94.4,94.3,8,0,0,0,60.3,21.8,0,0.0,0
3184.0,26,1,3,1,0,29,94.4,94.3,8,0,0,0,60.2,21.8,0,0.0,0
3185.0,26,1,3,1,0,29,94.4,94.3,8,0,0,0,60.2,21.8,0,0.0,0
3186.0,26,1,3,1,0,29,94.4,94.3,8,0,0,0,60.1,21.8,0,0.0,0
3187.0,26,1,3,1,0,29,94.4,94.2,8,0,0,0,60.1,21.8,0,0.0,0
3188.0,26,1,3,1,0,29,94.4,94.2,8,0,0,0,60.1,21.8,0,0.0,0
3189.0,26,1,3,1,0,29,94.4,94.2,8,0,0,0,60.0,21.8,0,0.0,0
3190.0,26,1,3,1,0,29,94.4,94.2,8,0,0,0,60.0,21.8,0,0.0,0
3191.0,26,1,3,1,0,29,94.4,94.2,8,0,0,0,59.9,21.8,0,0.0,0
3192.0,26,1,3,1,0,29,94.4,94.2,8,0,0,0,59.9,21.8,0,0.0,0
3193.0,26,1,3,1,0,29,94.4,94.2,8,0,0,0,59.9,21.8,0,0.0,0
3194.0,26,1,3,1,0,29,94.4,94.2,8,0,0,0,59.8,21.8,0,0.0,0
3195.0,26,1,3,1,0,29,94.4,94.2,8,0,0,0,59.8,21.8,0,0.0,0
3196.0,26,1,3,1,0,29,94.4,94.2,8,0,0,0,59.7,21.8,0,0.0,0
3197.0,26,1,3,1,0,29,94.4,94.2,8,0,0,0,59.7,21.8,0,0.0,0
3198.0,26,2,2,1,0,28,94.4,94.1,8,0,0,0,62.1,21.8,0,0.0,0
3199.0,26,2,2,1,0,28,94.4,94.1,8,0,0,0,62.1,21.8,0,0.0,0
3200.0,26,2,2,1,0,28,94.4,94.1,8,0,0,0,62.1,21.8,0,0.0,0
3201.0,26,2,2,1,0,28,94.4,94.1,8,0,0,0,62.0,21.8,0,0.0,0
3202.0,26,2,2,1,0,28,94.4,94.1,8,0,0,0,62.0,21.8,0,0.0,0
3203.0,26,2,2,1,0,28,94.4,94.1,8,0,0,0,61.9,21.8,0,0.0,0
3204.0,26,2,2,1,0,28,94.4,94.1,8,0,0,0,61.9,21.8,0,0.0,0
3205.0,26,2,2,1,0,28,95.1,94.1,7,0,0,0,61.8,21.8,0,0.0,0
3206.0,26,2,2,1,0,28,95.1,94.1,7,0,0,0,61.8,21.8,0,0.0,0
3207.0,26,2,2,1,0,28,95.1,94.1,7,0,0,0,61.8,21.8,0,0.0,0
3208.0,26,2,2,1,0,28,95.1,94.1,7,0,0,0,61.7,21.8,0,0.0,0
3209.0,26,3,1,1,0,27,95.1,94.1,7,0,0,0,64.2,21.8,0,0.0,0
3210.0,26,3,1,1,0,27,95.1,94.1,7,0,0,0,64.1,21.8,0,0.0,0
3211.0,26,3,1,1,0,27,95.1,94.1,7,0,0,0,64.1,21.8,0,0.0,0
3212.0,26,3,1,1,0,27,95.8,94.1,6,0,0,0,64.1,21.8,0,0.0,0
3213.0,26,3,1,1,0,27,95.8,94.1,6,0,0,0,64.0,21.8,0,0.0,0
3214.0,26,3,1,1,0,27,95.8,94.1,6,0,0,0,64.0,21.8,0,0.0,0
3215.0,26,3,1,1,0,27,95.8,94.1,6,0,0,0,63.9,21.8,0,0.0,0
3216.0,26,3,1,1,0,27,95.8,94.1,6,0,0,0,63.9,21.8,0,0.0,0
3217.0,26,3,1,1,0,27,95.8,94.1,6,0,0,0,63.8,21.8,0,0.0,0
3218.0,26,3,1,1,0,27,95.8,94.1,6,0,0,0,63.8,21.8,0,0.0,0
3219.0,26,4,0,1,0,26,95.8,94.1,6,0,0,0,66.3,26.7,0,0.0,0
3220.0,26,4,0,1,0,26,95.8,94.1,6,0,0,0,66.2,26.7,0,0.0,0
3221.0,26,4,0,1,0,26,95.8,94.1,6,0,0,0,66.2,26.6,0,0.0,0
3222.0,26,4,0,1,0,26,95.8,94.0,6,0,0,0,66.1,26.6,0,0.0,0
3223.0,26,4,0,1,0,26,95.8,94.0,6,0,0,0,66.1,26.5,0,0.0,0
3224.0,26,4,0,1,0,26,95.8,94.0,6,0,0,0,66.1,26.5,0,0.0,0
3225.0,26,4,0,1,0,26,96.5,94.0,5,0,0,0,66.0,26.4,0,0.0,0
3226.0,26,4,0,1,0,26,95.8,94.0,6,0,0,0,66.0,26.4,0,0.0,0
3227.0,26,4,0,1,0,26,95.8,94.0,6,0,0,0,65.9,26.3,0,0.0,0
3228.0,26,4,0,1,0,26,95.8,94.0,6,0,0,0,65.9,26.3,0,0.0,0
3229.0,26,4,0,1,0,26,95.8,94.0,6,0,0,0,65.9,26.2,0,0.0,0
3230.0,26,4,0,1,0,26,95.8,94.0,6,0,0,0,65.8,26.2,0,0.0,0
3231.0,26,4,0,1,0,26,95.8,94.0,6,0,0,0,65.8,26.1,0,0.0,0
3232.0,26,4,0,1,0,26,96.5,94.0,5,0,0,0,65.7,26.0,0,0.0,0
3233.0,26,4,0,1,0,26,95.8,94.0,6,0,0,0,65.7,26.0,0,0.0,0
3234.0,26,4,0,1,0,26,95.8,94.0,6,0,0,0,65.6,25.9,0,0.0,0
3235.0,26,4,0,1,0,26,95.8,94.1,6,0,0,0,65.6,25.9,0,0.0,0
3236.0,26,4,0,1,0,26,95.8,94.1,6,0,0,0,65.6,25.8,0,0.0,0
3237.0,26,4,0,1,0,26,95.8,94.1,6,0,0,0,65.5,25.8,0,0.0,0
3238.0,26,4,0,1,0,26,95.8,94.1,6,0,0,0,65.5,25.7,0,0.0,0
3239.0,26,4,0,1,0,26,96.5,94.1,5,0,0,0,65.4,25.7,0,0.0,0
3240.0,26,4,0,1,0,26,95.8,94.1,6,0,0,0,65.4,25.6,0,0.0,0
3241.0,26,4,0,1,0,26,95.8,94.1,6,0,0,0,65.3,25.6,0,0.0,0
3242.0,26,4,0,1,0,26,95.8,94.1,6,0,0,0,65.3,25.5,0,0.0,0
3243.0,26,4,0,1,0,26,95.8,94.1,6,0,0,0,65.3,25.5,0,0.0,0
3244.0,26,4,0,1,0,26,95.8,94.1,6,0,0,0,65.2,25.4,0,0.0,0
3245.0,26,4,0,1,0,26,96.5,94.1,5,0,0,0,65.2,25.4,0,0.0,0
3246.0,26,4,0,1,0,26,96.5,94.1,5,0,0,0,65.1,25.3,0,0.0,0
3247.0,26,4,0,1,0,26,95.8,94.1,6,0,0,0,65.1,25.3,0,0.0,0
3248.0,26,4,0,1,0,26,95.8,94.1,6,0,0,0,65.1,25.2,0,0.0,0
3249.0,26,4,0,1,0,26,95.8,94.1,6,0,0,0,65.0,25.1,0,0.0,0
3250.0,26,4,0,1,0,26,95.8,94.1,6,0,0,0,65.0,25.1,0,0.0,0
3251.0,26,4,0,1,0,26,95.8,94.1,6,0,0,0,64.9,25.0,0,0.0,0
3252.0,26,4,0,1,0,26,95.8,94.1,6,0,0,0,64.9,25.0,0,0.0,0
3253.0,26,4,0,1,0,26,95.8,94.1,6,0,0,0,64.8,24.9,0,0.0,0
3254.0,26,4,0,1,0,26,95.1,94.1,7,0,0,0,64.8,24.9,0,0.0,0
3255.0,26,4,0,1,0,26,95.1,94.1,7,0,0,0,64.8,24.8,0,0.0,0
3256.0,26,4,0,1,0,26,95.1,94.1,7,0,0,0,64.7,24.8,0,0.0,0
3257.0,26,4,0,1,0,26,95.1,94.1,7,0,0,0,64.7,24.7,0,0.0,0
3258.0,26,4,0,1,0,26,95.1,94.1,7,0,0,0,64.6,24.7,0,0.0,0
3259.0,26,4,0,1,0,26,94.4,94.1,8,0,0,0,64.6,24.6,0,0.0,0
3260.0,26,4,0,1,0,26,94.4,94.1,8,0,0,0,64.5,24.6,0,0.0,0
3261.0,26,4,0,1,0,26,93.1,94.1,10,0,0,0,64.5,24.5,0,0.0,0
3262.0,26,4,0,1,0,26,93.8,94.1,9,0,0,0,64.5,24.5,0,0.0,0
3263.0,26,4,0,1,0,26,93.1,94.1,10,0,0,0,64.4,24.4,0,0.0,0
3264.0,26,4,0,1,0,26,93.8,94.1,9,0,0,0,64.4,24.4,0,0.0,0
3265.0,26,4,0,1,0,26,93.8,94.1,9,0,0,0,64.3,24.3,0,0.0,0
3266.0,26,4,0,1,0,26,94.4,94.1,8,0,0,0,64.3,24.2,0,0.0,0
3267.0,26,4,0,1,0,26,95.1,94.1,7,0,0,0,64.3,24.2,0,0.0,0
3268.0,26,4,0,1,0,26,94.4,94.1,8,0,0,0,64.2,24.1,0,0.0,0
3269.0,26,4,0,1,0,26,94.4,94.1,8,0,0,0,64.2,24.1,0,0.0,0
3270.0,26,4,0,1,0,26,94.4,94.1,8,0,0,0,64.1,24.0,0,0.0,0
3271.0,26,4,0,1,0,26,94.4,94.1,8,0,0,0,64.1,24.0,0,0.0,0
3272.0,26,4,0,1,0,26,94.4,94.1,8,0,0,0,64.0,23.9,0,0.0,0
3273.0,26,4,0,1,0,26,94.4,94.1,8,0,0,0,64.0,23.9,0,0.0,0
3274.0,26,4,0,1,0,26,95.1,94.1,7,0,0,0,64.0,23.8,0,0.0,0
3275.0,26,4,0,1,0,26,94.4,94.1,8,0,0,0,63.9,23.8,0,0.0,0
3276.0,26,4,0,1,0,26,94.4,94.1,8,0,0,0,63.9,23.7,0,0.0,0
3277.0,26,4,0,1,0,26,94.4,94.1,8,0,0,0,63.8,23.7,0,0.0,0
3278.0,26,4,0,1,0,26,94.4,94.1,8,0,0,0,63.8,23.6,0,0.0,0
3279.0,26,4,0,1,0,26,94.4,94.1,8,0,0,0,63.7,23.6,0,0.0,0
3280.0,26,4,0,1,0,26,94.4,94.1,8,0,0,0,63.7,23.5,0,0.0,0
3281.0,26,4,0,1,0,26,94.4,94.1,8,0,0,0,63.7,23.5,0,0.0,0
3282.0,26,4,0,1,0,26,93.8,94.1,9,0,0,0,63.6,23.4,0,0.0,0
3283.0,26,4,0,1,0,26,93.8,94.0,9,0,0,0,63.6,23.3,0,0.0,0
3284.0,26,4,0,1,0,26,93.8,94.0,9,0,0,0,63.5,23.3,0,0.0,0
3285.0,26,4,0,1,0,26,93.8,94.0,9,0,0,0,63.5,23.2,0,0.0,0
3286.0,26,4,0,1,0,26,93.8,94.0,9,0,0,0,63.5,23.2,0,0.0,0
3287.0,26,4,0,1,0,26,93.8,94.0,9,0,0,0,63.4,23.1,0,0.0,0
3288.0,26,4,0,1,0,26,93.8,94.0,9,0,0,0,63.4,23.1,0,0.0,0
3289.0,26,4,0,1,0,26,93.1,94.0,10,0,0,0,63.3,23.0,0,0.0,0
3290.0,26,4,0,1,0,26,93.1,94.0,10,0,0,0,63.3,23.0,0,0.0,0
3291.0,26,4,0,1,0,26,93.1,94.0,10,0,0,0,63.2,22.9,0,0.0,0
3292.0,26,4,0,1,0,26,92.4,94.0,11,0,0,0,63.2,22.9,0,0.0,0
3293.0,26,4,0,1,0,26,91.7,94.0,12,0,0,0,63.2,22.8,0,0.0,0
3294.0,26,4,0,1,0,26,91.7,94.0,12,0,0,0,63.1,22.8,0,0.0,0
3295.0,26,4,0,1,0,26,91.7,94.0,12,0,0,0,63.1,22.7,0,0.0,0
3296.0,26,4,0,1,0,26,91.7,94.0,12,0,0,0,63.0,22.7,0,0.0,0
3297.0,26,4,0,1,0,26,91.0,94.0,13,0,0,0,63.0,22.6,0,0.0,0
3298.0,26,4,0,1,0,26,91.0,94.0,13,0,0,0,62.9,22.6,0,0.0,0
3299.0,26,4,0,1,0,26,91.0,94.0,13,0,0,0,62.9,22.5,0,0.0,0
3300.0,26,4,0,1,0,26,91.0,94.0,13,0,0,0,62.9,22.4,0,0.0,0
3301.0,26,4,0,1,0,26,92.4,94.0,11,0,0,0,62.8,22.4,0,0.0,0
3302.0,26,4,0,1,0,26,92.4,94.0,11,0,0,0,62.8,22.3,0,0.0,0
3303.0,26,4,0,1,0,26,92.4,94.0,11,0,0,0,62.7,22.3,0,0.0,0
3304.0,26,4,0,1,0,26,92.4,94.0,11,0,0,0,62.7,22.2,0,0.0,0
3305.0,26,4,0,1,0,26,92.4,94.0,11,0,0,0,62.7,22.2,0,0.0,0
3306.0,26,4,0,1,0,26,92.4,93.9,11,0,0,0,62.6,22.1,0,0.0,0
3307.0,26,4,0,1,0,26,92.4,93.9,11,0,0,0,62.6,22.1,0,0.0,0
3308.0,26,4,0,1,0,26,92.4,93.9,11,0,0,0,62.5,22.0,0,0.0,0
3309.0,26,4,0,1,0,26,92.4,93.9,11,0,0,0,62.5,22.0,0,0.0,0
3310.0,26,4,0,1,0,26,92.4,93.9,11,0,0,0,62.4,21.9,0,0.0,0
3311.0,26,4,0,1,0,26,92.4,93.9,11,0,0,0,62.4,21.9,0,0.0,0
3312.0,26,4,0,1,0,26,91.7,93.9,12,0,0,0,62.4,21.8,0,0.0,0
3313.0,26,4,0,1,0,26,91.7,93.9,12,0,0,0,62.3,21.8,0,0.0,0
3314.0,26,4,0,1,0,26,91.7,93.9,12,0,0,0,62.3,21.7,0,0.0,0
3315.0,26,4,0,1,0,26,92.4,93.9,11,0,0,0,62.2,21.7,0,0.0,0
3316.0,26,4,0,1,0,26,92.4,93.9,11,0,0,0,62.2,21.6,0,0.0,0
3317.0,26,4,0,1,0,26,92.4,93.9,11,0,0,0,62.1,21.5,0,0.0,0
3318.0,26,4,0,1,0,26,92.4,93.9,11,0,0,0,62.1,21.5,0,0.0,0
3319.0,26,4,0,1,0,26,92.4,93.9,11,0,0,0,62.1,21.4,0,0.0,0
3320.0,26,3,1,1,0,27,92.4,93.9,11,0,0,0,62.0,21.4,0,0.0,0
3321.0,26,3,1,1,0,27,92.4,93.9,11,0,0,0,62.0,21.4,0,0.0,0
3322.0,26,3,1,1,0,27,92.4,93.9,11,0,0,0,61.9,21.4,0,0.0,0
3323.0,26,3,1,1,0,27,92.4,93.9,11,0,0,0,61.9,21.4,0,0.0,0
3324.0,26,3,1,1,0,27,92.4,93.8,11,0,0,0,61.9,21.4,0,0.0,0
3325.0,26,3,1,1,0,27,91.7,93.8,12,0,0,0,61.8,21.4,0,0.0,0
3326.0,26,3,1,1,0,27,91.7,93.8,12,0,0,0,61.8,21.4,0,0.0,0
3327.0,26,3,1,1,0,27,91.7,93.8,12,0,0,0,61.7,21.4,0,0.0,0
3328.0,26,3,1,1,0,27,91.7,93.8,12,0,0,0,61.7,21.4,0,0.0,0
3329.0,26,3,1,1,0,27,91.0,93.8,13,0,0,0,61.6,21.4,0,0.0,0
3330.0,26,3,1,1,0,27,91.7,93.8,12,0,0,0,61.6,21.4,0,0.0,0
3331.0,26,3,1,1,0,27,91.7,93.8,12,0,0,0,61.6,21.3,0,0.0,0
3332.0,26,3,1,1,0,27,91.7,93.8,12,0,0,0,61.5,21.3,0,0.0,0
3333.0,26,3,1,1,0,27,91.7,93.8,12,0,0,0,61.5,21.2,0,0.0,0
3334.0,26,3,1,1,0,27,92.4,93.8,11,0,0,0,61.4,21.2,0,0.0,0
3335.0,26,3,1,1,0,27,92.4,93.8,11,0,0,0,61.4,21.1,0,0.0,0
3336.0,26,3,1,1,0,27,92.4,93.8,11,0,0,0,61.4,21.1,0,0.0,0
3337.0,26,3,1,1,0,27,92.4,93.8,11,0,0,0,61.3,21.0,0,0.0,0
3338.0,26,3,1,1,0,27,92.4,93.8,11,0,0,0,61.3,21.0,0,0.0,0
3339.0,26,3,1,1,0,27,92.4,93.8,11,0,0,0,61.2,20.9,0,0.0,0
3340.0,26,3,1,1,0,27,92.4,93.8,11,0,0,0,61.2,20.9,0,0.0,0
3341.0,26,3,1,1,0,27,92.4,93.8,11,0,0,0,61.1,20.8,0,0.0,0
3342.0,26,2,2,1,0,28,92.4,93.8,11,0,0,0,61.1,20.8,0,0.0,0
3343.0,26,2,2,1,0,28,92.4,93.8,11,0,0,0,61.1,20.8,0,0.0,0
3344.0,26,2,2,1,0,28,92.4,93.7,11,0,0,0,61.0,20.8,0,0.0,0
3345.0,26,2,2,1,0,28,92.4,93.7,11,0,0,0,61.0,20.8,0,0.0,0
3346.0,26,2,2,1,0,28,92.4,93.7,11,0,0,0,60.9,20.8,0,0.0,0
3347.0,26,2,2,1,0,28,92.4,93.7,11,0,0,0,60.9,20.8,0,0.0,0
3348.0,26,2,2,1,0,28,92.4,93.7,11,0,0,0,60.8,20.8,0,0.0,0
3349.0,26,1,3,1,0,29,92.4,93.7,11,0,0,0,60.8,20.8,0,0.0,0
3350.0,26,1,3,1,0,29,91.7,93.7,12,0,0,0,60.8,20.8,0,0.0,0
3351.0,26,1,3,1,0,29,91.7,93.7,12,0,0,0,60.7,20.8,0,0.0,0
3352.0,26,1,3,1,0,29,91.7,93.7,12,0,0,0,60.7,20.8,0,0.0,0
3353.0,26,1,3,1,0,29,91.7,93.7,12,0,0,0,60.6,20.8,0,0.0,0
3354.0,26,1,3,1,0,29,91.7,93.7,12,0,0,0,60.6,20.8,0,0.0,0
3355.0,26,1,3,1,0,29,91.7,93.7,12,0,0,0,60.6,20.8,0,0.0,0
3356.0,26,1,3,1,0,29,91.7,93.7,12,0,0,0,60.5,20.8,0,0.0,0
3357.0,26,1,3,1,0,29,91.0,93.7,13,0,0,0,60.5,20.8,0,0.0,0
3358.0,26,1,3,1,0,29,91.0,93.6,13,0,0,0,60.4,20.8,0,0.0,0
3359.0,26,0,4,1,0,30,91.0,93.6,13,0,0,0,60.4,20.8,0,0.0,0
3360.0,26,0,4,1,0,30,91.0,93.6,13,0,0,0,60.3,20.8,0,0.0,0
3361.0,26,0,4,1,0,30,91.0,93.6,13,0,0,0,60.3,20.8,0,0.0,0
3362.0,26,0,4,1,0,30,91.0,93.6,13,0,0,0,60.3,20.8,0,0.0,0
3363.0,26,0,4,1,0,30,91.0,93.6,13,0,0,0,60.2,20.8,0,0.0,0
3364.0,26,0,4,1,0,30,90.3,93.6,14,0,0,0,60.2,20.8,0,0.0,0
3365.0,26,0,4,1,0,30,90.3,93.6,14,0,0,0,60.1,20.8,0,0.0,0
3366.0,26,0,4,1,0,30,90.3,93.6,14,0,0,0,60.1,20.8,0,0.0,0
3367.0,26,0,4,1,0,30,90.3,93.5,14,0,0,0,60.0,20.8,0,0.0,0
3368.0,26,0,4,1,0,30,91.0,93.5,13,0,0,0,60.0,20.8,0,0.0,0
3369.0,26,0,4,1,0,30,91.0,93.5,13,0,0,0,60.0,20.8,0,0.0,0
3370.0,26,0,4,1,0,30,90.3,93.5,14,0,0,0,59.9,20.8,0,0.0,0
3371.0,26,0,4,1,0,30,90.3,93.5,14,0,0,0,59.9,20.8,0,0.0,0
3372.0,26,0,4,1,0,30,90.3,93.5,14,0,0,0,59.8,20.8,0,0.0,0
3373.0,26,0,4,1,0,30,90.3,93.5,14,0,0,0,59.8,20.8,0,0.0,0
3374.0,26,0,4,1,0,30,90.3,93.5,14,0,0,0,59.7,20.8,0,0.0,0
3375.0,26,0,4,1,0,30,90.3,93.5,14,0,0,0,59.7,20.8,0,0.0,0
3376.0,26,0,4,1,0,30,90.3,93.4,14,0,0,0,59.7,20.8,0,0.0,0
3377.0,26,0,4,1,0,30,89.6,93.4,15,0,0,0,59.6,20.8,0,0.0,0
3378.0,26,0,4,1,0,30,88.9,93.4,16,0,0,0,59.6,20.8,0,0.0,0
3379.0,26,0,4,1,0,30,88.9,93.4,16,0,0,0,59.5,20.8,0,0.0,0
3380.0,26,1,3,1,0,29,88.9,93.4,16,0,0,0,62.0,20.8,0,0.0,0
3381.0,26,1,3,1,0,29,88.9,93.4,16,0,0,0,62.0,20.8,0,0.0,0
3382.0,26,1,3,1,0,29,88.9,93.3,16,0,0,0,61.9,20.8,0,0.0,0
3383.0,27,0,3,1,0,30,89.6,93.3,15,0,0,0,61.9,20.8,0,0.0,0
3384.0,27,0,3,1,0,30,89.6,93.3,15,0,0,0,61.9,20.8,0,0.0,0
3385.0,27,0,3,1,0,30,89.6,93.3,15,0,0,0,61.8,20.8,0,0.0,0
3386.0,27,0,3,1,0,30,89.6,93.3,15,0,0,0,61.8,20.8,0,0.0,0
3387.0,27,0,3,1,0,30,89.6,93.3,15,0,0,0,61.7,20.8,0,0.0,0
3388.0,27,0,3,1,0,30,89.6,93.3,15,0,0,0,61.7,20.8,0,0.0,0
3389.0,27,0,3,1,0,30,89.6,93.3,15,0,0,0,61.6,20.8,0,0.0,0
3390.0,27,0,3,1,0,30,89.6,93.2,15,0,0,0,61.6,20.8,0,0.0,0
3391.0,27,0,3,1,0,30,89.6,93.2,15,0,0,0,61.6,20.8,0,0.0,0
3392.0,27,0,3,1,0,30,89.6,93.2,15,0,0,0,61.5,20.8,0,0.0,0
3393.0,27,0,3,1,0,30,89.6,93.2,15,0,0,0,61.5,20.8,0,0.0,0
3394.0,27,0,3,1,0,30,88.9,93.2,16,0,0,0,61.4,20.8,0,0.0,0
3395.0,27,0,3,1,0,30,88.9,93.2,16,0,0,0,61.4,20.8,0,0.0,0
3396.0,27,0,3,1,0,30,88.2,93.2,17,0,0,0,61.3,20.8,0,0.0,0
3397.0,27,0,3,1,0,30,88.2,93.1,17,0,0,0,61.3,20.8,0,0.0,0
3398.0,27,0,3,1,0,30,88.2,93.1,17,0,0,0,61.2,20.8,0,0.0,0
3399.0,27,0,3,1,0,30,88.2,93.1,17,0,0,0,61.2,20.8,0,0.0,0
3400.0,27,0,3,1,0,30,88.9,93.1,16,0,0,0,61.2,20.8,0,0.0,0
3401.0,27,0,3,1,0,30,88.9,93.1,16,0,0,0,61.1,20.8,0,0.0,0
3402.0,27,1,2,1,0,29,89.6,93.1,15,0,0,0,63.6,21.6,0,0.0,0
3403.0,27,1,2,1,0,29,90.3,93.1,14,0,0,0,63.6,21.6,0,0.0,0
3404.0,27,1,2,1,0,29,90.3,93.0,14,0,0,0,63.5,21.6,0,0.0,0
3405.0,27,1,2,1,0,29,90.3,93.0,14,0,0,0,63.5,21.6,0,0.0,0
3406.0,27,1,2,1,0,29,90.3,93.0,14,0,0,0,63.5,21.6,0,0.0,0
3407.0,27,1,2,1,0,29,90.3,93.0,14,0,0,0,63.4,21.6,0,0.0,0
3408.0,27,1,2,1,0,29,90.3,93.0,14,0,0,0,63.4,21.6,0,0.0,0
3409.0,27,2,1,1,0,28,90.3,93.0,14,0,0,0,65.8,21.6,0,0.0,0
3410.0,27,2,1,1,0,28,91.0,93.0,13,0,0,0,65.8,21.6,0,0.0,0
3411.0,27,2,1,1,0,28,91.0,92.9,13,0,0,0,65.7,21.6,0,0.0,0
3412.0,27,2,1,1,0,28,91.0,92.9,13,0,0,0,65.7,21.6,0,0.0,0
3413.0,27,2,1,1,0,28,91.0,92.9,13,0,0,0,65.6,21.6,0,0.0,0
3414.0,27,2,1,1,0,28,91.0,92.9,13,0,0,0,65.6,21.6,0,0.0,0
3415.0,27,2,1,1,0,28,91.0,92.9,13,0,0,0,65.6,21.6,0,0.0,0
3416.0,27,2,1,1,0,28,91.0,92.9,13,0,0,0,65.5,21.6,0,0.0,0
3417.0,27,2,1,1,0,28,91.0,92.9,13,0,0,0,65.5,21.6,0,0.0,0
3418.0,27,2,1,1,0,28,91.0,92.9,13,0,0,0,65.4,21.6,0,0.0,0
3419.0,27,3,0,1,0,27,91.0,92.9,13,0,0,0,67.9,25.4,0,0.0,0
3420.0,27,3,0,1,0,27,91.0,92.8,13,0,0,0,67.9,25.3,0,0.0,0
3421.0,27,3,0,1,0,27,91.0,92.8,13,0,0,0,67.8,25.2,0,0.0,0
3422.0,27,3,0,1,0,27,91.0,92.8,13,0,0,0,67.8,25.2,0,0.0,0
3423.0,27,3,0,1,0,27,91.0,92.8,13,0,0,0,67.7,25.1,0,0.0,0
3424.0,27,3,0,1,0,27,91.7,92.8,12,0,0,0,67.7,25.1,0,0.0,0
3425.0,27,3,0,1,0,27,91.0,92.8,13,0,0,0,67.6,25.0,0,0.0,0
3426.0,27,3,0,1,0,27,91.0,92.8,13,0,0,0,67.6,25.0,0,0.0,0
3427.0,27,3,0,1,0,27,91.0,92.8,13,0,0,0,67.6,24.9,0,0.0,0
3428.0,27,3,0,1,0,27,91.0,92.7,13,0,0,0,67.5,24.9,0,0.0,0
3429.0,27,3,0,1,0,27,91.0,92.7,13,0,0,0,67.5,24.8,0,0.0,0
3430.0,27,3,0,1,0,27,91.0,92.7,13,0,0,0,67.4,24.8,0,0.0,0
3431.0,27,3,0,1,0,27,90.3,92.7,14,0,0,0,67.4,24.7,0,0.0,0
3432.0,27,3,0,1,0,27,89.6,92.7,15,0,0,0,67.3,24.7,0,0.0,0
3433.0,27,3,0,1,0,27,89.6,92.7,15,0,0,0,67.3,24.6,0,0.0,0
3434.0,27,3,0,1,0,27,90.3,92.6,14,0,0,0,67.2,24.6,0,0.0,0
3435.0,27,3,0,1,0,27,90.3,92.6,14,0,0,0,67.2,24.5,0,0.0,0
3436.0,27,3,0,1,0,27,90.3,92.6,14,0,0,0,67.2,24.5,0,0.0,0
3437.0,27,3,0,1,0,27,90.3,92.6,14,0,0,0,67.1,24.4,0,0.0,0
3438.0,27,3,0,1,0,27,90.3,92.6,14,0,0,0,67.1,24.4,0,0.0,0
3439.0,27,3,0,1,0,27,90.3,92.5,14,0,0,0,67.0,24.3,0,0.0,0
3440.0,27,3,0,1,0,27,90.3,92.5,14,0,0,0,67.0,24.2,0,0.0,0
3441.0,27,3,0,1,0,27,90.3,92.5,14,0,0,0,66.9,24.2,0,0.0,0
3442.0,27,3,0,1,0,27,90.3,92.5,14,0,0,0,66.9,24.1,0,0.0,0
3443.0,27,3,0,1,0,27,91.0,92.5,13,0,0,0,66.8,24.1,0,0.0,0
3444.0,27,3,0,1,0,27,91.0,92.5,13,0,0,0,66.8,24.0,0,0.0,0
3445.0,27,3,0,1,0,27,91.0,92.4,13,0,0,0,66.8,24.0,0,0.0,0
3446.0,27,3,0,1,0,27,91.0,92.4,13,0,0,0,66.7,23.9,0,0.0,0
3447.0,27,3,0,1,0,27,90.3,92.4,14,0,0,0,66.7,23.9,0,0.0,0
3448.0,27,3,0,1,0,27,90.3,92.4,14,0,0,0,66.6,23.8,0,0.0,0
3449.0,27,3,0,1,0,27,90.3,92.4,14,0,0,0,66.6,23.8,0,0.0,0
3450.0,27,3,0,1,0,27,90.3,92.3,14,0,0,0,66.5,23.7,0,0.0,0
3451.0,27,3,0,1,0,27,91.0,92.3,13,0,0,0,66.5,23.7,0,0.0,0
3452.0,27,3,0,1,0,27,91.0,92.3,13,0,0,0,66.5,23.6,0,0.0,0
3453.0,27,3,0,1,0,27,91.0,92.3,13,0,0,0,66.4,23.6,0,0.0,0
3454.0,27,3,0,1,0,27,91.0,92.3,13,0,0,0,66.4,23.5,0,0.0,0
3455.0,27,3,0,1,0,27,91.0,92.3,13,0,0,0,66.3,23.5,0,0.0,0
3456.0,27,3,0,1,0,27,91.0,92.2,13,0,0,0,66.3,23.4,0,0.0,0
3457.0,27,3,0,1,0,27,91.0,92.2,13,0,0,0,66.2,23.3,0,0.0,0
3458.0,27,3,0,1,0,27,91.0,92.2,13,0,0,0,66.2,23.3,0,0.0,0
3459.0,27,3,0,1,0,27,91.0,92.2,13,0,0,0,66.1,23.2,0,0.0,0
3460.0,27,3,0,1,0,27,91.0,92.1,13,0,0,0,66.1,23.2,0,0.0,0
3461.0,27,3,0,1,0,27,91.0,92.1,13,0,0,0,66.1,23.1,0,0.0,0
3462.0,27,3,0,1,0,27,91.0,92.1,13,0,0,0,66.0,23.1,0,0.0,0
3463.0,27,3,0,1,0,27,91.0,92.1,13,0,0,0,66.0,23.0,0,0.0,0
3464.0,27,3,0,1,0,27,91.0,92.1,13,0,0,0,65.9,23.0,0,0.0,0
3465.0,27,3,0,1,0,27,91.0,92.0,13,0,0,0,65.9,22.9,0,0.0,0
3466.0,27,3,0,1,0,27,91.0,92.0,13,0,0,0,65.8,22.9,0,0.0,0
3467.0,27,3,0,1,0,27,91.0,92.0,13,0,0,0,65.8,22.8,0,0.0,0
3468.0,27,3,0,1,0,27,91.0,92.0,13,0,0,0,65.8,22.8,0,0.0,0
3469.0,27,3,0,1,0,27,91.0,92.0,13,0,0,0,65.7,22.7,0,0.0,0
3470.0,27,3,0,1,0,27,91.0,91.9,13,0,0,0,65.7,22.7,0,0.0,0
3471.0,27,3,0,1,0,27,91.0,91.9,13,0,0,0,65.6,22.6,0,0.0,0
3472.0,27,2,1,1,0,28,91.0,91.9,13,0,0,0,65.6,22.6,0,0.0,0
3473.0,27,2,1,1,0,28,91.0,91.9,13,0,0,0,65.5,22.6,0,0.0,0
3474.0,27,2,1,1,0,28,91.0,91.9,13,0,0,0,65.5,22.6,0,0.0,0
3475.0,27,2,1,1,0,28,91.0,91.8,13,0,0,0,65.5,22.6,0,0.0,0
3476.0,27,2,1,1,0,28,91.0,91.8,13,0,0,0,65.4,22.6,0,0.0,0
3477.0,27,2,1,1,0,28,91.0,91.8,13,0,0,0,65.4,22.6,0,0.0,0
3478.0,27,2,1,1,0,28,91.0,91.8,13,0,0,0,65.3,22.6,0,0.0,0
3479.0,27,2,1,1,0,28,91.0,91.8,13,0,0,0,65.3,22.6,0,0.0,0
3480.0,27,2,1,1,0,28,91.0,91.7,13,0,0,0,65.2,22.6,0,0.0,0
3481.0,27,2,1,1,0,28,91.0,91.7,13,0,0,0,65.2,22.6,0,0.0,0
3482.0,27,2,1,1,0,28,91.0,91.7,13,0,0,0,65.1,22.6,0,0.0,0
3483.0,27,2,1,1,0,28,91.0,91.7,13,0,0,0,65.1,22.6,0,0.0,0
3484.0,27,2,1,1,0,28,91.0,91.7,13,0,0,0,65.1,22.6,0,0.0,0
3485.0,27,2,1,1,0,28,91.0,91.6,13,0,0,0,65.0,22.6,0,0.0,0
3486.0,27,2,1,1,0,28,91.0,91.6,13,0,0,0,65.0,22.6,0,0.0,0
3487.0,27,2,1,1,0,28,91.0,91.6,13,0,0,0,64.9,22.6,0,0.0,0
3488.0,27,2,1,1,0,28,91.0,91.6,13,0,0,0,64.9,22.6,0,0.0,0
3489.0,27,2,1,1,0,28,91.0,91.5,13,0,0,0,64.8,22.6,0,0.0,0
3490.0,27,2,1,1,0,28,91.0,91.5,13,0,0,0,64.8,22.6,0,0.0,0
3491.0,27,2,1,1,0,28,91.0,91.5,13,0,0,0,64.7,22.6,0,0.0,0
3492.0,27,2,1,1,0,28,91.0,91.5,13,0,0,0,64.7,22.5,0,0.0,0
3493.0,27,2,1,1,0,28,91.0,91.5,13,0,0,0,64.7,22.4,0,0.0,0
3494.0,27,2,1,1,0,28,91.0,91.4,13,0,0,0,64.6,22.4,0,0.0,0
3495.0,27,2,1,1,0,28,91.0,91.4,13,0,0,0,64.6,22.3,0,0.0,0
3496.0,27,2,1,1,0,28,91.0,91.4,13,0,0,0,64.5,22.3,0,0.0,0
3497.0,27,2,1,1,0,28,91.0,91.4,13,0,0,0,64.5,22.2,0,0.0,0
3498.0,27,2,1,1,0,28,91.0,91.4,13,0,0,0,64.4,22.2,0,0.0,0
3499.0,27,1,2,1,0,29,91.0,91.4,13,0,0,0,64.4,22.2,0,0.0,0
3500.0,27,1,2,1,0,29,91.0,91.4,13,0,0,0,64.3,22.2,0,0.0,0
3501.0,27,1,2,1,0,29,91.0,91.3,13,0,0,0,64.3,22.2,0,0.0,0
3502.0,27,1,2,1,0,29,91.0,91.3,13,0,0,0,64.3,22.2,0,0.0,0
3503.0,27,1,2,1,0,29,91.0,91.3,13,0,0,0,64.2,22.2,0,0.0,0
3504.0,27,1,2,1,0,29,91.0,91.3,13,0,0,0,64.2,22.2,0,0.0,0
3505.0,27,1,2,1,0,29,91.0,91.3,13,0,0,0,64.1,22.2,0,0.0,0
3506.0,27,1,2,1,0,29,91.0,91.3,13,0,0,0,64.1,22.2,0,0.0,0
3507.0,27,1,2,1,0,29,91.0,91.3,13,0,0,0,64.0,22.2,0,0.0,0
3508.0,27,1,2,1,0,29,91.0,91.3,13,0,0,0,64.0,22.2,0,0.0,0
3509.0,27,1,2,1,0,29,91.0,91.2,13,0,0,0,64.0,22.2,0,0.0,0
3510.0,27,1,2,1,0,29,91.7,91.2,12,0,0,0,63.9,22.2,0,0.0,0
3511.0,27,1,2,1,0,29,91.7,91.2,12,0,0,0,63.9,22.2,0,0.0,0
3512.0,27,1,2,1,0,29,91.7,91.2,12,0,0,0,63.8,22.2,0,0.0,0
3513.0,27,1,2,1,0,29,91.7,91.2,12,0,0,0,63.8,22.2,0,0.0,0
3514.0,27,1,2,1,0,29,91.7,91.2,12,0,0,0,63.7,22.2,0,0.0,0
3515.0,27,1,2,1,0,29,91.7,91.2,12,0,0,0,63.7,22.2,0,0.0,0
3516.0,27,1,2,1,0,29,92.4,91.2,11,0,0,0,63.6,22.2,0,0.0,0
3517.0,27,1,2,1,0,29,92.4,91.1,11,0,0,0,63.6,22.2,0,0.0,0
3518.0,27,1,2,1,0,29,92.4,91.1,11,0,0,0,63.6,22.2,0,0.0,0
3519.0,27,1,2,1,0,29,91.7,91.1,12,0,0,0,63.5,22.2,0,0.0,0
3520.0,27,1,2,1,0,29,91.7,91.1,12,0,0,0,63.5,22.2,0,0.0,0
3521.0,27,1,2,1,0,29,91.7,91.1,12,0,0,0,63.4,22.2,0,0.0,0
3522.0,27,1,2,1,0,29,91.7,91.1,12,0,0,0,63.4,22.2,0,0.0,0
3523.0,27,1,2,1,0,29,91.7,91.1,12,0,0,0,63.3,22.2,0,0.0,0
3524.0,27,1,2,1,0,29,91.7,91.1,12,0,0,0,63.3,22.2,0,0.0,0
3525.0,27,1,2,1,0,29,91.7,91.1,12,0,0,0,63.3,22.2,0,0.0,0
3526.0,27,1,2,1,0,29,91.7,91.1,12,0,0,0,63.2,22.2,0,0.0,0
3527.0,27,1,2,1,0,29,91.7,91.1,12,0,0,0,63.2,22.2,0,0.0,0
3528.0,27,1,2,1,0,29,91.0,91.0,13,0,0,0,63.1,22.2,0,0.0,0
3529.0,27,1,2,1,0,29,91.0,91.0,13,0,0,0,63.1,22.2,0,0.0,0
3530.0,27,1,2,1,0,29,90.3,91.0,14,0,0,0,63.0,22.2,0,0.0,0
3531.0,27,1,2,1,0,29,91.0,91.0,13,0,0,0,63.0,22.2,0,0.0,0
3532.0,27,2,1,1,0,28,90.3,91.0,14,0,0,0,65.4,22.2,0,0.0,0
3533.0,27,2,1,1,0,28,91.7,91.0,12,0,0,0,65.4,22.2,0,0.0,0
3534.0,27,2,1,1,0,28,91.7,91.0,12,0,0,0,65.4,22.2,0,0.0,0
3535.0,27,2,1,1,0,28,92.4,91.0,11,0,0,0,65.3,22.2,0,0.0,0
3536.0,27,2,1,1,0,28,92.4,91.0,11,0,0,0,65.3,22.2,0,0.0,0
3537.0,27,2,1,1,0,28,92.4,91.0,11,0,0,0,65.2,22.2,0,0.0,0
3538.0,27,2,1,1,0,28,92.4,91.0,11,0,0,0,65.2,22.2,0,0.0,0
3539.0,27,2,1,1,0,28,92.4,91.0,11,0,0,0,65.1,22.2,0,0.0,0
3540.0,27,2,1,1,0,28,92.4,91.0,11,0,0,0,65.1,22.2,0,0.0,0
3541.0,27,2,1,1,0,28,92.4,91.0,11,0,0,0,65.1,22.2,0,0.0,0
3542.0,27,2,1,1,0,28,92.4,91.0,11,0,0,0,65.0,22.2,0,0.0,0
3543.0,27,2,1,1,0,28,92.4,91.0,11,0,0,0,65.0,22.2,0,0.0,0
3544.0,27,2,1,1,0,28,92.4,91.0,11,0,0,0,64.9,22.2,0,0.0,0
3545.0,27,2,1,1,0,28,92.4,91.0,11,0,0,0,64.9,22.2,0,0.0,0
3546.0,27,2,1,1,0,28,92.4,91.0,11,0,0,0,64.8,22.2,0,0.0,0
3547.0,27,2,1,1,0,28,92.4,91.0,11,0,0,0,64.8,22.2,0,0.0,0
3548.0,27,2,1,1,0,28,93.1,91.0,10,0,0,0,64.8,22.2,0,0.0,0
3549.0,27,2,1,1,0,28,93.1,91.0,10,0,0,0,64.7,22.2,0,0.0,0
3550.0,27,2,1,1,0,28,92.4,91.0,11,0,0,0,64.7,22.2,0,0.0,0
3551.0,27,2,1,1,0,28,92.4,91.0,11,0,0,0,64.6,22.2,0,0.0,0
3552.0,27,2,1,1,0,28,92.4,91.0,11,0,0,0,64.6,22.2,0,0.0,0
3553.0,27,2,1,1,0,28,92.4,91.0,11,0,0,0,64.5,22.2,0,0.0,0
3554.0,27,2,1,1,0,28,93.1,91.1,10,0,0,0,64.5,22.2,0,0.0,0
3555.0,27,2,1,1,0,28,93.1,91.1,10,0,0,0,64.4,22.2,0,0.0,0
3556.0,27,2,1,1,0,28,92.4,91.1,11,0,0,0,64.4,22.2,0,0.0,0
3557.0,27,2,1,1,0,28,92.4,91.1,11,0,0,0,64.4,22.2,0,0.0,0
3558.0,27,2,1,1,0,28,92.4,91.1,11,0,0,0,64.3,22.2,0,0.0,0
3559.0,27,3,0,1,0,27,92.4,91.1,11,0,0,0,66.8,23.7,0,0.0,0
3560.0,27,3,0,1,0,27,92.4,91.1,11,0,0,0,66.7,23.7,0,0.0,0
3561.0,27,3,0,1,0,27,92.4,91.1,11,0,0,0,66.7,23.6,0,0.0,0
3562.0,27,3,0,1,0,27,92.4,91.1,11,0,0,0,66.6,23.6,0,0.0,0
3563.0,27,3,0,1,0,27,92.4,91.1,11,0,0,0,66.6,23.5,0,0.0,0
3564.0,27,3,0,1,0,27,92.4,91.1,11,0,0,0,66.6,23.5,0,0.0,0
3565.0,27,3,0,1,0,27,92.4,91.1,11,0,0,0,66.5,23.4,0,0.0,0
3566.0,27,3,0,1,0,27,91.7,91.1,12,0,0,0,66.5,23.4,0,0.0,0
3567.0,27,3,0,1,0,27,91.7,91.1,12,0,0,0,66.4,23.3,0,0.0,0
3568.0,27,3,0,1,0,27,91.7,91.1,12,0,0,0,66.4,23.3,0,0.0,0
3569.0,27,3,0,1,0,27,91.7,91.1,12,0,0,0,66.3,23.2,0,0.0,0
3570.0,27,3,0,1,0,27,92.4,91.1,11,0,0,0,66.3,23.2,0,0.0,0
3571.0,27,3,0,1,0,27,92.4,91.1,11,0,0,0,66.3,23.1,0,0.0,0
3572.0,27,3,0,1,0,27,93.1,91.1,10,0,0,0,66.2,23.1,0,0.0,0
3573.0,27,3,0,1,0,27,93.1,91.1,10,0,0,0,66.2,23.0,0,0.0,0
3574.0,27,3,0,1,0,27,93.1,91.1,10,0,0,0,66.1,22.9,0,0.0,0
3575.0,27,3,0,1,0,27,93.1,91.1,10,0,0,0,66.1,22.9,0,0.0,0
3576.0,27,3,0,1,0,27,93.1,91.1,10,0,0,0,66.0,22.8,0,0.0,0
3577.0,27,3,0,1,0,27,93.1,91.1,10,0,0,0,66.0,22.8,0,0.0,0
3578.0,27,3,0,1,0,27,93.8,91.1,9,0,0,0,65.9,22.7,0,0.0,0
3579.0,27,3,0,1,0,27,93.1,91.1,10,0,0,0,65.9,22.7,0,0.0,0
3580.0,27,3,0,1,0,27,93.1,91.1,10,0,0,0,65.9,22.6,0,0.0,0
3581.0,27,3,0,1,0,27,92.4,91.1,11,0,0,0,65.8,22.6,0,0.0,0
3582.0,27,3,0,1,0,27,92.4,91.1,11,0,0,0,65.8,22.5,0,0.0,0
3583.0,27,3,0,1,0,27,93.1,91.1,10,0,0,0,65.7,22.5,0,0.0,0
3584.0,27,3,0,1,0,27,93.8,91.1,9,0,0,0,65.7,22.4,0,0.0,0
3585.0,27,3,0,1,0,27,94.4,91.1,8,0,0,0,65.6,22.4,0,0.0,0
3586.0,27,3,0,1,0,27,94.4,91.1,8,0,0,0,65.6,22.3,0,0.0,0
3587.0,27,3,0,1,0,27,94.4,91.1,8,0,0,0,65.5,22.3,0,0.0,0
3588.0,27,3,0,1,0,27,94.4,91.1,8,0,0,0,65.5,22.2,0,0.0,0
3589.0,27,3,0,1,0,27,94.4,91.2,8,0,0,0,65.5,22.2,0,0.0,0
3590.0,27,3,0,1,0,27,94.4,91.2,8,0,0,0,65.4,22.1,0,0.0,0
3591.0,27,3,0,1,0,27,95.1,91.2,7,0,0,0,65.4,22.0,0,0.0,0
3592.0,27,3,0,1,0,27,95.1,91.2,7,0,0,0,65.3,22.0,0,0.0,0
3593.0,27,3,0,1,0,27,95.1,91.2,7,0,0,0,65.3,21.9,0,0.0,0
3594.0,27,3,0,1,0,27,94.4,91.2,8,0,0,0,65.2,21.9,0,0.0,0
3595.0,27,3,0,1,0,27,94.4,91.2,8,0,0,0,65.2,21.8,0,0.0,0
3596.0,27,3,0,1,0,27,94.4,91.2,8,0,0,0,65.2,21.8,0,0.0,0
3597.0,27,2,1,1,0,28,94.4,91.3,8,0,0,0,65.1,21.8,0,0.0,0
3598.0,27,2,1,1,0,28,93.8,91.3,9,0,0,0,65.1,21.8,0,0.0,0
3599.0,27,2,1,1,0,28,94.4,91.3,8,0,0,0,65.0,21.8,0,0.0,0
3600.0,27,2,1,1,0,28,94.4,91.3,8,0,0,0,65.0,21.8,0,0.0,0
3601.0,27,2,1,1,0,28,94.4,91.3,8,0,0,0,64.9,21.8,0,0.0,0
3602.0,27,2,1,1,0,28,94.4,91.3,8,0,0,0,64.9,21.8,0,0.0,0
3603.0,27,2,1,1,0,28,95.1,91.3,7,0,0,0,64.9,21.8,0,0.0,0
3604.0,27,2,1,1,0,28,95.1,91.4,7,0,0,0,64.8,21.8,0,0.0,0
3605.0,27,2,1,1,0,28,95.1,91.4,7,0,0,0,64.8,21.8,0,0.0,0
3606.0,27,2,1,1,0,28,94.4,91.4,8,0,0,0,64.7,21.8,0,0.0,0
3607.0,27,2,1,1,0,28,94.4,91.4,8,0,0,0,64.7,21.8,0,0.0,0
3608.0,27,2,1,1,0,28,94.4,91.4,8,0,0,0,64.6,21.8,0,0.0,0
3609.0,27,2,1,1,0,28,94.4,91.4,8,0,0,0,64.6,21.8,0,0.0,0
3610.0,27,2,1,1,0,28,94.4,91.5,8,0,0,0,64.5,21.8,0,0.0,0
3611.0,27,2,1,1,0,28,94.4,91.5,8,0,0,0,64.5,21.8,0,0.0,0
3612.0,27,2,1,1,0,28,94.4,91.5,8,0,0,0,64.5,21.8,0,0.0,0
3613.0,27,2,1,1,0,28,94.4,91.5,8,0,0,0,64.4,21.8,0,0.0,0
3614.0,27,2,1,1,0,28,94.4,91.5,8,0,0,0,64.4,21.8,0,0.0,0
3615.0,27,2,1,1,0,28,94.4,91.6,8,0,0,0,64.3,21.8,0,0.0,0
3616.0,27,2,1,1,0,28,94.4,91.6,8,0,0,0,64.3,21.8,0,0.0,0
3617.0,27,2,1,1,0,28,94.4,91.6,8,0,0,0,64.2,21.8,0,0.0,0
3618.0,27,2,1,1,0,28,95.1,91.6,7,0,0,0,64.2,21.8,0,0.0,0
3619.0,27,2,1,1,0,28,95.1,91.6,7,0,0,0,64.2,21.8,0,0.0,0
3620.0,27,2,1,1,0,28,95.1,91.7,7,0,0,0,64.1,21.8,0,0.0,0
3621.0,27,2,1,1,0,28,95.1,91.7,7,0,0,0,64.1,21.8,0,0.0,0
3622.0,27,2,1,1,0,28,95.1,91.7,7,0,0,0,64.0,21.8,0,0.0,0
3623.0,27,2,1,1,0,28,95.1,91.7,7,0,0,0,64.0,21.7,0,0.0,0
3624.0,27,2,1,1,0,28,95.1,91.8,7,0,0,0,63.9,21.7,0,0.0,0
3625.0,27,2,1,1,0,28,95.1,91.8,7,0,0,0,63.9,21.6,0,0.0,0
3626.0,27,2,1,1,0,28,95.1,91.8,7,0,0,0,63.8,21.5,0,0.0,0
3627.0,27,2,1,1,0,28,95.1,91.8,7,0,0,0,63.8,21.5,0,0.0,0
3628.0,27,2,1,1,0,28,95.1,91.9,7,0,0,0,63.8,21.4,0,0.0,0
3629.0,27,1,2,1,0,29,95.1,91.9,7,0,0,0,63.7,21.4,0,0.0,0
3630.0,27,1,2,1,0,29,95.1,91.9,7,0,0,0,63.7,21.4,0,0.0,0
3631.0,27,1,2,1,0,29,95.1,91.9,7,0,0,0,63.6,21.4,0,0.0,0
3632.0,27,1,2,1,0,29,95.1,92.0,7,0,0,0,63.6,21.4,0,0.0,0
3633.0,27,1,2,1,0,29,95.1,92.0,7,0,0,0,63.5,21.4,0,0.0,0
3634.0,27,1,2,1,0,29,95.1,92.0,7,0,0,0,63.5,21.4,0,0.0,0
3635.0,27,1,2,1,0,29,95.1,92.0,7,0,0,0,63.5,21.4,0,0.0,0
3636.0,27,1,2,1,0,29,95.1,92.1,7,0,0,0,63.4,21.4,0,0.0,0
3637.0,27,1,2,1,0,29,95.1,92.1,7,0,0,0,63.4,21.4,0,0.0,0
3638.0,27,1,2,1,0,29,95.1,92.1,7,0,0,0,63.3,21.4,0,0.0,0
3639.0,27,1,2,1,0,29,95.1,92.1,7,0,0,0,63.3,21.4,0,0.0,0
3640.0,27,1,2,1,0,29,94.4,92.2,8,0,0,0,63.2,21.4,0,0.0,0
3641.0,27,1,2,1,0,29,94.4,92.2,8,0,0,0,63.2,21.4,0,0.0,0
3642.0,27,1,2,1,0,29,94.4,92.2,8,0,0,0,63.1,21.4,0,0.0,0
3643.0,27,1,2,1,0,29,94.4,92.2,8,0,0,0,63.1,21.4,0,0.0,0
3644.0,27,1,2,1,0,29,94.4,92.2,8,0,0,0,63.1,21.4,0,0.0,0
3645.0,27,1,2,1,0,29,94.4,92.3,8,0,0,0,63.0,21.4,0,0.0,0
3646.0,27,1,2,1,0,29,94.4,92.3,8,0,0,0,63.0,21.4,0,0.0,0
3647.0,27,1,2,1,0,29,94.4,92.3,8,0,0,0,62.9,21.4,0,0.0,0
3648.0,27,1,2,1,0,29,94.4,92.3,8,0,0,0,62.9,21.4,0,0.0,0
3649.0,27,1,2,1,0,29,94.4,92.3,8,0,0,0,62.8,21.4,0,0.0,0
3650.0,27,1,2,1,0,29,95.1,92.3,7,0,0,0,62.8,21.4,0,0.0,0
3651.0,27,1,2,1,0,29,95.1,92.4,7,0,0,0,62.7,21.4,0,0.0,0
3652.0,27,1,2,1,0,29,95.1,92.4,7,0,0,0,62.7,21.4,0,0.0,0
3653.0,27,1,2,1,0,29,95.1,92.4,7,0,0,0,62.7,21.4,0,0.0,0
3654.0,27,1,2,1,0,29,95.8,92.4,6,0,0,0,62.6,21.4,0,0.0,0
3655.0,27,1,2,1,0,29,95.8,92.4,6,0,0,0,62.6,21.4,0,0.0,0
3656.0,27,1,2,1,0,29,95.8,92.5,6,0,0,0,62.5,21.4,0,0.0,0
3657.0,27,2,1,1,0,28,95.8,92.5,6,0,0,0,65.0,21.4,0,0.0,0
3658.0,27,2,1,1,0,28,95.8,92.5,6,0,0,0,65.0,21.4,0,0.0,0
3659.0,27,2,1,1,0,28,95.8,92.5,6,0,0,0,64.9,21.4,0,0.0,0
3660.0,27,2,1,1,0,28,95.8,92.5,6,0,0,0,64.9,21.4,0,0.0,0
3661.0,27,2,1,1,0,28,96.5,92.6,5,0,0,0,64.8,21.4,0,0.0,0
3662.0,27,2,1,1,0,28,96.5,92.6,5,0,0,0,64.8,21.4,0,0.0,0
3663.0,27,2,1,1,0,28,95.1,92.6,7,0,0,0,64.7,21.4,0,0.0,0
3664.0,27,2,1,1,0,28,95.1,92.6,7,0,0,0,64.7,21.4,0,0.0,0
3665.0,27,2,1,1,0,28,94.4,92.6,8,0,0,0,64.7,21.4,0,0.0,0
3666.0,27,2,1,1,0,28,94.4,92.6,8,0,0,0,64.6,21.4,0,0.0,0
3667.0,27,2,1,1,0,28,93.1,92.7,10,0,0,0,64.6,21.4,0,0.0,0
3668.0,27,2,1,1,0,28,93.1,92.7,10,0,0,0,64.5,21.4,0,0.0,0
3669.0,27,2,1,1,0,28,92.4,92.7,11,0,0,0,64.5,21.4,0,0.0,0
3670.0,27,2,1,1,0,28,93.1,92.7,10,0,0,0,64.4,21.4,0,0.0,0
3671.0,27,2,1,1,0,28,93.1,92.7,10,0,0,0,64.4,21.4,0,0.0,0
3672.0,27,2,1,1,0,28,93.1,92.7,10,0,0,0,64.4,21.4,0,0.0,0
3673.0,27,2,1,1,0,28,92.4,92.7,11,0,0,0,64.3,21.4,0,0.0,0
3674.0,27,2,1,1,0,28,92.4,92.7,11,0,0,0,64.3,21.4,0,0.0,0
3675.0,27,2,1,1,0,28,92.4,92.7,11,0,0,0,64.2,21.4,0,0.0,0
3676.0,27,2,1,1,0,28,92.4,92.7,11,0,0,0,64.2,21.4,0,0.0,0
3677.0,27,2,1,1,0,28,93.1,92.8,10,0,0,0,64.1,21.4,0,0.0,0
3678.0,27,2,1,1,0,28,93.1,92.8,10,0,0,0,64.1,21.4,0,0.0,0
3679.0,27,2,1,1,0,28,93.8,92.8,9,0,0,0,64.0,21.4,0,0.0,0
3680.0,27,2,1,1,0,28,93.1,92.8,10,0,0,0,64.0,21.4,0,0.0,0
3681.0,27,2,1,1,0,28,93.1,92.8,10,0,0,0,64.0,21.4,0,0.0,0
3682.0,27,2,1,1,0,28,93.1,92.8,10,0,0,0,63.9,21.4,0,0.0,0
3683.0,27,2,1,1,0,28,93.1,92.8,10,0,0,0,63.9,21.4,0,0.0,0
3684.0,27,2,1,1,0,28,93.1,92.8,10,0,0,0,63.8,21.4,0,0.0,0
3685.0,27,2,1,1,0,28,93.1,92.8,10,0,0,0,63.8,21.4,0,0.0,0
3686.0,27,2,1,1,0,28,93.1,92.9,10,0,0,0,63.7,21.4,0,0.0,0
3687.0,27,2,1,1,0,28,93.1,92.9,10,0,0,0,63.7,21.4,0,0.0,0
3688.0,27,2,1,1,0,28,93.1,92.9,10,0,0,0,63.7,21.4,0,0.0,0
3689.0,27,3,0,1,0,27,93.1,92.9,10,0,0,0,66.1,24.3,0,0.0,0
3690.0,27,3,0,1,0,27,93.1,92.9,10,0,0,0,66.1,24.2,0,0.0,0
3691.0,27,3,0,1,0,27,93.1,92.9,10,0,0,0,66.1,24.2,0,0.0,0
3692.0,27,3,0,1,0,27,93.1,92.9,10,0,0,0,66.0,24.1,0,0.0,0
3693.0,27,3,0,1,0,27,93.1,92.9,10,0,0,0,66.0,24.1,0,0.0,0
3694.0,27,3,0,1,0,27,93.1,92.9,10,0,0,0,65.9,24.0,0,0.0,0
3695.0,27,3,0,1,0,27,93.1,92.9,10,0,0,0,65.9,24.0,0,0.0,0
3696.0,27,3,0,1,0,27,93.1,92.9,10,0,0,0,65.8,23.9,0,0.0,0
3697.0,27,3,0,1,0,27,93.1,93.0,10,0,0,0,65.8,23.9,0,0.0,0
3698.0,27,3,0,1,0,27,93.1,93.0,10,0,0,0,65.8,23.8,0,0.0,0
3699.0,27,3,0,1,0,27,93.1,93.0,10,0,0,0,65.7,23.8,0,0.0,0
3700.0,27,3,0,1,0,27,92.4,93.0,11,0,0,0,65.7,23.7,0,0.0,0
3701.0,27,3,0,1,0,27,92.4,93.0,11,0,0,0,65.6,23.7,0,0.0,0
3702.0,27,3,0,1,0,27,92.4,93.0,11,0,0,0,65.6,23.6,0,0.0,0
3703.0,27,3,0,1,0,27,93.1,93.0,10,0,0,0,65.5,23.6,0,0.0,0
3704.0,27,3,0,1,0,27,93.1,93.0,10,0,0,0,65.5,23.5,0,0.0,0
3705.0,27,3,0,1,0,27,93.1,93.0,10,0,0,0,65.4,23.4,0,0.0,0
3706.0,27,3,0,1,0,27,93.1,93.0,10,0,0,0,65.4,23.4,0,0.0,0
3707.0,27,3,0,1,0,27,93.1,93.0,10,0,0,0,65.4,23.3,0,0.0,0
3708.0,27,3,0,1,0,27,93.1,93.0,10,0,0,0,65.3,23.3,0,0.0,0
3709.0,27,3,0,1,0,27,93.1,93.1,10,0,0,0,65.3,23.2,0,0.0,0
3710.0,27,3,0,1,0,27,93.1,93.1,10,0,0,0,65.2,23.2,0,0.0,0
3711.0,27,3,0,1,0,27,93.1,93.1,10,0,0,0,65.2,23.1,0,0.0,0
3712.0,27,3,0,1,0,27,93.1,93.1,10,0,0,0,65.1,23.1,0,0.0,0
3713.0,27,3,0,1,0,27,93.1,93.1,10,0,0,0,65.1,23.0,0,0.0,0
3714.0,27,3,0,1,0,27,93.1,93.1,10,0,0,0,65.0,23.0,0,0.0,0
3715.0,27,3,0,1,0,27,93.1,93.1,10,0,0,0,65.0,22.9,0,0.0,0
3716.0,27,3,0,1,0,27,92.4,93.1,11,0,0,0,65.0,22.9,0,0.0,0
3717.0,27,3,0,1,0,27,93.1,93.1,10,0,0,0,64.9,22.8,0,0.0,0
3718.0,27,3,0,1,0,27,93.1,93.1,10,0,0,0,64.9,22.8,0,0.0,0
3719.0,27,3,0,1,0,27,93.8,93.1,9,0,0,0,64.8,22.7,0,0.0,0
3720.0,27,3,0,1,0,27,94.4,93.2,8,0,0,0,64.8,22.7,0,0.0,0
3721.0,27,3,0,1,0,27,94.4,93.2,8,0,0,0,64.7,22.6,0,0.0,0
3722.0,27,3,0,1,0,27,93.8,93.2,9,0,0,0,64.7,22.5,0,0.0,0
3723.0,27,2,1,1,0,28,93.8,93.2,9,0,0,0,64.7,22.5,0,0.0,0
3724.0,27,2,1,1,0,28,93.8,93.2,9,0,0,0,64.6,22.5,0,0.0,0
3725.0,27,2,1,1,0,28,93.8,93.2,9,0,0,0,64.6,22.5,0,0.0,0
3726.0,27,2,1,1,0,28,93.8,93.2,9,0,0,0,64.5,22.5,0,0.0,0
3727.0,27,2,1,1,0,28,93.8,93.2,9,0,0,0,64.5,22.5,0,0.0,0
3728.0,27,2,1,1,0,28,93.8,93.2,9,0,0,0,64.4,22.5,0,0.0,0
3729.0,27,2,1,1,0,28,93.1,93.3,10,0,0,0,64.4,22.5,0,0.0,0
3730.0,27,2,1,1,0,28,93.8,93.3,9,0,0,0,64.3,22.5,0,0.0,0
3731.0,27,2,1,1,0,28,93.8,93.3,9,0,0,0,64.3,22.5,0,0.0,0
3732.0,27,2,1,1,0,28,93.8,93.3,9,0,0,0,64.3,22.5,0,0.0,0
3733.0,27,2,1,1,0,28,94.4,93.3,8,0,0,0,64.2,22.5,0,0.0,0
3734.0,27,2,1,1,0,28,93.1,93.3,10,0,0,0,64.2,22.5,0,0.0,0
3735.0,27,2,1,1,0,28,93.1,93.3,10,0,0,0,64.1,22.5,0,0.0,0
3736.0,27,2,1,1,0,28,93.1,93.3,10,0,0,0,64.1,22.5,0,0.0,0
3737.0,27,2,1,1,0,28,93.1,93.3,10,0,0,0,64.0,22.5,0,0.0,0
3738.0,27,1,2,1,0,29,93.8,93.4,9,0,0,0,64.0,22.5,0,0.0,0
3739.0,27,1,2,1,0,29,93.8,93.4,9,0,0,0,63.9,22.5,0,0.0,0
3740.0,27,1,2,1,0,29,94.4,93.4,8,0,0,0,63.9,22.5,0,0.0,0
3741.0,27,1,2,1,0,29,94.4,93.4,8,0,0,0,63.9,22.5,0,0.0,0
3742.0,27,1,2,1,0,29,94.4,93.4,8,0,0,0,63.8,22.5,0,0.0,0
3743.0,27,1,2,1,0,29,93.8,93.4,9,0,0,0,63.8,22.5,0,0.0,0
3744.0,27,1,2,1,0,29,93.8,93.4,9,0,0,0,63.7,22.5,0,0.0,0
3745.0,27,1,2,1,0,29,93.8,93.4,9,0,0,0,63.7,22.4,0,0.0,0
3746.0,27,1,2,1,0,29,94.4,93.5,8,0,0,0,63.6,22.4,0,0.0,0
3747.0,27,1,2,1,0,29,93.8,93.5,9,0,0,0,63.6,22.3,0,0.0,0
3748.0,27,1,2,1,0,29,93.8,93.5,9,0,0,0,63.6,22.3,0,0.0,0
3749.0,27,1,2,1,0,29,93.8,93.5,9,0,0,0,63.5,22.2,0,0.0,0
3750.0,27,1,2,1,0,29,93.8,93.5,9,0,0,0,63.5,22.2,0,0.0,0
3751.0,27,1,2,1,0,29,93.1,93.5,10,0,0,0,63.4,22.1,0,0.0,0
3752.0,27,1,2,1,0,29,93.1,93.5,10,0,0,0,63.4,22.1,0,0.0,0
3753.0,27,1,2,1,0,29,93.1,93.5,10,0,0,0,63.3,22.0,0,0.0,0
3754.0,27,1,2,1,0,29,92.4,93.5,11,0,0,0,63.3,22.0,0,0.0,0
3755.0,27,1,2,1,0,29,92.4,93.5,11,0,0,0,63.2,21.9,0,0.0,0
3756.0,27,1,2,1,0,29,92.4,93.5,11,0,0,0,63.2,21.9,0,0.0,0
3757.0,27,1,2,1,0,29,92.4,93.5,11,0,0,0,63.2,21.8,0,0.0,0
3758.0,27,1,2,1,0,29,92.4,93.5,11,0,0,0,63.1,21.8,0,0.0,0
3759.0,27,1,2,1,0,29,92.4,93.5,11,0,0,0,63.1,21.7,0,0.0,0
3760.0,27,1,2,1,0,29,92.4,93.5,11,0,0,0,63.0,21.6,0,0.0,0
3761.0,27,1,2,1,0,29,92.4,93.5,11,0,0,0,63.0,21.6,0,0.0,0
3762.0,27,0,3,1,0,30,92.4,93.5,11,0,0,0,62.9,21.6,0,0.0,0
3763.0,27,0,3,1,0,30,92.4,93.5,11,0,0,0,62.9,21.6,0,0.0,0
3764.0,26,0,4,1,0,30,92.4,93.5,11,0,0,0,62.9,21.6,0,0.0,0
3765.0,26,0,4,1,0,30,92.4,93.5,11,0,0,0,62.8,21.6,0,0.0,0
3766.0,26,0,4,1,0,30,92.4,93.5,11,0,0,0,62.8,21.6,0,0.0,0
3767.0,26,0,4,1,0,30,91.7,93.5,12,0,0,0,62.7,21.6,0,0.0,0
3768.0,26,0,4,1,0,30,91.7,93.6,12,0,0,0,62.7,21.6,0,0.0,0
3769.0,26,0,4,1,0,30,91.7,93.6,12,0,0,0,62.6,21.6,0,0.0,0
3770.0,26,0,4,1,0,30,91.0,93.6,13,0,0,0,62.6,21.6,0,0.0,0
3771.0,26,0,4,1,0,30,90.3,93.6,14,0,0,0,62.6,21.6,0,0.0,0
3772.0,26,0,4,1,0,30,90.3,93.6,14,0,0,0,62.5,21.6,0,0.0,0
3773.0,26,0,4,1,0,30,90.3,93.5,14,0,0,0,62.5,21.6,0,0.0,0
3774.0,26,0,4,1,0,30,89.6,93.5,15,0,0,0,62.4,21.6,0,0.0,0
3775.0,26,0,4,1,0,30,89.6,93.5,15,0,0,0,62.4,21.6,0,0.0,0
3776.0,26,0,4,1,0,30,88.9,93.5,16,0,0,0,62.4,21.6,0,0.0,0
3777.0,26,0,4,1,0,30,88.9,93.5,16,0,0,0,62.3,21.6,0,0.0,0
3778.0,26,0,4,1,0,30,88.2,93.5,17,0,0,0,62.3,21.6,0,0.0,0
3779.0,25,0,5,1,0,30,87.5,93.5,18,0,0,0,62.2,21.6,0,0.0,0
3780.0,24,0,6,1,0,30,86.8,93.4,19,0,0,0,62.2,21.6,0,0.0,0
3781.0,24,0,6,1,0,30,86.8,93.4,19,0,0,0,62.1,21.6,0,0.0,0
3782.0,24,0,6,1,0,30,86.8,93.4,19,0,0,0,62.1,21.6,0,0.0,0
3783.0,24,1,5,1,0,29,86.1,93.4,20,0,0,0,64.6,21.6,0,0.0,0
3784.0,24,1,5,1,0,29,86.1,93.3,20,0,0,0,64.5,21.6,0,0.0,0
3785.0,24,1,5,1,0,29,85.4,93.3,21,0,0,0,64.5,21.6,0,0.0,0
3786.0,24,1,5,1,0,29,85.4,93.3,21,0,0,0,64.5,21.6,0,0.0,0
3787.0,24,1,5,1,0,29,84.7,93.2,22,0,0,0,64.4,21.6,0,0.0,0
3788.0,24,1,5,1,0,29,84.7,93.2,22,0,0,0,64.4,21.6,0,0.0,0
3789.0,24,1,5,1,0,29,84.7,93.2,22,0,0,0,64.3,21.6,0,0.0,0
3790.0,24,1,5,1,0,29,84.7,93.1,22,0,0,0,64.3,21.6,0,0.0,0
3791.0,24,1,5,1,0,29,84.7,93.1,22,0,0,0,64.3,21.6,0,0.0,0
3792.0,24,1,5,1,0,29,84.7,93.1,22,0,0,0,64.2,21.6,0,0.0,0
3793.0,24,1,5,1,0,29,84.7,93.1,22,0,0,0,64.2,21.6,0,0.0,0
3794.0,24,1,5,1,0,29,84.7,93.0,22,0,0,0,64.1,21.6,0,0.0,0
3795.0,24,1,5,1,0,29,84.7,93.0,22,0,0,0,64.1,21.6,0,0.0,0
3796.0,24,1,5,1,0,29,84.7,93.0,22,0,0,0,64.1,21.6,0,0.0,0
3797.0,24,1,5,1,0,29,84.7,92.9,22,0,0,0,64.0,21.6,0,0.0,0
3798.0,24,2,4,1,0,28,84.7,92.9,22,0,0,0,66.5,21.6,0,0.0,0
3799.0,24,2,4,1,0,28,85.4,92.9,21,0,0,0,66.4,21.6,0,0.0,0
3800.0,24,2,4,1,0,28,85.4,92.8,21,0,0,0,66.4,21.6,0,0.0,0
3801.0,24,2,4,1,0,28,85.4,92.8,21,0,0,0,66.4,21.6,0,0.0,0
3802.0,24,2,4,1,0,28,85.4,92.8,21,0,0,0,66.3,21.6,0,0.0,0
3803.0,24,2,4,1,0,28,85.4,92.7,21,0,0,0,66.3,21.6,0,0.0,0
3804.0,24,2,4,1,0,28,85.4,92.7,21,0,0,0,66.3,21.6,0,0.0,0
3805.0,24,2,4,1,0,28,85.4,92.7,21,0,0,0,66.2,21.6,0,0.0,0
3806.0,24,2,4,1,0,28,86.1,92.7,20,0,0,0,66.2,21.6,0,0.0,0
3807.0,24,2,4,1,0,28,85.4,92.6,21,0,0,0,66.1,21.6,0,0.0,0
3808.0,24,2,4,1,0,28,85.4,92.6,21,0,0,0,66.1,21.6,0,0.0,0
3809.0,24,2,4,1,0,28,84.7,92.6,22,0,0,0,66.1,21.6,0,0.0,0
3810.0,24,2,4,1,0,28,84.7,92.5,22,0,0,0,66.0,21.6,0,0.0,0
3811.0,24,2,4,1,0,28,84.7,92.5,22,0,0,0,66.0,21.6,0,0.0,0
3812.0,24,2,4,1,0,28,84.7,92.5,22,0,0,0,65.9,21.6,0,0.0,0
3813.0,24,2,4,1,0,28,84.7,92.4,22,0,0,0,65.9,21.6,0,0.0,0
3814.0,24,2,4,1,0,28,84.7,92.4,22,0,0,0,65.9,21.6,0,0.0,0
3815.0,24,2,4,1,0,28,84.7,92.4,22,0,0,0,65.8,21.6,0,0.0,0
3816.0,24,2,4,1,0,28,84.7,92.3,22,0,0,0,65.8,21.6,0,0.0,0
3817.0,24,2,4,1,0,28,84.7,92.3,22,0,0,0,65.7,21.6,0,0.0,0
3818.0,24,2,4,1,0,28,84.7,92.3,22,0,0,0,65.7,21.6,0,0.0,0
3819.0,24,2,4,1,0,28,84.7,92.2,22,0,0,0,65.7,21.6,0,0.0,0
3820.0,24,2,4,1,0,28,84.7,92.2,22,0,0,0,65.6,21.6,0,0.0,0
3821.0,24,2,4,1,0,28,86.1,92.2,20,0,0,0,65.6,21.6,0,0.0,0
3822.0,24,3,3,1,0,27,86.1,92.1,20,0,0,0,68.1,23.3,0,0.0,0
3823.0,24,3,3,1,0,27,86.1,92.1,20,0,0,0,68.0,23.3,0,0.0,0
3824.0,24,4,2,1,0,26,86.1,92.1,20,0,0,0,70.5,23.3,0,0.0,0
3825.0,24,4,2,1,0,26,86.1,92.1,20,0,0,0,70.4,23.3,0,0.0,0
3826.0,24,4,2,1,0,26,86.1,92.0,20,0,0,0,70.4,23.3,0,0.0,0
3827.0,24,4,2,1,0,26,86.1,92.0,20,0,0,0,70.4,23.3,0,0.0,0
3828.0,24,4,2,1,0,26,86.1,92.0,20,0,0,0,70.3,23.3,0,0.0,0
3829.0,24,4,2,1,0,26,86.1,91.9,20,0,0,0,70.3,23.3,0,0.0,0
3830.0,24,3,3,1,0,27,86.1,91.9,20,0,0,0,70.2,23.3,0,0.0,0
3831.0,24,3,3,1,0,27,86.1,91.8,20,0,0,0,70.2,23.3,0,0.0,0
3832.0,24,3,3,1,0,27,86.1,91.8,20,0,0,0,70.2,23.3,0,0.0,0
3833.0,24,3,3,1,0,27,86.1,91.8,20,0,0,0,70.1,23.3,0,0.0,0
3834.0,24,3,3,1,0,27,85.4,91.7,21,0,0,0,70.1,23.3,0,0.0,0
3835.0,24,3,3,1,0,27,84.7,91.7,22,0,0,0,70.1,23.3,0,0.0,0
3836.0,24,3,3,1,0,27,84.7,91.6,22,0,0,0,70.0,23.3,0,0.0,0
3837.0,24,3,3,1,0,27,84.7,91.6,22,0,0,0,70.0,23.3,0,0.0,0
3838.0,24,3,3,1,0,27,84.7,91.6,22,0,0,0,69.9,23.3,0,0.0,0
3839.0,24,4,2,1,0,26,85.4,91.5,21,0,0,0,72.4,23.3,0,0.0,0
3840.0,24,5,1,1,0,25,85.4,91.5,21,0,0,0,74.8,23.8,0,0.0,0
3841.0,24,5,1,1,0,25,85.4,91.5,21,0,0,0,74.8,23.8,0,0.0,0
3842.0,24,5,1,1,0,25,85.4,91.4,21,0,0,0,74.7,23.8,0,0.0,0
3843.0,24,5,1,1,0,25,85.4,91.4,21,0,0,0,74.7,23.8,0,0.0,0
3844.0,24,5,1,1,0,25,85.4,91.3,21,0,0,0,74.6,23.8,0,0.0,0
3845.0,24,5,1,1,0,25,85.4,91.3,21,0,0,0,74.6,23.8,0,0.0,0
3846.0,24,5,1,1,0,25,85.4,91.3,21,0,0,0,74.6,23.8,0,0.0,0
3847.0,24,5,1,1,0,25,85.4,91.2,21,0,0,0,74.5,23.8,0,0.0,0
3848.0,24,5,1,1,0,25,85.4,91.2,21,0,0,0,74.5,23.8,0,0.0,0
3849.0,24,5,1,1,0,25,85.4,91.1,21,0,0,0,74.5,23.8,0,0.0,0
3850.0,24,5,1,1,0,25,84.7,91.1,22,0,0,0,74.4,23.8,0,0.0,0
3851.0,24,5,1,1,0,25,84.7,91.1,22,0,0,0,74.4,23.8,0,0.0,0
3852.0,24,5,1,1,0,25,84.7,91.0,22,0,0,0,74.3,23.8,0,0.0,0
3853.0,24,5,1,1,0,25,85.4,91.0,21,0,0,0,74.3,23.8,0,0.0,0
3854.0,24,5,1,1,0,25,85.4,91.0,21,0,0,0,74.3,23.8,0,0.0,0
3855.0,24,5,1,1,0,25,85.4,90.9,21,0,0,0,74.2,23.8,0,0.0,0
3856.0,24,5,1,1,0,25,85.4,90.9,21,0,0,0,74.2,23.8,0,0.0,0
3857.0,24,5,1,1,0,25,85.4,90.8,21,0,0,0,74.1,23.8,0,0.0,0
3858.0,24,5,1,1,0,25,85.4,90.8,21,0,0,0,74.1,23.8,0,0.0,0
3859.0,24,5,1,1,0,25,85.4,90.8,21,0,0,0,74.1,23.8,0,0.0,0
3860.0,24,5,1,1,0,25,85.4,90.7,21,0,0,0,74.0,23.8,0,0.0,0
3861.0,24,5,1,1,0,25,85.4,90.7,21,0,0,0,74.0,23.8,0,0.0,0
3862.0,24,5,1,1,0,25,85.4,90.6,21,0,0,0,74.0,23.8,0,0.0,0
3863.0,24,5,1,1,0,25,85.4,90.6,21,0,0,0,73.9,23.8,0,0.0,0
3864.0,24,5,1,1,0,25,85.4,90.6,21,0,0,0,73.9,23.8,0,0.0,0
3865.0,24,5,1,1,0,25,85.4,90.5,21,0,0,0,73.8,23.8,0,0.0,0
3866.0,24,5,1,1,0,25,86.1,90.5,20,0,0,0,73.8,23.8,0,0.0,0
3867.0,24,5,1,1,0,25,85.4,90.4,21,0,0,0,73.8,23.8,0,0.0,0
3868.0,24,5,1,1,0,25,84.7,90.4,22,0,0,0,73.7,23.8,0,0.0,0
3869.0,24,5,1,1,0,25,84.7,90.4,22,0,0,0,73.7,23.8,0,0.0,0
3870.0,24,5,1,1,0,25,84.7,90.3,22,0,0,0,73.6,23.8,0,0.0,0
3871.0,24,5,1,1,0,25,85.4,90.3,21,0,0,0,73.6,23.8,0,0.0,0
3872.0,24,5,1,1,0,25,85.4,90.2,21,0,0,0,73.6,23.8,0,0.0,0
3873.0,24,5,1,1,0,25,86.1,90.2,20,0,0,0,73.5,23.8,0,0.0,0
3874.0,24,5,1,1,0,25,85.4,90.1,21,0,0,0,73.5,23.8,0,0.0,0
3875.0,24,5,1,1,0,25,86.1,90.1,20,0,0,0,73.4,23.8,0,0.0,0
3876.0,24,5,1,1,0,25,86.8,90.1,19,0,0,0,73.4,23.8,0,0.0,0
3877.0,24,5,1,1,0,25,86.8,90.0,19,0,0,0,73.4,23.8,0,0.0,0
3878.0,24,5,1,1,0,25,86.1,90.0,20,0,0,0,73.3,23.8,0,0.0,0
3879.0,24,5,1,1,0,25,86.1,90.0,20,0,0,0,73.3,23.8,0,0.0,0
3880.0,24,5,1,1,0,25,86.1,89.9,20,0,0,0,73.3,23.8,0,0.0,0
3881.0,24,5,1,1,0,25,86.8,89.9,19,0,0,0,73.2,23.8,0,0.0,0
3882.0,24,5,1,1,0,25,86.8,89.9,19,0,0,0,73.2,23.8,0,0.0,0
3883.0,24,5,1,1,0,25,86.8,89.8,19,0,0,0,73.1,23.8,0,0.0,0
3884.0,24,5,1,1,0,25,86.8,89.8,19,0,0,0,73.1,23.8,0,0.0,0
3885.0,24,5,1,1,0,25,86.8,89.8,19,0,0,0,73.1,23.8,0,0.0,0
3886.0,24,5,1,1,0,25,86.8,89.7,19,0,0,0,73.0,23.8,0,0.0,0
3887.0,24,5,1,1,0,25,86.8,89.7,19,0,0,0,73.0,23.8,0,0.0,0
3888.0,24,5,1,1,0,25,86.8,89.7,19,0,0,0,72.9,23.8,0,0.0,0
3889.0,24,5,1,1,0,25,86.8,89.6,19,0,0,0,72.9,23.8,0,0.0,0
3890.0,24,6,0,1,0,24,87.5,89.6,18,0,0,0,75.3,34.7,0,0.0,0
3891.0,24,6,0,1,0,24,87.5,89.6,18,0,0,0,75.3,34.7,0,0.0,0
3892.0,24,6,0,1,0,24,87.5,89.5,18,0,0,0,75.2,34.6,0,0.0,0
3893.0,24,6,0,1,0,24,87.5,89.5,18,0,0,0,75.2,34.6,0,0.0,0
3894.0,24,6,0,1,0,24,87.5,89.5,18,0,0,0,75.2,34.5,0,0.0,0
3895.0,24,6,0,1,0,24,87.5,89.4,18,0,0,0,75.1,34.5,0,0.0,0
3896.0,24,6,0,1,0,24,87.5,89.4,18,0,0,0,75.1,34.4,0,0.0,0
3897.0,24,6,0,1,0,24,87.5,89.4,18,0,0,0,75.1,34.4,0,0.0,0
3898.0,24,6,0,1,0,24,87.5,89.3,18,0,0,0,75.0,34.3,0,0.0,0
3899.0,24,6,0,1,0,24,87.5,89.3,18,0,0,0,75.0,34.2,0,0.0,0
3900.0,24,6,0,1,0,24,87.5,89.3,18,0,0,0,74.9,34.2,0,0.0,0
3901.0,24,6,0,1,0,24,87.5,89.2,18,0,0,0,74.9,34.1,0,0.0,0
3902.0,24,6,0,1,0,24,87.5,89.2,18,0,0,0,74.9,34.1,0,0.0,0
3903.0,24,6,0,1,0,24,87.5,89.2,18,0,0,0,74.8,34.0,0,0.0,0
3904.0,24,6,0,1,0,24,87.5,89.1,18,0,0,0,74.8,34.0,0,0.0,0
3905.0,24,6,0,1,0,24,87.5,89.1,18,0,0,0,74.7,33.9,0,0.0,0
3906.0,24,6,0,1,0,24,87.5,89.1,18,0,0,0,74.7,33.9,0,0.0,0
3907.0,24,6,0,1,0,24,87.5,89.1,18,0,0,0,74.7,33.8,0,0.0,0
3908.0,24,6,0,1,0,24,87.5,89.0,18,0,0,0,74.6,33.8,0,0.0,0
3909.0,24,6,0,1,0,24,87.5,89.0,18,0,0,0,74.6,33.7,0,0.0,0
3910.0,24,6,0,1,0,24,87.5,89.0,18,0,0,0,74.6,33.7,0,0.0,0
3911.0,24,6,0,1,0,24,87.5,89.0,18,0,0,0,74.5,33.6,0,0.0,0
3912.0,24,6,0,1,0,24,87.5,88.9,18,0,0,0,74.5,33.6,0,0.0,0
3913.0,24,6,0,1,0,24,87.5,88.9,18,0,0,0,74.4,33.5,0,0.0,0
3914.0,24,6,0,1,0,24,87.5,88.9,18,0,0,0,74.4,33.5,0,0.0,0
3915.0,24,6,0,1,0,24,87.5,88.9,18,0,0,0,74.4,33.4,0,0.0,0
3916.0,24,6,0,1,0,24,87.5,88.9,18,0,0,0,74.3,33.3,0,0.0,0
3917.0,24,6,0,1,0,24,87.5,88.8,18,0,0,0,74.3,33.3,0,0.0,0
3918.0,24,6,0,1,0,24,87.5,88.8,18,0,0,0,74.2,33.2,0,0.0,0
3919.0,24,6,0,1,0,24,87.5,88.8,18,0,0,0,74.2,33.2,0,0.0,0
3920.0,24,6,0,1,0,24,87.5,88.8,18,0,0,0,74.2,33.1,0,0.0,0
3921.0,24,6,0,1,0,24,87.5,88.7,18,0,0,0,74.1,33.1,0,0.0,0
3922.0,24,6,0,1,0,24,87.5,88.7,18,0,0,0,74.1,33.0,0,0.0,0
3923.0,24,6,0,1,0,24,86.8,88.7,19,0,0,0,74.1,33.0,0,0.0,0
3924.0,24,6,0,1,0,24,86.8,88.7,19,0,0,0,74.0,32.9,0,0.0,0
3925.0,24,6,0,1,0,24,86.8,88.6,19,0,0,0,74.0,32.9,0,0.0,0
3926.0,24,6,0,1,0,24,86.8,88.6,19,0,0,0,73.9,32.8,0,0.0,0
3927.0,24,6,0,1,0,24,86.8,88.6,19,0,0,0,73.9,32.8,0,0.0,0
3928.0,24,6,0,1,0,24,86.8,88.6,19,0,0,0,73.9,32.7,0,0.0,0
3929.0,24,6,0,1,0,24,86.8,88.5,19,0,0,0,73.8,32.7,0,0.0,0
3930.0,24,6,0,1,0,24,86.1,88.5,20,0,0,0,73.8,32.6,0,0.0,0
3931.0,24,6,0,1,0,24,86.1,88.5,20,0,0,0,73.7,32.6,0,0.0,0
3932.0,24,6,0,1,0,24,86.1,88.4,20,0,0,0,73.7,32.5,0,0.0,0
3933.0,24,6,0,1,0,24,86.1,88.4,20,0,0,0,73.7,32.5,0,0.0,0
3934.0,24,6,0,1,0,24,86.1,88.4,20,0,0,0,73.6,32.4,0,0.0,0
3935.0,24,6,0,1,0,24,86.1,88.4,20,0,0,0,73.6,32.3,0,0.0,0
3936.0,24,6,0,1,0,24,86.1,88.3,20,0,0,0,73.6,32.3,0,0.0,0
3937.0,24,6,0,1,0,24,86.1,88.3,20,0,0,0,73.5,32.2,0,0.0,0
3938.0,24,6,0,1,0,24,86.1,88.3,20,0,0,0,73.5,32.2,0,0.0,0
3939.0,24,6,0,1,0,24,86.1,88.2,20,0,0,0,73.4,32.1,0,0.0,0
3940.0,24,6,0,1,0,24,86.1,88.2,20,0,0,0,73.4,32.1,0,0.0,0
3941.0,24,6,0,1,0,24,86.1,88.2,20,0,0,0,73.4,32.0,0,0.0,0
3942.0,24,6,0,1,0,24,86.1,88.2,20,0,0,0,73.3,32.0,0,0.0,0
3943.0,24,6,0,1,0,24,86.1,88.1,20,0,0,0,73.3,31.9,0,0.0,0
3944.0,24,6,0,1,0,24,86.8,88.1,19,0,0,0,73.2,31.9,0,0.0,0
3945.0,24,6,0,1,0,24,86.1,88.1,20,0,0,0,73.2,31.8,0,0.0,0
3946.0,24,6,0,1,0,24,86.1,88.1,20,0,0,0,73.2,31.8,0,0.0,0
3947.0,24,6,0,1,0,24,86.1,88.0,20,0,0,0,73.1,31.7,0,0.0,0
3948.0,24,6,0,1,0,24,86.1,88.0,20,0,0,0,73.1,31.7,0,0.0,0
3949.0,24,6,0,1,0,24,85.4,88.0,21,0,0,0,73.0,31.6,0,0.0,0
3950.0,24,6,0,1,0,24,85.4,87.9,21,0,0,0,73.0,31.6,0,0.0,0
3951.0,24,6,0,1,0,24,85.4,87.9,21,0,0,0,73.0,31.5,0,0.0,0
3952.0,24,6,0,1,0,24,85.4,87.9,21,0,0,0,72.9,31.5,0,0.0,0
3953.0,24,6,0,1,0,24,84.7,87.8,22,0,0,0,72.9,31.4,0,0.0,0
3954.0,24,6,0,1,0,24,84.7,87.8,22,0,0,0,72.9,31.4,0,0.0,0
3955.0,24,6,0,1,0,24,84.0,87.8,23,0,0,0,72.8,31.3,0,0.0,0
3956.0,24,6,0,1,0,24,84.0,87.7,23,0,0,0,72.8,31.3,0,0.0,0
3957.0,24,6,0,1,0,24,84.0,87.7,23,0,0,0,72.7,31.2,0,0.0,0
3958.0,24,6,0,1,0,24,84.0,87.7,23,0,0,0,72.7,31.1,0,0.0,0
3959.0,24,6,0,1,0,24,84.0,87.6,23,0,0,0,72.7,31.1,0,0.0,0
3960.0,24,6,0,1,0,24,84.0,87.6,23,0,0,0,72.6,31.0,0,0.0,0
3961.0,24,6,0,1,0,24,84.0,87.5,23,0,0,0,72.6,31.0,0,0.0,0
3962.0,24,6,0,1,0,24,84.0,87.5,23,0,0,0,72.5,30.9,0,0.0,0
3963.0,24,6,0,1,0,24,84.0,87.4,23,0,0,0,72.5,30.9,0,0.0,0
3964.0,24,6,0,1,0,24,84.0,87.4,23,0,0,0,72.5,30.8,0,0.0,0
3965.0,24,6,0,1,0,24,84.7,87.4,22,0,0,0,72.4,30.8,0,0.0,0
3966.0,24,6,0,1,0,24,84.7,87.3,22,0,0,0,72.4,30.7,0,0.0,0
3967.0,24,6,0,1,0,24,84.7,87.3,22,0,0,0,72.4,30.7,0,0.0,0
3968.0,24,6,0,1,0,24,84.7,87.3,22,0,0,0,72.3,30.6,0,0.0,0
3969.0,24,6,0,1,0,24,84.0,87.2,23,0,0,0,72.3,30.6,0,0.0,0
3970.0,24,6,0,1,0,24,83.3,87.2,24,0,0,0,72.2,30.5,0,0.0,0
3971.0,24,6,0,1,0,24,83.3,87.1,24,0,0,0,72.2,30.5,0,0.0,0
3972.0,24,6,0,1,0,24,84.0,87.1,23,0,0,0,72.2,30.4,0,0.0,0
3973.0,24,6,0,1,0,24,84.0,87.0,23,0,0,0,72.1,30.4,0,0.0,0
3974.0,24,6,0,1,0,24,84.0,87.0,23,0,0,0,72.1,30.3,0,0.0,0
3975.0,24,6,0,1,0,24,84.0,87.0,23,0,0,0,72.1,30.2,0,0.0,0
3976.0,24,6,0,1,0,24,84.0,86.9,23,0,0,0,72.0,30.2,0,0.0,0
3977.0,24,6,0,1,0,24,83.3,86.9,24,0,0,0,72.0,30.2,0,0.0,0
3978.0,24,6,0,1,0,24,83.3,86.8,24,0,0,0,71.9,30.2,0,0.0,0
3979.0,24,6,0,1,0,24,83.3,86.8,24,0,0,0,71.9,30.1,0,0.0,0
3980.0,24,6,0,1,0,24,83.3,86.8,24,0,0,0,71.9,30.1,0,0.0,0
3981.0,24,6,0,1,0,24,82.6,86.7,25,0,0,0,71.8,30.0,0,0.0,0
3982.0,24,6,0,1,0,24,82.6,86.7,25,0,0,0,71.8,29.9,0,0.0,0
3983.0,24,6,0,1,0,24,82.6,86.6,25,0,0,0,71.7,29.9,0,0.0,0
3984.0,24,6,0,1,0,24,82.6,86.6,25,0,0,0,71.7,29.8,0,0.0,0
3985.0,24,6,0,1,0,24,81.9,86.5,26,0,0,0,71.7,29.8,0,0.0,0
3986.0,24,6,0,1,0,24,82.6,86.5,25,0,0,0,71.6,29.7,0,0.0,0
3987.0,24,6,0,1,0,24,82.6,86.4,25,0,0,0,71.6,29.7,0,0.0,0
3988.0,24,6,0,1,0,24,82.6,86.4,25,0,0,0,71.5,29.6,0,0.0,0
3989.0,24,6,0,1,0,24,82.6,86.3,25,0,0,0,71.5,29.6,0,0.0,0
3990.0,24,6,0,1,0,24,82.6,86.3,25,0,0,0,71.5,29.5,0,0.0,0
3991.0,24,6,0,1,0,24,82.6,86.2,25,0,0,0,71.4,29.5,0,0.0,0
3992.0,24,6,0,1,0,24,82.6,86.2,25,0,0,0,71.4,29.4,0,0.0,0
3993.0,24,6,0,1,0,24,82.6,86.2,25,0,0,0,71.4,29.4,0,0.0,0
3994.0,24,6,0,1,0,24,82.6,86.1,25,0,0,0,71.3,29.3,0,0.0,0
3995.0,24,6,0,1,0,24,81.9,86.1,26,0,0,0,71.3,29.3,0,0.0,0
3996.0,24,6,0,1,0,24,81.9,86.0,26,0,0,0,71.2,29.2,0,0.0,0
3997.0,24,6,0,1,0,24,81.9,86.0,26,0,0,0,71.2,29.2,0,0.0,0
3998.0,24,6,0,1,0,24,81.9,85.9,26,0,0,0,71.2,29.1,0,0.0,0
3999.0,24,6,0,1,0,24,81.9,85.9,26,0,0,0,71.1,29.0,0,0.0,0
4000.0,24,6,0,1,0,24,81.9,85.9,26,0,0,0,71.1,29.0,0,0.0,0
4001.0,24,6,0,1,0,24,81.2,85.8,27,0,0,0,71.0,28.9,0,0.0,0
4002.0,24,6,0,1,0,24,80.6,85.8,28,0,0,0,71.0,28.9,0,0.0,0
4003.0,24,6,0,1,0,24,80.6,85.7,28,0,0,0,71.0,28.8,0,0.0,0
4004.0,24,6,0,1,0,24,80.6,85.7,28,0,0,0,70.9,28.8,0,0.0,0
4005.0,24,6,0,1,0,24,80.6,85.6,28,0,0,0,70.9,28.7,0,0.0,0
4006.0,24,6,0,1,0,24,80.6,85.6,28,0,0,0,70.9,28.7,0,0.0,0
4007.0,24,6,0,1,0,24,80.6,85.5,28,0,0,0,70.8,28.6,0,0.0,0
4008.0,24,6,0,1,0,24,80.6,85.5,28,0,0,0,70.8,28.6,0,0.0,0
4009.0,24,6,0,1,0,24,80.6,85.4,28,0,0,0,70.7,28.5,0,0.0,0
4010.0,24,6,0,1,0,24,80.6,85.4,28,0,0,0,70.7,28.5,0,0.0,0
4011.0,24,6,0,1,0,24,80.6,85.3,28,0,0,0,70.7,28.4,0,0.0,0
4012.0,24,6,0,1,0,24,79.9,85.3,29,0,0,0,70.6,28.4,0,0.0,0
4013.0,24,6,0,1,0,24,79.9,85.3,29,0,0,0,70.6,28.3,0,0.0,0
4014.0,24,6,0,1,0,24,79.9,85.2,29,0,0,0,70.5,28.3,0,0.0,0
4015.0,24,6,0,1,0,24,79.9,85.2,29,0,0,0,70.5,28.2,0,0.0,0
4016.0,24,6,0,1,0,24,79.9,85.1,29,0,0,0,70.5,28.1,0,0.0,0
4017.0,24,6,0,1,0,24,79.9,85.1,29,0,0,0,70.4,28.1,0,0.0,0
4018.0,24,6,0,1,0,24,79.9,85.1,29,0,0,0,70.4,28.0,0,0.0,0
4019.0,24,6,0,1,0,24,79.2,85.0,30,0,0,0,70.4,28.0,0,0.0,0
4020.0,24,6,0,1,0,24,79.9,85.0,29,0,0,0,70.3,27.9,0,0.0,0
4021.0,24,6,0,1,0,24,79.9,85.0,29,0,0,0,70.3,27.9,0,0.0,0
4022.0,24,6,0,1,0,24,79.2,84.9,30,0,0,0,70.2,27.8,0,0.0,0
4023.0,24,6,0,1,0,24,79.2,84.9,30,0,0,0,70.2,27.8,0,0.0,0
4024.0,24,6,0,1,0,24,79.2,84.9,30,0,0,0,70.2,27.7,0,0.0,0
4025.0,24,6,0,1,0,24,79.2,84.9,30,0,0,0,70.1,27.7,0,0.0,0
4026.0,24,6,0,1,0,24,79.9,84.8,29,0,0,0,70.1,27.6,0,0.0,0
4027.0,24,6,0,1,0,24,79.9,84.8,29,0,0,0,70.0,27.6,0,0.0,0
4028.0,24,6,0,1,0,24,79.9,84.8,29,0,0,0,70.0,27.5,0,0.0,0
4029.0,24,6,0,1,0,24,79.9,84.8,29,0,0,0,70.0,27.5,0,0.0,0
4030.0,24,6,0,1,0,24,79.9,84.7,29,0,0,0,69.9,27.4,0,0.0,0
4031.0,24,6,0,1,0,24,79.9,84.7,29,0,0,0,69.9,27.4,0,0.0,0
4032.0,24,6,0,1,0,24,79.9,84.7,29,0,0,0,69.8,27.3,0,0.0,0
4033.0,24,6,0,1,0,24,79.9,84.7,29,0,0,0,69.8,27.2,0,0.0,0
4034.0,24,6,0,1,0,24,80.6,84.7,28,0,0,0,69.8,27.2,0,0.0,0
4035.0,24,6,0,1,0,24,79.9,84.6,29,0,0,0,69.7,27.1,0,0.0,0
4036.0,24,6,0,1,0,24,79.9,84.6,29,0,0,0,69.7,27.1,0,0.0,0
4037.0,24,6,0,1,0,24,79.9,84.6,29,0,0,0,69.7,27.0,0,0.0,0
4038.0,24,6,0,1,0,24,79.9,84.6,29,0,0,0,69.6,27.0,0,0.0,0
4039.0,24,6,0,1,0,24,79.9,84.6,29,0,0,0,69.6,26.9,0,0.0,0
4040.0,24,6,0,1,0,24,79.9,84.5,29,0,0,0,69.5,26.9,0,0.0,0
4041.0,24,6,0,1,0,24,79.9,84.5,29,0,0,0,69.5,26.8,0,0.0,0
4042.0,24,6,0,1,0,24,79.2,84.5,30,0,0,0,69.5,26.8,0,0.0,0
4043.0,24,6,0,1,0,24,79.2,84.5,30,0,0,0,69.4,26.7,0,0.0,0
4044.0,24,6,0,1,0,24,79.2,84.4,30,0,0,0,69.4,26.7,0,0.0,0
4045.0,24,6,0,1,0,24,79.2,84.4,30,0,0,0,69.3,26.6,0,0.0,0
4046.0,24,6,0,1,0,24,79.2,84.4,30,0,0,0,69.3,26.6,0,0.0,0
4047.0,24,6,0,1,0,24,79.2,84.4,30,0,0,0,69.3,26.5,0,0.0,0
4048.0,24,6,0,1,0,24,79.2,84.3,30,0,0,0,69.2,26.5,0,0.0,0
4049.0,24,6,0,1,0,24,78.5,84.3,31,0,0,0,69.2,26.4,0,0.0,0
4050.0,24,6,0,1,0,24,78.5,84.3,31,0,0,0,69.2,26.3,0,0.0,0
4051.0,24,6,0,1,0,24,78.5,84.3,31,0,0,0,69.1,26.3,0,0.0,0
4052.0,24,6,0,1,0,24,77.8,84.2,32,0,0,0,69.1,26.2,0,0.0,0
4053.0,24,6,0,1,0,24,77.8,84.2,32,0,0,0,69.0,26.2,0,0.0,0
4054.0,24,6,0,1,0,24,77.8,84.2,32,0,0,0,69.0,26.1,0,0.0,0
4055.0,24,6,0,1,0,24,77.1,84.1,33,0,0,0,69.0,26.1,0,0.0,0
4056.0,24,6,0,1,0,24,77.1,84.1,33,0,0,0,68.9,26.0,0,0.0,0
4057.0,24,6,0,1,0,24,77.1,84.1,33,0,0,0,68.9,26.0,0,0.0,0
4058.0,24,6,0,1,0,24,76.4,84.0,34,0,0,0,68.8,25.9,0,0.0,0
4059.0,24,6,0,1,0,24,76.4,84.0,34,0,0,0,68.8,25.9,0,0.0,0
4060.0,24,6,0,1,0,24,76.4,84.0,34,0,0,0,68.8,25.8,0,0.0,0
4061.0,24,6,0,1,0,24,76.4,83.9,34,0,0,0,68.7,25.8,0,0.0,0
4062.0,24,6,0,1,0,24,75.7,83.9,35,0,0,0,68.7,25.7,0,0.0,0
4063.0,24,6,0,1,0,24,75.7,83.8,35,0,0,0,68.6,25.7,0,0.0,0
4064.0,24,6,0,1,0,24,75.7,83.8,35,0,0,0,68.6,25.6,0,0.0,0
4065.0,24,6,0,1,0,24,75.0,83.8,36,0,0,0,68.6,25.6,0,0.0,0
4066.0,24,6,0,1,0,24,75.0,83.7,36,0,0,0,68.5,25.5,0,0.0,0
4067.0,24,6,0,1,0,24,75.0,83.7,36,0,0,0,68.5,25.4,0,0.0,0
4068.0,24,6,0,1,0,24,74.3,83.6,37,0,0,0,68.5,25.4,0,0.0,0
4069.0,24,6,0,1,0,24,73.6,83.6,38,0,0,0,68.4,25.3,0,0.0,0
4070.0,24,6,0,1,0,24,73.6,83.5,38,0,0,0,68.4,25.3,0,0.0,0
4071.0,24,6,0,1,0,24,73.6,83.5,38,0,0,0,68.3,25.2,0,0.0,0
4072.0,24,6,0,1,0,24,72.9,83.4,39,0,0,0,68.3,25.2,0,0.0,0
4073.0,24,6,0,1,0,24,72.9,83.3,39,0,0,0,68.3,25.1,0,0.0,0
4074.0,24,6,0,1,0,24,72.9,83.3,39,0,0,0,68.2,25.1,0,0.0,0
4075.0,24,6,0,1,0,24,72.2,83.2,40,0,0,0,68.2,25.0,0,0.0,0
4076.0,24,6,0,1,0,24,71.5,83.2,41,0,0,0,68.1,25.0,0,0.0,0
4077.0,24,6,0,1,0,24,71.5,83.1,41,0,0,0,68.1,24.9,0,0.0,0
4078.0,24,6,0,1,0,24,71.5,83.1,41,0,0,0,68.1,24.9,0,0.0,0
4079.0,24,6,0,1,0,24,70.8,83.0,42,0,0,0,68.0,24.8,0,0.0,0
4080.0,24,6,0,1,0,24,70.8,83.0,42,0,0,0,68.0,24.8,0,0.0,0
4081.0,24,6,0,1,0,24,70.8,82.9,42,0,0,0,68.0,24.7,0,0.0,0
4082.0,24,6,0,1,0,24,70.8,82.8,42,0,0,0,67.9,24.7,0,0.0,0
4083.0,24,6,0,1,0,24,70.8,82.8,42,0,0,0,67.9,24.6,0,0.0,0
4084.0,24,6,0,1,0,24,70.8,82.7,42,0,0,0,67.8,24.5,0,0.0,0
4085.0,24,6,0,1,0,24,70.1,82.6,43,0,0,0,67.8,24.5,0,0.0,0
4086.0,24,6,0,1,0,24,70.1,82.6,43,0,0,0,67.8,24.4,0,0.0,0
4087.0,24,6,0,1,0,24,70.1,82.5,43,0,0,0,67.7,24.4,0,0.0,0
4088.0,24,6,0,1,0,24,70.1,82.5,43,0,0,0,67.7,24.3,0,0.0,0
4089.0,24,6,0,1,0,24,70.1,82.4,43,0,0,0,67.6,24.3,0,0.0,0
4090.0,24,6,0,1,0,24,70.1,82.3,43,0,0,0,67.6,24.2,0,0.0,0
4091.0,24,6,0,1,0,24,70.1,82.3,43,0,0,0,67.6,24.2,0,0.0,0
4092.0,24,6,0,1,0,24,69.4,82.2,44,0,0,0,67.5,24.1,0,0.0,0
4093.0,24,6,0,1,0,24,69.4,82.1,44,0,0,0,67.5,24.1,0,0.0,0
4094.0,24,6,0,1,0,24,69.4,82.1,44,0,0,0,67.5,24.0,0,0.0,0
4095.0,24,5,1,1,0,25,68.8,82.0,45,0,0,0,67.4,24.0,0,0.0,0
4096.0,24,4,2,1,0,26,68.8,81.9,45,0,0,0,67.4,23.9,0,0.0,0
4097.0,24,4,2,1,0,26,68.8,81.9,45,0,0,0,67.3,23.9,0,0.0,0
4098.0,24,4,2,1,0,26,68.8,81.8,45,0,0,0,67.3,23.9,0,0.0,0
4099.0,24,4,2,1,0,26,68.1,81.7,46,0,0,0,67.3,23.9,0,0.0,0
4100.0,24,4,2,1,0,26,68.8,81.7,45,0,0,0,67.2,23.9,0,0.0,0
4101.0,24,4,2,1,0,26,68.8,81.6,45,0,0,0,67.2,23.9,0,0.0,0
4102.0,24,4,2,1,0,26,69.4,81.5,44,0,0,0,67.1,23.9,0,0.0,0
4103.0,24,4,2,1,0,26,68.8,81.4,45,0,0,0,67.1,23.9,0,0.0,0
4104.0,24,4,2,1,0,26,68.1,81.4,46,0,0,0,67.1,23.9,0,0.0,0
4105.0,24,4,2,1,0,26,68.1,81.3,46,0,0,0,67.0,23.9,0,0.0,0
4106.0,24,4,2,1,0,26,68.1,81.2,46,0,0,0,67.0,23.9,0,0.0,0
4107.0,24,4,2,1,0,26,68.1,81.2,46,0,0,0,66.9,23.9,0,0.0,0
4108.0,24,4,2,1,0,26,67.4,81.1,47,0,0,0,66.9,23.9,0,0.0,0
4109.0,24,4,2,1,0,26,68.1,81.0,46,0,0,0,66.9,23.9,0,0.0,0
4110.0,24,4,2,1,0,26,68.1,80.9,46,0,0,0,66.8,23.9,0,0.0,0
4111.0,24,4,2,1,0,26,68.1,80.9,46,0,0,0,66.8,23.9,0,0.0,0
4112.0,24,4,2,1,0,26,68.1,80.8,46,0,0,0,66.8,23.9,0,0.0,0
4113.0,24,4,2,1,0,26,68.1,80.7,46,0,0,0,66.7,23.9,0,0.0,0
4114.0,24,4,2,1,0,26,68.1,80.7,46,0,0,0,66.7,23.9,0,0.0,0
4115.0,24,4,2,1,0,26,68.1,80.6,46,0,0,0,66.6,23.9,0,0.0,0
4116.0,24,4,2,1,0,26,68.1,80.5,46,0,0,0,66.6,23.9,0,0.0,0
4117.0,24,4,2,1,0,26,67.4,80.4,47,0,0,0,66.6,23.9,0,0.0,0
4118.0,24,4,2,1,0,26,67.4,80.3,47,0,0,0,66.5,23.8,0,0.0,0
4119.0,24,4,2,1,0,26,67.4,80.3,47,0,0,0,66.5,23.8,0,0.0,0
4120.0,24,4,2,1,0,26,67.4,80.2,47,0,0,0,66.5,23.7,0,0.0,0
4121.0,24,4,2,1,0,26,68.1,80.1,46,0,0,0,66.4,23.7,0,0.0,0
4122.0,24,4,2,1,0,26,68.1,80.0,46,0,0,0,66.4,23.6,0,0.0,0
4123.0,24,3,3,1,0,27,68.1,80.0,46,0,0,0,66.3,23.6,0,0.0,0
4124.0,24,3,3,1,0,27,68.1,79.9,46,0,0,0,66.3,23.6,0,0.0,0
4125.0,24,3,3,1,0,27,68.1,79.8,46,0,0,0,66.3,23.6,0,0.0,0
4126.0,24,3,3,1,0,27,68.1,79.7,46,0,0,0,66.2,23.6,0,0.0,0
4127.0,24,3,3,1,0,27,68.1,79.6,46,0,0,0,66.2,23.6,0,0.0,0
4128.0,24,3,3,1,0,27,68.1,79.6,46,0,0,0,66.1,23.6,0,0.0,0
4129.0,24,3,3,1,0,27,68.8,79.5,45,0,0,0,66.1,23.6,0,0.0,0
4130.0,24,3,3,1,0,27,68.8,79.4,45,0,0,0,66.1,23.6,0,0.0,0
4131.0,24,3,3,1,0,27,69.4,79.3,44,0,0,0,66.0,23.6,0,0.0,0
4132.0,24,3,3,1,0,27,69.4,79.3,44,0,0,0,66.0,23.6,0,0.0,0
4133.0,24,3,3,1,0,27,69.4,79.2,44,0,0,0,65.9,23.6,0,0.0,0
4134.0,24,3,3,1,0,27,69.4,79.1,44,0,0,0,65.9,23.6,0,0.0,0
4135.0,24,3,3,1,0,27,68.8,79.0,45,0,0,0,65.9,23.6,0,0.0,0
4136.0,24,3,3,1,0,27,69.4,79.0,44,0,0,0,65.8,23.6,0,0.0,0
4137.0,24,3,3,1,0,27,69.4,78.9,44,0,0,0,65.8,23.6,0,0.0,0
4138.0,24,3,3,1,0,27,69.4,78.8,44,0,0,0,65.8,23.6,0,0.0,0
4139.0,24,3,3,1,0,27,68.8,78.7,45,0,0,0,65.7,23.6,0,0.0,0
4140.0,24,3,3,1,0,27,68.8,78.6,45,0,0,0,65.7,23.6,0,0.0,0
4141.0,24,3,3,1,0,27,68.8,78.6,45,0,0,0,65.6,23.6,0,0.0,0
4142.0,24,3,3,1,0,27,68.8,78.5,45,0,0,0,65.6,23.6,0,0.0,0
4143.0,24,3,3,1,0,27,68.8,78.4,45,0,0,0,65.6,23.6,0,0.0,0
4144.0,24,3,3,1,0,27,68.1,78.3,46,0,0,0,65.5,23.6,0,0.0,0
4145.0,24,3,3,1,0,27,68.1,78.2,46,0,0,0,65.5,23.6,0,0.0,0
4146.0,24,3,3,1,0,27,68.1,78.2,46,0,0,0,65.4,23.6,0,0.0,0
4147.0,24,3,3,1,0,27,68.1,78.1,46,0,0,0,65.4,23.6,0,0.0,0
4148.0,24,3,3,1,0,27,68.1,78.0,46,0,0,0,65.4,23.6,0,0.0,0
4149.0,24,3,3,1,0,27,68.1,77.9,46,0,0,0,65.3,23.6,0,0.0,0
4150.0,24,3,3,1,0,27,68.8,77.8,45,0,0,0,65.3,23.6,0,0.0,0
4151.0,24,3,3,1,0,27,68.8,77.8,45,0,0,0,65.3,23.6,0,0.0,0
4152.0,24,3,3,1,0,27,69.4,77.7,44,0,0,0,65.2,23.6,0,0.0,0
4153.0,24,3,3,1,0,27,69.4,77.6,44,0,0,0,65.2,23.6,0,0.0,0
4154.0,24,3,3,1,0,27,69.4,77.5,44,0,0,0,65.1,23.6,0,0.0,0
4155.0,24,4,2,1,0,26,69.4,77.5,44,0,0,0,67.5,23.6,0,0.0,0
4156.0,24,5,1,1,0,25,68.8,77.4,45,0,0,0,70.0,23.6,0,0.0,0
4157.0,24,5,1,1,0,25,68.8,77.3,45,0,0,0,69.9,23.6,0,0.0,0
4158.0,24,5,1,1,0,25,68.8,77.2,45,0,0,0,69.9,23.6,0,0.0,0
4159.0,24,5,1,1,0,25,68.8,77.2,45,0,0,0,69.8,23.6,0,0.0,0
4160.0,24,5,1,1,0,25,68.8,77.1,45,0,0,0,69.8,23.6,0,0.0,0
4161.0,24,5,1,1,0,25,68.8,77.0,45,0,0,0,69.8,23.6,0,0.0,0
4162.0,24,5,1,1,0,25,68.1,76.9,46,0,0,0,69.7,23.6,0,0.0,0
4163.0,24,5,1,1,0,25,68.1,76.8,46,0,0,0,69.7,23.6,0,0.0,0
4164.0,24,5,1,1,0,25,67.4,76.8,47,0,0,0,69.7,23.6,0,0.0,0
4165.0,24,5,1,1,0,25,68.1,76.7,46,0,0,0,69.6,23.6,0,0.0,0
4166.0,24,5,1,1,0,25,67.4,76.6,47,0,0,0,69.6,23.6,0,0.0,0
4167.0,24,5,1,1,0,25,67.4,76.5,47,0,0,0,69.5,23.6,0,0.0,0
4168.0,24,5,1,1,0,25,67.4,76.4,47,0,0,0,69.5,23.6,0,0.0,0
4169.0,24,5,1,1,0,25,67.4,76.4,47,0,0,0,69.5,23.6,0,0.0,0
4170.0,24,5,1,1,0,25,67.4,76.3,47,0,0,0,69.4,23.6,0,0.0,0
4171.0,24,5,1,1,0,25,68.1,76.2,46,0,0,0,69.4,23.6,0,0.0,0
4172.0,24,5,1,1,0,25,68.1,76.1,46,0,0,0,69.3,23.6,0,0.0,0
4173.0,24,5,1,1,0,25,68.1,76.1,46,0,0,0,69.3,23.6,0,0.0,0
4174.0,24,5,1,1,0,25,68.1,76.0,46,0,0,0,69.3,23.6,0,0.0,0
4175.0,24,5,1,1,0,25,68.1,75.9,46,0,0,0,69.2,23.6,0,0.0,0
4176.0,24,5,1,1,0,25,68.1,75.8,46,0,0,0,69.2,23.6,0,0.0,0
4177.0,24,5,1,1,0,25,68.1,75.8,46,0,0,0,69.1,23.6,0,0.0,0
4178.0,24,5,1,1,0,25,69.4,75.7,44,0,0,0,69.1,23.6,0,0.0,0
4179.0,24,5,1,1,0,25,69.4,75.6,44,0,0,0,69.1,23.6,0,0.0,0
4180.0,24,5,1,1,0,25,69.4,75.5,44,0,0,0,69.0,23.6,0,0.0,0
4181.0,24,5,1,1,0,25,69.4,75.5,44,0,0,0,69.0,23.6,0,0.0,0
4182.0,24,5,1,1,0,25,69.4,75.4,44,0,0,0,69.0,23.6,0,0.0,0
4183.0,24,6,0,1,0,24,69.4,75.3,44,0,0,0,71.4,25.5,0,0.0,0
4184.0,24,6,0,1,0,24,70.1,75.3,43,0,0,0,71.3,25.4,0,0.0,0
4185.0,24,6,0,1,0,24,70.1,75.2,43,0,0,0,71.3,25.4,0,0.0,0
4186.0,24,6,0,1,0,24,70.1,75.1,43,0,0,0,71.3,25.3,0,0.0,0
4187.0,24,6,0,1,0,24,70.1,75.1,43,0,0,0,71.2,25.2,0,0.0,0
4188.0,24,6,0,1,0,24,70.1,75.0,43,0,0,0,71.2,25.2,0,0.0,0
4189.0,24,6,0,1,0,24,70.8,74.9,42,0,0,0,71.1,25.1,0,0.0,0
4190.0,24,6,0,1,0,24,70.8,74.9,42,0,0,0,71.1,25.1,0,0.0,0
4191.0,24,6,0,1,0,24,71.5,74.8,41,0,0,0,71.1,25.0,0,0.0,0
4192.0,24,6,0,1,0,24,71.5,74.8,41,0,0,0,71.0,25.0,0,0.0,0
4193.0,24,6,0,1,0,24,72.2,74.7,40,0,0,0,71.0,24.9,0,0.0,0
4194.0,24,6,0,1,0,24,72.2,74.7,40,0,0,0,71.0,24.9,0,0.0,0
4195.0,24,6,0,1,0,24,72.2,74.6,40,0,0,0,70.9,24.8,0,0.0,0
4196.0,24,6,0,1,0,24,72.2,74.6,40,0,0,0,70.9,24.8,0,0.0,0
4197.0,24,6,0,1,0,24,72.9,74.5,39,0,0,0,70.8,24.7,0,0.0,0
4198.0,24,6,0,1,0,24,72.9,74.5,39,0,0,0,70.8,24.7,0,0.0,0
4199.0,24,6,0,1,0,24,72.9,74.4,39,0,0,0,70.8,24.6,0,0.0,0
4200.0,24,6,0,1,0,24,72.9,74.4,39,0,0,0,70.7,24.6,0,0.0,0
4201.0,24,6,0,1,0,24,72.9,74.3,39,0,0,0,70.7,24.5,0,0.0,0
4202.0,24,6,0,1,0,24,72.9,74.3,39,0,0,0,70.6,24.5,0,0.0,0
4203.0,24,6,0,1,0,24,72.9,74.2,39,0,0,0,70.6,24.4,0,0.0,0
4204.0,24,6,0,1,0,24,73.6,74.2,38,0,0,0,70.6,24.4,0,0.0,0
4205.0,24,6,0,1,0,24,74.3,74.1,37,0,0,0,70.5,24.3,0,0.0,0
4206.0,24,6,0,1,0,24,74.3,74.1,37,0,0,0,70.5,24.2,0,0.0,0
4207.0,24,6,0,1,0,24,74.3,74.1,37,0,0,0,70.5,24.2,0,0.0,0
4208.0,24,6,0,1,0,24,74.3,74.0,37,0,0,0,70.4,24.1,0,0.0,0
4209.0,24,6,0,1,0,24,74.3,74.0,37,0,0,0,70.4,24.1,0,0.0,0
4210.0,24,6,0,1,0,24,74.3,73.9,37,0,0,0,70.3,24.0,0,0.0,0
4211.0,24,6,0,1,0,24,75.0,73.9,36,0,0,0,70.3,24.0,0,0.0,0
4212.0,24,6,0,1,0,24,75.7,73.9,35,0,0,0,70.3,23.9,0,0.0,0
4213.0,24,6,0,1,0,24,75.0,73.8,36,0,0,0,70.2,23.9,0,0.0,0
4214.0,24,6,0,1,0,24,75.0,73.8,36,0,0,0,70.2,23.8,0,0.0,0
4215.0,24,6,0,1,0,24,75.0,73.8,36,0,0,0,70.1,23.8,0,0.0,0
4216.0,24,6,0,1,0,24,75.7,73.7,35,0,0,0,70.1,23.7,0,0.0,0
4217.0,24,6,0,1,0,24,76.4,73.7,34,0,0,0,70.1,23.7,0,0.0,0
4218.0,24,6,0,1,0,24,76.4,73.7,34,0,0,0,70.0,23.6,0,0.0,0
4219.0,24,6,0,1,0,24,76.4,73.6,34,0,0,0,70.0,23.6,0,0.0,0
4220.0,24,6,0,1,0,24,76.4,73.6,34,0,0,0,69.9,23.5,0,0.0,0
4221.0,24,6,0,1,0,24,76.4,73.6,34,0,0,0,69.9,23.5,0,0.0,0
4222.0,24,6,0,1,0,24,77.1,73.6,33,0,0,0,69.9,23.4,0,0.0,0
4223.0,24,6,0,1,0,24,77.1,73.5,33,0,0,0,69.8,23.3,0,0.0,0
4224.0,24,6,0,1,0,24,77.8,73.5,32,0,0,0,69.8,23.3,0,0.0,0
4225.0,24,6,0,1,0,24,78.5,73.5,31,0,0,0,69.8,23.2,0,0.0,0
4226.0,24,6,0,1,0,24,78.5,73.5,31,0,0,0,69.7,23.2,0,0.0,0
4227.0,24,6,0,1,0,24,78.5,73.5,31,0,0,0,69.7,23.1,0,0.0,0
4228.0,24,6,0,1,0,24,78.5,73.4,31,0,0,0,69.6,23.1,0,0.0,0
4229.0,24,6,0,1,0,24,78.5,73.4,31,0,0,0,69.6,23.0,0,0.0,0
4230.0,24,6,0,1,0,24,77.8,73.4,32,0,0,0,69.6,23.0,0,0.0,0
4231.0,24,6,0,1,0,24,77.8,73.4,32,0,0,0,69.5,22.9,0,0.0,0
4232.0,24,6,0,1,0,24,78.5,73.4,31,0,0,0,69.5,22.9,0,0.0,0
4233.0,24,6,0,1,0,24,78.5,73.4,31,0,0,0,69.4,22.8,0,0.0,0
4234.0,24,6,0,1,0,24,79.2,73.3,30,0,0,0,69.4,22.8,0,0.0,0
4235.0,24,6,0,1,0,24,79.2,73.3,30,0,0,0,69.4,22.7,0,0.0,0
4236.0,24,6,0,1,0,24,79.2,73.3,30,0,0,0,69.3,22.7,0,0.0,0
4237.0,24,6,0,1,0,24,79.2,73.3,30,0,0,0,69.3,22.6,0,0.0,0
4238.0,24,6,0,1,0,24,79.9,73.3,29,0,0,0,69.3,22.6,0,0.0,0
4239.0,24,6,0,1,0,24,79.2,73.3,30,0,0,0,69.2,22.5,0,0.0,0
4240.0,24,6,0,1,0,24,79.2,73.3,30,0,0,0,69.2,22.4,0,0.0,0
4241.0,24,6,0,1,0,24,79.9,73.3,29,0,0,0,69.1,22.4,0,0.0,0
4242.0,24,6,0,1,0,24,79.9,73.3,29,0,0,0,69.1,22.3,0,0.0,0
4243.0,24,6,0,1,0,24,79.9,73.3,29,0,0,0,69.1,22.3,0,0.0,0
4244.0,24,6,0,1,0,24,79.9,73.3,29,0,0,0,69.0,22.2,0,0.0,0
4245.0,24,6,0,1,0,24,80.6,73.3,28,0,0,0,69.0,22.2,0,0.0,0
4246.0,24,6,0,1,0,24,81.2,73.3,27,0,0,0,68.9,22.1,0,0.0,0
4247.0,24,6,0,1,0,24,81.2,73.3,27,0,0,0,68.9,22.1,0,0.0,0
4248.0,24,6,0,1,0,24,81.2,73.3,27,0,0,0,68.9,22.0,0,0.0,0
4249.0,24,6,0,1,0,24,81.2,73.3,27,0,0,0,68.8,22.0,0,0.0,0
4250.0,24,6,0,1,0,24,80.6,73.3,28,0,0,0,68.8,21.9,0,0.0,0
4251.0,24,6,0,1,0,24,80.6,73.3,28,0,0,0,68.8,21.9,0,0.0,0
4252.0,24,6,0,1,0,24,80.6,73.3,28,0,0,0,68.7,21.8,0,0.0,0
4253.0,24,6,0,1,0,24,81.2,73.3,27,0,0,0,68.7,21.8,0,0.0,0
4254.0,24,5,1,1,0,25,81.2,73.3,27,0,0,0,68.6,21.7,0,0.0,0
4255.0,24,5,1,1,0,25,81.9,73.3,26,0,0,0,68.6,21.7,0,0.0,0
4256.0,24,5,1,1,0,25,81.2,73.3,27,0,0,0,68.6,21.7,0,0.0,0
4257.0,24,5,1,1,0,25,81.2,73.3,27,0,0,0,68.5,21.7,0,0.0,0
4258.0,24,5,1,1,0,25,81.2,73.3,27,0,0,0,68.5,21.7,0,0.0,0
4259.0,24,5,1,1,0,25,80.6,73.3,28,0,0,0,68.5,21.7,0,0.0,0
4260.0,24,5,1,1,0,25,80.6,73.3,28,0,0,0,68.4,21.7,0,0.0,0
4261.0,24,5,1,1,0,25,80.6,73.3,28,0,0,0,68.4,21.7,0,0.0,0
4262.0,24,5,1,1,0,25,80.6,73.3,28,0,0,0,68.3,21.7,0,0.0,0
4263.0,24,5,1,1,0,25,80.6,73.3,28,0,0,0,68.3,21.7,0,0.0,0
4264.0,24,5,1,1,0,25,80.6,73.3,28,0,0,0,68.3,21.7,0,0.0,0
4265.0,24,5,1,1,0,25,80.6,73.3,28,0,0,0,68.2,21.7,0,0.0,0
4266.0,24,5,1,1,0,25,79.9,73.3,29,0,0,0,68.2,21.7,0,0.0,0
4267.0,24,5,1,1,0,25,79.9,73.3,29,0,0,0,68.1,21.7,0,0.0,0
4268.0,24,5,1,1,0,25,79.9,73.3,29,0,0,0,68.1,21.7,0,0.0,0
4269.0,24,5,1,1,0,25,79.9,73.3,29,0,0,0,68.1,21.7,0,0.0,0
4270.0,24,5,1,1,0,25,79.9,73.3,29,0,0,0,68.0,21.7,0,0.0,0
4271.0,24,5,1,1,0,25,79.9,73.3,29,0,0,0,68.0,21.7,0,0.0,0
4272.0,24,5,1,1,0,25,79.9,73.3,29,0,0,0,68.0,21.7,0,0.0,0
4273.0,24,5,1,1,0,25,79.9,73.3,29,0,0,0,67.9,21.7,0,0.0,0
4274.0,24,5,1,1,0,25,79.9,73.3,29,0,0,0,67.9,21.7,0,0.0,0
4275.0,24,5,1,1,0,25,79.9,73.3,29,0,0,0,67.8,21.7,0,0.0,0
4276.0,24,5,1,1,0,25,79.9,73.3,29,0,0,0,67.8,21.7,0,0.0,0
4277.0,24,5,1,1,0,25,79.9,73.3,29,0,0,0,67.8,21.7,0,0.0,0
4278.0,24,5,1,1,0,25,79.9,73.3,29,0,0,0,67.7,21.7,0,0.0,0
4279.0,24,5,1,1,0,25,80.6,73.3,28,0,0,0,67.7,21.7,0,0.0,0
4280.0,24,5,1,1,0,25,80.6,73.4,28,0,0,0,67.6,21.7,0,0.0,0
4281.0,24,5,1,1,0,25,80.6,73.4,28,0,0,0,67.6,21.7,0,0.0,0
4282.0,24,5,1,1,0,25,80.6,73.4,28,0,0,0,67.6,21.7,0,0.0,0
4283.0,24,5,1,1,0,25,80.6,73.4,28,0,0,0,67.5,21.7,0,0.0,0
4284.0,24,5,1,1,0,25,80.6,73.4,28,0,0,0,67.5,21.7,0,0.0,0
4285.0,24,5,1,1,0,25,81.2,73.4,27,0,0,0,67.4,21.7,0,0.0,0
4286.0,24,5,1,1,0,25,81.2,73.4,27,0,0,0,67.4,21.7,0,0.0,0
4287.0,24,5,1,1,0,25,81.2,73.4,27,0,0,0,67.4,21.7,0,0.0,0
4288.0,24,5,1,1,0,25,81.2,73.4,27,0,0,0,67.3,21.7,0,0.0,0
4289.0,24,5,1,1,0,25,81.2,73.4,27,0,0,0,67.3,21.7,0,0.0,0
4290.0,24,5,1,1,0,25,81.2,73.4,27,0,0,0,67.3,21.7,0,0.0,0
4291.0,24,5,1,1,0,25,81.2,73.4,27,0,0,0,67.2,21.7,0,0.0,0
4292.0,24,5,1,1,0,25,81.9,73.5,26,0,0,0,67.2,21.7,0,0.0,0
4293.0,24,5,1,1,0,25,81.9,73.5,26,0,0,0,67.1,21.7,0,0.0,0
4294.0,24,5,1,1,0,25,81.9,73.5,26,0,0,0,67.1,21.7,0,0.0,0
4295.0,24,5,1,1,0,25,81.9,73.5,26,0,0,0,67.1,21.7,0,0.0,0
4296.0,24,5,1,1,0,25,81.9,73.5,26,0,0,0,67.0,21.7,0,0.0,0
4297.0,24,5,1,1,0,25,81.9,73.6,26,0,0,0,67.0,21.7,0,0.0,0
4298.0,24,5,1,1,0,25,81.9,73.6,26,0,0,0,66.9,21.7,0,0.0,0
4299.0,24,5,1,1,0,25,81.9,73.6,26,0,0,0,66.9,21.7,0,0.0,0
4300.0,24,5,1,1,0,25,81.9,73.6,26,0,0,0,66.9,21.7,0,0.0,0
4301.0,24,5,1,1,0,25,81.9,73.6,26,0,0,0,66.8,21.7,0,0.0,0
4302.0,24,5,1,1,0,25,81.2,73.7,27,0,0,0,66.8,21.7,0,0.0,0
4303.0,24,5,1,1,0,25,81.2,73.7,27,0,0,0,66.7,21.7,0,0.0,0
4304.0,24,5,1,1,0,25,81.2,73.7,27,0,0,0,66.7,21.7,0,0.0,0
4305.0,24,5,1,1,0,25,81.2,73.7,27,0,0,0,66.7,21.7,0,0.0,0
4306.0,24,5,1,1,0,25,81.2,73.8,27,0,0,0,66.6,21.7,0,0.0,0
4307.0,24,5,1,1,0,25,81.2,73.8,27,0,0,0,66.6,21.7,0,0.0,0
4308.0,24,5,1,1,0,25,80.6,73.8,28,0,0,0,66.6,21.7,0,0.0,0
4309.0,24,5,1,1,0,25,79.9,73.8,29,0,0,0,66.5,21.7,0,0.0,0
4310.0,24,5,1,1,0,25,79.9,73.9,29,0,0,0,66.5,21.7,0,0.0,0
4311.0,24,5,1,1,0,25,79.9,73.9,29,0,0,0,66.4,21.7,0,0.0,0
4312.0,24,5,1,1,0,25,79.9,73.9,29,0,0,0,66.4,21.7,0,0.0,0
4313.0,24,5,1,1,0,25,80.6,74.0,28,0,0,0,66.4,21.7,0,0.0,0
4314.0,24,6,0,1,0,24,80.6,74.0,28,0,0,0,68.8,24.0,0,0.0,0
4315.0,24,6,0,1,0,24,80.6,74.0,28,0,0,0,68.8,24.0,0,0.0,0
4316.0,24,6,0,1,0,24,81.2,74.1,27,0,0,0,68.8,23.9,0,0.0,0
4317.0,24,6,0,1,0,24,81.2,74.1,27,0,0,0,68.7,23.9,0,0.0,0
4318.0,24,6,0,1,0,24,81.2,74.1,27,0,0,0,68.7,23.8,0,0.0,0
4319.0,24,6,0,1,0,24,81.2,74.2,27,0,0,0,68.7,23.8,0,0.0,0
4320.0,24,6,0,1,0,24,81.2,74.2,27,0,0,0,68.6,23.7,0,0.0,0
4321.0,24,6,0,1,0,24,81.2,74.3,27,0,0,0,68.6,23.7,0,0.0,0
4322.0,24,6,0,1,0,24,81.9,74.3,26,0,0,0,68.5,23.6,0,0.0,0
4323.0,24,6,0,1,0,24,81.9,74.4,26,0,0,0,68.5,23.5,0,0.0,0
4324.0,24,6,0,1,0,24,81.9,74.4,26,0,0,0,68.5,23.5,0,0.0,0
4325.0,24,6,0,1,0,24,81.9,74.5,26,0,0,0,68.4,23.4,0,0.0,0
4326.0,24,6,0,1,0,24,81.9,74.5,26,0,0,0,68.4,23.4,0,0.0,0
4327.0,24,6,0,1,0,24,81.9,74.6,26,0,0,0,68.3,23.3,0,0.0,0
4328.0,24,6,0,1,0,24,81.9,74.6,26,0,0,0,68.3,23.3,0,0.0,0
4329.0,24,6,0,1,0,24,81.9,74.7,26,0,0,0,68.3,23.2,0,0.0,0
4330.0,24,6,0,1,0,24,81.9,74.7,26,0,0,0,68.2,23.2,0,0.0,0
4331.0,24,6,0,1,0,24,81.9,74.8,26,0,0,0,68.2,23.1,0,0.0,0
4332.0,24,6,0,1,0,24,81.9,74.8,26,0,0,0,68.2,23.1,0,0.0,0
4333.0,24,6,0,1,0,24,81.9,74.9,26,0,0,0,68.1,23.0,0,0.0,0
4334.0,24,6,0,1,0,24,81.9,74.9,26,0,0,0,68.1,23.0,0,0.0,0
4335.0,24,6,0,1,0,24,81.9,75.0,26,0,0,0,68.0,22.9,0,0.0,0
4336.0,24,6,0,1,0,24,82.6,75.0,25,0,0,0,68.0,22.9,0,0.0,0
4337.0,24,6,0,1,0,24,82.6,75.1,25,0,0,0,68.0,22.8,0,0.0,0
4338.0,24,6,0,1,0,24,82.6,75.1,25,0,0,0,67.9,22.8,0,0.0,0
4339.0,24,6,0,1,0,24,82.6,75.2,25,0,0,0,67.9,22.7,0,0.0,0
4340.0,24,6,0,1,0,24,82.6,75.3,25,0,0,0,67.8,22.6,0,0.0,0
4341.0,24,6,0,1,0,24,81.9,75.3,26,0,0,0,67.8,22.6,0,0.0,0
4342.0,24,6,0,1,0,24,81.9,75.4,26,0,0,0,67.8,22.5,0,0.0,0
4343.0,24,6,0,1,0,24,81.9,75.4,26,0,0,0,67.7,22.5,0,0.0,0
4344.0,24,6,0,1,0,24,81.9,75.5,26,0,0,0,67.7,22.4,0,0.0,0
4345.0,24,6,0,1,0,24,81.9,75.5,26,0,0,0,67.6,22.4,0,0.0,0
4346.0,24,5,1,1,0,25,81.9,75.6,26,0,0,0,67.6,22.4,0,0.0,0
4347.0,24,5,1,1,0,25,81.9,75.7,26,0,0,0,67.6,22.4,0,0.0,0
4348.0,24,5,1,1,0,25,81.9,75.7,26,0,0,0,67.5,22.4,0,0.0,0
4349.0,24,5,1,1,0,25,81.9,75.8,26,0,0,0,67.5,22.4,0,0.0,0
4350.0,24,5,1,1,0,25,81.2,75.8,27,0,0,0,67.5,22.4,0,0.0,0
4351.0,24,5,1,1,0,25,81.2,75.9,27,0,0,0,67.4,22.4,0,0.0,0
4352.0,24,5,1,1,0,25,81.2,75.9,27,0,0,0,67.4,22.4,0,0.0,0
4353.0,24,5,1,1,0,25,81.2,76.0,27,0,0,0,67.3,22.4,0,0.0,0
4354.0,24,5,1,1,0,25,81.2,76.1,27,0,0,0,67.3,22.4,0,0.0,0
4355.0,24,5,1,1,0,25,81.2,76.1,27,0,0,0,67.3,22.4,0,0.0,0
4356.0,24,5,1,1,0,25,81.2,76.2,27,0,0,0,67.2,22.4,0,0.0,0
4357.0,24,5,1,1,0,25,81.2,76.2,27,0,0,0,67.2,22.4,0,0.0,0
4358.0,24,5,1,1,0,25,80.6,76.3,28,0,0,0,67.1,22.4,0,0.0,0
4359.0,24,5,1,1,0,25,80.6,76.3,28,0,0,0,67.1,22.4,0,0.0,0
4360.0,24,5,1,1,0,25,81.2,76.4,27,0,0,0,67.1,22.4,0,0.0,0
4361.0,24,5,1,1,0,25,81.2,76.4,27,0,0,0,67.0,22.4,0,0.0,0
4362.0,24,5,1,1,0,25,81.2,76.5,27,0,0,0,67.0,22.4,0,0.0,0
4363.0,24,5,1,1,0,25,81.9,76.6,26,0,0,0,67.0,22.4,0,0.0,0
4364.0,24,5,1,1,0,25,81.9,76.6,26,0,0,0,66.9,22.4,0,0.0,0
4365.0,24,5,1,1,0,25,81.2,76.7,27,0,0,0,66.9,22.4,0,0.0,0
4366.0,24,5,1,1,0,25,81.2,76.7,27,0,0,0,66.8,22.4,0,0.0,0
4367.0,24,5,1,1,0,25,81.2,76.8,27,0,0,0,66.8,22.4,0,0.0,0
4368.0,24,5,1,1,0,25,81.2,76.8,27,0,0,0,66.8,22.4,0,0.0,0
4369.0,24,5,1,1,0,25,81.2,76.9,27,0,0,0,66.7,22.4,0,0.0,0
4370.0,24,5,1,1,0,25,81.2,76.9,27,0,0,0,66.7,22.4,0,0.0,0
4371.0,24,5,1,1,0,25,81.2,77.0,27,0,0,0,66.6,22.4,0,0.0,0
4372.0,24,5,1,1,0,25,81.2,77.0,27,0,0,0,66.6,22.4,0,0.0,0
4373.0,24,5,1,1,0,25,81.2,77.1,27,0,0,0,66.6,22.4,0,0.0,0
4374.0,24,5,1,1,0,25,81.2,77.1,27,0,0,0,66.5,22.4,0,0.0,0
4375.0,24,5,1,1,0,25,81.2,77.2,27,0,0,0,66.5,22.4,0,0.0,0
4376.0,24,5,1,1,0,25,81.2,77.2,27,0,0,0,66.5,22.4,0,0.0,0
4377.0,24,5,1,1,0,25,80.6,77.3,28,0,0,0,66.4,22.4,0,0.0,0
4378.0,24,5,1,1,0,25,80.6,77.3,28,0,0,0,66.4,22.4,0,0.0,0
4379.0,24,5,1,1,0,25,81.2,77.4,27,0,0,0,66.3,22.4,0,0.0,0
4380.0,24,5,1,1,0,25,81.2,77.4,27,0,0,0,66.3,22.4,0,0.0,0
4381.0,24,5,1,1,0,25,81.9,77.5,26,0,0,0,66.3,22.4,0,0.0,0
4382.0,24,5,1,1,0,25,81.9,77.5,26,0,0,0,66.2,22.4,0,0.0,0
4383.0,24,5,1,1,0,25,81.9,77.6,26,0,0,0,66.2,22.4,0,0.0,0
4384.0,24,5,1,1,0,25,81.9,77.7,26,0,0,0,66.1,22.4,0,0.0,0
4385.0,24,5,1,1,0,25,81.9,77.7,26,0,0,0,66.1,22.4,0,0.0,0
4386.0,24,5,1,1,0,25,82.6,77.8,25,0,0,0,66.1,22.4,0,0.0,0
4387.0,24,5,1,1,0,25,82.6,77.8,25,0,0,0,66.0,22.4,0,0.0,0
4388.0,24,5,1,1,0,25,82.6,77.9,25,0,0,0,66.0,22.4,0,0.0,0
4389.0,24,5,1,1,0,25,82.6,78.0,25,0,0,0,66.0,22.4,0,0.0,0
4390.0,24,5,1,1,0,25,82.6,78.0,25,0,0,0,65.9,22.4,0,0.0,0
4391.0,24,5,1,1,0,25,82.6,78.1,25,0,0,0,65.9,22.4,0,0.0,0
4392.0,24,5,1,1,0,25,82.6,78.1,25,0,0,0,65.8,22.4,0,0.0,0
4393.0,24,5,1,1,0,25,82.6,78.2,25,0,0,0,65.8,22.4,0,0.0,0
4394.0,24,5,1,1,0,25,82.6,78.2,25,0,0,0,65.8,22.4,0,0.0,0
4395.0,24,5,1,1,0,25,82.6,78.3,25,0,0,0,65.7,22.4,0,0.0,0
4396.0,24,5,1,1,0,25,83.3,78.4,24,0,0,0,65.7,22.4,0,0.0,0
4397.0,24,5,1,1,0,25,83.3,78.4,24,0,0,0,65.6,22.4,0,0.0,0
4398.0,24,5,1,1,0,25,83.3,78.5,24,0,0,0,65.6,22.4,0,0.0,0
4399.0,24,5,1,1,0,25,83.3,78.5,24,0,0,0,65.6,22.4,0,0.0,0
4400.0,24,5,1,1,0,25,83.3,78.6,24,0,0,0,65.5,22.4,0,0.0,0
4401.0,24,5,1,1,0,25,83.3,78.7,24,0,0,0,65.5,22.4,0,0.0,0
4402.0,24,5,1,1,0,25,83.3,78.7,24,0,0,0,65.5,22.4,0,0.0,0
4403.0,24,5,1,1,0,25,84.0,78.8,23,0,0,0,65.4,22.4,0,0.0,0
4404.0,24,5,1,1,0,25,84.0,78.9,23,0,0,0,65.4,22.4,0,0.0,0
4405.0,24,5,1,1,0,25,84.0,78.9,23,0,0,0,65.3,22.4,0,0.0,0
4406.0,24,6,0,1,0,24,84.0,79.0,23,0,0,0,67.8,25.5,0,0.0,0
4407.0,24,6,0,1,0,24,84.0,79.1,23,0,0,0,67.8,25.4,0,0.0,0
4408.0,24,6,0,1,0,24,84.0,79.1,23,0,0,0,67.7,25.3,0,0.0,0
4409.0,24,6,0,1,0,24,84.0,79.2,23,0,0,0,67.7,25.3,0,0.0,0
4410.0,24,6,0,1,0,24,84.0,79.3,23,0,0,0,67.6,25.2,0,0.0,0
4411.0,24,6,0,1,0,24,84.0,79.3,23,0,0,0,67.6,25.2,0,0.0,0
4412.0,24,6,0,1,0,24,84.0,79.4,23,0,0,0,67.6,25.1,0,0.0,0
4413.0,24,6,0,1,0,24,84.0,79.5,23,0,0,0,67.5,25.1,0,0.0,0
4414.0,24,6,0,1,0,24,84.0,79.5,23,0,0,0,67.5,25.0,0,0.0,0
4415.0,24,6,0,1,0,24,84.0,79.6,23,0,0,0,67.5,25.0,0,0.0,0
4416.0,24,6,0,1,0,24,84.0,79.7,23,0,0,0,67.4,24.9,0,0.0,0
4417.0,24,6,0,1,0,24,84.0,79.7,23,0,0,0,67.4,24.9,0,0.0,0
4418.0,24,6,0,1,0,24,84.0,79.8,23,0,0,0,67.3,24.8,0,0.0,0
4419.0,24,6,0,1,0,24,84.0,79.9,23,0,0,0,67.3,24.8,0,0.0,0
4420.0,24,6,0,1,0,24,84.0,79.9,23,0,0,0,67.3,24.7,0,0.0,0
4421.0,24,6,0,1,0,24,84.0,80.0,23,0,0,0,67.2,24.7,0,0.0,0
4422.0,24,6,0,1,0,24,84.0,80.0,23,0,0,0,67.2,24.6,0,0.0,0
4423.0,24,6,0,1,0,24,84.0,80.1,23,0,0,0,67.1,24.6,0,0.0,0
4424.0,24,6,0,1,0,24,84.0,80.2,23,0,0,0,67.1,24.5,0,0.0,0
4425.0,24,6,0,1,0,24,84.0,80.2,23,0,0,0,67.1,24.4,0,0.0,0
4426.0,24,6,0,1,0,24,84.0,80.3,23,0,0,0,67.0,24.4,0,0.0,0
4427.0,24,6,0,1,0,24,84.7,80.3,22,0,0,0,67.0,24.3,0,0.0,0
4428.0,24,6,0,1,0,24,84.7,80.4,22,0,0,0,66.9,24.3,0,0.0,0
4429.0,24,6,0,1,0,24,84.7,80.5,22,0,0,0,66.9,24.2,0,0.0,0
4430.0,24,6,0,1,0,24,84.7,80.5,22,0,0,0,66.9,24.2,0,0.0,0
4431.0,24,6,0,1,0,24,85.4,80.6,21,0,0,0,66.8,24.1,0,0.0,0
4432.0,24,6,0,1,0,24,85.4,80.6,21,0,0,0,66.8,24.1,0,0.0,0
4433.0,24,6,0,1,0,24,86.1,80.7,20,0,0,0,66.8,24.0,0,0.0,0
4434.0,24,6,0,1,0,24,86.1,80.7,20,0,0,0,66.7,24.0,0,0.0,0
4435.0,24,6,0,1,0,24,86.1,80.8,20,0,0,0,66.7,23.9,0,0.0,0
4436.0,24,6,0,1,0,24,86.1,80.9,20,0,0,0,66.6,23.9,0,0.0,0
4437.0,24,6,0,1,0,24,86.1,80.9,20,0,0,0,66.6,23.8,0,0.0,0
4438.0,24,6,0,1,0,24,86.1,81.0,20,0,0,0,66.6,23.8,0,0.0,0
4439.0,24,6,0,1,0,24,86.1,81.0,20,0,0,0,66.5,23.7,0,0.0,0
4440.0,24,5,1,1,0,25,86.1,81.1,20,0,0,0,66.5,23.7,0,0.0,0
4441.0,24,5,1,1,0,25,86.1,81.1,20,0,0,0,66.4,23.7,0,0.0,0
4442.0,24,5,1,1,0,25,86.1,81.2,20,0,0,0,66.4,23.7,0,0.0,0
4443.0,24,5,1,1,0,25,86.1,81.2,20,0,0,0,66.4,23.7,0,0.0,0
4444.0,24,5,1,1,0,25,85.4,81.3,21,0,0,0,66.3,23.7,0,0.0,0
4445.0,24,5,1,1,0,25,85.4,81.3,21,0,0,0,66.3,23.7,0,0.0,0
4446.0,24,5,1,1,0,25,85.4,81.4,21,0,0,0,66.3,23.7,0,0.0,0
4447.0,24,5,1,1,0,25,84.7,81.4,22,0,0,0,66.2,23.7,0,0.0,0
4448.0,24,5,1,1,0,25,85.4,81.5,21,0,0,0,66.2,23.7,0,0.0,0
4449.0,24,5,1,1,0,25,85.4,81.5,21,0,0,0,66.1,23.7,0,0.0,0
4450.0,24,5,1,1,0,25,85.4,81.6,21,0,0,0,66.1,23.7,0,0.0,0
4451.0,24,5,1,1,0,25,85.4,81.6,21,0,0,0,66.1,23.7,0,0.0,0
4452.0,24,5,1,1,0,25,85.4,81.6,21,0,0,0,66.0,23.7,0,0.0,0
4453.0,24,5,1,1,0,25,85.4,81.7,21,0,0,0,66.0,23.7,0,0.0,0
4454.0,24,5,1,1,0,25,84.7,81.7,22,0,0,0,65.9,23.7,0,0.0,0
4455.0,24,5,1,1,0,25,85.4,81.8,21,0,0,0,65.9,23.7,0,0.0,0
4456.0,24,5,1,1,0,25,85.4,81.8,21,0,0,0,65.9,23.7,0,0.0,0
4457.0,24,5,1,1,0,25,85.4,81.9,21,0,0,0,65.8,23.7,0,0.0,0
4458.0,24,5,1,1,0,25,85.4,81.9,21,0,0,0,65.8,23.7,0,0.0,0
4459.0,24,5,1,1,0,25,85.4,81.9,21,0,0,0,65.7,23.7,0,0.0,0
4460.0,24,5,1,1,0,25,85.4,82.0,21,0,0,0,65.7,23.7,0,0.0,0
4461.0,24,5,1,1,0,25,86.8,82.0,19,0,0,0,65.7,23.7,0,0.0,0
4462.0,24,5,1,1,0,25,86.8,82.1,19,0,0,0,65.6,23.7,0,0.0,0
4463.0,24,5,1,1,0,25,86.8,82.1,19,0,0,0,65.6,23.7,0,0.0,0
4464.0,24,5,1,1,0,25,86.8,82.1,19,0,0,0,65.6,23.7,0,0.0,0
4465.0,24,5,1,1,0,25,87.5,82.2,18,0,0,0,65.5,23.7,0,0.0,0
4466.0,24,5,1,1,0,25,87.5,82.2,18,0,0,0,65.5,23.7,0,0.0,0
4467.0,24,5,1,1,0,25,87.5,82.2,18,0,0,0,65.4,23.7,0,0.0,0
4468.0,24,5,1,1,0,25,87.5,82.3,18,0,0,0,65.4,23.7,0,0.0,0
4469.0,24,5,1,1,0,25,87.5,82.3,18,0,0,0,65.4,23.7,0,0.0,0
4470.0,24,5,1,1,0,25,88.2,82.4,17,0,0,0,65.3,23.7,0,0.0,0
4471.0,24,5,1,1,0,25,88.2,82.4,17,0,0,0,65.3,23.7,0,0.0,0
4472.0,24,5,1,1,0,25,88.2,82.4,17,0,0,0,65.2,23.7,0,0.0,0
4473.0,24,5,1,1,0,25,87.5,82.5,18,0,0,0,65.2,23.7,0,0.0,0
4474.0,24,5,1,1,0,25,87.5,82.5,18,0,0,0,65.2,23.7,0,0.0,0
4475.0,24,5,1,1,0,25,87.5,82.6,18,0,0,0,65.1,23.7,0,0.0,0
4476.0,24,5,1,1,0,25,87.5,82.6,18,0,0,0,65.1,23.7,0,0.0,0
4477.0,24,5,1,1,0,25,88.2,82.6,17,0,0,0,65.1,23.7,0,0.0,0
4478.0,24,5,1,1,0,25,88.2,82.7,17,0,0,0,65.0,23.7,0,0.0,0
4479.0,24,5,1,1,0,25,88.2,82.7,17,0,0,0,65.0,23.7,0,0.0,0
4480.0,24,5,1,1,0,25,88.2,82.7,17,0,0,0,64.9,23.7,0,0.0,0
4481.0,24,5,1,1,0,25,88.2,82.8,17,0,0,0,64.9,23.7,0,0.0,0
4482.0,24,5,1,1,0,25,88.2,82.8,17,0,0,0,64.9,23.7,0,0.0,0
4483.0,24,5,1,1,0,25,88.2,82.8,17,0,0,0,64.8,23.7,0,0.0,0
4484.0,24,5,1,1,0,25,88.2,82.9,17,0,0,0,64.8,23.7,0,0.0,0
4485.0,24,5,1,1,0,25,88.2,82.9,17,0,0,0,64.7,23.7,0,0.0,0
4486.0,24,5,1,1,0,25,87.5,82.9,18,0,0,0,64.7,23.7,0,0.0,0
4487.0,24,5,1,1,0,25,87.5,83.0,18,0,0,0,64.7,23.7,0,0.0,0
4488.0,24,5,1,1,0,25,87.5,83.0,18,0,0,0,64.6,23.7,0,0.0,0
4489.0,24,5,1,1,0,25,87.5,83.0,18,0,0,0,64.6,23.7,0,0.0,0
4490.0,24,5,1,1,0,25,86.8,83.0,19,0,0,0,64.5,23.7,0,0.0,0
4491.0,24,5,1,1,0,25,86.8,83.1,19,0,0,0,64.5,23.7,0,0.0,0
4492.0,24,5,1,1,0,25,86.8,83.1,19,0,0,0,64.5,23.7,0,0.0,0
4493.0,24,5,1,1,0,25,86.8,83.1,19,0,0,0,64.4,23.7,0,0.0,0
4494.0,24,5,1,1,0,25,86.8,83.1,19,0,0,0,64.4,23.7,0,0.0,0
4495.0,24,5,1,1,0,25,86.8,83.2,19,0,0,0,64.4,23.7,0,0.0,0
4496.0,24,5,1,1,0,25,86.8,83.2,19,0,0,0,64.3,23.7,0,0.0,0
4497.0,24,5,1,1,0,25,86.8,83.2,19,0,0,0,64.3,23.7,0,0.0,0
4498.0,24,5,1,1,0,25,86.8,83.2,19,0,0,0,64.2,23.7,0,0.0,0
4499.0,24,5,1,1,0,25,86.8,83.2,19,0,0,0,64.2,23.7,0,0.0,0
4500.0,24,6,0,1,0,24,86.8,83.3,19,0,0,0,66.6,24.6,0,0.0,0
4501.0,24,6,0,1,0,24,86.8,83.3,19,0,0,0,66.6,24.6,0,0.0,0
4502.0,24,6,0,1,0,24,87.5,83.3,18,0,0,0,66.5,24.5,0,0.0,0
4503.0,24,6,0,1,0,24,86.8,83.4,19,0,0,0,66.5,24.5,0,0.0,0
4504.0,24,6,0,1,0,24,86.8,83.4,19,0,0,0,66.5,24.4,0,0.0,0
4505.0,24,6,0,1,0,24,86.8,83.4,19,0,0,0,66.4,24.4,0,0.0,0
4506.0,24,6,0,1,0,24,86.8,83.4,19,0,0,0,66.4,24.3,0,0.0,0
4507.0,24,6,0,1,0,24,87.5,83.5,18,0,0,0,66.4,24.3,0,0.0,0
4508.0,24,6,0,1,0,24,87.5,83.5,18,0,0,0,66.3,24.2,0,0.0,0
4509.0,24,6,0,1,0,24,87.5,83.5,18,0,0,0,66.3,24.2,0,0.0,0
4510.0,24,6,0,1,0,24,86.8,83.6,19,0,0,0,66.2,24.1,0,0.0,0
4511.0,24,6,0,1,0,24,86.1,83.6,20,0,0,0,66.2,24.1,0,0.0,0
4512.0,24,6,0,1,0,24,86.1,83.6,20,0,0,0,66.2,24.0,0,0.0,0
4513.0,24,6,0,1,0,24,86.1,83.6,20,0,0,0,66.1,24.0,0,0.0,0
4514.0,24,6,0,1,0,24,86.8,83.7,19,0,0,0,66.1,23.9,0,0.0,0
4515.0,24,6,0,1,0,24,86.8,83.7,19,0,0,0,66.0,23.9,0,0.0,0
4516.0,24,6,0,1,0,24,86.8,83.7,19,0,0,0,66.0,23.8,0,0.0,0
4517.0,24,6,0,1,0,24,86.8,83.8,19,0,0,0,66.0,23.7,0,0.0,0
4518.0,24,6,0,1,0,24,86.8,83.8,19,0,0,0,65.9,23.7,0,0.0,0
4519.0,24,6,0,1,0,24,86.8,83.8,19,0,0,0,65.9,23.6,0,0.0,0
4520.0,24,6,0,1,0,24,86.8,83.8,19,0,0,0,65.9,23.6,0,0.0,0
4521.0,24,6,0,1,0,24,86.1,83.9,20,0,0,0,65.8,23.5,0,0.0,0
4522.0,24,6,0,1,0,24,86.1,83.9,20,0,0,0,65.8,23.5,0,0.0,0
4523.0,24,6,0,1,0,24,86.1,83.9,20,0,0,0,65.7,23.4,0,0.0,0
4524.0,24,6,0,1,0,24,86.8,83.9,19,0,0,0,65.7,23.4,0,0.0,0
4525.0,24,6,0,1,0,24,86.8,84.0,19,0,0,0,65.7,23.3,0,0.0,0
4526.0,24,6,0,1,0,24,86.8,84.0,19,0,0,0,65.6,23.3,0,0.0,0
4527.0,24,6,0,1,0,24,86.1,84.0,20,0,0,0,65.6,23.2,0,0.0,0
4528.0,24,6,0,1,0,24,86.1,84.0,20,0,0,0,65.5,23.2,0,0.0,0
4529.0,24,6,0,1,0,24,86.1,84.0,20,0,0,0,65.5,23.1,0,0.0,0
4530.0,24,6,0,1,0,24,86.1,84.1,20,0,0,0,65.5,23.1,0,0.0,0
4531.0,24,6,0,1,0,24,86.8,84.1,19,0,0,0,65.4,23.0,0,0.0,0
4532.0,24,6,0,1,0,24,86.8,84.1,19,0,0,0,65.4,23.0,0,0.0,0
4533.0,24,6,0,1,0,24,86.8,84.1,19,0,0,0,65.3,22.9,0,0.0,0
4534.0,24,6,0,1,0,24,86.8,84.1,19,0,0,0,65.3,22.8,0,0.0,0
4535.0,24,6,0,1,0,24,86.1,84.2,20,0,0,0,65.3,22.8,0,0.0,0
4536.0,24,6,0,1,0,24,86.1,84.2,20,0,0,0,65.2,22.7,0,0.0,0
4537.0,24,6,0,1,0,24,86.1,84.2,20,0,0,0,65.2,22.7,0,0.0,0
4538.0,24,6,0,1,0,24,86.1,84.2,20,0,0,0,65.2,22.6,0,0.0,0
4539.0,24,6,0,1,0,24,86.1,84.2,20,0,0,0,65.1,22.6,0,0.0,0
4540.0,24,6,0,1,0,24,86.1,84.2,20,0,0,0,65.1,22.5,0,0.0,0
4541.0,24,6,0,1,0,24,86.1,84.3,20,0,0,0,65.0,22.5,0,0.0,0
4542.0,24,6,0,1,0,24,86.1,84.3,20,0,0,0,65.0,22.4,0,0.0,0
4543.0,24,6,0,1,0,24,85.4,84.3,21,0,0,0,65.0,22.4,0,0.0,0
4544.0,24,6,0,1,0,24,85.4,84.3,21,0,0,0,64.9,22.3,0,0.0,0
4545.0,24,6,0,1,0,24,85.4,84.3,21,0,0,0,64.9,22.3,0,0.0,0
4546.0,24,6,0,1,0,24,85.4,84.4,21,0,0,0,64.8,22.2,0,0.0,0
4547.0,24,6,0,1,0,24,85.4,84.4,21,0,0,0,64.8,22.2,0,0.0,0
4548.0,24,6,0,1,0,24,85.4,84.4,21,0,0,0,64.8,22.1,0,0.0,0
4549.0,24,6,0,1,0,24,84.7,84.4,22,0,0,0,64.7,22.1,0,0.0,0
4550.0,24,6,0,1,0,24,84.7,84.4,22,0,0,0,64.7,22.0,0,0.0,0
4551.0,24,6,0,1,0,24,84.7,84.5,22,0,0,0,64.7,22.0,0,0.0,0
4552.0,24,5,1,1,0,25,84.7,84.5,22,0,0,0,64.6,21.9,0,0.0,0
4553.0,24,5,1,1,0,25,84.0,84.5,23,0,0,0,64.6,21.9,0,0.0,0
4554.0,24,5,1,1,0,25,84.0,84.5,23,0,0,0,64.5,21.9,0,0.0,0
4555.0,24,5,1,1,0,25,84.0,84.5,23,0,0,0,64.5,21.9,0,0.0,0
4556.0,24,5,1,1,0,25,82.6,84.5,25,0,0,0,64.5,21.9,0,0.0,0
4557.0,24,5,1,1,0,25,82.6,84.5,25,0,0,0,64.4,21.9,0,0.0,0
4558.0,24,5,1,1,0,25,81.9,84.5,26,0,0,0,64.4,21.9,0,0.0,0
4559.0,24,5,1,1,0,25,81.2,84.5,27,0,0,0,64.3,21.9,0,0.0,0
4560.0,24,5,1,1,0,25,81.2,84.5,27,0,0,0,64.3,21.9,0,0.0,0
4561.0,24,5,1,1,0,25,81.2,84.5,27,0,0,0,64.3,21.9,0,0.0,0
4562.0,24,5,1,1,0,25,81.2,84.5,27,0,0,0,64.2,21.9,0,0.0,0
4563.0,24,5,1,1,0,25,81.2,84.5,27,0,0,0,64.2,21.9,0,0.0,0
4564.0,24,5,1,1,0,25,80.6,84.5,28,0,0,0,64.1,21.9,0,0.0,0
4565.0,24,5,1,1,0,25,80.6,84.5,28,0,0,0,64.1,21.9,0,0.0,0
4566.0,24,5,1,1,0,25,80.6,84.5,28,0,0,0,64.1,21.9,0,0.0,0
4567.0,24,5,1,1,0,25,80.6,84.5,28,0,0,0,64.0,21.9,0,0.0,0
4568.0,24,5,1,1,0,25,80.6,84.5,28,0,0,0,64.0,21.9,0,0.0,0
4569.0,24,5,1,1,0,25,80.6,84.5,28,0,0,0,64.0,21.9,0,0.0,0
4570.0,24,5,1,1,0,25,80.6,84.5,28,0,0,0,63.9,21.9,0,0.0,0
4571.0,24,5,1,1,0,25,80.6,84.5,28,0,0,0,63.9,21.9,0,0.0,0
4572.0,24,5,1,1,0,25,80.6,84.5,28,0,0,0,63.8,21.9,0,0.0,0
4573.0,24,5,1,1,0,25,80.6,84.5,28,0,0,0,63.8,21.9,0,0.0,0
4574.0,24,5,1,1,0,25,80.6,84.5,28,0,0,0,63.8,21.9,0,0.0,0
4575.0,24,5,1,1,0,25,80.6,84.5,28,0,0,0,63.7,21.9,0,0.0,0
4576.0,24,5,1,1,0,25,79.9,84.4,29,0,0,0,63.7,21.9,0,0.0,0
4577.0,24,5,1,1,0,25,79.2,84.4,30,0,0,0,63.6,21.9,0,0.0,0
4578.0,24,5,1,1,0,25,79.2,84.4,30,0,0,0,63.6,21.9,0,0.0,0
4579.0,24,5,1,1,0,25,79.2,84.4,30,0,0,0,63.6,21.9,0,0.0,0
4580.0,24,5,1,1,0,25,79.2,84.4,30,0,0,0,63.5,21.9,0,0.0,0
4581.0,24,5,1,1,0,25,79.2,84.4,30,0,0,0,63.5,21.9,0,0.0,0
4582.0,24,5,1,1,0,25,79.9,84.4,29,0,0,0,63.5,21.9,0,0.0,0
4583.0,24,5,1,1,0,25,79.2,84.4,30,0,0,0,63.4,21.9,0,0.0,0
4584.0,24,5,1,1,0,25,79.2,84.3,30,0,0,0,63.4,21.9,0,0.0,0
4585.0,24,5,1,1,0,25,79.2,84.3,30,0,0,0,63.3,21.9,0,0.0,0
4586.0,24,5,1,1,0,25,79.2,84.3,30,0,0,0,63.3,21.9,0,0.0,0
4587.0,24,5,1,1,0,25,79.2,84.3,30,0,0,0,63.3,21.9,0,0.0,0
4588.0,24,5,1,1,0,25,79.2,84.3,30,0,0,0,63.2,21.9,0,0.0,0
4589.0,24,5,1,1,0,25,79.2,84.3,30,0,0,0,63.2,21.9,0,0.0,0
4590.0,24,5,1,1,0,25,77.8,84.3,32,0,0,0,63.1,21.9,0,0.0,0
4591.0,24,5,1,1,0,25,77.8,84.3,32,0,0,0,63.1,21.9,0,0.0,0
4592.0,24,5,1,1,0,25,77.1,84.2,33,0,0,0,63.1,21.9,0,0.0,0
4593.0,24,5,1,1,0,25,77.1,84.2,33,0,0,0,63.0,21.9,0,0.0,0
4594.0,24,5,1,1,0,25,77.1,84.2,33,0,0,0,63.0,21.9,0,0.0,0
4595.0,24,5,1,1,0,25,77.1,84.2,33,0,0,0,62.9,21.9,0,0.0,0
4596.0,24,5,1,1,0,25,77.1,84.2,33,0,0,0,62.9,21.9,0,0.0,0
4597.0,24,5,1,1,0,25,77.1,84.2,33,0,0,0,62.9,21.9,0,0.0,0
4598.0,24,5,1,1,0,25,77.1,84.1,33,0,0,0,62.8,21.9,0,0.0,0
4599.0,24,5,1,1,0,25,76.4,84.1,34,0,0,0,62.8,21.9,0,0.0,0
4600.0,24,5,1,1,0,25,77.1,84.1,33,0,0,0,62.8,21.9,0,0.0,0
4601.0,24,5,1,1,0,25,77.1,84.1,33,0,0,0,62.7,21.9,0,0.0,0
4602.0,24,5,1,1,0,25,77.1,84.1,33,0,0,0,62.7,21.9,0,0.0,0
4603.0,24,5,1,1,0,25,77.1,84.0,33,0,0,0,62.6,21.9,0,0.0,0
4604.0,24,4,2,1,0,26,76.4,84.0,34,0,0,0,62.6,21.9,0,0.0,0
4605.0,24,4,2,1,0,26,76.4,84.0,34,0,0,0,62.6,21.9,0,0.0,0
4606.0,24,4,2,1,0,26,77.1,84.0,33,0,0,0,62.5,21.9,0,0.0,0
4607.0,24,4,2,1,0,26,77.1,84.0,33,0,0,0,62.5,21.9,0,0.0,0
4608.0,24,4,2,1,0,26,77.1,84.0,33,0,0,0,62.4,21.9,0,0.0,0
4609.0,24,4,2,1,0,26,77.1,83.9,33,0,0,0,62.4,21.9,0,0.0,0
4610.0,24,4,2,1,0,26,77.1,83.9,33,0,0,0,62.4,21.9,0,0.0,0
4611.0,24,4,2,1,0,26,77.1,83.9,33,0,0,0,62.3,21.9,0,0.0,0
4612.0,24,5,1,1,0,25,77.1,83.9,33,0,0,0,64.8,22.7,0,0.0,0
4613.0,24,5,1,1,0,25,77.1,83.9,33,0,0,0,64.8,22.7,0,0.0,0
4614.0,24,5,1,1,0,25,77.1,83.8,33,0,0,0,64.7,22.7,0,0.0,0
4615.0,24,5,1,1,0,25,76.4,83.8,34,0,0,0,64.7,22.7,0,0.0,0
4616.0,24,5,1,1,0,25,76.4,83.8,34,0,0,0,64.7,22.7,0,0.0,0
4617.0,24,5,1,1,0,25,76.4,83.8,34,0,0,0,64.6,22.7,0,0.0,0
4618.0,24,5,1,1,0,25,76.4,83.8,34,0,0,0,64.6,22.7,0,0.0,0
4619.0,24,5,1,1,0,25,76.4,83.8,34,0,0,0,64.5,22.6,0,0.0,0
4620.0,24,4,2,1,0,26,75.7,83.7,35,0,0,0,64.5,22.6,0,0.0,0
4621.0,24,4,2,1,0,26,75.7,83.7,35,0,0,0,64.5,22.6,0,0.0,0
4622.0,24,4,2,1,0,26,75.0,83.7,36,0,0,0,64.4,22.6,0,0.0,0
4623.0,24,4,2,1,0,26,75.0,83.6,36,0,0,0,64.4,22.6,0,0.0,0
4624.0,24,4,2,1,0,26,75.0,83.6,36,0,0,0,64.3,22.6,0,0.0,0
4625.0,24,4,2,1,0,26,74.3,83.6,37,0,0,0,64.3,22.6,0,0.0,0
4626.0,24,4,2,1,0,26,73.6,83.5,38,0,0,0,64.3,22.6,0,0.0,0
4627.0,24,4,2,1,0,26,72.9,83.5,39,0,0,0,64.2,22.6,0,0.0,0
4628.0,24,4,2,1,0,26,72.9,83.5,39,0,0,0,64.2,22.6,0,0.0,0
4629.0,24,4,2,1,0,26,73.6,83.4,38,0,0,0,64.1,22.6,0,0.0,0
4630.0,24,4,2,1,0,26,72.9,83.4,39,0,0,0,64.1,22.5,0,0.0,0
4631.0,24,4,2,1,0,26,72.9,83.3,39,0,0,0,64.1,22.5,0,0.0,0
4632.0,24,3,3,1,0,27,72.2,83.3,40,0,0,0,64.0,22.4,0,0.0,0
4633.0,24,3,3,1,0,27,71.5,83.3,41,0,0,0,64.0,22.4,0,0.0,0
4634.0,24,3,3,1,0,27,71.5,83.2,41,0,0,0,64.0,22.4,0,0.0,0
4635.0,24,3,3,1,0,27,71.5,83.2,41,0,0,0,63.9,22.4,0,0.0,0
4636.0,24,3,3,1,0,27,71.5,83.1,41,0,0,0,63.9,22.4,0,0.0,0
4637.0,24,3,3,1,0,27,70.8,83.1,42,0,0,0,63.8,22.4,0,0.0,0
4638.0,24,3,3,1,0,27,70.8,83.0,42,0,0,0,63.8,22.4,0,0.0,0
4639.0,24,3,3,1,0,27,71.5,83.0,41,0,0,0,63.8,22.4,0,0.0,0
4640.0,24,3,3,1,0,27,71.5,82.9,41,0,0,0,63.7,22.4,0,0.0,0
4641.0,24,3,3,1,0,27,71.5,82.9,41,0,0,0,63.7,22.4,0,0.0,0
4642.0,24,3,3,1,0,27,71.5,82.8,41,0,0,0,63.6,22.4,0,0.0,0
4643.0,24,3,3,1,0,27,71.5,82.8,41,0,0,0,63.6,22.4,0,0.0,0
4644.0,24,3,3,1,0,27,71.5,82.7,41,0,0,0,63.6,22.4,0,0.0,0
4645.0,24,3,3,1,0,27,71.5,82.7,41,0,0,0,63.5,22.4,0,0.0,0
4646.0,24,3,3,1,0,27,70.8,82.6,42,0,0,0,63.5,22.4,0,0.0,0
4647.0,24,3,3,1,0,27,70.8,82.5,42,0,0,0,63.5,22.4,0,0.0,0
4648.0,24,3,3,1,0,27,70.1,82.5,43,0,0,0,63.4,22.4,0,0.0,0
4649.0,24,3,3,1,0,27,70.1,82.4,43,0,0,0,63.4,22.4,0,0.0,0
4650.0,24,3,3,1,0,27,70.8,82.4,42,0,0,0,63.3,22.4,0,0.0,0
4651.0,24,3,3,1,0,27,70.8,82.3,42,0,0,0,63.3,22.4,0,0.0,0
4652.0,24,3,3,1,0,27,70.8,82.3,42,0,0,0,63.3,22.4,0,0.0,0
4653.0,24,3,3,1,0,27,70.8,82.2,42,0,0,0,63.2,22.4,0,0.0,0
4654.0,24,3,3,1,0,27,70.8,82.2,42,0,0,0,63.2,22.4,0,0.0,0
4655.0,24,3,3,1,0,27,70.1,82.1,43,0,0,0,63.1,22.4,0,0.0,0
4656.0,24,3,3,1,0,27,70.1,82.0,43,0,0,0,63.1,22.4,0,0.0,0
4657.0,24,3,3,1,0,27,70.1,82.0,43,0,0,0,63.1,22.4,0,0.0,0
4658.0,24,3,3,1,0,27,70.1,81.9,43,0,0,0,63.0,22.4,0,0.0,0
4659.0,24,3,3,1,0,27,70.1,81.9,43,0,0,0,63.0,22.4,0,0.0,0
4660.0,24,3,3,1,0,27,70.1,81.8,43,0,0,0,62.9,22.4,0,0.0,0
4661.0,24,3,3,1,0,27,70.1,81.8,43,0,0,0,62.9,22.4,0,0.0,0
4662.0,24,3,3,1,0,27,70.8,81.7,42,0,0,0,62.9,22.4,0,0.0,0
4663.0,24,3,3,1,0,27,70.8,81.6,42,0,0,0,62.8,22.4,0,0.0,0
4664.0,24,4,2,1,0,26,70.8,81.6,42,0,0,0,65.3,22.4,0,0.0,0
4665.0,24,4,2,1,0,26,70.8,81.5,42,0,0,0,65.2,22.4,0,0.0,0
4666.0,24,4,2,1,0,26,70.8,81.5,42,0,0,0,65.2,22.4,0,0.0,0
4667.0,24,4,2,1,0,26,70.8,81.4,42,0,0,0,65.2,22.4,0,0.0,0
4668.0,24,4,2,1,0,26,71.5,81.4,41,0,0,0,65.1,22.4,0,0.0,0
4669.0,24,4,2,1,0,26,72.2,81.3,40,0,0,0,65.1,22.4,0,0.0,0
4670.0,24,4,2,1,0,26,72.2,81.3,40,0,0,0,65.1,22.4,0,0.0,0
4671.0,24,4,2,1,0,26,72.2,81.2,40,0,0,0,65.0,22.4,0,0.0,0
4672.0,24,4,2,1,0,26,72.9,81.2,39,0,0,0,65.0,22.4,0,0.0,0
4673.0,24,4,2,1,0,26,72.9,81.1,39,0,0,0,64.9,22.4,0,0.0,0
4674.0,24,4,2,1,0,26,72.9,81.0,39,0,0,0,64.9,22.4,0,0.0,0
4675.0,24,4,2,1,0,26,72.9,81.0,39,0,0,0,64.9,22.4,0,0.0,0
4676.0,24,4,2,1,0,26,73.6,80.9,38,0,0,0,64.8,22.4,0,0.0,0
4677.0,24,4,2,1,0,26,74.3,80.9,37,0,0,0,64.8,22.4,0,0.0,0
4678.0,24,4,2,1,0,26,75.0,80.8,36,0,0,0,64.7,22.4,0,0.0,0
4679.0,24,4,2,1,0,26,75.0,80.8,36,0,0,0,64.7,22.4,0,0.0,0
4680.0,24,5,1,1,0,25,75.0,80.7,36,0,0,0,67.2,22.4,0,0.0,0
4681.0,24,5,1,1,0,25,75.0,80.7,36,0,0,0,67.1,22.4,0,0.0,0
4682.0,24,5,1,1,0,25,75.0,80.7,36,0,0,0,67.1,22.4,0,0.0,0
4683.0,24,5,1,1,0,25,75.0,80.6,36,0,0,0,67.0,22.4,0,0.0,0
4684.0,24,5,1,1,0,25,75.0,80.6,36,0,0,0,67.0,22.4,0,0.0,0
4685.0,24,5,1,1,0,25,75.0,80.5,36,0,0,0,67.0,22.4,0,0.0,0
4686.0,24,5,1,1,0,25,74.3,80.5,37,0,0,0,66.9,22.4,0,0.0,0
4687.0,24,5,1,1,0,25,74.3,80.4,37,0,0,0,66.9,22.4,0,0.0,0
4688.0,24,5,1,1,0,25,74.3,80.4,37,0,0,0,66.9,22.4,0,0.0,0
4689.0,24,5,1,1,0,25,74.3,80.3,37,0,0,0,66.8,22.4,0,0.0,0
4690.0,24,5,1,1,0,25,74.3,80.3,37,0,0,0,66.8,22.4,0,0.0,0
4691.0,24,5,1,1,0,25,74.3,80.2,37,0,0,0,66.7,22.4,0,0.0,0
4692.0,24,6,0,1,0,24,73.6,80.2,38,0,0,0,69.2,28.4,0,0.0,0
4693.0,24,6,0,1,0,24,73.6,80.2,38,0,0,0,69.2,28.4,0,0.0,0
4694.0,24,6,0,1,0,24,73.6,80.1,38,0,0,0,69.1,28.3,0,0.0,0
4695.0,24,6,0,1,0,24,73.6,80.1,38,0,0,0,69.1,28.3,0,0.0,0
4696.0,24,6,0,1,0,24,74.3,80.0,37,0,0,0,69.0,28.2,0,0.0,0
4697.0,24,6,0,1,0,24,74.3,80.0,37,0,0,0,69.0,28.2,0,0.0,0
4698.0,24,6,0,1,0,24,75.0,79.9,36,0,0,0,69.0,28.1,0,0.0,0
4699.0,24,6,0,1,0,24,75.0,79.9,36,0,0,0,68.9,28.1,0,0.0,0
4700.0,24,6,0,1,0,24,75.0,79.8,36,0,0,0,68.9,28.0,0,0.0,0
4701.0,24,6,0,1,0,24,75.0,79.8,36,0,0,0,68.9,28.0,0,0.0,0
4702.0,24,6,0,1,0,24,75.0,79.7,36,0,0,0,68.8,27.9,0,0.0,0
4703.0,24,6,0,1,0,24,75.0,79.7,36,0,0,0,68.8,27.8,0,0.0,0
4704.0,24,6,0,1,0,24,75.0,79.6,36,0,0,0,68.7,27.8,0,0.0,0
4705.0,24,6,0,1,0,24,75.0,79.6,36,0,0,0,68.7,27.7,0,0.0,0
4706.0,24,6,0,1,0,24,75.7,79.5,35,0,0,0,68.7,27.7,0,0.0,0
4707.0,24,6,0,1,0,24,75.7,79.5,35,0,0,0,68.6,27.6,0,0.0,0
4708.0,24,6,0,1,0,24,75.7,79.4,35,0,0,0,68.6,27.6,0,0.0,0
4709.0,24,6,0,1,0,24,75.7,79.4,35,0,0,0,68.5,27.5,0,0.0,0
4710.0,24,6,0,1,0,24,75.7,79.3,35,0,0,0,68.5,27.5,0,0.0,0
4711.0,24,6,0,1,0,24,75.7,79.3,35,0,0,0,68.5,27.4,0,0.0,0
4712.0,24,6,0,1,0,24,76.4,79.2,34,0,0,0,68.4,27.4,0,0.0,0
4713.0,24,6,0,1,0,24,76.4,79.2,34,0,0,0,68.4,27.3,0,0.0,0
4714.0,24,6,0,1,0,24,76.4,79.1,34,0,0,0,68.4,27.3,0,0.0,0
4715.0,24,6,0,1,0,24,76.4,79.1,34,0,0,0,68.3,27.2,0,0.0,0
4716.0,24,6,0,1,0,24,76.4,79.0,34,0,0,0,68.3,27.2,0,0.0,0
4717.0,24,6,0,1,0,24,77.1,79.0,33,0,0,0,68.2,27.1,0,0.0,0
4718.0,24,6,0,1,0,24,77.1,79.0,33,0,0,0,68.2,27.1,0,0.0,0
4719.0,24,6,0,1,0,24,77.1,78.9,33,0,0,0,68.2,27.0,0,0.0,0
4720.0,24,6,0,1,0,24,77.8,78.9,32,0,0,0,68.1,26.9,0,0.0,0
4721.0,24,6,0,1,0,24,78.5,78.8,31,0,0,0,68.1,26.9,0,0.0,0
4722.0,24,6,0,1,0,24,78.5,78.8,31,0,0,0,68.0,26.8,0,0.0,0
4723.0,24,6,0,1,0,24,78.5,78.7,31,0,0,0,68.0,26.8,0,0.0,0
4724.0,24,6,0,1,0,24,79.2,78.7,30,0,0,0,68.0,26.7,0,0.0,0
4725.0,24,6,0,1,0,24,79.9,78.7,29,0,0,0,67.9,26.7,0,0.0,0
4726.0,24,6,0,1,0,24,79.9,78.6,29,0,0,0,67.9,26.6,0,0.0,0
4727.0,24,6,0,1,0,24,79.9,78.6,29,0,0,0,67.8,26.6,0,0.0,0
4728.0,24,6,0,1,0,24,79.9,78.6,29,0,0,0,67.8,26.5,0,0.0,0
4729.0,24,6,0,1,0,24,79.9,78.5,29,0,0,0,67.8,26.5,0,0.0,0
4730.0,24,6,0,1,0,24,79.9,78.5,29,0,0,0,67.7,26.4,0,0.0,0
4731.0,24,6,0,1,0,24,79.9,78.5,29,0,0,0,67.7,26.4,0,0.0,0
4732.0,24,6,0,1,0,24,80.6,78.5,28,0,0,0,67.7,26.3,0,0.0,0
4733.0,24,6,0,1,0,24,80.6,78.4,28,0,0,0,67.6,26.3,0,0.0,0
4734.0,24,6,0,1,0,24,80.6,78.4,28,0,0,0,67.6,26.2,0,0.0,0
4735.0,24,6,0,1,0,24,81.2,78.4,27,0,0,0,67.5,26.2,0,0.0,0
4736.0,24,6,0,1,0,24,81.2,78.4,27,0,0,0,67.5,26.1,0,0.0,0
4737.0,24,6,0,1,0,24,80.6,78.3,28,0,0,0,67.5,26.0,0,0.0,0
4738.0,24,6,0,1,0,24,80.6,78.3,28,0,0,0,67.4,26.0,0,0.0,0
4739.0,24,6,0,1,0,24,81.9,78.3,26,0,0,0,67.4,25.9,0,0.0,0
4740.0,24,6,0,1,0,24,82.6,78.3,25,0,0,0,67.3,25.9,0,0.0,0
4741.0,24,6,0,1,0,24,82.6,78.3,25,0,0,0,67.3,25.8,0,0.0,0
4742.0,24,6,0,1,0,24,82.6,78.2,25,0,0,0,67.3,25.8,0,0.0,0
4743.0,24,6,0,1,0,24,82.6,78.2,25,0,0,0,67.2,25.7,0,0.0,0
4744.0,24,6,0,1,0,24,81.9,78.2,26,0,0,0,67.2,25.7,0,0.0,0
4745.0,24,6,0,1,0,24,81.9,78.2,26,0,0,0,67.1,25.6,0,0.0,0
4746.0,24,6,0,1,0,24,81.9,78.2,26,0,0,0,67.1,25.6,0,0.0,0
4747.0,24,6,0,1,0,24,81.9,78.1,26,0,0,0,67.1,25.5,0,0.0,0
4748.0,24,6,0,1,0,24,81.9,78.1,26,0,0,0,67.0,25.5,0,0.0,0
4749.0,24,6,0,1,0,24,81.9,78.1,26,0,0,0,67.0,25.4,0,0.0,0
4750.0,24,6,0,1,0,24,82.6,78.1,25,0,0,0,67.0,25.4,0,0.0,0
4751.0,24,6,0,1,0,24,81.9,78.1,26,0,0,0,66.9,25.3,0,0.0,0
4752.0,24,6,0,1,0,24,81.9,78.0,26,0,0,0,66.9,25.3,0,0.0,0
4753.0,24,6,0,1,0,24,82.6,78.0,25,0,0,0,66.8,25.2,0,0.0,0
4754.0,24,6,0,1,0,24,83.3,78.0,24,0,0,0,66.8,25.1,0,0.0,0
4755.0,24,6,0,1,0,24,83.3,78.0,24,0,0,0,66.8,25.1,0,0.0,0
4756.0,24,6,0,1,0,24,84.0,78.0,23,0,0,0,66.7,25.0,0,0.0,0
4757.0,24,6,0,1,0,24,84.0,78.0,23,0,0,0,66.7,25.0,0,0.0,0
4758.0,24,6,0,1,0,24,83.3,78.0,24,0,0,0,66.6,24.9,0,0.0,0
4759.0,24,6,0,1,0,24,82.6,77.9,25,0,0,0,66.6,24.9,0,0.0,0
4760.0,24,6,0,1,0,24,82.6,77.9,25,0,0,0,66.6,24.8,0,0.0,0
4761.0,24,6,0,1,0,24,82.6,77.9,25,0,0,0,66.5,24.8,0,0.0,0
4762.0,24,6,0,1,0,24,83.3,77.9,24,0,0,0,66.5,24.7,0,0.0,0
4763.0,24,6,0,1,0,24,84.0,77.9,23,0,0,0,66.4,24.7,0,0.0,0
4764.0,24,6,0,1,0,24,84.0,77.9,23,0,0,0,66.4,24.6,0,0.0,0
4765.0,24,6,0,1,0,24,83.3,77.9,24,0,0,0,66.4,24.6,0,0.0,0
4766.0,24,6,0,1,0,24,83.3,77.8,24,0,0,0,66.3,24.5,0,0.0,0
4767.0,24,6,0,1,0,24,83.3,77.8,24,0,0,0,66.3,24.5,0,0.0,0
4768.0,24,6,0,1,0,24,83.3,77.8,24,0,0,0,66.3,24.4,0,0.0,0
4769.0,24,6,0,1,0,24,83.3,77.8,24,0,0,0,66.2,24.4,0,0.0,0
4770.0,24,6,0,1,0,24,82.6,77.8,25,0,0,0,66.2,24.3,0,0.0,0
4771.0,24,6,0,1,0,24,82.6,77.8,25,0,0,0,66.1,24.2,0,0.0,0
4772.0,24,6,0,1,0,24,81.9,77.8,26,0,0,0,66.1,24.2,0,0.0,0
4773.0,24,6,0,1,0,24,81.9,77.7,26,0,0,0,66.1,24.1,0,0.0,0
4774.0,24,6,0,1,0,24,82.6,77.7,25,0,0,0,66.0,24.1,0,0.0,0
4775.0,24,6,0,1,0,24,82.6,77.7,25,0,0,0,66.0,24.0,0,0.0,0
4776.0,24,6,0,1,0,24,82.6,77.7,25,0,0,0,65.9,24.0,0,0.0,0
4777.0,24,6,0,1,0,24,82.6,77.7,25,0,0,0,65.9,23.9,0,0.0,0
4778.0,24,6,0,1,0,24,82.6,77.7,25,0,0,0,65.9,23.9,0,0.0,0
4779.0,24,6,0,1,0,24,81.9,77.6,26,0,0,0,65.8,23.8,0,0.0,0
4780.0,24,6,0,1,0,24,81.2,77.6,27,0,0,0,65.8,23.8,0,0.0,0
4781.0,24,6,0,1,0,24,81.2,77.6,27,0,0,0,65.8,23.7,0,0.0,0
4782.0,24,6,0,1,0,24,81.2,77.6,27,0,0,0,65.7,23.7,0,0.0,0
4783.0,24,6,0,1,0,24,81.9,77.6,26,0,0,0,65.7,23.6,0,0.0,0
4784.0,24,6,0,1,0,24,81.9,77.6,26,0,0,0,65.6,23.6,0,0.0,0
4785.0,24,6,0,1,0,24,81.9,77.5,26,0,0,0,65.6,23.5,0,0.0,0
4786.0,24,6,0,1,0,24,81.2,77.5,27,0,0,0,65.6,23.5,0,0.0,0
4787.0,24,6,0,1,0,24,81.2,77.5,27,0,0,0,65.5,23.4,0,0.0,0
4788.0,24,6,0,1,0,24,81.2,77.5,27,0,0,0,65.5,23.4,0,0.0,0
4789.0,24,6,0,1,0,24,81.2,77.5,27,0,0,0,65.4,23.3,0,0.0,0
4790.0,24,6,0,1,0,24,81.2,77.5,27,0,0,0,65.4,23.2,0,0.0,0
4791.0,24,6,0,1,0,24,81.2,77.4,27,0,0,0,65.4,23.2,0,0.0,0
4792.0,24,6,0,1,0,24,81.2,77.4,27,0,0,0,65.3,23.1,0,0.0,0
4793.0,24,6,0,1,0,24,80.6,77.4,28,0,0,0,65.3,23.1,0,0.0,0
4794.0,24,6,0,1,0,24,80.6,77.4,28,0,0,0,65.3,23.0,0,0.0,0
4795.0,24,6,0,1,0,24,80.6,77.4,28,0,0,0,65.2,23.0,0,0.0,0
4796.0,24,6,0,1,0,24,80.6,77.4,28,0,0,0,65.2,22.9,0,0.0,0
4797.0,24,6,0,1,0,24,80.6,77.4,28,0,0,0,65.1,22.9,0,0.0,0
4798.0,24,6,0,1,0,24,80.6,77.4,28,0,0,0,65.1,22.8,0,0.0,0
4799.0,24,6,0,1,0,24,80.6,77.4,28,0,0,0,65.1,22.8,0,0.0,0
4800.0,24,6,0,1,0,24,79.9,77.4,29,0,0,0,65.0,22.7,0,0.0,0
