time,active_uavs,spare_uavs,swapping_uavs,contingency_spares,failed_uavs,deployed_uavs,coverage_%,rolling_avg_%,cells_overdue,c2_violations,c3_alarms,c3_missed,avg_soc,min_soc,orphan_overdue,orphan_coverage_%,bridge_inserts
1.0,1,9,0,1,0,1,0.0,0.0,144,0,0,0,100.0,99.9,0,0.0,0
2.0,1,9,0,1,0,1,0.0,0.0,144,0,0,0,100.0,99.9,0,0.0,0
3.0,1,9,0,1,0,1,0.0,0.0,144,0,0,0,100.0,99.8,0,0.0,0
4.0,1,9,0,1,0,1,0.0,0.0,144,0,0,0,100.0,99.8,0,0.0,0
5.0,2,8,0,1,0,2,0.0,0.0,144,0,0,0,100.0,99.7,0,0.0,0
6.0,2,8,0,1,0,2,0.0,0.0,144,0,0,0,100.0,99.7,0,0.0,0
7.0,2,8,0,1,0,2,0.0,0.0,144,0,0,0,100.0,99.6,0,0.0,0
8.0,2,8,0,1,0,2,0.0,0.0,144,0,0,0,99.9,99.6,0,0.0,0
9.0,2,8,0,1,0,2,0.0,0.0,144,0,0,0,99.9,99.5,0,0.0,0
10.0,3,7,0,1,0,3,0.0,0.0,144,0,0,0,99.9,99.5,0,0.0,0
11.0,3,7,0,1,0,3,0.0,0.0,144,0,0,0,99.9,99.4,0,0.0,0
12.0,3,7,0,1,0,3,0.0,0.0,144,0,0,0,99.9,99.4,0,0.0,0
13.0,3,7,0,1,0,3,0.0,0.0,144,0,0,0,99.9,99.3,0,0.0,0
14.0,3,7,0,1,0,3,0.0,0.0,144,0,0,0,99.9,99.3,0,0.0,0
15.0,4,6,0,1,0,4,0.0,0.0,144,0,0,0,99.8,99.2,0,0.0,0
16.0,4,6,0,1,0,4,0.0,0.0,144,0,0,0,99.8,99.2,0,0.0,0
17.0,4,6,0,1,0,4,0.0,0.0,144,0,0,0,99.8,99.1,0,0.0,0
18.0,4,6,0,1,0,4,0.0,0.0,144,0,0,0,99.8,99.0,0,0.0,0
19.0,4,6,0,1,0,4,0.0,0.0,144,0,0,0,99.8,99.0,0,0.0,0
20.0,4,6,0,1,0,4,0.0,0.0,144,0,0,0,99.7,98.9,0,0.0,0
21.0,4,6,0,1,0,4,0.0,0.0,144,0,0,0,99.7,98.9,0,0.0,0
22.0,4,6,0,1,0,4,0.0,0.0,144,0,0,0,99.7,98.8,0,0.0,0
23.0,4,6,0,1,0,4,0.0,0.0,144,0,0,0,99.7,98.8,0,0.0,0
24.0,4,6,0,1,0,4,0.0,0.0,144,0,0,0,99.7,98.7,0,0.0,0
25.0,4,6,0,1,0,4,0.0,0.0,144,0,0,0,99.6,98.7,0,0.0,0
26.0,4,6,0,1,0,4,0.0,0.0,144,0,0,0,99.6,98.6,0,0.0,0
27.0,4,6,0,1,0,4,0.0,0.0,144,0,0,0,99.6,98.6,0,0.0,0
28.0,4,6,0,1,0,4,0.0,0.0,144,0,0,0,99.6,98.5,0,0.0,0
29.0,4,6,0,1,0,4,0.0,0.0,144,0,0,0,99.6,98.5,0,0.0,0
30.0,4,6,0,1,0,4,0.0,0.0,144,0,0,0,99.6,98.4,0,0.0,0
31.0,4,6,0,1,0,4,0.0,0.0,144,0,0,0,99.5,98.4,0,0.0,0
32.0,4,6,0,1,0,4,0.0,0.0,144,0,0,0,99.5,98.3,0,0.0,0
33.0,4,6,0,1,0,4,0.0,0.0,144,0,0,0,99.5,98.3,0,0.0,0
34.0,4,6,0,1,0,4,0.0,0.0,144,0,0,0,99.5,98.2,0,0.0,0
35.0,4,6,0,1,0,4,0.0,0.0,144,0,0,0,99.5,98.1,0,0.0,0
36.0,4,6,0,1,0,4,0.0,0.0,144,0,0,0,99.4,98.1,0,0.0,0
37.0,4,6,0,1,0,4,0.0,0.0,144,0,0,0,99.4,98.0,0,0.0,0
38.0,4,6,0,1,0,4,0.0,0.0,144,0,0,0,99.4,98.0,0,0.0,0
39.0,4,6,0,1,0,4,0.0,0.0,144,0,0,0,99.4,97.9,0,0.0,0
40.0,4,6,0,1,0,4,0.0,0.0,144,0,0,0,99.4,97.9,0,0.0,0
41.0,4,6,0,1,0,4,0.0,0.0,144,0,0,0,99.3,97.8,0,0.0,0
42.0,4,6,0,1,0,4,0.0,0.0,144,0,0,0,99.3,97.8,0,0.0,0
43.0,4,6,0,1,0,4,0.0,0.0,144,0,0,0,99.3,97.7,0,0.0,0
44.0,4,6,0,1,0,4,0.0,0.0,144,0,0,0,99.3,97.7,0,0.0,0
45.0,4,6,0,1,0,4,0.0,0.0,144,0,0,0,99.3,97.6,0,0.0,0
46.0,4,6,0,1,0,4,0.0,0.0,144,0,0,0,99.2,97.6,0,0.0,0
47.0,4,6,0,1,0,4,0.0,0.0,144,0,0,0,99.2,97.5,0,0.0,0
48.0,4,6,0,1,0,4,0.0,0.0,144,0,0,0,99.2,97.5,0,0.0,0
49.0,4,6,0,1,0,4,0.0,0.0,144,0,0,0,99.2,97.4,0,0.0,0
50.0,4,6,0,1,0,4,0.0,0.0,144,0,0,0,99.2,97.4,0,0.0,0
51.0,4,6,0,1,0,4,0.0,0.0,144,0,0,0,99.1,97.3,0,0.0,0
52.0,4,6,0,1,0,4,0.0,0.0,144,0,0,0,99.1,97.2,0,0.0,0
53.0,4,6,0,1,0,4,0.0,0.0,144,0,0,0,99.1,97.2,0,0.0,0
54.0,4,6,0,1,0,4,0.0,0.0,144,0,0,0,99.1,97.1,0,0.0,0
55.0,4,6,0,1,0,4,0.0,0.0,144,0,0,0,99.1,97.1,0,0.0,0
56.0,4,6,0,1,0,4,0.0,0.0,144,0,0,0,99.1,97.0,0,0.0,0
57.0,4,6,0,1,0,4,0.0,0.0,144,0,0,0,99.0,97.0,0,0.0,0
58.0,4,6,0,1,0,4,0.0,0.0,144,0,0,0,99.0,96.9,0,0.0,0
59.0,4,6,0,1,0,4,0.0,0.0,144,0,0,0,99.0,96.9,0,0.0,0
60.0,4,6,0,1,0,4,0.0,0.0,144,0,0,0,99.0,96.8,0,0.0,0
61.0,4,6,0,1,0,4,0.0,0.0,144,0,0,0,99.0,96.8,0,0.0,0
62.0,4,6,0,1,0,4,0.0,0.0,144,0,0,0,98.9,96.7,0,0.0,0
63.0,4,6,0,1,0,4,0.0,0.0,144,0,0,0,98.9,96.7,0,0.0,0
64.0,4,6,0,1,0,4,0.0,0.0,144,0,0,0,98.9,96.6,0,0.0,0
65.0,4,6,0,1,0,4,0.0,0.0,144,0,0,0,98.9,96.6,0,0.0,0
66.0,4,6,0,1,0,4,0.0,0.0,144,0,0,0,98.9,96.5,0,0.0,0
67.0,4,6,0,1,0,4,0.0,0.0,144,0,0,0,98.8,96.5,0,0.0,0
68.0,4,6,0,1,0,4,0.0,0.0,144,0,0,0,98.8,96.4,0,0.0,0
69.0,4,6,0,1,0,4,0.0,0.0,144,0,0,0,98.8,96.3,0,0.0,0
70.0,4,6,0,1,0,4,0.0,0.0,144,0,0,0,98.8,96.3,0,0.0,0
71.0,4,6,0,1,0,4,0.0,0.0,144,0,0,0,98.8,96.2,0,0.0,0
72.0,4,6,0,1,0,4,0.0,0.0,144,0,0,0,98.7,96.2,0,0.0,0
73.0,4,6,0,1,0,4,0.0,0.0,144,0,0,0,98.7,96.1,0,0.0,0
74.0,4,6,0,1,0,4,0.0,0.0,144,0,0,0,98.7,96.1,0,0.0,0
75.0,4,6,0,1,0,4,0.0,0.0,144,0,0,0,98.7,96.0,0,0.0,0
76.0,4,6,0,1,0,4,0.0,0.0,144,0,0,0,98.7,96.0,0,0.0,0
77.0,4,6,0,1,0,4,0.0,0.0,144,0,0,0,98.6,95.9,0,0.0,0
78.0,4,6,0,1,0,4,0.0,0.0,144,0,0,0,98.6,95.9,0,0.0,0
79.0,4,6,0,1,0,4,0.0,0.0,144,0,0,0,98.6,95.8,0,0.0,0
80.0,4,6,0,1,0,4,0.0,0.0,144,0,0,0,98.6,95.8,0,0.0,0
81.0,4,6,0,1,0,4,0.0,0.0,144,0,0,0,98.6,95.7,0,0.0,0
82.0,4,6,0,1,0,4,0.0,0.0,144,0,0,0,98.6,95.7,0,0.0,0
83.0,4,6,0,1,0,4,0.7,0.0,143,0,0,0,98.5,95.6,0,0.0,0
84.0,4,6,0,1,0,4,0.7,0.0,143,0,0,0,98.5,95.6,0,0.0,0
85.0,4,6,0,1,0,4,0.7,0.0,143,0,0,0,98.5,95.5,0,0.0,0
86.0,4,6,0,1,0,4,0.7,0.0,143,0,0,0,98.5,95.4,0,0.0,0
87.0,4,6,0,1,0,4,0.7,0.0,143,0,0,0,98.5,95.4,0,0.0,0
88.0,4,6,0,1,0,4,0.7,0.0,143,0,0,0,98.4,95.3,0,0.0,0
89.0,4,6,0,1,0,4,1.4,0.1,142,0,0,0,98.4,95.3,0,0.0,0
90.0,4,6,0,1,0,4,1.4,0.1,142,0,0,0,98.4,95.2,0,0.0,0
91.0,4,6,0,1,0,4,2.1,0.1,141,0,0,0,98.4,95.2,0,0.0,0
92.0,4,6,0,1,0,4,2.1,0.1,141,0,0,0,98.4,95.1,0,0.0,0
93.0,4,6,0,1,0,4,2.8,0.1,140,0,0,0,98.3,95.1,0,0.0,0
94.0,4,6,0,1,0,4,2.8,0.2,140,0,0,0,98.3,95.0,0,0.0,0
95.0,4,6,0,1,0,4,2.8,0.2,140,0,0,0,98.3,95.0,0,0.0,0
96.0,4,6,0,1,0,4,3.5,0.2,139,0,0,0,98.3,94.9,0,0.0,0
97.0,4,6,0,1,0,4,3.5,0.3,139,0,0,0,98.3,94.9,0,0.0,0
98.0,4,6,0,1,0,4,3.5,0.3,139,0,0,0,98.2,94.8,0,0.0,0
99.0,4,6,0,1,0,4,3.5,0.3,139,0,0,0,98.2,94.8,0,0.0,0
100.0,4,6,0,1,0,4,4.2,0.4,138,0,0,0,98.2,94.7,0,0.0,0
101.0,4,6,0,1,0,4,4.2,0.4,138,0,0,0,98.2,94.7,0,0.0,0
102.0,4,6,0,1,0,4,4.2,0.4,138,0,0,0,98.2,94.6,0,0.0,0
103.0,4,6,0,1,0,4,5.6,0.5,136,0,0,0,98.2,94.6,0,0.0,0
104.0,4,6,0,1,0,4,5.6,0.5,136,0,0,0,98.1,94.5,0,0.0,0
105.0,4,6,0,1,0,4,5.6,0.6,136,0,0,0,98.1,94.5,0,0.0,0
106.0,4,6,0,1,0,4,5.6,0.6,136,0,0,0,98.1,94.4,0,0.0,0
107.0,4,6,0,1,0,4,6.2,0.7,135,0,0,0,98.1,94.3,0,0.0,0
108.0,4,6,0,1,0,4,6.2,0.7,135,0,0,0,98.1,94.3,0,0.0,0
109.0,4,6,0,1,0,4,6.9,0.8,134,0,0,0,98.0,94.2,0,0.0,0
110.0,4,6,0,1,0,4,6.9,0.9,134,0,0,0,98.0,94.2,0,0.0,0
111.0,4,6,0,1,0,4,6.9,0.9,134,0,0,0,98.0,94.1,0,0.0,0
112.0,4,6,0,1,0,4,6.9,1.0,134,0,0,0,98.0,94.1,0,0.0,0
113.0,4,6,0,1,0,4,6.9,1.0,134,0,0,0,98.0,94.0,0,0.0,0
114.0,4,6,0,1,0,4,7.6,1.1,133,0,0,0,97.9,94.0,0,0.0,0
115.0,4,6,0,1,0,4,7.6,1.1,133,0,0,0,97.9,93.9,0,0.0,0
116.0,4,6,0,1,0,4,8.3,1.2,132,0,0,0,97.9,93.9,0,0.0,0
117.0,4,6,0,1,0,4,8.3,1.3,132,0,0,0,97.9,93.8,0,0.0,0
118.0,4,6,0,1,0,4,8.3,1.3,132,0,0,0,97.9,93.8,0,0.0,0
119.0,4,6,0,1,0,4,8.3,1.4,132,0,0,0,97.8,93.7,0,0.0,0
120.0,4,6,0,1,0,4,9.0,1.4,131,0,0,0,97.8,93.7,0,0.0,0
121.0,4,6,0,1,0,4,9.0,1.5,131,0,0,0,97.8,93.6,0,0.0,0
122.0,4,6,0,1,0,4,9.0,1.6,131,0,0,0,97.8,93.6,0,0.0,0
123.0,4,6,0,1,0,4,9.7,1.6,130,0,0,0,97.8,93.5,0,0.0,0
124.0,4,6,0,1,0,4,9.7,1.7,130,0,0,0,97.8,93.5,0,0.0,0
125.0,4,6,0,1,0,4,9.7,1.8,130,0,0,0,97.7,93.4,0,0.0,0
126.0,4,6,0,1,0,4,9.7,1.8,130,0,0,0,97.7,93.4,0,0.0,0
127.0,4,6,0,1,0,4,10.4,1.9,129,0,0,0,97.7,93.3,0,0.0,0
128.0,4,6,0,1,0,4,10.4,2.0,129,0,0,0,97.7,93.3,0,0.0,0
129.0,4,6,0,1,0,4,10.4,2.0,129,0,0,0,97.7,93.2,0,0.0,0
130.0,4,6,0,1,0,4,11.1,2.1,128,0,0,0,97.6,93.1,0,0.0,0
131.0,4,6,0,1,0,4,11.1,2.2,128,0,0,0,97.6,93.1,0,0.0,0
132.0,4,6,0,1,0,4,11.1,2.2,128,0,0,0,97.6,93.0,0,0.0,0
133.0,4,6,0,1,0,4,11.1,2.3,128,0,0,0,97.6,93.0,0,0.0,0
134.0,4,6,0,1,0,4,11.8,2.4,127,0,0,0,97.6,92.9,0,0.0,0
135.0,4,6,0,1,0,4,11.8,2.4,127,0,0,0,97.5,92.9,0,0.0,0
136.0,4,6,0,1,0,4,12.5,2.5,126,0,0,0,97.5,92.8,0,0.0,0
137.0,4,6,0,1,0,4,12.5,2.6,126,0,0,0,97.5,92.8,0,0.0,0
138.0,4,6,0,1,0,4,12.5,2.7,126,0,0,0,97.5,92.7,0,0.0,0
139.0,4,6,0,1,0,4,12.5,2.7,126,0,0,0,97.5,92.7,0,0.0,0
140.0,4,6,0,1,0,4,12.5,2.8,126,0,0,0,97.5,92.6,0,0.0,0
141.0,4,6,0,1,0,4,13.2,2.9,125,0,0,0,97.4,92.6,0,0.0,0
142.0,4,6,0,1,0,4,13.2,2.9,125,0,0,0,97.4,92.5,0,0.0,0
143.0,4,6,0,1,0,4,13.9,3.0,124,0,0,0,97.4,92.5,0,0.0,0
144.0,4,6,0,1,0,4,13.9,3.1,124,0,0,0,97.4,92.4,0,0.0,0
145.0,4,6,0,1,0,4,13.9,3.2,124,0,0,0,97.4,92.4,0,0.0,0
146.0,4,6,0,1,0,4,13.9,3.2,124,0,0,0,97.3,92.3,0,0.0,0
147.0,4,6,0,1,0,4,14.6,3.3,123,0,0,0,97.3,92.2,0,0.0,0
148.0,4,6,0,1,0,4,14.6,3.4,123,0,0,0,97.3,92.2,0,0.0,0
149.0,4,6,0,1,0,4,14.6,3.5,123,0,0,0,97.3,92.2,0,0.0,0
150.0,5,5,0,1,0,5,15.3,3.6,122,0,0,0,97.3,92.1,0,0.0,0
151.0,5,5,0,1,0,5,15.3,3.6,122,0,0,0,97.2,92.1,0,0.0,0
152.0,5,5,0,1,0,5,15.3,3.7,122,0,0,0,97.2,92.0,0,0.0,0
153.0,5,5,0,1,0,5,15.3,3.8,122,0,0,0,97.2,91.9,0,0.0,0
154.0,5,5,0,1,0,5,16.0,3.9,121,0,0,0,97.2,91.9,0,0.0,0
155.0,6,4,0,1,0,6,16.0,3.9,121,0,0,0,97.1,91.8,0,0.0,0
156.0,6,4,0,1,0,6,16.0,4.0,121,0,0,0,97.1,91.8,0,0.0,0
157.0,6,4,0,1,0,6,16.7,4.1,120,0,0,0,97.1,91.7,0,0.0,0
158.0,6,4,0,1,0,6,16.7,4.2,120,0,0,0,97.0,91.7,0,0.0,0
159.0,6,4,0,1,0,6,16.7,4.3,120,0,0,0,97.0,91.6,0,0.0,0
160.0,7,3,0,1,0,7,16.7,4.3,120,0,0,0,97.0,91.6,0,0.0,0
161.0,7,3,0,1,0,7,16.7,4.4,120,0,0,0,97.0,91.5,0,0.0,0
162.0,7,3,0,1,0,7,16.7,4.5,120,0,0,0,96.9,91.5,0,0.0,0
163.0,7,3,0,1,0,7,17.4,4.6,119,0,0,0,96.9,91.4,0,0.0,0
164.0,7,3,0,1,0,7,17.4,4.6,119,0,0,0,96.9,91.4,0,0.0,0
165.0,8,2,0,1,0,8,17.4,4.7,119,0,0,0,96.8,91.3,0,0.0,0
166.0,8,2,0,1,0,8,17.4,4.8,119,0,0,0,96.8,91.3,0,0.0,0
167.0,8,2,0,1,0,8,17.4,4.9,119,0,0,0,96.7,91.2,0,0.0,0
168.0,8,2,0,1,0,8,17.4,4.9,119,0,0,0,96.7,91.2,0,0.0,0
169.0,8,2,0,1,0,8,18.1,5.0,118,0,0,0,96.7,91.1,0,0.0,0
170.0,8,2,0,1,0,8,18.8,5.1,117,0,0,0,96.6,91.0,0,0.0,0
171.0,8,2,0,1,0,8,18.8,5.2,117,0,0,0,96.6,91.0,0,0.0,0
172.0,8,2,0,1,0,8,19.4,5.3,116,0,0,0,96.5,90.9,0,0.0,0
173.0,8,2,0,1,0,8,19.4,5.3,116,0,0,0,96.5,90.9,0,0.0,0
174.0,8,2,0,1,0,8,19.4,5.4,116,0,0,0,96.5,90.8,0,0.0,0
175.0,8,2,0,1,0,8,20.1,5.5,115,0,0,0,96.4,90.8,0,0.0,0
176.0,8,2,0,1,0,8,20.1,5.6,115,0,0,0,96.4,90.7,0,0.0,0
177.0,8,2,0,1,0,8,20.1,5.7,115,0,0,0,96.4,90.7,0,0.0,0
178.0,8,2,0,1,0,8,21.5,5.8,113,0,0,0,96.3,90.6,0,0.0,0
179.0,8,2,0,1,0,8,21.5,5.9,113,0,0,0,96.3,90.6,0,0.0,0
180.0,8,2,0,1,0,8,21.5,5.9,113,0,0,0,96.2,90.5,0,0.0,0
181.0,8,2,0,1,0,8,22.2,6.0,112,0,0,0,96.2,90.5,0,0.0,0
182.0,8,2,0,1,0,8,22.2,6.1,112,0,0,0,96.2,90.4,0,0.0,0
183.0,8,2,0,1,0,8,22.2,6.2,112,0,0,0,96.1,90.4,0,0.0,0
184.0,8,2,0,1,0,8,22.9,6.3,111,0,0,0,96.1,90.3,0,0.0,0
185.0,8,2,0,1,0,8,22.9,6.4,111,0,0,0,96.0,90.3,0,0.0,0
186.0,8,2,0,1,0,8,22.9,6.5,111,0,0,0,96.0,90.2,0,0.0,0
187.0,8,2,0,1,0,8,23.6,6.6,110,0,0,0,96.0,90.1,0,0.0,0
188.0,8,2,0,1,0,8,23.6,6.7,110,0,0,0,95.9,90.1,0,0.0,0
189.0,8,2,0,1,0,8,23.6,6.7,110,0,0,0,95.9,90.0,0,0.0,0
190.0,8,2,0,1,0,8,24.3,6.8,109,0,0,0,95.9,90.0,0,0.0,0
191.0,8,2,0,1,0,8,25.0,6.9,108,0,0,0,95.8,89.9,0,0.0,0
192.0,8,2,0,1,0,8,25.0,7.0,108,0,0,0,95.8,89.9,0,0.0,0
193.0,8,2,0,1,0,8,25.7,7.1,107,0,0,0,95.7,89.8,0,0.0,0
194.0,8,2,0,1,0,8,25.7,7.2,107,0,0,0,95.7,89.8,0,0.0,0
195.0,8,2,0,1,0,8,25.7,7.3,107,0,0,0,95.7,89.7,0,0.0,0
196.0,8,2,0,1,0,8,25.7,7.4,107,0,0,0,95.6,89.7,0,0.0,0
197.0,8,2,0,1,0,8,26.4,7.5,106,0,0,0,95.6,89.6,0,0.0,0
198.0,8,2,0,1,0,8,26.4,7.6,106,0,0,0,95.5,89.6,0,0.0,0
199.0,8,2,0,1,0,8,26.4,7.7,106,0,0,0,95.5,89.5,0,0.0,0
200.0,8,2,0,1,0,8,26.4,7.8,106,0,0,0,95.5,89.5,0,0.0,0
201.0,8,2,0,1,0,8,26.4,7.9,106,0,0,0,95.4,89.4,0,0.0,0
202.0,8,2,0,1,0,8,27.1,8.0,105,0,0,0,95.4,89.4,0,0.0,0
203.0,8,2,0,1,0,8,27.1,8.1,105,0,0,0,95.4,89.3,0,0.0,0
204.0,8,2,0,1,0,8,27.8,8.2,104,0,0,0,95.3,89.3,0,0.0,0
205.0,8,2,0,1,0,8,27.8,8.3,104,0,0,0,95.3,89.2,0,0.0,0
206.0,8,2,0,1,0,8,28.5,8.4,103,0,0,0,95.2,89.1,0,0.0,0
207.0,8,2,0,1,0,8,28.5,8.5,103,0,0,0,95.2,89.1,0,0.0,0
208.0,8,2,0,1,0,8,28.5,8.6,103,0,0,0,95.2,89.0,0,0.0,0
209.0,8,2,0,1,0,8,28.5,8.7,103,0,0,0,95.1,89.0,0,0.0,0
210.0,8,2,0,1,0,8,29.9,8.8,101,0,0,0,95.1,88.9,0,0.0,0
211.0,8,2,0,1,0,8,30.6,8.9,100,0,0,0,95.0,88.9,0,0.0,0
212.0,8,2,0,1,0,8,30.6,9.0,100,0,0,0,95.0,88.8,0,0.0,0
213.0,8,2,0,1,0,8,30.6,9.1,100,0,0,0,95.0,88.8,0,0.0,0
214.0,8,2,0,1,0,8,31.2,9.2,99,0,0,0,94.9,88.7,0,0.0,0
215.0,8,2,0,1,0,8,31.9,9.3,98,0,0,0,94.9,88.7,0,0.0,0
216.0,8,2,0,1,0,8,31.9,9.4,98,0,0,0,94.9,88.6,0,0.0,0
217.0,8,2,0,1,0,8,32.6,9.5,97,0,0,0,94.8,88.6,0,0.0,0
218.0,8,2,0,1,0,8,32.6,9.6,97,0,0,0,94.8,88.5,0,0.0,0
219.0,8,2,0,1,0,8,32.6,9.7,97,0,0,0,94.7,88.5,0,0.0,0
220.0,8,2,0,1,0,8,32.6,9.8,97,0,0,0,94.7,88.4,0,0.0,0
221.0,8,2,0,1,0,8,32.6,9.9,97,0,0,0,94.7,88.4,0,0.0,0
222.0,8,2,0,1,0,8,32.6,10.0,97,0,0,0,94.6,88.3,0,0.0,0
223.0,8,2,0,1,0,8,32.6,10.1,97,0,0,0,94.6,88.3,0,0.0,0
224.0,8,2,0,1,0,8,34.0,10.2,95,0,0,0,94.5,88.2,0,0.0,0
225.0,8,2,0,1,0,8,34.7,10.3,94,0,0,0,94.5,88.2,0,0.0,0
226.0,8,2,0,1,0,8,34.0,10.4,95,0,0,0,94.5,88.1,0,0.0,0
227.0,8,2,0,1,0,8,34.0,10.5,95,0,0,0,94.4,88.1,0,0.0,0
228.0,8,2,0,1,0,8,33.3,10.6,96,0,0,0,94.4,88.0,0,0.0,0
229.0,8,2,0,1,0,8,33.3,10.7,96,0,0,0,94.4,87.9,0,0.0,0
230.0,8,2,0,1,0,8,33.3,10.8,96,0,0,0,94.3,87.9,0,0.0,0
231.0,8,2,0,1,0,8,34.7,10.9,94,0,0,0,94.3,87.8,0,0.0,0
232.0,8,2,0,1,0,8,34.7,11.0,94,0,0,0,94.2,87.8,0,0.0,0
233.0,8,2,0,1,0,8,34.7,11.1,94,0,0,0,94.2,87.7,0,0.0,0
234.0,8,2,0,1,0,8,34.7,11.2,94,0,0,0,94.2,87.7,0,0.0,0
235.0,8,2,0,1,0,8,34.7,11.3,94,0,0,0,94.1,87.6,0,0.0,0
236.0,8,2,0,1,0,8,34.7,11.4,94,0,0,0,94.1,87.6,0,0.0,0
237.0,8,2,0,1,0,8,35.4,11.5,93,0,0,0,94.1,87.5,0,0.0,0
238.0,8,2,0,1,0,8,36.1,11.6,92,0,0,0,94.0,87.5,0,0.0,0
239.0,8,2,0,1,0,8,36.1,11.7,92,0,0,0,94.0,87.4,0,0.0,0
240.0,8,2,0,1,0,8,35.4,11.8,93,0,0,0,93.9,87.4,0,0.0,0
241.0,8,2,0,1,0,8,35.4,12.0,93,0,0,0,93.9,87.3,0,0.0,0
242.0,8,2,0,1,0,8,35.4,12.1,93,0,0,0,93.9,87.3,0,0.0,0
243.0,8,2,0,1,0,8,35.4,12.3,93,0,0,0,93.8,87.2,0,0.0,0
244.0,8,2,0,1,0,8,36.8,12.4,91,0,0,0,93.8,87.2,0,0.0,0
245.0,8,2,0,1,0,8,38.2,12.6,89,0,0,0,93.8,87.1,0,0.0,0
246.0,8,2,0,1,0,8,38.2,12.8,89,0,0,0,93.7,87.0,0,0.0,0
247.0,8,2,0,1,0,8,37.5,12.9,90,0,0,0,93.7,87.0,0,0.0,0
248.0,8,2,0,1,0,8,38.2,13.1,89,0,0,0,93.6,86.9,0,0.0,0
249.0,8,2,0,1,0,8,38.2,13.2,89,0,0,0,93.6,86.9,0,0.0,0
250.0,8,2,0,1,0,8,38.9,13.4,88,0,0,0,93.6,86.9,0,0.0,0
251.0,8,2,0,1,0,8,40.3,13.6,86,0,0,0,93.5,86.8,0,0.0,0
252.0,8,2,0,1,0,8,40.3,13.7,86,0,0,0,93.5,86.7,0,0.0,0
253.0,8,2,0,1,0,8,40.3,13.9,86,0,0,0,93.5,86.7,0,0.0,0
254.0,8,2,0,1,0,8,40.3,14.1,86,0,0,0,93.4,86.6,0,0.0,0
255.0,8,2,0,1,0,8,40.3,14.2,86,0,0,0,93.4,86.6,0,0.0,0
256.0,8,2,0,1,0,8,41.7,14.4,84,0,0,0,93.3,86.5,0,0.0,0
257.0,8,2,0,1,0,8,41.7,14.6,84,0,0,0,93.3,86.5,0,0.0,0
258.0,8,2,0,1,0,8,43.1,14.8,82,0,0,0,93.3,86.4,0,0.0,0
259.0,8,2,0,1,0,8,43.8,14.9,81,0,0,0,93.2,86.4,0,0.0,0
260.0,8,2,0,1,0,8,43.8,15.1,81,0,0,0,93.2,86.3,0,0.0,0
261.0,8,2,0,1,0,8,43.1,15.3,82,0,0,0,93.2,86.3,0,0.0,0
262.0,8,2,0,1,0,8,43.8,15.5,81,0,0,0,93.1,86.2,0,0.0,0
263.0,8,2,0,1,0,8,43.8,15.7,81,0,0,0,93.1,86.2,0,0.0,0
264.0,8,2,0,1,0,8,45.1,15.9,79,0,0,0,93.0,86.1,0,0.0,0
265.0,8,2,0,1,0,8,47.2,16.1,76,0,0,0,93.0,86.1,0,0.0,0
266.0,8,2,0,1,0,8,47.9,16.2,75,0,0,0,93.0,86.0,0,0.0,0
267.0,8,2,0,1,0,8,47.2,16.4,76,0,0,0,92.9,86.0,0,0.0,0
268.0,8,2,0,1,0,8,47.2,16.6,76,0,0,0,92.9,85.9,0,0.0,0
269.0,8,2,0,1,0,8,47.2,16.8,76,0,0,0,92.9,85.9,0,0.0,0
270.0,8,2,0,1,0,8,47.2,17.0,76,0,0,0,92.8,85.8,0,0.0,0
271.0,8,2,0,1,0,8,47.9,17.2,75,0,0,0,92.8,85.8,0,0.0,0
272.0,8,2,0,1,0,8,47.9,17.4,75,0,0,0,92.7,85.7,0,0.0,0
273.0,8,2,0,1,0,8,48.6,17.6,74,0,0,0,92.7,85.7,0,0.0,0
274.0,8,2,0,1,0,8,48.6,17.8,74,0,0,0,92.7,85.6,0,0.0,0
275.0,8,2,0,1,0,8,50.0,18.0,72,0,0,0,92.6,85.5,0,0.0,0
276.0,8,2,0,1,0,8,50.7,18.3,71,0,0,0,92.6,85.5,0,0.0,0
277.0,8,2,0,1,0,8,50.7,18.5,71,0,0,0,92.6,85.4,0,0.0,0
278.0,8,2,0,1,0,8,50.7,18.7,71,0,0,0,92.5,85.4,0,0.0,0
279.0,8,2,0,1,0,8,52.1,18.9,69,0,0,0,92.5,85.3,0,0.0,0
280.0,8,2,0,1,0,8,52.8,19.1,68,0,0,0,92.4,85.3,0,0.0,0
281.0,8,2,0,1,0,8,52.1,19.3,69,0,0,0,92.4,85.2,0,0.0,0
282.0,8,2,0,1,0,8,52.1,19.6,69,0,0,0,92.4,85.2,0,0.0,0
283.0,8,2,0,1,0,8,52.1,19.8,69,0,0,0,92.3,85.1,0,0.0,0
284.0,8,2,0,1,0,8,52.1,20.0,69,0,0,0,92.3,85.1,0,0.0,0
285.0,8,2,0,1,0,8,52.1,20.2,69,0,0,0,92.3,85.0,0,0.0,0
286.0,8,2,0,1,0,8,54.2,20.4,66,0,0,0,92.2,85.0,0,0.0,0
287.0,8,2,0,1,0,8,54.2,20.7,66,0,0,0,92.2,84.9,0,0.0,0
288.0,8,2,0,1,0,8,52.8,20.9,68,0,0,0,92.1,84.9,0,0.0,0
289.0,8,2,0,1,0,8,53.5,21.1,67,0,0,0,92.1,84.8,0,0.0,0
290.0,8,2,0,1,0,8,53.5,21.3,67,0,0,0,92.1,84.8,0,0.0,0
291.0,8,2,0,1,0,8,52.8,21.5,68,0,0,0,92.0,84.7,0,0.0,0
292.0,8,2,0,1,0,8,52.8,21.8,68,0,0,0,92.0,84.7,0,0.0,0
293.0,8,2,0,1,0,8,53.5,22.0,67,0,0,0,92.0,84.6,0,0.0,0
294.0,8,2,0,1,0,8,52.8,22.2,68,0,0,0,91.9,84.5,0,0.0,0
295.0,8,2,0,1,0,8,53.5,22.4,67,0,0,0,91.9,84.5,0,0.0,0
296.0,8,2,0,1,0,8,54.9,22.7,65,0,0,0,91.9,84.4,0,0.0,0
297.0,8,2,0,1,0,8,54.2,22.9,66,0,0,0,91.8,84.4,0,0.0,0
298.0,8,2,0,1,0,8,54.2,23.1,66,0,0,0,91.8,84.3,0,0.0,0
299.0,8,2,0,1,0,8,54.9,23.3,65,0,0,0,91.7,84.3,0,0.0,0
300.0,8,2,0,1,0,8,54.2,23.6,66,0,0,0,91.7,84.2,0,0.0,0
301.0,8,2,0,1,0,8,54.2,23.8,66,0,0,0,91.7,84.2,0,0.0,0
302.0,8,2,0,1,0,8,54.2,24.0,66,0,0,0,91.6,84.1,0,0.0,0
303.0,8,2,0,1,0,8,53.5,24.2,67,0,0,0,91.6,84.1,0,0.0,0
304.0,8,2,0,1,0,8,53.5,24.5,67,0,0,0,91.6,84.0,0,0.0,0
305.0,8,2,0,1,0,8,54.2,24.7,66,0,0,0,91.5,84.0,0,0.0,0
306.0,8,2,0,1,0,8,55.6,24.9,64,0,0,0,91.5,83.9,0,0.0,0
307.0,8,2,0,1,0,8,54.9,25.1,65,0,0,0,91.4,83.9,0,0.0,0
308.0,8,2,0,1,0,8,54.9,25.4,65,0,0,0,91.4,83.8,0,0.0,0
309.0,8,2,0,1,0,8,54.9,25.6,65,0,0,0,91.4,83.8,0,0.0,0
310.0,8,2,0,1,0,8,54.9,25.8,65,0,0,0,91.3,83.7,0,0.0,0
311.0,8,2,0,1,0,8,54.9,26.1,65,0,0,0,91.3,83.7,0,0.0,0
312.0,8,2,0,1,0,8,54.9,26.3,65,0,0,0,91.3,83.6,0,0.0,0
313.0,8,2,0,1,0,8,54.2,26.5,66,0,0,0,91.2,83.6,0,0.0,0
314.0,8,2,0,1,0,8,53.5,26.7,67,0,0,0,91.2,83.5,0,0.0,0
315.0,8,2,0,1,0,8,54.2,27.0,66,0,0,0,91.1,83.5,0,0.0,0
316.0,8,2,0,1,0,8,55.6,27.2,64,0,0,0,91.1,83.4,0,0.0,0
317.0,8,2,0,1,0,8,55.6,27.4,64,0,0,0,91.1,83.3,0,0.0,0
318.0,8,2,0,1,0,8,54.2,27.7,66,0,0,0,91.0,83.3,0,0.0,0
319.0,8,2,0,1,0,8,54.9,27.9,65,0,0,0,91.0,83.2,0,0.0,0
320.0,8,2,0,1,0,8,55.6,28.1,64,0,0,0,90.9,83.2,0,0.0,0
321.0,8,2,0,1,0,8,54.9,28.3,65,0,0,0,90.9,83.1,0,0.0,0
322.0,8,2,0,1,0,8,54.9,28.6,65,0,0,0,90.9,83.1,0,0.0,0
323.0,8,2,0,1,0,8,56.2,28.8,63,0,0,0,90.8,83.0,0,0.0,0
324.0,8,2,0,1,0,8,56.2,29.0,63,0,0,0,90.8,83.0,0,0.0,0
325.0,8,2,0,1,0,8,56.2,29.3,63,0,0,0,90.8,82.9,0,0.0,0
326.0,8,2,0,1,0,8,57.6,29.5,61,0,0,0,90.7,82.9,0,0.0,0
327.0,8,2,0,1,0,8,58.3,29.7,60,0,0,0,90.7,82.8,0,0.0,0
328.0,8,2,0,1,0,8,58.3,30.0,60,0,0,0,90.6,82.8,0,0.0,0
329.0,8,2,0,1,0,8,58.3,30.2,60,0,0,0,90.6,82.7,0,0.0,0
330.0,8,2,0,1,0,8,58.3,30.5,60,0,0,0,90.6,82.7,0,0.0,0
331.0,8,2,0,1,0,8,59.0,30.7,59,0,0,0,90.5,82.6,0,0.0,0
332.0,8,2,0,1,0,8,58.3,30.9,60,0,0,0,90.5,82.6,0,0.0,0
333.0,8,2,0,1,0,8,58.3,31.2,60,0,0,0,90.5,82.5,0,0.0,0
334.0,8,2,0,1,0,8,59.0,31.4,59,0,0,0,90.4,82.4,0,0.0,0
335.0,8,2,0,1,0,8,59.0,31.6,59,0,0,0,90.4,82.4,0,0.0,0
336.0,8,2,0,1,0,8,59.7,31.9,58,0,0,0,90.3,82.3,0,0.0,0
337.0,8,2,0,1,0,8,59.7,32.1,58,0,0,0,90.3,82.3,0,0.0,0
338.0,8,2,0,1,0,8,60.4,32.3,57,0,0,0,90.3,82.3,0,0.0,0
339.0,8,2,0,1,0,8,60.4,32.6,57,0,0,0,90.2,82.2,0,0.0,0
340.0,8,2,0,1,0,8,61.8,32.8,55,0,0,0,90.2,82.1,0,0.0,0
341.0,8,2,0,1,0,8,61.1,33.0,56,0,0,0,90.2,82.1,0,0.0,0
342.0,8,2,0,1,0,8,60.4,33.3,57,0,0,0,90.1,82.0,0,0.0,0
343.0,8,2,0,1,0,8,59.7,33.5,58,0,0,0,90.1,82.0,0,0.0,0
344.0,8,2,0,1,0,8,59.7,33.7,58,0,0,0,90.0,81.9,0,0.0,0
345.0,8,2,0,1,0,8,60.4,34.0,57,0,0,0,90.0,81.9,0,0.0,0
346.0,8,2,0,1,0,8,60.4,34.2,57,0,0,0,90.0,81.8,0,0.0,0
347.0,8,2,0,1,0,8,61.8,34.4,55,0,0,0,89.9,81.8,0,0.0,0
348.0,8,2,0,1,0,8,61.1,34.6,56,0,0,0,89.9,81.7,0,0.0,0
349.0,8,2,0,1,0,8,61.1,34.9,56,0,0,0,89.9,81.7,0,0.0,0
350.0,8,2,0,1,0,8,61.1,35.1,56,0,0,0,89.8,81.6,0,0.0,0
351.0,8,2,0,1,0,8,61.8,35.3,55,0,0,0,89.8,81.6,0,0.0,0
352.0,8,2,0,1,0,8,61.1,35.6,56,0,0,0,89.7,81.6,0,0.0,0
353.0,8,2,0,1,0,8,61.1,35.8,56,0,0,0,89.7,81.5,0,0.0,0
354.0,8,2,0,1,0,8,61.8,36.0,55,0,0,0,89.7,81.5,0,0.0,0
355.0,8,2,0,1,0,8,61.1,36.2,56,0,0,0,89.6,81.4,0,0.0,0
356.0,8,2,0,1,0,8,61.1,36.4,56,0,0,0,89.6,81.4,0,0.0,0
357.0,8,2,0,1,0,8,61.8,36.7,55,0,0,0,89.6,81.3,0,0.0,0
358.0,8,2,0,1,0,8,61.8,36.9,55,0,0,0,89.5,81.2,0,0.0,0
359.0,8,2,0,1,0,8,61.8,37.1,55,0,0,0,89.5,81.2,0,0.0,0
360.0,8,2,0,1,0,8,61.8,37.3,55,0,0,0,89.4,81.1,0,0.0,0
361.0,8,2,0,1,0,8,62.5,37.6,54,0,0,0,89.4,81.1,0,0.0,0
362.0,8,2,0,1,0,8,62.5,37.8,54,0,0,0,89.4,81.0,0,0.0,0
363.0,8,2,0,1,0,8,61.8,38.0,55,0,0,0,89.3,81.0,0,0.0,0
364.0,8,2,0,1,0,8,61.8,38.2,55,0,0,0,89.3,80.9,0,0.0,0
365.0,8,2,0,1,0,8,61.8,38.4,55,0,0,0,89.3,80.9,0,0.0,0
366.0,8,2,0,1,0,8,61.1,38.6,56,0,0,0,89.2,80.8,0,0.0,0
367.0,8,2,0,1,0,8,62.5,38.9,54,0,0,0,89.2,80.8,0,0.0,0
368.0,8,2,0,1,0,8,62.5,39.1,54,0,0,0,89.2,80.7,0,0.0,0
369.0,8,2,0,1,0,8,63.2,39.3,53,0,0,0,89.1,80.7,0,0.0,0
370.0,8,2,0,1,0,8,63.2,39.5,53,0,0,0,89.1,80.6,0,0.0,0
371.0,8,2,0,1,0,8,63.2,39.7,53,0,0,0,89.0,80.6,0,0.0,0
372.0,8,2,0,1,0,8,62.5,40.0,54,0,0,0,89.0,80.5,0,0.0,0
373.0,8,2,0,1,0,8,62.5,40.2,54,0,0,0,89.0,80.5,0,0.0,0
374.0,8,2,0,1,0,8,63.2,40.4,53,0,0,0,88.9,80.4,0,0.0,0
375.0,8,2,0,1,0,8,62.5,40.6,54,0,0,0,88.9,80.4,0,0.0,0
376.0,8,2,0,1,0,8,62.5,40.8,54,0,0,0,88.9,80.3,0,0.0,0
377.0,8,2,0,1,0,8,63.2,41.0,53,0,0,0,88.8,80.2,0,0.0,0
378.0,8,2,0,1,0,8,61.8,41.2,55,0,0,0,88.8,80.2,0,0.0,0
379.0,8,2,0,1,0,8,62.5,41.4,54,0,0,0,88.7,80.1,0,0.0,0
380.0,8,2,0,1,0,8,61.1,41.6,56,0,0,0,88.7,80.1,0,0.0,0
381.0,8,2,0,1,0,8,62.5,41.8,54,0,0,0,88.7,80.0,0,0.0,0
382.0,8,2,0,1,0,8,61.8,42.0,55,0,0,0,88.6,80.0,0,0.0,0
383.0,8,2,0,1,0,8,61.1,42.2,56,0,0,0,88.6,79.9,0,0.0,0
384.0,8,2,0,1,0,8,61.1,42.4,56,0,0,0,88.6,79.9,0,0.0,0
385.0,8,2,0,1,0,8,60.4,42.6,57,0,0,0,88.5,79.8,0,0.0,0
386.0,8,2,0,1,0,8,59.7,42.8,58,0,0,0,88.5,79.8,0,0.0,0
387.0,8,2,0,1,0,8,59.7,43.0,58,0,0,0,88.4,79.7,0,0.0,0
388.0,8,2,0,1,0,8,58.3,43.2,60,0,0,0,88.4,79.7,0,0.0,0
389.0,8,2,0,1,0,8,57.6,43.4,61,0,0,0,88.4,79.6,0,0.0,0
390.0,8,2,0,1,0,8,57.6,43.5,61,0,0,0,88.3,79.6,0,0.0,0
391.0,8,2,0,1,0,8,57.6,43.7,61,0,0,0,88.3,79.5,0,0.0,0
392.0,8,2,0,1,0,8,56.9,43.9,62,0,0,0,88.3,79.5,0,0.0,0
393.0,8,2,0,1,0,8,56.9,44.1,62,0,0,0,88.2,79.4,0,0.0,0
394.0,8,2,0,1,0,8,56.9,44.2,62,0,0,0,88.2,79.3,0,0.0,0
395.0,8,2,0,1,0,8,56.2,44.4,63,0,0,0,88.1,79.3,0,0.0,0
396.0,8,2,0,1,0,8,56.2,44.6,63,0,0,0,88.1,79.2,0,0.0,0
397.0,8,2,0,1,0,8,56.2,44.7,63,0,0,0,88.1,79.2,0,0.0,0
398.0,8,2,0,1,0,8,56.2,44.9,63,0,0,0,88.0,79.1,0,0.0,0
399.0,8,2,0,1,0,8,56.2,45.1,63,0,0,0,88.0,79.1,0,0.0,0
400.0,8,2,0,1,0,8,56.2,45.2,63,0,0,0,87.9,79.0,0,0.0,0
401.0,8,2,0,1,0,8,56.2,45.4,63,0,0,0,87.9,79.0,0,0.0,0
402.0,8,2,0,1,0,8,55.6,45.6,64,0,0,0,87.9,78.9,0,0.0,0
403.0,8,2,0,1,0,8,54.2,45.7,66,0,0,0,87.8,78.9,0,0.0,0
404.0,8,2,0,1,0,8,54.2,45.9,66,0,0,0,87.8,78.8,0,0.0,0
405.0,8,2,0,1,0,8,54.2,46.0,66,0,0,0,87.8,78.8,0,0.0,0
406.0,8,2,0,1,0,8,54.2,46.2,66,0,0,0,87.7,78.7,0,0.0,0
407.0,8,2,0,1,0,8,54.9,46.3,65,0,0,0,87.7,78.7,0,0.0,0
408.0,8,2,0,1,0,8,54.9,46.5,65,0,0,0,87.6,78.6,0,0.0,0
409.0,8,2,0,1,0,8,52.8,46.6,68,0,0,0,87.6,78.6,0,0.0,0
410.0,8,2,0,1,0,8,52.8,46.8,68,0,0,0,87.6,78.5,0,0.0,0
411.0,8,2,0,1,0,8,52.8,46.9,68,0,0,0,87.5,78.4,0,0.0,0
412.0,8,2,0,1,0,8,52.8,47.0,68,0,0,0,87.5,78.4,0,0.0,0
413.0,8,2,0,1,0,8,52.8,47.2,68,0,0,0,87.4,78.3,0,0.0,0
414.0,8,2,0,1,0,8,53.5,47.3,67,0,0,0,87.4,78.3,0,0.0,0
415.0,8,2,0,1,0,8,54.2,47.5,66,0,0,0,87.4,78.2,0,0.0,0
416.0,8,2,0,1,0,8,52.8,47.6,68,0,0,0,87.3,78.2,0,0.0,0
417.0,8,2,0,1,0,8,52.1,47.7,69,0,0,0,87.3,78.1,0,0.0,0
418.0,8,2,0,1,0,8,52.1,47.9,69,0,0,0,87.3,78.1,0,0.0,0
419.0,8,2,0,1,0,8,53.5,48.0,67,0,0,0,87.2,78.0,0,0.0,0
420.0,8,2,0,1,0,8,53.5,48.1,67,0,0,0,87.2,78.0,0,0.0,0
421.0,8,2,0,1,0,8,54.9,48.3,65,0,0,0,87.1,77.9,0,0.0,0
422.0,8,2,0,1,0,8,54.9,48.4,65,0,0,0,87.1,77.9,0,0.0,0
423.0,8,2,0,1,0,8,54.9,48.5,65,0,0,0,87.1,77.8,0,0.0,0
424.0,8,2,0,1,0,8,54.2,48.7,66,0,0,0,87.0,77.8,0,0.0,0
425.0,8,2,0,1,0,8,54.2,48.8,66,0,0,0,87.0,77.7,0,0.0,0
426.0,8,2,0,1,0,8,54.2,48.9,66,0,0,0,86.9,77.7,0,0.0,0
427.0,8,2,0,1,0,8,54.2,49.1,66,0,0,0,86.9,77.6,0,0.0,0
428.0,8,2,0,1,0,8,54.9,49.2,65,0,0,0,86.9,77.5,0,0.0,0
429.0,8,2,0,1,0,8,53.5,49.3,67,0,0,0,86.8,77.5,0,0.0,0
430.0,8,2,0,1,0,8,54.2,49.4,66,0,0,0,86.8,77.4,0,0.0,0
431.0,8,2,0,1,0,8,55.6,49.6,64,0,0,0,86.8,77.4,0,0.0,0
432.0,8,2,0,1,0,8,56.2,49.7,63,0,0,0,86.7,77.3,0,0.0,0
433.0,8,2,0,1,0,8,56.9,49.8,62,0,0,0,86.7,77.3,0,0.0,0
434.0,8,2,0,1,0,8,57.6,50.0,61,0,0,0,86.6,77.2,0,0.0,0
435.0,8,2,0,1,0,8,57.6,50.1,61,0,0,0,86.6,77.2,0,0.0,0
436.0,8,2,0,1,0,8,56.2,50.2,63,0,0,0,86.6,77.1,0,0.0,0
437.0,8,2,0,1,0,8,55.6,50.3,64,0,0,0,86.5,77.1,0,0.0,0
438.0,8,2,0,1,0,8,56.2,50.5,63,0,0,0,86.5,77.0,0,0.0,0
439.0,8,2,0,1,0,8,56.9,50.6,62,0,0,0,86.4,77.0,0,0.0,0
440.0,8,2,0,1,0,8,56.9,50.7,62,0,0,0,86.4,76.9,0,0.0,0
441.0,8,2,0,1,0,8,57.6,50.9,61,0,0,0,86.4,76.9,0,0.0,0
442.0,8,2,0,1,0,8,58.3,51.0,60,0,0,0,86.3,76.8,0,0.0,0
443.0,8,2,0,1,0,8,57.6,51.1,61,0,0,0,86.3,76.8,0,0.0,0
444.0,8,2,0,1,0,8,57.6,51.2,61,0,0,0,86.3,76.7,0,0.0,0
445.0,8,2,0,1,0,8,59.0,51.4,59,0,0,0,86.2,76.6,0,0.0,0
446.0,8,2,0,1,0,8,57.6,51.5,61,0,0,0,86.2,76.6,0,0.0,0
447.0,8,2,0,1,0,8,57.6,51.6,61,0,0,0,86.1,76.5,0,0.0,0
448.0,8,2,0,1,0,8,58.3,51.7,60,0,0,0,86.1,76.5,0,0.0,0
449.0,8,2,0,1,0,8,59.0,51.9,59,0,0,0,86.1,76.4,0,0.0,0
450.0,8,2,0,1,0,8,59.0,52.0,59,0,0,0,86.0,76.4,0,0.0,0
451.0,8,2,0,1,0,8,59.0,52.1,59,0,0,0,86.0,76.3,0,0.0,0
452.0,8,2,0,1,0,8,59.7,52.2,58,0,0,0,86.0,76.3,0,0.0,0
453.0,8,2,0,1,0,8,59.7,52.3,58,0,0,0,85.9,76.2,0,0.0,0
454.0,8,2,0,1,0,8,59.7,52.5,58,0,0,0,85.9,76.2,0,0.0,0
455.0,8,2,0,1,0,8,60.4,52.6,57,0,0,0,85.8,76.1,0,0.0,0
456.0,8,2,0,1,0,8,60.4,52.7,57,0,0,0,85.8,76.1,0,0.0,0
457.0,8,2,0,1,0,8,59.7,52.8,58,0,0,0,85.8,76.0,0,0.0,0
458.0,8,2,0,1,0,8,59.7,52.9,58,0,0,0,85.7,76.0,0,0.0,0
459.0,8,2,0,1,0,8,61.1,53.0,56,0,0,0,85.7,75.9,0,0.0,0
460.0,8,2,0,1,0,8,61.1,53.2,56,0,0,0,85.7,75.9,0,0.0,0
461.0,8,2,0,1,0,8,61.8,53.3,55,0,0,0,85.6,75.8,0,0.0,0
462.0,8,2,0,1,0,8,61.8,53.4,55,0,0,0,85.6,75.7,0,0.0,0
463.0,8,2,0,1,0,8,61.8,53.5,55,0,0,0,85.5,75.7,0,0.0,0
464.0,8,2,0,1,0,8,61.1,53.6,56,0,0,0,85.5,75.7,0,0.0,0
465.0,8,2,0,1,0,8,61.8,53.8,55,0,0,0,85.5,75.6,0,0.0,0
466.0,8,2,0,1,0,8,62.5,53.9,54,0,0,0,85.4,75.6,0,0.0,0
467.0,8,2,0,1,0,8,62.5,54.0,54,0,0,0,85.4,75.5,0,0.0,0
468.0,8,2,0,1,0,8,63.2,54.1,53,0,0,0,85.3,75.5,0,0.0,0
469.0,8,2,0,1,0,8,63.2,54.2,53,0,0,0,85.3,75.4,0,0.0,0
470.0,8,2,0,1,0,8,62.5,54.4,54,0,0,0,85.3,75.3,0,0.0,0
471.0,8,2,0,1,0,8,62.5,54.5,54,0,0,0,85.2,75.3,0,0.0,0
472.0,8,2,0,1,0,8,63.2,54.6,53,0,0,0,85.2,75.2,0,0.0,0
473.0,8,2,0,1,0,8,63.9,54.7,52,0,0,0,85.2,75.2,0,0.0,0
474.0,8,2,0,1,0,8,63.9,54.8,52,0,0,0,85.1,75.1,0,0.0,0
475.0,8,2,0,1,0,8,63.9,55.0,52,0,0,0,85.1,75.1,0,0.0,0
476.0,8,2,0,1,0,8,63.9,55.1,52,0,0,0,85.0,75.0,0,0.0,0
477.0,8,2,0,1,0,8,63.9,55.2,52,0,0,0,85.0,75.0,0,0.0,0
478.0,8,2,0,1,0,8,63.9,55.3,52,0,0,0,85.0,74.9,0,0.0,0
479.0,8,2,0,1,0,8,65.3,55.4,50,0,0,0,84.9,74.9,0,0.0,0
480.0,8,2,0,1,0,8,65.3,55.6,50,0,0,0,84.9,74.8,0,0.0,0
481.0,8,2,0,1,0,8,65.3,55.7,50,0,0,0,84.9,74.8,0,0.0,0
482.0,8,2,0,1,0,8,66.0,55.8,49,0,0,0,84.8,74.7,0,0.0,0
483.0,8,2,0,1,0,8,66.7,55.9,48,0,0,0,84.8,74.7,0,0.0,0
484.0,8,2,0,1,0,8,66.7,56.1,48,0,0,0,84.7,74.6,0,0.0,0
485.0,8,2,0,1,0,8,67.4,56.2,47,0,0,0,84.7,74.6,0,0.0,0
486.0,8,2,0,1,0,8,68.1,56.3,46,0,0,0,84.7,74.5,0,0.0,0
487.0,8,2,0,1,0,8,68.1,56.4,46,0,0,0,84.6,74.4,0,0.0,0
488.0,8,2,0,1,0,8,68.1,56.6,46,0,0,0,84.6,74.4,0,0.0,0
489.0,8,2,0,1,0,8,68.1,56.7,46,0,0,0,84.6,74.3,0,0.0,0
490.0,8,2,0,1,0,8,68.1,56.8,46,0,0,0,84.5,74.3,0,0.0,0
491.0,8,2,0,1,0,8,68.1,56.9,46,0,0,0,84.5,74.3,0,0.0,0
492.0,8,2,0,1,0,8,68.8,57.0,45,0,0,0,84.4,74.2,0,0.0,0
493.0,8,2,0,1,0,8,69.4,57.2,44,0,0,0,84.4,74.1,0,0.0,0
494.0,8,2,0,1,0,8,69.4,57.3,44,0,0,0,84.4,74.1,0,0.0,0
495.0,8,2,0,1,0,8,68.8,57.4,45,0,0,0,84.3,74.0,0,0.0,0
496.0,8,2,0,1,0,8,68.1,57.5,46,0,0,0,84.3,74.0,0,0.0,0
497.0,8,2,0,1,0,8,68.1,57.6,46,0,0,0,84.3,73.9,0,0.0,0
498.0,8,2,0,1,0,8,68.1,57.7,46,0,0,0,84.2,73.9,0,0.0,0
499.0,8,2,0,1,0,8,68.8,57.8,45,0,0,0,84.2,73.8,0,0.0,0
500.0,8,2,0,1,0,8,69.4,57.9,44,0,0,0,84.1,73.8,0,0.0,0
501.0,8,2,0,1,0,8,69.4,58.0,44,0,0,0,84.1,73.7,0,0.0,0
502.0,8,2,0,1,0,8,69.4,58.2,44,0,0,0,84.1,73.7,0,0.0,0
503.0,8,2,0,1,0,8,69.4,58.3,44,0,0,0,84.0,73.6,0,0.0,0
504.0,8,2,0,1,0,8,69.4,58.4,44,0,0,0,84.0,73.6,0,0.0,0
505.0,8,2,0,1,0,8,68.8,58.5,45,0,0,0,83.9,73.5,0,0.0,0
506.0,8,2,0,1,0,8,69.4,58.5,44,0,0,0,83.9,73.5,0,0.0,0
507.0,8,2,0,1,0,8,68.1,58.6,46,0,0,0,83.9,73.4,0,0.0,0
508.0,8,2,0,1,0,8,67.4,58.7,47,0,0,0,83.8,73.4,0,0.0,0
509.0,8,2,0,1,0,8,66.7,58.8,48,0,0,0,83.8,73.3,0,0.0,0
510.0,8,2,0,1,0,8,66.7,58.9,48,0,0,0,83.8,73.2,0,0.0,0
511.0,8,2,0,1,0,8,66.7,59.0,48,0,0,0,83.7,73.2,0,0.0,0
512.0,8,2,0,1,0,8,67.4,59.0,47,0,0,0,83.7,73.1,0,0.0,0
513.0,8,2,0,1,0,8,67.4,59.1,47,0,0,0,83.7,73.1,0,0.0,0
514.0,8,2,0,1,0,8,66.7,59.2,48,0,0,0,83.6,73.0,0,0.0,0
515.0,8,2,0,1,0,8,66.7,59.3,48,0,0,0,83.6,73.0,0,0.0,0
516.0,8,2,0,1,0,8,67.4,59.3,47,0,0,0,83.5,72.9,0,0.0,0
517.0,8,2,0,1,0,8,66.7,59.4,48,0,0,0,83.5,72.9,0,0.0,0
518.0,8,2,0,1,0,8,66.0,59.5,49,0,0,0,83.5,72.8,0,0.0,0
519.0,8,2,0,1,0,8,66.0,59.5,49,0,0,0,83.4,72.8,0,0.0,0
520.0,8,2,0,1,0,8,66.0,59.6,49,0,0,0,83.4,72.7,0,0.0,0
521.0,8,2,0,1,0,8,66.0,59.6,49,0,0,0,83.3,72.7,0,0.0,0
522.0,8,2,0,1,0,8,66.7,59.7,48,0,0,0,83.3,72.6,0,0.0,0
523.0,8,2,0,1,0,8,66.0,59.7,49,0,0,0,83.3,72.6,0,0.0,0
524.0,8,2,0,1,0,8,65.3,59.8,50,0,0,0,83.2,72.5,0,0.0,0
525.0,8,2,0,1,0,8,65.3,59.9,50,0,0,0,83.2,72.5,0,0.0,0
526.0,8,2,0,1,0,8,65.3,59.9,50,0,0,0,83.2,72.4,0,0.0,0
527.0,8,2,0,1,0,8,64.6,59.9,51,0,0,0,83.1,72.3,0,0.0,0
528.0,8,2,0,1,0,8,63.9,60.0,52,0,0,0,83.1,72.3,0,0.0,0
529.0,8,2,0,1,0,8,64.6,60.0,51,0,0,0,83.0,72.2,0,0.0,0
530.0,8,2,0,1,0,8,66.7,60.1,48,0,0,0,83.0,72.2,0,0.0,0
531.0,8,2,0,1,0,8,68.1,60.2,46,0,0,0,83.0,72.1,0,0.0,0
532.0,8,2,0,1,0,8,68.1,60.2,46,0,0,0,82.9,72.1,0,0.0,0
533.0,8,2,0,1,0,8,68.8,60.3,45,0,0,0,82.9,72.0,0,0.0,0
534.0,8,2,0,1,0,8,68.1,60.4,46,0,0,0,82.8,72.0,0,0.0,0
535.0,8,2,0,1,0,8,66.7,60.4,48,0,0,0,82.8,71.9,0,0.0,0
536.0,8,2,0,1,0,8,67.4,60.5,47,0,0,0,82.8,71.9,0,0.0,0
537.0,8,2,0,1,0,8,68.1,60.5,46,0,0,0,82.7,71.8,0,0.0,0
538.0,8,2,0,1,0,8,68.1,60.6,46,0,0,0,82.7,71.8,0,0.0,0
539.0,8,2,0,1,0,8,67.4,60.6,47,0,0,0,82.7,71.7,0,0.0,0
540.0,8,2,0,1,0,8,69.4,60.7,44,0,0,0,82.6,71.7,0,0.0,0
541.0,8,2,0,1,0,8,68.8,60.7,45,0,0,0,82.6,71.6,0,0.0,0
542.0,8,2,0,1,0,8,68.8,60.8,45,0,0,0,82.5,71.6,0,0.0,0
543.0,8,2,0,1,0,8,69.4,60.9,44,0,0,0,82.5,71.5,0,0.0,0
544.0,8,2,0,1,0,8,68.8,60.9,45,0,0,0,82.5,71.5,0,0.0,0
545.0,8,2,0,1,0,8,69.4,61.0,44,0,0,0,82.4,71.4,0,0.0,0
546.0,8,2,0,1,0,8,70.8,61.1,42,0,0,0,82.4,71.3,0,0.0,0
547.0,8,2,0,1,0,8,70.8,61.1,42,0,0,0,82.4,71.3,0,0.0,0
548.0,8,2,0,1,0,8,70.8,61.2,42,0,0,0,82.3,71.2,0,0.0,0
549.0,8,2,0,1,0,8,71.5,61.3,41,0,0,0,82.3,71.2,0,0.0,0
550.0,8,2,0,1,0,8,70.8,61.3,42,0,0,0,82.2,71.1,0,0.0,0
551.0,8,2,0,1,0,8,70.8,61.4,42,0,0,0,82.2,71.1,0,0.0,0
552.0,8,2,0,1,0,8,70.8,61.5,42,0,0,0,82.2,71.0,0,0.0,0
553.0,8,2,0,1,0,8,71.5,61.5,41,0,0,0,82.1,71.0,0,0.0,0
554.0,8,2,0,1,0,8,71.5,61.6,41,0,0,0,82.1,70.9,0,0.0,0
555.0,8,2,0,1,0,8,71.5,61.7,41,0,0,0,82.0,70.9,0,0.0,0
556.0,8,2,0,1,0,8,72.2,61.8,40,0,0,0,82.0,70.8,0,0.0,0
557.0,8,2,0,1,0,8,72.2,61.8,40,0,0,0,82.0,70.8,0,0.0,0
558.0,8,2,0,1,0,8,73.6,61.9,38,0,0,0,81.9,70.7,0,0.0,0
559.0,8,2,0,1,0,8,73.6,62.0,38,0,0,0,81.9,70.7,0,0.0,0
560.0,8,2,0,1,0,8,73.6,62.1,38,0,0,0,81.9,70.6,0,0.0,0
561.0,8,2,0,1,0,8,73.6,62.1,38,0,0,0,81.8,70.6,0,0.0,0
562.0,8,2,0,1,0,8,73.6,62.2,38,0,0,0,81.8,70.5,0,0.0,0
563.0,8,2,0,1,0,8,73.6,62.3,38,0,0,0,81.7,70.4,0,0.0,0
564.0,8,2,0,1,0,8,73.6,62.4,38,0,0,0,81.7,70.4,0,0.0,0
565.0,8,2,0,1,0,8,72.9,62.4,39,0,0,0,81.7,70.4,0,0.0,0
566.0,8,2,0,1,0,8,73.6,62.5,38,0,0,0,81.6,70.3,0,0.0,0
567.0,8,2,0,1,0,8,74.3,62.6,37,0,0,0,81.6,70.3,0,0.0,0
568.0,8,2,0,1,0,8,74.3,62.6,37,0,0,0,81.6,70.2,0,0.0,0
569.0,8,2,0,1,0,8,75.0,62.7,36,0,0,0,81.5,70.1,0,0.0,0
570.0,8,2,0,1,0,8,75.0,62.8,36,0,0,0,81.5,70.1,0,0.0,0
571.0,8,2,0,1,0,8,74.3,62.8,37,0,0,0,81.4,70.0,0,0.0,0
572.0,8,2,0,1,0,8,74.3,62.9,37,0,0,0,81.4,70.0,0,0.0,0
573.0,8,2,0,1,0,8,74.3,63.0,37,0,0,0,81.4,69.9,0,0.0,0
574.0,8,2,0,1,0,8,74.3,63.0,37,0,0,0,81.3,69.9,0,0.0,0
575.0,8,2,0,1,0,8,74.3,63.1,37,0,0,0,81.3,69.8,0,0.0,0
576.0,8,2,0,1,0,8,74.3,63.2,37,0,0,0,81.2,69.8,0,0.0,0
577.0,8,2,0,1,0,8,74.3,63.2,37,0,0,0,81.2,69.7,0,0.0,0
578.0,8,2,0,1,0,8,74.3,63.3,37,0,0,0,81.2,69.7,0,0.0,0
579.0,8,2,0,1,0,8,73.6,63.3,38,0,0,0,81.1,69.6,0,0.0,0
580.0,8,2,0,1,0,8,74.3,63.4,37,0,0,0,81.1,69.6,0,0.0,0
581.0,8,2,0,1,0,8,73.6,63.4,38,0,0,0,81.1,69.5,0,0.0,0
582.0,8,2,0,1,0,8,74.3,63.5,37,0,0,0,81.0,69.5,0,0.0,0
583.0,8,2,0,1,0,8,74.3,63.6,37,0,0,0,81.0,69.4,0,0.0,0
584.0,8,2,0,1,0,8,74.3,63.6,37,0,0,0,81.0,69.4,0,0.0,0
585.0,8,2,0,1,0,8,73.6,63.7,38,0,0,0,80.9,69.3,0,0.0,0
586.0,8,2,0,1,0,8,72.9,63.7,39,0,0,0,80.9,69.2,0,0.0,0
587.0,8,2,0,1,0,8,72.9,63.8,39,0,0,0,80.8,69.2,0,0.0,0
588.0,8,2,0,1,0,8,72.9,63.8,39,0,0,0,80.8,69.1,0,0.0,0
589.0,8,2,0,1,0,8,72.9,63.9,39,0,0,0,80.8,69.1,0,0.0,0
590.0,8,2,0,1,0,8,72.9,63.9,39,0,0,0,80.7,69.0,0,0.0,0
591.0,8,2,0,1,0,8,72.9,64.0,39,0,0,0,80.7,69.0,0,0.0,0
592.0,8,2,0,1,0,8,73.6,64.0,38,0,0,0,80.7,68.9,0,0.0,0
593.0,8,2,0,1,0,8,73.6,64.1,38,0,0,0,80.6,68.9,0,0.0,0
594.0,8,2,0,1,0,8,72.9,64.1,39,0,0,0,80.6,68.8,0,0.0,0
595.0,8,2,0,1,0,8,72.9,64.2,39,0,0,0,80.5,68.8,0,0.0,0
596.0,8,2,0,1,0,8,72.9,64.2,39,0,0,0,80.5,68.7,0,0.0,0
597.0,8,2,0,1,0,8,72.9,64.3,39,0,0,0,80.5,68.7,0,0.0,0
598.0,8,2,0,1,0,8,72.9,64.3,39,0,0,0,80.4,68.6,0,0.0,0
599.0,8,2,0,1,0,8,72.2,64.3,40,0,0,0,80.4,68.6,0,0.0,0
600.0,8,2,0,1,0,8,71.5,64.4,41,0,0,0,80.4,68.5,0,0.0,0
601.0,8,2,0,1,0,8,70.8,64.4,42,0,0,0,80.3,68.5,0,0.0,0
602.0,8,2,0,1,0,8,71.5,64.5,41,0,0,0,80.3,68.4,0,0.0,0
603.0,8,2,0,1,0,8,72.2,64.5,40,0,0,0,80.2,68.4,0,0.0,0
604.0,8,2,0,1,0,8,72.2,64.5,40,0,0,0,80.2,68.3,0,0.0,0
605.0,8,2,0,1,0,8,72.9,64.6,39,0,0,0,80.2,68.3,0,0.0,0
606.0,8,2,0,1,0,8,72.2,64.6,40,0,0,0,80.1,68.2,0,0.0,0
607.0,8,2,0,1,0,8,71.5,64.7,41,0,0,0,80.1,68.2,0,0.0,0
608.0,8,2,0,1,0,8,70.8,64.7,42,0,0,0,80.1,68.1,0,0.0,0
609.0,8,2,0,1,0,8,70.1,64.7,43,0,0,0,80.0,68.0,0,0.0,0
610.0,8,2,0,1,0,8,68.8,64.8,45,0,0,0,80.0,68.0,0,0.0,0
611.0,8,2,0,1,0,8,68.8,64.8,45,0,0,0,79.9,67.9,0,0.0,0
612.0,8,2,0,1,0,8,68.8,64.8,45,0,0,0,79.9,67.9,0,0.0,0
613.0,8,2,0,1,0,8,68.8,64.8,45,0,0,0,79.9,67.9,0,0.0,0
614.0,8,2,0,1,0,8,68.1,64.9,46,0,0,0,79.8,67.8,0,0.0,0
615.0,8,2,0,1,0,8,67.4,64.9,47,0,0,0,79.8,67.7,0,0.0,0
616.0,8,2,0,1,0,8,68.1,64.9,46,0,0,0,79.8,67.7,0,0.0,0
617.0,8,2,0,1,0,8,68.1,64.9,46,0,0,0,79.7,67.6,0,0.0,0
618.0,8,2,0,1,0,8,68.1,64.9,46,0,0,0,79.7,67.6,0,0.0,0
619.0,8,2,0,1,0,8,67.4,65.0,47,0,0,0,79.6,67.5,0,0.0,0
620.0,8,2,0,1,0,8,66.7,65.0,48,0,0,0,79.6,67.5,0,0.0,0
621.0,8,2,0,1,0,8,66.0,65.0,49,0,0,0,79.6,67.4,0,0.0,0
622.0,8,2,0,1,0,8,66.0,65.0,49,0,0,0,79.5,67.4,0,0.0,0
623.0,8,2,0,1,0,8,66.0,65.0,49,0,0,0,79.5,67.3,0,0.0,0
624.0,8,2,0,1,0,8,65.3,65.1,50,0,0,0,79.5,67.3,0,0.0,0
625.0,8,2,0,1,0,8,64.6,65.1,51,0,0,0,79.4,67.2,0,0.0,0
626.0,8,2,0,1,0,8,63.9,65.1,52,0,0,0,79.4,67.2,0,0.0,0
627.0,8,2,0,1,0,8,63.9,65.1,52,0,0,0,79.3,67.1,0,0.0,0
628.0,8,2,0,1,0,8,63.2,65.1,53,0,0,0,79.3,67.1,0,0.0,0
629.0,8,2,0,1,0,8,63.2,65.2,53,0,0,0,79.3,67.0,0,0.0,0
630.0,8,2,0,1,0,8,63.2,65.2,53,0,0,0,79.2,67.0,0,0.0,0
631.0,8,2,0,1,0,8,63.2,65.2,53,0,0,0,79.2,66.9,0,0.0,0
632.0,8,2,0,1,0,8,63.9,65.2,52,0,0,0,79.2,66.9,0,0.0,0
633.0,8,2,0,1,0,8,63.9,65.3,52,0,0,0,79.1,66.8,0,0.0,0
634.0,8,2,0,1,0,8,63.2,65.3,53,0,0,0,79.1,66.7,0,0.0,0
635.0,8,2,0,1,0,8,61.8,65.3,55,0,0,0,79.1,66.7,0,0.0,0
636.0,8,2,0,1,0,8,62.5,65.3,54,0,0,0,79.0,66.6,0,0.0,0
637.0,8,2,0,1,0,8,61.1,65.4,56,0,0,0,79.0,66.6,0,0.0,0
638.0,8,2,0,1,0,8,61.1,65.4,56,0,0,0,78.9,66.5,0,0.0,0
639.0,8,2,0,1,0,8,61.1,65.4,56,0,0,0,78.9,66.5,0,0.0,0
640.0,8,2,0,1,0,8,60.4,65.4,57,0,0,0,78.9,66.4,0,0.0,0
641.0,8,2,0,1,0,8,59.7,65.4,58,0,0,0,78.8,66.4,0,0.0,0
642.0,8,2,0,1,0,8,59.7,65.4,58,0,0,0,78.8,66.3,0,0.0,0
643.0,8,2,0,1,0,8,59.0,65.5,59,0,0,0,78.8,66.3,0,0.0,0
644.0,8,2,0,1,0,8,59.0,65.5,59,0,0,0,78.7,66.2,0,0.0,0
645.0,8,2,0,1,0,8,59.0,65.5,59,0,0,0,78.7,66.2,0,0.0,0
646.0,8,2,0,1,0,8,58.3,65.5,60,0,0,0,78.6,66.1,0,0.0,0
647.0,8,2,0,1,0,8,58.3,65.5,60,0,0,0,78.6,66.1,0,0.0,0
648.0,8,2,0,1,0,8,58.3,65.6,60,0,0,0,78.6,66.0,0,0.0,0
649.0,8,2,0,1,0,8,58.3,65.6,60,0,0,0,78.5,66.0,0,0.0,0
650.0,8,2,0,1,0,8,58.3,65.6,60,0,0,0,78.5,65.9,0,0.0,0
651.0,8,2,0,1,0,8,58.3,65.6,60,0,0,0,78.5,65.8,0,0.0,0
652.0,8,2,0,1,0,8,58.3,65.6,60,0,0,0,78.4,65.8,0,0.0,0
653.0,8,2,0,1,0,8,57.6,65.7,61,0,0,0,78.4,65.7,0,0.0,0
654.0,8,2,0,1,0,8,57.6,65.7,61,0,0,0,78.3,65.7,0,0.0,0
655.0,8,2,0,1,0,8,57.6,65.7,61,0,0,0,78.3,65.7,0,0.0,0
656.0,8,2,0,1,0,8,58.3,65.7,60,0,0,0,78.3,65.6,0,0.0,0
657.0,8,2,0,1,0,8,59.0,65.7,59,0,0,0,78.2,65.5,0,0.0,0
658.0,8,2,0,1,0,8,59.0,65.8,59,0,0,0,78.2,65.5,0,0.0,0
659.0,8,2,0,1,0,8,59.0,65.8,59,0,0,0,78.2,65.4,0,0.0,0
660.0,8,2,0,1,0,8,59.7,65.8,58,0,0,0,78.1,65.4,0,0.0,0
661.0,8,2,0,1,0,8,59.7,65.8,58,0,0,0,78.1,65.3,0,0.0,0
662.0,8,2,0,1,0,8,59.0,65.9,59,0,0,0,78.0,65.3,0,0.0,0
663.0,8,2,0,1,0,8,59.7,65.9,58,0,0,0,78.0,65.2,0,0.0,0
664.0,8,2,0,1,0,8,60.4,65.9,57,0,0,0,78.0,65.2,0,0.0,0
665.0,8,2,0,1,0,8,60.4,65.9,57,0,0,0,77.9,65.1,0,0.0,0
666.0,8,2,0,1,0,8,60.4,66.0,57,0,0,0,77.9,65.1,0,0.0,0
667.0,8,2,0,1,0,8,61.1,66.0,56,0,0,0,77.9,65.0,0,0.0,0
668.0,8,2,0,1,0,8,61.1,66.0,56,0,0,0,77.8,65.0,0,0.0,0
669.0,8,2,0,1,0,8,61.8,66.1,55,0,0,0,77.8,64.9,0,0.0,0
670.0,8,2,0,1,0,8,61.1,66.1,56,0,0,0,77.7,64.9,0,0.0,0
671.0,8,2,0,1,0,8,61.8,66.1,55,0,0,0,77.7,64.8,0,0.0,0
672.0,8,2,0,1,0,8,61.1,66.1,56,0,0,0,77.7,64.8,0,0.0,0
673.0,8,2,0,1,0,8,61.1,66.1,56,0,0,0,77.6,64.7,0,0.0,0
674.0,8,2,0,1,0,8,61.1,66.2,56,0,0,0,77.6,64.6,0,0.0,0
675.0,8,2,0,1,0,8,61.8,66.2,55,0,0,0,77.6,64.6,0,0.0,0
676.0,8,2,0,1,0,8,62.5,66.2,54,0,0,0,77.5,64.5,0,0.0,0
677.0,8,2,0,1,0,8,63.2,66.2,53,0,0,0,77.5,64.5,0,0.0,0
678.0,8,2,0,1,0,8,63.2,66.3,53,0,0,0,77.4,64.4,0,0.0,0
679.0,8,2,0,1,0,8,63.2,66.3,53,0,0,0,77.4,64.4,0,0.0,0
680.0,8,2,0,1,0,8,63.2,66.3,53,0,0,0,77.4,64.3,0,0.0,0
681.0,8,2,0,1,0,8,63.9,66.3,52,0,0,0,77.3,64.3,0,0.0,0
682.0,8,2,0,1,0,8,63.9,66.4,52,0,0,0,77.3,64.2,0,0.0,0
683.0,8,2,0,1,0,8,63.9,66.4,52,0,0,0,77.2,64.2,0,0.0,0
684.0,8,2,0,1,0,8,64.6,66.4,51,0,0,0,77.2,64.1,0,0.0,0
685.0,8,2,0,1,0,8,64.6,66.4,51,0,0,0,77.2,64.1,0,0.0,0
686.0,8,2,0,1,0,8,64.6,66.5,51,0,0,0,77.1,64.0,0,0.0,0
687.0,8,2,0,1,0,8,64.6,66.5,51,0,0,0,77.1,64.0,0,0.0,0
688.0,8,2,0,1,0,8,63.9,66.5,52,0,0,0,77.1,63.9,0,0.0,0
689.0,8,2,0,1,0,8,63.9,66.5,52,0,0,0,77.0,63.9,0,0.0,0
690.0,8,2,0,1,0,8,64.6,66.6,51,0,0,0,77.0,63.8,0,0.0,0
691.0,8,2,0,1,0,8,65.3,66.6,50,0,0,0,76.9,63.8,0,0.0,0
692.0,8,2,0,1,0,8,65.3,66.6,50,0,0,0,76.9,63.7,0,0.0,0
693.0,8,2,0,1,0,8,65.3,66.6,50,0,0,0,76.9,63.7,0,0.0,0
694.0,8,2,0,1,0,8,66.0,66.7,49,0,0,0,76.8,63.6,0,0.0,0
695.0,8,2,0,1,0,8,65.3,66.7,50,0,0,0,76.8,63.6,0,0.0,0
696.0,8,2,0,1,0,8,65.3,66.7,50,0,0,0,76.8,63.6,0,0.0,0
697.0,8,2,0,1,0,8,65.3,66.7,50,0,0,0,76.7,63.5,0,0.0,0
698.0,8,2,0,1,0,8,66.0,66.8,49,0,0,0,76.7,63.4,0,0.0,0
699.0,8,2,0,1,0,8,66.0,66.8,49,0,0,0,76.6,63.4,0,0.0,0
700.0,8,2,0,1,0,8,65.3,66.8,50,0,0,0,76.6,63.3,0,0.0,0
701.0,8,2,0,1,0,8,65.3,66.8,50,0,0,0,76.6,63.3,0,0.0,0
702.0,8,2,0,1,0,8,64.6,66.8,51,0,0,0,76.5,63.2,0,0.0,0
703.0,8,2,0,1,0,8,65.3,66.8,50,0,0,0,76.5,63.2,0,0.0,0
704.0,8,2,0,1,0,8,65.3,66.9,50,0,0,0,76.5,63.1,0,0.0,0
705.0,8,2,0,1,0,8,64.6,66.9,51,0,0,0,76.4,63.1,0,0.0,0
706.0,8,2,0,1,0,8,64.6,66.9,51,0,0,0,76.4,63.0,0,0.0,0
707.0,8,2,0,1,0,8,64.6,66.9,51,0,0,0,76.3,63.0,0,0.0,0
708.0,8,2,0,1,0,8,65.3,66.9,50,0,0,0,76.3,62.9,0,0.0,0
709.0,8,2,0,1,0,8,64.6,66.9,51,0,0,0,76.3,62.9,0,0.0,0
710.0,8,2,0,1,0,8,63.9,66.9,52,0,0,0,76.2,62.8,0,0.0,0
711.0,8,2,0,1,0,8,63.9,66.9,52,0,0,0,76.2,62.8,0,0.0,0
712.0,8,2,0,1,0,8,63.9,66.9,52,0,0,0,76.1,62.7,0,0.0,0
713.0,8,2,0,1,0,8,63.9,66.9,52,0,0,0,76.1,62.7,0,0.0,0
714.0,8,2,0,1,0,8,63.9,66.9,52,0,0,0,76.1,62.6,0,0.0,0
715.0,8,2,0,1,0,8,63.9,66.9,52,0,0,0,76.0,62.6,0,0.0,0
716.0,8,2,0,1,0,8,63.9,66.9,52,0,0,0,76.0,62.5,0,0.0,0
717.0,8,2,0,1,0,8,63.9,66.9,52,0,0,0,76.0,62.4,0,0.0,0
718.0,8,2,0,1,0,8,63.9,66.9,52,0,0,0,75.9,62.4,0,0.0,0
719.0,8,2,0,1,0,8,63.9,66.9,52,0,0,0,75.9,62.3,0,0.0,0
720.0,8,2,0,1,0,8,63.9,66.9,52,0,0,0,75.8,62.3,0,0.0,0
721.0,8,2,0,1,0,8,63.2,66.9,53,0,0,0,75.8,62.2,0,0.0,0
722.0,8,2,0,1,0,8,62.5,66.9,54,0,0,0,75.8,62.2,0,0.0,0
723.0,8,2,0,1,0,8,62.5,66.9,54,0,0,0,75.7,62.1,0,0.0,0
724.0,8,2,0,1,0,8,63.2,66.8,53,0,0,0,75.7,62.1,0,0.0,0
725.0,8,2,0,1,0,8,62.5,66.8,54,0,0,0,75.7,62.0,0,0.0,0
726.0,8,2,0,1,0,8,62.5,66.8,54,0,0,0,75.6,62.0,0,0.0,0
727.0,8,2,0,1,0,8,62.5,66.8,54,0,0,0,75.6,61.9,0,0.0,0
728.0,8,2,0,1,0,8,61.8,66.8,55,0,0,0,75.6,61.9,0,0.0,0
729.0,8,2,0,1,0,8,61.8,66.7,55,0,0,0,75.5,61.8,0,0.0,0
730.0,8,2,0,1,0,8,61.1,66.7,56,0,0,0,75.5,61.8,0,0.0,0
731.0,8,2,0,1,0,8,60.4,66.7,57,0,0,0,75.4,61.7,0,0.0,0
732.0,8,2,0,1,0,8,61.1,66.6,56,0,0,0,75.4,61.7,0,0.0,0
733.0,8,2,0,1,0,8,61.8,66.6,55,0,0,0,75.4,61.6,0,0.0,0
734.0,8,2,0,1,0,8,61.8,66.6,55,0,0,0,75.3,61.5,0,0.0,0
735.0,8,2,0,1,0,8,60.4,66.5,57,0,0,0,75.3,61.5,0,0.0,0
736.0,8,2,0,1,0,8,60.4,66.5,57,0,0,0,75.2,61.4,0,0.0,0
737.0,8,2,0,1,0,8,60.4,66.5,57,0,0,0,75.2,61.4,0,0.0,0
738.0,8,2,0,1,0,8,61.1,66.4,56,0,0,0,75.2,61.3,0,0.0,0
739.0,8,2,0,1,0,8,61.1,66.4,56,0,0,0,75.1,61.3,0,0.0,0
740.0,8,2,0,1,0,8,61.8,66.4,55,0,0,0,75.1,61.2,0,0.0,0
741.0,8,2,0,1,0,8,61.1,66.3,56,0,0,0,75.1,61.2,0,0.0,0
742.0,8,2,0,1,0,8,61.8,66.3,55,0,0,0,75.0,61.1,0,0.0,0
743.0,8,2,0,1,0,8,61.8,66.3,55,0,0,0,75.0,61.1,0,0.0,0
744.0,8,2,0,1,0,8,61.8,66.2,55,0,0,0,74.9,61.0,0,0.0,0
745.0,8,2,0,1,0,8,61.8,66.2,55,0,0,0,74.9,61.0,0,0.0,0
746.0,8,2,0,1,0,8,61.8,66.2,55,0,0,0,74.9,60.9,0,0.0,0
747.0,8,2,0,1,0,8,61.1,66.2,56,0,0,0,74.8,60.9,0,0.0,0
748.0,8,2,0,1,0,8,61.8,66.1,55,0,0,0,74.8,60.8,0,0.0,0
749.0,8,2,0,1,0,8,61.8,66.1,55,0,0,0,74.7,60.8,0,0.0,0
750.0,8,2,0,1,0,8,61.1,66.1,56,0,0,0,74.7,60.7,0,0.0,0
751.0,8,2,0,1,0,8,61.8,66.1,55,0,0,0,74.7,60.6,0,0.0,0
752.0,8,2,0,1,0,8,61.1,66.0,56,0,0,0,74.6,60.6,0,0.0,0
753.0,8,2,0,1,0,8,61.1,66.0,56,0,0,0,74.6,60.5,0,0.0,0
754.0,8,2,0,1,0,8,61.1,66.0,56,0,0,0,74.6,60.5,0,0.0,0
755.0,8,2,0,1,0,8,61.1,66.0,56,0,0,0,74.5,60.4,0,0.0,0
756.0,8,2,0,1,0,8,60.4,65.9,57,0,0,0,74.5,60.4,0,0.0,0
757.0,8,2,0,1,0,8,61.1,65.9,56,0,0,0,74.4,60.3,0,0.0,0
758.0,8,2,0,1,0,8,61.8,65.9,55,0,0,0,74.4,60.3,0,0.0,0
759.0,8,2,0,1,0,8,61.8,65.9,55,0,0,0,74.4,60.2,0,0.0,0
760.0,8,2,0,1,0,8,61.8,65.9,55,0,0,0,74.3,60.2,0,0.0,0
761.0,8,2,0,1,0,8,61.8,65.9,55,0,0,0,74.3,60.1,0,0.0,0
762.0,8,2,0,1,0,8,62.5,65.8,54,0,0,0,74.2,60.1,0,0.0,0
763.0,8,2,0,1,0,8,62.5,65.8,54,0,0,0,74.2,60.0,0,0.0,0
764.0,8,2,0,1,0,8,62.5,65.8,54,0,0,0,74.2,60.0,0,0.0,0
765.0,8,2,0,1,0,8,63.2,65.8,53,0,0,0,74.1,59.9,0,0.0,0
766.0,8,2,0,1,0,8,63.9,65.8,52,0,0,0,74.1,59.9,0,0.0,0
767.0,8,2,0,1,0,8,64.6,65.8,51,0,0,0,74.1,59.8,0,0.0,0
768.0,8,2,0,1,0,8,64.6,65.8,51,0,0,0,74.0,59.7,0,0.0,0
769.0,8,2,0,1,0,8,63.9,65.8,52,0,0,0,74.0,59.7,0,0.0,0
770.0,8,2,0,1,0,8,63.2,65.8,53,0,0,0,74.0,59.6,0,0.0,0
771.0,8,2,0,1,0,8,63.2,65.8,53,0,0,0,73.9,59.6,0,0.0,0
772.0,8,2,0,1,0,8,63.9,65.7,52,0,0,0,73.9,59.5,0,0.0,0
773.0,8,2,0,1,0,8,64.6,65.7,51,0,0,0,73.8,59.5,0,0.0,0
774.0,8,2,0,1,0,8,65.3,65.7,50,0,0,0,73.8,59.4,0,0.0,0
775.0,8,2,0,1,0,8,65.3,65.7,50,0,0,0,73.8,59.4,0,0.0,0
776.0,8,2,0,1,0,8,64.6,65.7,51,0,0,0,73.7,59.3,0,0.0,0
777.0,8,2,0,1,0,8,64.6,65.7,51,0,0,0,73.7,59.3,0,0.0,0
778.0,8,2,0,1,0,8,65.3,65.7,50,0,0,0,73.6,59.2,0,0.0,0
779.0,8,2,0,1,0,8,65.3,65.7,50,0,0,0,73.6,59.2,0,0.0,0
780.0,8,2,0,1,0,8,65.3,65.6,50,0,0,0,73.6,59.1,0,0.0,0
781.0,8,2,0,1,0,8,65.3,65.6,50,0,0,0,73.5,59.1,0,0.0,0
782.0,8,2,0,1,0,8,64.6,65.6,51,0,0,0,73.5,59.0,0,0.0,0
783.0,8,2,0,1,0,8,64.6,65.6,51,0,0,0,73.5,59.0,0,0.0,0
784.0,8,2,0,1,0,8,63.9,65.6,52,0,0,0,73.4,58.9,0,0.0,0
785.0,8,2,0,1,0,8,64.6,65.5,51,0,0,0,73.4,58.8,0,0.0,0
786.0,8,2,0,1,0,8,63.9,65.5,52,0,0,0,73.3,58.8,0,0.0,0
787.0,8,2,0,1,0,8,63.9,65.5,52,0,0,0,73.3,58.7,0,0.0,0
788.0,8,2,0,1,0,8,63.2,65.5,53,0,0,0,73.3,58.7,0,0.0,0
789.0,8,2,0,1,0,8,64.6,65.4,51,0,0,0,73.2,58.6,0,0.0,0
790.0,8,2,0,1,0,8,63.9,65.4,52,0,0,0,73.2,58.6,0,0.0,0
791.0,8,2,0,1,0,8,63.9,65.4,52,0,0,0,73.1,58.5,0,0.0,0
792.0,8,2,0,1,0,8,63.9,65.3,52,0,0,0,73.1,58.5,0,0.0,0
793.0,8,2,0,1,0,8,63.9,65.3,52,0,0,0,73.1,58.4,0,0.0,0
794.0,8,2,0,1,0,8,63.9,65.3,52,0,0,0,73.0,58.4,0,0.0,0
795.0,8,2,0,1,0,8,64.6,65.3,51,0,0,0,73.0,58.3,0,0.0,0
796.0,8,2,0,1,0,8,65.3,65.2,50,0,0,0,73.0,58.3,0,0.0,0
797.0,8,2,0,1,0,8,64.6,65.2,51,0,0,0,72.9,58.2,0,0.0,0
798.0,8,2,0,1,0,8,64.6,65.2,51,0,0,0,72.9,58.2,0,0.0,0
799.0,8,2,0,1,0,8,64.6,65.1,51,0,0,0,72.8,58.1,0,0.0,0
800.0,8,2,0,1,0,8,65.3,65.1,50,0,0,0,72.8,58.1,0,0.0,0
801.0,8,2,0,1,0,8,65.3,65.0,50,0,0,0,72.8,58.0,0,0.0,0
802.0,8,2,0,1,0,8,66.0,65.0,49,0,0,0,72.7,57.9,0,0.0,0
803.0,8,2,0,1,0,8,67.4,65.0,47,0,0,0,72.7,57.9,0,0.0,0
804.0,8,2,0,1,0,8,66.0,65.0,49,0,0,0,72.7,57.8,0,0.0,0
805.0,8,2,0,1,0,8,66.0,64.9,49,0,0,0,72.6,57.8,0,0.0,0
806.0,8,2,0,1,0,8,65.3,64.9,50,0,0,0,72.6,57.7,0,0.0,0
807.0,8,2,0,1,0,8,65.3,64.9,50,0,0,0,72.5,57.7,0,0.0,0
808.0,8,2,0,1,0,8,65.3,64.8,50,0,0,0,72.5,57.7,0,0.0,0
809.0,8,2,0,1,0,8,66.7,64.8,48,0,0,0,72.5,57.6,0,0.0,0
810.0,8,2,0,1,0,8,66.0,64.7,49,0,0,0,72.4,57.5,0,0.0,0
811.0,8,2,0,1,0,8,65.3,64.7,50,0,0,0,72.4,57.5,0,0.0,0
812.0,8,2,0,1,0,8,65.3,64.7,50,0,0,0,72.4,57.4,0,0.0,0
813.0,8,2,0,1,0,8,65.3,64.6,50,0,0,0,72.3,57.4,0,0.0,0
814.0,8,2,0,1,0,8,65.3,64.6,50,0,0,0,72.3,57.3,0,0.0,0
815.0,8,2,0,1,0,8,65.3,64.6,50,0,0,0,72.2,57.3,0,0.0,0
816.0,8,2,0,1,0,8,66.0,64.5,49,0,0,0,72.2,57.2,0,0.0,0
817.0,8,2,0,1,0,8,65.3,64.5,50,0,0,0,72.2,57.2,0,0.0,0
818.0,8,2,0,1,0,8,65.3,64.4,50,0,0,0,72.1,57.1,0,0.0,0
819.0,8,2,0,1,0,8,65.3,64.4,50,0,0,0,72.1,57.1,0,0.0,0
820.0,8,2,0,1,0,8,65.3,64.4,50,0,0,0,72.0,57.0,0,0.0,0
821.0,8,2,0,1,0,8,65.3,64.3,50,0,0,0,72.0,57.0,0,0.0,0
822.0,8,2,0,1,0,8,66.0,64.3,49,0,0,0,72.0,56.9,0,0.0,0
823.0,8,2,0,1,0,8,66.7,64.3,48,0,0,0,71.9,56.9,0,0.0,0
824.0,8,2,0,1,0,8,66.0,64.2,49,0,0,0,71.9,56.8,0,0.0,0
825.0,8,2,0,1,0,8,66.7,64.2,48,0,0,0,71.9,56.8,0,0.0,0
826.0,8,2,0,1,0,8,66.7,64.2,48,0,0,0,71.8,56.7,0,0.0,0
827.0,8,2,0,1,0,8,66.7,64.2,48,0,0,0,71.8,56.6,0,0.0,0
828.0,8,2,0,1,0,8,66.7,64.1,48,0,0,0,71.8,56.6,0,0.0,0
829.0,8,2,0,1,0,8,68.1,64.1,46,0,0,0,71.7,56.5,0,0.0,0
830.0,8,2,0,1,0,8,68.1,64.1,46,0,0,0,71.7,56.5,0,0.0,0
831.0,8,2,0,1,0,8,68.1,64.1,46,0,0,0,71.6,56.4,0,0.0,0
832.0,8,2,0,1,0,8,67.4,64.0,47,0,0,0,71.6,56.4,0,0.0,0
833.0,8,2,0,1,0,8,67.4,64.0,47,0,0,0,71.6,56.3,0,0.0,0
834.0,8,2,0,1,0,8,66.7,64.0,48,0,0,0,71.5,56.3,0,0.0,0
835.0,8,2,0,1,0,8,68.1,64.0,46,0,0,0,71.5,56.2,0,0.0,0
836.0,8,2,0,1,0,8,69.4,64.0,44,0,0,0,71.5,56.2,0,0.0,0
837.0,8,2,0,1,0,8,70.1,63.9,43,0,0,0,71.4,56.1,0,0.0,0
838.0,8,2,0,1,0,8,70.1,63.9,43,0,0,0,71.4,56.1,0,0.0,0
839.0,8,2,0,1,0,8,69.4,63.9,44,0,0,0,71.3,56.0,0,0.0,0
840.0,8,2,0,1,0,8,68.8,63.9,45,0,0,0,71.3,56.0,0,0.0,0
841.0,8,2,0,1,0,8,68.8,63.9,45,0,0,0,71.3,55.9,0,0.0,0
842.0,8,2,0,1,0,8,68.8,63.9,45,0,0,0,71.2,55.9,0,0.0,0
843.0,8,2,0,1,0,8,68.8,63.9,45,0,0,0,71.2,55.8,0,0.0,0
844.0,8,2,0,1,0,8,69.4,63.9,44,0,0,0,71.1,55.8,0,0.0,0
845.0,8,2,0,1,0,8,69.4,63.9,44,0,0,0,71.1,55.7,0,0.0,0
846.0,8,2,0,1,0,8,69.4,63.8,44,0,0,0,71.1,55.7,0,0.0,0
847.0,8,2,0,1,0,8,69.4,63.8,44,0,0,0,71.0,55.6,0,0.0,0
848.0,8,2,0,1,0,8,69.4,63.8,44,0,0,0,71.0,55.6,0,0.0,0
849.0,8,2,0,1,0,8,70.1,63.8,43,0,0,0,71.0,55.5,0,0.0,0
850.0,8,2,0,1,0,8,70.1,63.8,43,0,0,0,70.9,55.4,0,0.0,0
851.0,8,2,0,1,0,8,70.1,63.8,43,0,0,0,70.9,55.4,0,0.0,0
852.0,8,2,0,1,0,8,69.4,63.8,44,0,0,0,70.8,55.3,0,0.0,0
853.0,8,2,0,1,0,8,69.4,63.8,44,0,0,0,70.8,55.3,0,0.0,0
854.0,8,2,0,1,0,8,68.8,63.8,45,0,0,0,70.8,55.2,0,0.0,0
855.0,8,2,0,1,0,8,69.4,63.9,44,0,0,0,70.7,55.2,0,0.0,0
856.0,8,2,0,1,0,8,70.8,63.9,42,0,0,0,70.7,55.1,0,0.0,0
857.0,8,2,0,1,0,8,70.8,63.9,42,0,0,0,70.7,55.1,0,0.0,0
858.0,8,2,0,1,0,8,71.5,63.9,41,0,0,0,70.6,55.0,0,0.0,0
859.0,8,2,0,1,0,8,70.8,63.9,42,0,0,0,70.6,55.0,0,0.0,0
860.0,8,2,0,1,0,8,71.5,63.9,41,0,0,0,70.5,54.9,0,0.0,0
861.0,8,2,0,1,0,8,70.8,63.9,42,0,0,0,70.5,54.9,0,0.0,0
862.0,8,2,0,1,0,8,70.8,64.0,42,0,0,0,70.5,54.8,0,0.0,0
863.0,8,2,0,1,0,8,70.8,64.0,42,0,0,0,70.4,54.8,0,0.0,0
864.0,8,2,0,1,0,8,72.9,64.0,39,0,0,0,70.4,54.7,0,0.0,0
865.0,8,2,0,1,0,8,72.9,64.1,39,0,0,0,70.3,54.7,0,0.0,0
866.0,8,2,0,1,0,8,72.2,64.1,40,0,0,0,70.3,54.6,0,0.0,0
867.0,8,2,0,1,0,8,72.2,64.1,40,0,0,0,70.3,54.5,0,0.0,0
868.0,8,2,0,1,0,8,72.2,64.2,40,0,0,0,70.2,54.5,0,0.0,0
869.0,8,2,0,1,0,8,72.2,64.2,40,0,0,0,70.2,54.4,0,0.0,0
870.0,8,2,0,1,0,8,72.2,64.2,40,0,0,0,70.2,54.4,0,0.0,0
871.0,8,2,0,1,0,8,72.9,64.3,39,0,0,0,70.1,54.3,0,0.0,0
872.0,8,2,0,1,0,8,72.9,64.3,39,0,0,0,70.1,54.3,0,0.0,0
873.0,8,2,0,1,0,8,72.9,64.4,39,0,0,0,70.0,54.2,0,0.0,0
874.0,8,2,0,1,0,8,72.9,64.4,39,0,0,0,70.0,54.2,0,0.0,0
875.0,8,2,0,1,0,8,72.2,64.4,40,0,0,0,70.0,54.1,0,0.0,0
876.0,8,2,0,1,0,8,72.9,64.5,39,0,0,0,69.9,54.1,0,0.0,0
877.0,8,2,0,1,0,8,74.3,64.5,37,0,0,0,69.9,54.0,0,0.0,0
878.0,8,2,0,1,0,8,73.6,64.6,38,0,0,0,69.9,54.0,0,0.0,0
879.0,8,2,0,1,0,8,73.6,64.6,38,0,0,0,69.8,53.9,0,0.0,0
880.0,8,2,0,1,0,8,74.3,64.7,37,0,0,0,69.8,53.9,0,0.0,0
881.0,8,2,0,1,0,8,74.3,64.8,37,0,0,0,69.7,53.8,0,0.0,0
882.0,8,2,0,1,0,8,74.3,64.8,37,0,0,0,69.7,53.8,0,0.0,0
883.0,8,2,0,1,0,8,75.0,64.9,36,0,0,0,69.7,53.7,0,0.0,0
884.0,8,2,0,1,0,8,75.0,65.0,36,0,0,0,69.6,53.7,0,0.0,0
885.0,8,2,0,1,0,8,75.0,65.0,36,0,0,0,69.6,53.6,0,0.0,0
886.0,8,2,0,1,0,8,75.7,65.1,35,0,0,0,69.6,53.5,0,0.0,0
887.0,8,2,0,1,0,8,75.7,65.2,35,0,0,0,69.5,53.5,0,0.0,0
888.0,8,2,0,1,0,8,76.4,65.2,34,0,0,0,69.5,53.4,0,0.0,0
889.0,8,2,0,1,0,8,76.4,65.3,34,0,0,0,69.4,53.4,0,0.0,0
890.0,8,2,0,1,0,8,76.4,65.4,34,0,0,0,69.4,53.3,0,0.0,0
891.0,8,2,0,1,0,8,76.4,65.5,34,0,0,0,69.4,53.3,0,0.0,0
892.0,8,2,0,1,0,8,75.7,65.5,35,0,0,0,69.3,53.2,0,0.0,0
893.0,8,2,0,1,0,8,75.0,65.6,36,0,0,0,69.3,53.2,0,0.0,0
894.0,8,2,0,1,0,8,75.7,65.7,35,0,0,0,69.2,53.1,0,0.0,0
895.0,8,2,0,1,0,8,75.7,65.8,35,0,0,0,69.2,53.1,0,0.0,0
896.0,8,2,0,1,0,8,76.4,65.8,34,0,0,0,69.2,53.0,0,0.0,0
897.0,8,2,0,1,0,8,76.4,65.9,34,0,0,0,69.1,53.0,0,0.0,0
898.0,8,2,0,1,0,8,76.4,66.0,34,0,0,0,69.1,52.9,0,0.0,0
899.0,8,2,0,1,0,8,75.0,66.0,36,0,0,0,69.1,52.9,0,0.0,0
900.0,8,2,0,1,0,8,75.0,66.1,36,0,0,0,69.0,52.8,0,0.0,0
901.0,8,2,0,1,0,8,75.7,66.2,35,0,0,0,69.0,52.8,0,0.0,0
902.0,8,2,0,1,0,8,75.7,66.2,35,0,0,0,68.9,52.7,0,0.0,0
903.0,8,2,0,1,0,8,75.7,66.3,35,0,0,0,68.9,52.6,0,0.0,0
904.0,8,2,0,1,0,8,75.7,66.4,35,0,0,0,68.9,52.6,0,0.0,0
905.0,8,2,0,1,0,8,75.7,66.4,35,0,0,0,68.8,52.5,0,0.0,0
906.0,8,2,0,1,0,8,74.3,66.5,37,0,0,0,68.8,52.5,0,0.0,0
907.0,8,2,0,1,0,8,74.3,66.6,37,0,0,0,68.8,52.4,0,0.0,0
908.0,8,2,0,1,0,8,75.0,66.6,36,0,0,0,68.7,52.4,0,0.0,0
909.0,8,2,0,1,0,8,75.0,66.7,36,0,0,0,68.7,52.3,0,0.0,0
910.0,8,2,0,1,0,8,75.7,66.7,35,0,0,0,68.6,52.3,0,0.0,0
911.0,8,2,0,1,0,8,75.0,66.8,36,0,0,0,68.6,52.2,0,0.0,0
912.0,8,2,0,1,0,8,74.3,66.8,37,0,0,0,68.6,52.2,0,0.0,0
913.0,8,2,0,1,0,8,73.6,66.9,38,0,0,0,68.5,52.1,0,0.0,0
914.0,8,2,0,1,0,8,73.6,66.9,38,0,0,0,68.5,52.1,0,0.0,0
915.0,8,2,0,1,0,8,73.6,67.0,38,0,0,0,68.5,52.0,0,0.0,0
916.0,8,2,0,1,0,8,72.9,67.0,39,0,0,0,68.4,52.0,0,0.0,0
917.0,8,2,0,1,0,8,73.6,67.1,38,0,0,0,68.4,51.9,0,0.0,0
918.0,8,2,0,1,0,8,72.2,67.1,40,0,0,0,68.3,51.9,0,0.0,0
919.0,8,2,0,1,0,8,71.5,67.1,41,0,0,0,68.3,51.8,0,0.0,0
920.0,8,2,0,1,0,8,70.8,67.2,42,0,0,0,68.3,51.8,0,0.0,0
921.0,8,2,0,1,0,8,70.8,67.2,42,0,0,0,68.2,51.7,0,0.0,0
922.0,8,2,0,1,0,8,70.8,67.2,42,0,0,0,68.2,51.7,0,0.0,0
923.0,8,2,0,1,0,8,71.5,67.3,41,0,0,0,68.2,51.6,0,0.0,0
924.0,8,2,0,1,0,8,71.5,67.3,41,0,0,0,68.1,51.6,0,0.0,0
925.0,8,2,0,1,0,8,70.8,67.3,42,0,0,0,68.1,51.5,0,0.0,0
926.0,8,2,0,1,0,8,70.1,67.3,43,0,0,0,68.0,51.4,0,0.0,0
927.0,8,2,0,1,0,8,70.1,67.4,43,0,0,0,68.0,51.4,0,0.0,0
928.0,8,2,0,1,0,8,69.4,67.4,44,0,0,0,68.0,51.3,0,0.0,0
929.0,8,2,0,1,0,8,68.8,67.4,45,0,0,0,67.9,51.3,0,0.0,0
930.0,8,2,0,1,0,8,68.8,67.4,45,0,0,0,67.9,51.2,0,0.0,0
931.0,8,2,0,1,0,8,67.4,67.4,47,0,0,0,67.8,51.2,0,0.0,0
932.0,8,2,0,1,0,8,67.4,67.4,47,0,0,0,67.8,51.1,0,0.0,0
933.0,8,2,0,1,0,8,66.7,67.5,48,0,0,0,67.8,51.1,0,0.0,0
934.0,8,2,0,1,0,8,66.0,67.5,49,0,0,0,67.7,51.0,0,0.0,0
935.0,8,2,0,1,0,8,66.0,67.5,49,0,0,0,67.7,51.0,0,0.0,0
936.0,8,2,0,1,0,8,66.0,67.5,49,0,0,0,67.7,50.9,0,0.0,0
937.0,8,2,0,1,0,8,66.0,67.5,49,0,0,0,67.6,50.9,0,0.0,0
938.0,8,2,0,1,0,8,65.3,67.5,50,0,0,0,67.6,50.8,0,0.0,0
939.0,8,2,0,1,0,8,64.6,67.5,51,0,0,0,67.5,50.8,0,0.0,0
940.0,8,2,0,1,0,8,64.6,67.5,51,0,0,0,67.5,50.7,0,0.0,0
941.0,8,2,0,1,0,8,63.9,67.4,52,0,0,0,67.5,50.7,0,0.0,0
942.0,8,2,0,1,0,8,63.9,67.4,52,0,0,0,67.4,50.6,0,0.0,0
943.0,8,2,0,1,0,8,63.9,67.4,52,0,0,0,67.4,50.6,0,0.0,0
944.0,8,2,0,1,0,8,63.9,67.4,52,0,0,0,67.4,50.5,0,0.0,0
945.0,8,2,0,1,0,8,63.2,67.4,53,0,0,0,67.3,50.5,0,0.0,0
946.0,8,2,0,1,0,8,63.2,67.4,53,0,0,0,67.3,50.4,0,0.0,0
947.0,8,2,0,1,0,8,63.9,67.4,52,0,0,0,67.3,50.4,0,0.0,0
948.0,8,2,0,1,0,8,62.5,67.4,54,0,0,0,67.2,50.3,0,0.0,0
949.0,8,2,0,1,0,8,62.5,67.4,54,0,0,0,67.2,50.2,0,0.0,0
950.0,8,2,0,1,0,8,63.9,67.4,52,0,0,0,67.1,50.2,0,0.0,0
951.0,8,2,0,1,0,8,63.9,67.4,52,0,0,0,67.1,50.1,0,0.0,0
952.0,8,2,0,1,0,8,63.2,67.4,53,0,0,0,67.1,50.1,0,0.0,0
953.0,8,2,0,1,0,8,63.2,67.4,53,0,0,0,67.0,50.0,0,0.0,0
954.0,8,2,0,1,0,8,62.5,67.4,54,0,0,0,67.0,50.0,0,0.0,0
955.0,8,2,0,1,0,8,62.5,67.4,54,0,0,0,66.9,49.9,0,0.0,0
956.0,8,2,0,1,0,8,61.8,67.4,55,0,0,0,66.9,49.9,0,0.0,0
957.0,8,2,0,1,0,8,62.5,67.4,54,0,0,0,66.9,49.8,0,0.0,0
958.0,8,2,0,1,0,8,61.8,67.4,55,0,0,0,66.8,49.8,0,0.0,0
959.0,8,2,0,1,0,8,61.8,67.3,55,0,0,0,66.8,49.7,0,0.0,0
960.0,8,2,0,1,0,8,61.8,67.3,55,0,0,0,66.8,49.7,0,0.0,0
961.0,8,2,0,1,0,8,61.8,67.3,55,0,0,0,66.7,49.6,0,0.0,0
962.0,8,2,0,1,0,8,61.8,67.3,55,0,0,0,66.7,49.6,0,0.0,0
963.0,8,2,0,1,0,8,62.5,67.3,54,0,0,0,66.7,49.5,0,0.0,0
964.0,8,2,0,1,0,8,62.5,67.3,54,0,0,0,66.6,49.5,0,0.0,0
965.0,8,2,0,1,0,8,62.5,67.3,54,0,0,0,66.6,49.4,0,0.0,0
966.0,8,2,0,1,0,8,62.5,67.3,54,0,0,0,66.5,49.4,0,0.0,0
967.0,8,2,0,1,0,8,63.2,67.3,53,0,0,0,66.5,49.3,0,0.0,0
968.0,8,2,0,1,0,8,61.8,67.3,55,0,0,0,66.5,49.3,0,0.0,0
969.0,8,2,0,1,0,8,61.8,67.3,55,0,0,0,66.4,49.2,0,0.0,0
970.0,8,2,0,1,0,8,63.2,67.3,53,0,0,0,66.4,49.2,0,0.0,0
971.0,8,2,0,1,0,8,63.2,67.3,53,0,0,0,66.4,49.1,0,0.0,0
972.0,8,2,0,1,0,8,63.9,67.4,52,0,0,0,66.3,49.1,0,0.0,0
973.0,8,2,0,1,0,8,63.9,67.4,52,0,0,0,66.3,49.0,0,0.0,0
974.0,8,2,0,1,0,8,65.3,67.4,50,0,0,0,66.2,48.9,0,0.0,0
975.0,8,2,0,1,0,8,64.6,67.4,51,0,0,0,66.2,48.9,0,0.0,0
976.0,8,2,0,1,0,8,63.9,67.4,52,0,0,0,66.2,48.8,0,0.0,0
977.0,8,2,0,1,0,8,64.6,67.4,51,0,0,0,66.1,48.8,0,0.0,0
978.0,8,2,0,1,0,8,63.2,67.4,53,0,0,0,66.1,48.7,0,0.0,0
979.0,8,2,0,1,0,8,63.9,67.5,52,0,0,0,66.1,48.7,0,0.0,0
980.0,8,2,0,1,0,8,64.6,67.5,51,0,0,0,66.0,48.6,0,0.0,0
981.0,8,2,0,1,0,8,66.0,67.5,49,0,0,0,66.0,48.6,0,0.0,0
982.0,8,2,0,1,0,8,65.3,67.5,50,0,0,0,65.9,48.5,0,0.0,0
983.0,8,2,0,1,0,8,66.0,67.5,49,0,0,0,65.9,48.5,0,0.0,0
984.0,8,2,0,1,0,8,66.0,67.5,49,0,0,0,65.9,48.4,0,0.0,0
985.0,8,2,0,1,0,8,66.0,67.6,49,0,0,0,65.8,48.4,0,0.0,0
986.0,8,2,0,1,0,8,66.0,67.6,49,0,0,0,65.8,48.3,0,0.0,0
987.0,8,2,0,1,0,8,66.0,67.6,49,0,0,0,65.8,48.3,0,0.0,0
988.0,8,2,0,1,0,8,66.0,67.6,49,0,0,0,65.7,48.2,0,0.0,0
989.0,8,2,0,1,0,8,66.0,67.6,49,0,0,0,65.7,48.2,0,0.0,0
990.0,8,2,0,1,0,8,67.4,67.7,47,0,0,0,65.6,48.1,0,0.0,0
991.0,8,2,0,1,0,8,68.1,67.7,46,0,0,0,65.6,48.0,0,0.0,0
992.0,8,2,0,1,0,8,68.1,67.7,46,0,0,0,65.6,48.0,0,0.0,0
993.0,8,2,0,1,0,8,68.1,67.7,46,0,0,0,65.5,47.9,0,0.0,0
994.0,8,2,0,1,0,8,68.8,67.8,45,0,0,0,65.5,47.9,0,0.0,0
995.0,8,2,0,1,0,8,68.8,67.8,45,0,0,0,65.5,47.8,0,0.0,0
996.0,8,2,0,1,0,8,68.8,67.8,45,0,0,0,65.4,47.8,0,0.0,0
997.0,8,2,0,1,0,8,69.4,67.9,44,0,0,0,65.4,47.7,0,0.0,0
998.0,8,2,0,1,0,8,68.8,67.9,45,0,0,0,65.3,47.7,0,0.0,0
999.0,8,2,0,1,0,8,69.4,67.9,44,0,0,0,65.3,47.6,0,0.0,0
1000.0,8,2,0,1,0,8,68.8,68.0,45,0,0,0,65.3,47.6,0,0.0,0
1001.0,8,2,0,1,0,8,69.4,68.0,44,0,0,0,65.2,47.5,0,0.0,0
1002.0,8,2,0,1,0,8,69.4,68.0,44,0,0,0,65.2,47.5,0,0.0,0
1003.0,8,2,0,1,0,8,69.4,68.0,44,0,0,0,65.2,47.4,0,0.0,0
1004.0,8,2,0,1,0,8,69.4,68.1,44,0,0,0,65.1,47.4,0,0.0,0
1005.0,8,2,0,1,0,8,69.4,68.1,44,0,0,0,65.1,47.3,0,0.0,0
1006.0,8,2,0,1,0,8,70.1,68.1,43,0,0,0,65.0,47.3,0,0.0,0
1007.0,8,2,0,1,0,8,69.4,68.1,44,0,0,0,65.0,47.2,0,0.0,0
1008.0,8,2,0,1,0,8,70.1,68.2,43,0,0,0,65.0,47.2,0,0.0,0
1009.0,8,2,0,1,0,8,70.1,68.2,43,0,0,0,64.9,47.1,0,0.0,0
1010.0,8,2,0,1,0,8,70.1,68.2,43,0,0,0,64.9,47.1,0,0.0,0
1011.0,8,2,0,1,0,8,69.4,68.3,44,0,0,0,64.9,47.0,0,0.0,0
1012.0,8,2,0,1,0,8,70.1,68.3,43,0,0,0,64.8,47.0,0,0.0,0
1013.0,8,2,0,1,0,8,70.1,68.3,43,0,0,0,64.8,46.9,0,0.0,0
1014.0,8,2,0,1,0,8,70.1,68.3,43,0,0,0,64.7,46.8,0,0.0,0
1015.0,8,2,0,1,0,8,70.8,68.3,42,0,0,0,64.7,46.8,0,0.0,0
1016.0,8,2,0,1,0,8,70.1,68.4,43,0,0,0,64.7,46.7,0,0.0,0
1017.0,8,2,0,1,0,8,70.1,68.4,43,0,0,0,64.6,46.7,0,0.0,0
1018.0,8,2,0,1,0,8,70.1,68.4,43,0,0,0,64.6,46.6,0,0.0,0
1019.0,8,2,0,1,0,8,70.8,68.4,42,0,0,0,64.6,46.6,0,0.0,0
1020.0,8,2,0,1,0,8,70.8,68.5,42,0,0,0,64.5,46.5,0,0.0,0
1021.0,8,2,0,1,0,8,71.5,68.5,41,0,0,0,64.5,46.5,0,0.0,0
1022.0,8,2,0,1,0,8,71.5,68.5,41,0,0,0,64.4,46.4,0,0.0,0
1023.0,8,2,0,1,0,8,71.5,68.5,41,0,0,0,64.4,46.4,0,0.0,0
1024.0,8,2,0,1,0,8,71.5,68.6,41,0,0,0,64.4,46.3,0,0.0,0
1025.0,8,2,0,1,0,8,70.8,68.6,42,0,0,0,64.3,46.3,0,0.0,0
1026.0,8,2,0,1,0,8,70.8,68.6,42,0,0,0,64.3,46.2,0,0.0,0
1027.0,8,2,0,1,0,8,70.8,68.7,42,0,0,0,64.3,46.2,0,0.0,0
1028.0,8,2,0,1,0,8,71.5,68.7,41,0,0,0,64.2,46.1,0,0.0,0
1029.0,8,2,0,1,0,8,71.5,68.7,41,0,0,0,64.2,46.1,0,0.0,0
1030.0,8,2,0,1,0,8,71.5,68.8,41,0,0,0,64.1,46.0,0,0.0,0
1031.0,8,2,0,1,0,8,70.8,68.8,42,0,0,0,64.1,46.0,0,0.0,0
1032.0,8,2,0,1,0,8,70.8,68.8,42,0,0,0,64.1,45.9,0,0.0,0
1033.0,8,2,0,1,0,8,71.5,68.8,41,0,0,0,64.0,45.9,0,0.0,0
1034.0,8,2,0,1,0,8,71.5,68.9,41,0,0,0,64.0,45.8,0,0.0,0
1035.0,8,2,0,1,0,8,71.5,68.9,41,0,0,0,63.9,45.8,0,0.0,0
1036.0,8,2,0,1,0,8,70.8,68.9,42,0,0,0,63.9,45.7,0,0.0,0
1037.0,8,2,0,1,0,8,70.8,69.0,42,0,0,0,63.9,45.6,0,0.0,0
1038.0,8,2,0,1,0,8,71.5,69.0,41,0,0,0,63.8,45.6,0,0.0,0
1039.0,8,2,0,1,0,8,70.8,69.0,42,0,0,0,63.8,45.6,0,0.0,0
1040.0,8,2,0,1,0,8,70.8,69.0,42,0,0,0,63.8,45.5,0,0.0,0
1041.0,8,2,0,1,0,8,70.8,69.1,42,0,0,0,63.7,45.5,0,0.0,0
1042.0,8,2,0,1,0,8,70.8,69.1,42,0,0,0,63.7,45.4,0,0.0,0
1043.0,8,2,0,1,0,8,70.8,69.1,42,0,0,0,63.6,45.4,0,0.0,0
1044.0,8,2,0,1,0,8,71.5,69.1,41,0,0,0,63.6,45.3,0,0.0,0
1045.0,8,2,0,1,0,8,70.8,69.1,42,0,0,0,63.6,45.3,0,0.0,0
1046.0,8,2,0,1,0,8,70.1,69.2,43,0,0,0,63.5,45.2,0,0.0,0
1047.0,8,2,0,1,0,8,70.1,69.2,43,0,0,0,63.5,45.2,0,0.0,0
1048.0,8,2,0,1,0,8,70.1,69.2,43,0,0,0,63.5,45.1,0,0.0,0
1049.0,8,2,0,1,0,8,70.1,69.2,43,0,0,0,63.4,45.1,0,0.0,0
1050.0,8,2,0,1,0,8,70.1,69.2,43,0,0,0,63.4,45.0,0,0.0,0
1051.0,8,2,0,1,0,8,70.8,69.2,42,0,0,0,63.3,45.0,0,0.0,0
1052.0,8,2,0,1,0,8,70.1,69.3,43,0,0,0,63.3,44.9,0,0.0,0
1053.0,8,2,0,1,0,8,70.8,69.3,42,0,0,0,63.3,44.9,0,0.0,0
1054.0,8,2,0,1,0,8,70.8,69.3,42,0,0,0,63.2,44.8,0,0.0,0
1055.0,8,2,0,1,0,8,70.8,69.3,42,0,0,0,63.2,44.8,0,0.0,0
1056.0,8,2,0,1,0,8,68.8,69.3,45,0,0,0,63.1,44.7,0,0.0,0
1057.0,8,2,0,1,0,8,69.4,69.4,44,0,0,0,63.1,44.6,0,0.0,0
1058.0,8,2,0,1,0,8,68.1,69.4,46,0,0,0,63.1,44.6,0,0.0,0
1059.0,8,2,0,1,0,8,68.1,69.4,46,0,0,0,63.0,44.5,0,0.0,0
1060.0,8,2,0,1,0,8,68.8,69.4,45,0,0,0,63.0,44.5,0,0.0,0
1061.0,8,2,0,1,0,8,68.8,69.4,45,0,0,0,63.0,44.4,0,0.0,0
1062.0,8,2,0,1,0,8,68.1,69.4,46,0,0,0,62.9,44.4,0,0.0,0
1063.0,8,2,0,1,0,8,68.8,69.4,45,0,0,0,62.9,44.3,0,0.0,0
1064.0,8,2,0,1,0,8,69.4,69.5,44,0,0,0,62.8,44.3,0,0.0,0
1065.0,8,2,0,1,0,8,69.4,69.5,44,0,0,0,62.8,44.2,0,0.0,0
1066.0,8,2,0,1,0,8,68.8,69.5,45,0,0,0,62.8,44.2,0,0.0,0
1067.0,8,2,0,1,0,8,68.8,69.5,45,0,0,0,62.7,44.1,0,0.0,0
1068.0,8,2,0,1,0,8,67.4,69.5,47,0,0,0,62.7,44.1,0,0.0,0
1069.0,8,2,0,1,0,8,66.7,69.5,48,0,0,0,62.7,44.0,0,0.0,0
1070.0,8,2,0,1,0,8,67.4,69.5,47,0,0,0,62.6,44.0,0,0.0,0
1071.0,8,2,0,1,0,8,68.1,69.5,46,0,0,0,62.6,43.9,0,0.0,0
1072.0,8,2,0,1,0,8,68.1,69.5,46,0,0,0,62.5,43.9,0,0.0,0
1073.0,8,2,0,1,0,8,68.1,69.5,46,0,0,0,62.5,43.8,0,0.0,0
1074.0,8,2,0,1,0,8,66.7,69.5,48,0,0,0,62.5,43.7,0,0.0,0
1075.0,8,2,0,1,0,8,66.7,69.5,48,0,0,0,62.4,43.7,0,0.0,0
1076.0,8,2,0,1,0,8,66.0,69.5,49,0,0,0,62.4,43.6,0,0.0,0
1077.0,8,2,0,1,0,8,66.0,69.4,49,0,0,0,62.3,43.6,0,0.0,0
1078.0,8,2,0,1,0,8,66.0,69.4,49,0,0,0,62.3,43.5,0,0.0,0
1079.0,8,2,0,1,0,8,66.0,69.4,49,0,0,0,62.3,43.5,0,0.0,0
1080.0,8,2,0,1,0,8,66.0,69.4,49,0,0,0,62.2,43.4,0,0.0,0
1081.0,8,2,0,1,0,8,65.3,69.4,50,0,0,0,62.2,43.4,0,0.0,0
1082.0,8,2,0,1,0,8,64.6,69.4,51,0,0,0,62.2,43.3,0,0.0,0
1083.0,8,2,0,1,0,8,65.3,69.4,50,0,0,0,62.1,43.3,0,0.0,0
1084.0,8,2,0,1,0,8,66.0,69.3,49,0,0,0,62.1,43.2,0,0.0,0
1085.0,8,2,0,1,0,8,67.4,69.3,47,0,0,0,62.1,43.2,0,0.0,0
1086.0,8,2,0,1,0,8,68.1,69.3,46,0,0,0,62.0,43.1,0,0.0,0
1087.0,8,2,0,1,0,8,66.7,69.3,48,0,0,0,62.0,43.1,0,0.0,0
1088.0,8,2,0,1,0,8,65.3,69.3,50,0,0,0,61.9,43.0,0,0.0,0
1089.0,8,2,0,1,0,8,66.0,69.3,49,0,0,0,61.9,43.0,0,0.0,0
1090.0,8,2,0,1,0,8,66.0,69.3,49,0,0,0,61.9,42.9,0,0.0,0
1091.0,8,2,0,1,0,8,66.7,69.2,48,0,0,0,61.8,42.8,0,0.0,0
1092.0,8,2,0,1,0,8,67.4,69.2,47,0,0,0,61.8,42.8,0,0.0,0
1093.0,8,2,0,1,0,8,67.4,69.2,47,0,0,0,61.8,42.7,0,0.0,0
1094.0,8,2,0,1,0,8,67.4,69.2,47,0,0,0,61.7,42.7,0,0.0,0
1095.0,8,2,0,1,0,8,68.1,69.2,46,0,0,0,61.7,42.6,0,0.0,0
1096.0,8,2,0,1,0,8,68.8,69.2,45,0,0,0,61.6,42.6,0,0.0,0
1097.0,8,2,0,1,0,8,68.1,69.2,46,0,0,0,61.6,42.5,0,0.0,0
1098.0,8,2,0,1,0,8,68.1,69.2,46,0,0,0,61.6,42.5,0,0.0,0
1099.0,8,2,0,1,0,8,67.4,69.2,47,0,0,0,61.5,42.4,0,0.0,0
1100.0,8,2,0,1,0,8,68.8,69.2,45,0,0,0,61.5,42.4,0,0.0,0
1101.0,8,2,0,1,0,8,68.1,69.1,46,0,0,0,61.4,42.3,0,0.0,0
1102.0,8,2,0,1,0,8,68.1,69.1,46,0,0,0,61.4,42.3,0,0.0,0
1103.0,8,2,0,1,0,8,68.1,69.1,46,0,0,0,61.4,42.2,0,0.0,0
1104.0,8,2,0,1,0,8,68.1,69.1,46,0,0,0,61.3,42.2,0,0.0,0
1105.0,8,2,0,1,0,8,70.1,69.1,43,0,0,0,61.3,42.1,0,0.0,0
1106.0,8,2,0,1,0,8,70.8,69.1,42,0,0,0,61.3,42.1,0,0.0,0
1107.0,8,2,0,1,0,8,70.8,69.1,42,0,0,0,61.2,42.0,0,0.0,0
1108.0,8,2,0,1,0,8,69.4,69.1,44,0,0,0,61.2,41.9,0,0.0,0
1109.0,8,2,0,1,0,8,70.1,69.1,43,0,0,0,61.1,41.9,0,0.0,0
1110.0,8,2,0,1,0,8,70.1,69.0,43,0,0,0,61.1,41.8,0,0.0,0
1111.0,8,2,0,1,0,8,70.1,69.0,43,0,0,0,61.1,41.8,0,0.0,0
1112.0,8,2,0,1,0,8,70.1,69.0,43,0,0,0,61.0,41.7,0,0.0,0
1113.0,8,2,0,1,0,8,70.1,69.0,43,0,0,0,61.0,41.7,0,0.0,0
1114.0,8,2,0,1,0,8,70.1,69.0,43,0,0,0,61.0,41.6,0,0.0,0
1115.0,8,2,0,1,0,8,70.1,69.0,43,0,0,0,60.9,41.6,0,0.0,0
1116.0,8,2,0,1,0,8,71.5,69.0,41,0,0,0,60.9,41.5,0,0.0,0
1117.0,8,2,0,1,0,8,70.8,69.0,42,0,0,0,60.8,41.5,0,0.0,0
1118.0,8,2,0,1,0,8,70.8,69.0,42,0,0,0,60.8,41.4,0,0.0,0
1119.0,8,2,0,1,0,8,70.8,68.9,42,0,0,0,60.8,41.4,0,0.0,0
1120.0,8,2,0,1,0,8,70.8,68.9,42,0,0,0,60.7,41.3,0,0.0,0
1121.0,8,2,0,1,0,8,71.5,68.9,41,0,0,0,60.7,41.3,0,0.0,0
1122.0,8,2,0,1,0,8,70.8,68.9,42,0,0,0,60.7,41.2,0,0.0,0
1123.0,8,2,0,1,0,8,70.1,68.9,43,0,0,0,60.6,41.2,0,0.0,0
1124.0,8,2,0,1,0,8,70.1,68.9,43,0,0,0,60.6,41.1,0,0.0,0
1125.0,8,2,0,1,0,8,70.1,68.8,43,0,0,0,60.5,41.0,0,0.0,0
1126.0,8,2,0,1,0,8,70.8,68.8,42,0,0,0,60.5,41.0,0,0.0,0
1127.0,8,2,0,1,0,8,70.8,68.8,42,0,0,0,60.5,40.9,0,0.0,0
1128.0,8,2,0,1,0,8,70.1,68.8,43,0,0,0,60.4,40.9,0,0.0,0
1129.0,8,2,0,1,0,8,70.1,68.8,43,0,0,0,60.4,40.8,0,0.0,0
1130.0,8,2,0,1,0,8,70.1,68.7,43,0,0,0,60.3,40.8,0,0.0,0
1131.0,8,2,0,1,0,8,69.4,68.7,44,0,0,0,60.3,40.7,0,0.0,0
1132.0,8,2,0,1,0,8,70.1,68.7,43,0,0,0,60.3,40.7,0,0.0,0
1133.0,8,2,0,1,0,8,70.1,68.7,43,0,0,0,60.2,40.6,0,0.0,0
1134.0,8,2,0,1,0,8,69.4,68.6,44,0,0,0,60.2,40.6,0,0.0,0
1135.0,8,2,0,1,0,8,69.4,68.6,44,0,0,0,60.2,40.5,0,0.0,0
1136.0,8,2,0,1,0,8,70.1,68.6,43,0,0,0,60.1,40.5,0,0.0,0
1137.0,8,2,0,1,0,8,68.8,68.5,45,0,0,0,60.1,40.4,0,0.0,0
1138.0,8,2,0,1,0,8,69.4,68.5,44,0,0,0,60.0,40.4,0,0.0,0
1139.0,8,2,0,1,0,8,69.4,68.5,44,0,0,0,60.0,40.3,0,0.0,0
1140.0,8,2,0,1,0,8,68.1,68.5,46,0,0,0,60.0,40.3,0,0.0,0
1141.0,8,2,0,1,0,8,68.1,68.4,46,0,0,0,59.9,40.2,0,0.0,0
1142.0,8,2,0,1,0,8,68.1,68.4,46,0,0,0,59.9,40.1,0,0.0,0
1143.0,9,1,0,1,0,9,67.4,68.4,47,0,0,0,59.9,40.1,0,0.0,0
1144.0,9,1,0,1,0,9,67.4,68.3,47,0,0,0,59.8,40.0,0,0.0,0
1145.0,9,1,0,1,0,9,67.4,68.3,47,0,0,0,59.8,40.0,0,0.0,0
1146.0,9,1,0,1,0,9,66.7,68.3,48,0,0,0,59.7,39.9,0,0.0,0
1147.0,9,1,0,1,0,9,66.7,68.2,48,0,0,0,59.7,39.9,0,0.0,0
1148.0,9,1,0,1,0,9,66.7,68.2,48,0,0,0,59.6,39.8,0,0.0,0
1149.0,9,1,0,1,0,9,66.0,68.2,49,0,0,0,59.6,39.8,0,0.0,0
1150.0,9,1,0,1,0,9,65.3,68.1,50,0,0,0,59.6,39.7,0,0.0,0
1151.0,9,1,0,1,0,9,65.3,68.1,50,0,0,0,59.5,39.7,0,0.0,0
1152.0,9,1,0,1,0,9,66.0,68.0,49,0,0,0,59.5,39.6,0,0.0,0
1153.0,9,1,0,1,0,9,66.0,68.0,49,0,0,0,59.4,39.6,0,0.0,0
1154.0,9,1,0,1,0,9,66.0,68.0,49,0,0,0,59.4,39.5,0,0.0,0
1155.0,9,1,0,1,0,9,65.3,67.9,50,0,0,0,59.3,39.5,0,0.0,0
1156.0,9,1,0,1,0,9,65.3,67.9,50,0,0,0,59.3,39.4,0,0.0,0
1157.0,9,1,0,1,0,9,65.3,67.9,50,0,0,0,59.3,39.4,0,0.0,0
1158.0,9,1,0,1,0,9,65.3,67.9,50,0,0,0,59.2,39.3,0,0.0,0
1159.0,9,1,0,1,0,9,66.0,67.8,49,0,0,0,59.2,39.3,0,0.0,0
1160.0,9,1,0,1,0,9,66.0,67.8,49,0,0,0,59.1,39.2,0,0.0,0
1161.0,9,1,0,1,0,9,66.7,67.8,48,0,0,0,59.1,39.2,0,0.0,0
1162.0,9,1,0,1,0,9,66.0,67.8,49,0,0,0,59.0,39.1,0,0.0,0
1163.0,10,0,0,1,0,10,66.0,67.7,49,0,0,0,59.0,39.1,0,0.0,0
1164.0,10,0,0,1,0,10,66.0,67.7,49,0,0,0,58.9,39.0,0,0.0,0
1165.0,10,0,0,1,0,10,68.1,67.7,46,0,0,0,58.9,39.0,0,0.0,0
1166.0,10,0,0,1,0,10,68.1,67.7,46,0,0,0,58.9,38.9,0,0.0,0
1167.0,10,0,0,1,0,10,68.1,67.7,46,0,0,0,58.8,38.8,0,0.0,0
1168.0,10,0,0,1,0,10,67.4,67.7,47,0,0,0,58.8,38.8,0,0.0,0
1169.0,10,0,0,1,0,10,67.4,67.7,47,0,0,0,58.7,38.7,0,0.0,0
1170.0,10,0,0,1,0,10,67.4,67.7,47,0,0,0,58.7,38.7,0,0.0,0
1171.0,10,0,0,1,0,10,67.4,67.7,47,0,0,0,58.6,38.6,0,0.0,0
1172.0,10,0,0,1,0,10,67.4,67.7,47,0,0,0,58.6,38.6,0,0.0,0
1173.0,10,0,0,1,0,10,67.4,67.7,47,0,0,0,58.5,38.5,0,0.0,0
1174.0,10,0,0,1,0,10,67.4,67.7,47,0,0,0,58.5,38.5,0,0.0,0
1175.0,10,0,0,1,0,10,68.1,67.7,46,0,0,0,58.4,38.4,0,0.0,0
1176.0,10,0,0,1,0,10,68.8,67.7,45,0,0,0,58.4,38.4,0,0.0,0
1177.0,10,0,0,1,0,10,68.8,67.7,45,0,0,0,58.3,38.3,0,0.0,0
1178.0,10,0,0,1,0,10,68.8,67.7,45,0,0,0,58.3,38.3,0,0.0,0
1179.0,10,0,0,1,0,10,69.4,67.7,44,0,0,0,58.2,38.2,0,0.0,0
1180.0,10,0,0,1,0,10,69.4,67.8,44,0,0,0,58.2,38.2,0,0.0,0
1181.0,10,0,0,1,0,10,70.1,67.8,43,0,0,0,58.1,38.1,0,0.0,0
1182.0,10,0,0,1,0,10,69.4,67.8,44,0,0,0,58.1,38.1,0,0.0,0
1183.0,10,0,0,1,0,10,69.4,67.8,44,0,0,0,58.0,38.0,0,0.0,0
1184.0,10,0,0,1,0,10,69.4,67.9,44,0,0,0,58.0,38.0,0,0.0,0
1185.0,10,0,0,1,0,10,70.1,67.9,43,0,0,0,58.0,37.9,0,0.0,0
1186.0,10,0,0,1,0,10,70.8,67.9,42,0,0,0,57.9,37.9,0,0.0,0
1187.0,10,0,0,1,0,10,70.8,68.0,42,0,0,0,57.9,37.8,0,0.0,0
1188.0,10,0,0,1,0,10,70.8,68.0,42,0,0,0,57.8,37.8,0,0.0,0
1189.0,10,0,0,1,0,10,69.4,68.0,44,0,0,0,57.8,37.7,0,0.0,0
1190.0,10,0,0,1,0,10,69.4,68.0,44,0,0,0,57.7,37.6,0,0.0,0
1191.0,10,0,0,1,0,10,69.4,68.1,44,0,0,0,57.7,37.6,0,0.0,0
1192.0,10,0,0,1,0,10,70.1,68.1,43,0,0,0,57.6,37.5,0,0.0,0
1193.0,10,0,0,1,0,10,69.4,68.1,44,0,0,0,57.6,37.5,0,0.0,0
1194.0,10,0,0,1,0,10,70.1,68.2,43,0,0,0,57.5,37.4,0,0.0,0
1195.0,10,0,0,1,0,10,71.5,68.2,41,0,0,0,57.5,37.4,0,0.0,0
1196.0,10,0,0,1,0,10,70.8,68.2,42,0,0,0,57.4,37.3,0,0.0,0
1197.0,10,0,0,1,0,10,70.8,68.3,42,0,0,0,57.4,37.3,0,0.0,0
1198.0,10,0,0,1,0,10,71.5,68.3,41,0,0,0,57.3,37.2,0,0.0,0
1199.0,10,0,0,1,0,10,72.2,68.3,40,0,0,0,57.3,37.2,0,0.0,0
1200.0,10,0,0,1,0,10,72.9,68.4,39,0,0,0,57.2,37.1,0,0.0,0
1201.0,10,0,0,1,0,10,72.2,68.4,40,0,0,0,57.2,37.1,0,0.0,0
1202.0,10,0,0,1,0,10,73.6,68.5,38,0,0,0,57.1,37.0,0,0.0,0
1203.0,10,0,0,1,0,10,72.9,68.5,39,0,0,0,57.1,37.0,0,0.0,0
1204.0,10,0,0,1,0,10,72.2,68.6,40,0,0,0,57.0,36.9,0,0.0,0
1205.0,10,0,0,1,0,10,72.2,68.6,40,0,0,0,57.0,36.9,0,0.0,0
1206.0,10,0,0,1,0,10,72.2,68.6,40,0,0,0,57.0,36.8,0,0.0,0
1207.0,10,0,0,1,0,10,72.9,68.7,39,0,0,0,56.9,36.7,0,0.0,0
1208.0,10,0,0,1,0,10,72.9,68.7,39,0,0,0,56.9,36.7,0,0.0,0
1209.0,10,0,0,1,0,10,72.9,68.8,39,0,0,0,56.8,36.6,0,0.0,0
1210.0,10,0,0,1,0,10,72.2,68.8,40,0,0,0,56.8,36.6,0,0.0,0
1211.0,10,0,0,1,0,10,72.2,68.9,40,0,0,0,56.7,36.5,0,0.0,0
1212.0,10,0,0,1,0,10,72.2,68.9,40,0,0,0,56.7,36.5,0,0.0,0
1213.0,10,0,0,1,0,10,72.9,68.9,39,0,0,0,56.6,36.4,0,0.0,0
1214.0,10,0,0,1,0,10,73.6,69.0,38,0,0,0,56.6,36.4,0,0.0,0
1215.0,10,0,0,1,0,10,74.3,69.0,37,0,0,0,56.5,36.3,0,0.0,0
1216.0,10,0,0,1,0,10,74.3,69.0,37,0,0,0,56.5,36.3,0,0.0,0
1217.0,10,0,0,1,0,10,73.6,69.1,38,0,0,0,56.4,36.2,0,0.0,0
1218.0,10,0,0,1,0,10,73.6,69.1,38,0,0,0,56.4,36.2,0,0.0,0
1219.0,10,0,0,1,0,10,73.6,69.2,38,0,0,0,56.3,36.1,0,0.0,0
1220.0,10,0,0,1,0,10,73.6,69.2,38,0,0,0,56.3,36.1,0,0.0,0
1221.0,10,0,0,1,0,10,74.3,69.2,37,0,0,0,56.2,36.0,0,0.0,0
1222.0,10,0,0,1,0,10,74.3,69.3,37,0,0,0,56.2,36.0,0,0.0,0
1223.0,10,0,0,1,0,10,74.3,69.3,37,0,0,0,56.2,35.9,0,0.0,0
1224.0,10,0,0,1,0,10,72.9,69.3,39,0,0,0,56.1,35.9,0,0.0,0
1225.0,10,0,0,1,0,10,72.9,69.4,39,0,0,0,56.1,35.8,0,0.0,0
1226.0,10,0,0,1,0,10,73.6,69.4,38,0,0,0,56.0,35.7,0,0.0,0
1227.0,10,0,0,1,0,10,74.3,69.4,37,0,0,0,56.0,35.7,0,0.0,0
1228.0,10,0,0,1,0,10,74.3,69.5,37,0,0,0,55.9,35.6,0,0.0,0
1229.0,10,0,0,1,0,10,75.0,69.5,36,0,0,0,55.9,35.6,0,0.0,0
1230.0,10,0,0,1,0,10,74.3,69.5,37,0,0,0,55.8,35.5,0,0.0,0
1231.0,10,0,0,1,0,10,73.6,69.6,38,0,0,0,55.8,35.5,0,0.0,0
1232.0,10,0,0,1,0,10,73.6,69.6,38,0,0,0,55.7,35.4,0,0.0,0
1233.0,10,0,0,1,0,10,72.9,69.6,39,0,0,0,55.7,35.4,0,0.0,0
1234.0,10,0,0,1,0,10,72.9,69.6,39,0,0,0,55.6,35.3,0,0.0,0
1235.0,10,0,0,1,0,10,72.9,69.6,39,0,0,0,55.6,35.3,0,0.0,0
1236.0,10,0,0,1,0,10,72.2,69.7,40,0,0,0,55.5,35.2,0,0.0,0
1237.0,10,0,0,1,0,10,70.1,69.7,43,0,0,0,55.5,35.2,0,0.0,0
1238.0,10,0,0,1,0,10,70.1,69.7,43,0,0,0,55.4,35.1,0,0.0,0
1239.0,10,0,0,1,0,10,70.1,69.7,43,0,0,0,55.4,35.1,0,0.0,0
1240.0,10,0,0,1,0,10,70.1,69.7,43,0,0,0,55.3,35.0,0,0.0,0
1241.0,10,0,0,1,0,10,70.1,69.7,43,0,0,0,55.3,35.0,0,0.0,0
1242.0,10,0,0,1,0,10,70.1,69.7,43,0,0,0,55.2,34.9,0,0.0,0
1243.0,10,0,0,1,0,10,70.1,69.7,43,0,0,0,55.2,34.8,0,0.0,0
1244.0,10,0,0,1,0,10,68.8,69.7,45,0,0,0,55.1,34.8,0,0.0,0
1245.0,10,0,0,1,0,10,68.8,69.7,45,0,0,0,55.1,34.7,0,0.0,0
1246.0,10,0,0,1,0,10,68.8,69.7,45,0,0,0,55.1,34.7,0,0.0,0
1247.0,10,0,0,1,0,10,69.4,69.7,44,0,0,0,55.0,34.6,0,0.0,0
1248.0,10,0,0,1,0,10,69.4,69.7,44,0,0,0,55.0,34.6,0,0.0,0
1249.0,10,0,0,1,0,10,69.4,69.7,44,0,0,0,54.9,34.5,0,0.0,0
1250.0,10,0,0,1,0,10,69.4,69.7,44,0,0,0,54.9,34.5,0,0.0,0
1251.0,10,0,0,1,0,10,68.8,69.7,45,0,0,0,54.8,34.4,0,0.0,0
1252.0,10,0,0,1,0,10,68.8,69.7,45,0,0,0,54.8,34.4,0,0.0,0
1253.0,10,0,0,1,0,10,69.4,69.6,44,0,0,0,54.7,34.3,0,0.0,0
1254.0,10,0,0,1,0,10,70.1,69.6,43,0,0,0,54.7,34.3,0,0.0,0
1255.0,10,0,0,1,0,10,70.1,69.6,43,0,0,0,54.6,34.2,0,0.0,0
1256.0,10,0,0,1,0,10,69.4,69.6,44,0,0,0,54.6,34.2,0,0.0,0
1257.0,10,0,0,1,0,10,68.8,69.6,45,0,0,0,54.5,34.1,0,0.0,0
1258.0,10,0,0,1,0,10,68.8,69.6,45,0,0,0,54.5,34.1,0,0.0,0
1259.0,10,0,0,1,0,10,68.1,69.6,46,0,0,0,54.4,34.0,0,0.0,0
1260.0,10,0,0,1,0,10,68.8,69.6,45,0,0,0,54.4,34.0,0,0.0,0
1261.0,10,0,0,1,0,10,69.4,69.6,44,0,0,0,54.3,33.9,0,0.0,0
1262.0,10,0,0,1,0,10,69.4,69.6,44,0,0,0,54.3,33.9,0,0.0,0
1263.0,10,0,0,1,0,10,69.4,69.6,44,0,0,0,54.2,33.8,0,0.0,0
1264.0,10,0,0,1,0,10,68.1,69.6,46,0,0,0,54.2,33.8,0,0.0,0
1265.0,10,0,0,1,0,10,66.7,69.6,48,0,0,0,54.2,33.7,0,0.0,0
1266.0,10,0,0,1,0,10,67.4,69.5,47,0,0,0,54.1,33.6,0,0.0,0
1267.0,10,0,0,1,0,10,67.4,69.5,47,0,0,0,54.1,33.6,0,0.0,0
1268.0,10,0,0,1,0,10,68.1,69.5,46,0,0,0,54.0,33.5,0,0.0,0
1269.0,10,0,0,1,0,10,68.8,69.5,45,0,0,0,54.0,33.5,0,0.0,0
1270.0,10,0,0,1,0,10,68.8,69.5,45,0,0,0,53.9,33.4,0,0.0,0
1271.0,10,0,0,1,0,10,68.1,69.5,46,0,0,0,53.9,33.4,0,0.0,0
1272.0,10,0,0,1,0,10,67.4,69.5,47,0,0,0,53.8,33.3,0,0.0,0
1273.0,10,0,0,1,0,10,68.1,69.4,46,0,0,0,53.8,33.3,0,0.0,0
1274.0,10,0,0,1,0,10,68.1,69.4,46,0,0,0,53.7,33.2,0,0.0,0
1275.0,10,0,0,1,0,10,67.4,69.4,47,0,0,0,53.7,33.2,0,0.0,0
1276.0,10,0,0,1,0,10,68.1,69.4,46,0,0,0,53.6,33.1,0,0.0,0
1277.0,10,0,0,1,0,10,67.4,69.4,47,0,0,0,53.6,33.1,0,0.0,0
1278.0,10,0,0,1,0,10,67.4,69.4,47,0,0,0,53.5,33.0,0,0.0,0
1279.0,10,0,0,1,0,10,66.7,69.4,48,0,0,0,53.5,33.0,0,0.0,0
1280.0,10,0,0,1,0,10,66.7,69.3,48,0,0,0,53.4,32.9,0,0.0,0
1281.0,10,0,0,1,0,10,67.4,69.3,47,0,0,0,53.4,32.9,0,0.0,0
1282.0,10,0,0,1,0,10,66.7,69.3,48,0,0,0,53.3,32.8,0,0.0,0
1283.0,10,0,0,1,0,10,67.4,69.3,47,0,0,0,53.3,32.8,0,0.0,0
1284.0,10,0,0,1,0,10,66.7,69.3,48,0,0,0,53.3,32.7,0,0.0,0
1285.0,10,0,0,1,0,10,65.3,69.2,50,0,0,0,53.2,32.7,0,0.0,0
1286.0,10,0,0,1,0,10,65.3,69.2,50,0,0,0,53.2,32.6,0,0.0,0
1287.0,10,0,0,1,0,10,66.0,69.2,49,0,0,0,53.1,32.6,0,0.0,0
1288.0,10,0,0,1,0,10,66.7,69.2,48,0,0,0,53.1,32.5,0,0.0,0
1289.0,10,0,0,1,0,10,68.1,69.2,46,0,0,0,53.0,32.4,0,0.0,0
1290.0,10,0,0,1,0,10,68.1,69.2,46,0,0,0,53.0,32.4,0,0.0,0
1291.0,10,0,0,1,0,10,67.4,69.2,47,0,0,0,52.9,32.3,0,0.0,0
1292.0,10,0,0,1,0,10,67.4,69.2,47,0,0,0,52.9,32.3,0,0.0,0
1293.0,10,0,0,1,0,10,68.1,69.1,46,0,0,0,52.8,32.2,0,0.0,0
1294.0,10,0,0,1,0,10,68.1,69.1,46,0,0,0,52.8,32.2,0,0.0,0
1295.0,10,0,0,1,0,10,68.1,69.1,46,0,0,0,52.7,32.1,0,0.0,0
1296.0,10,0,0,1,0,10,68.1,69.1,46,0,0,0,52.7,32.1,0,0.0,0
1297.0,10,0,0,1,0,10,68.1,69.1,46,0,0,0,52.6,32.0,0,0.0,0
1298.0,10,0,0,1,0,10,68.1,69.1,46,0,0,0,52.6,32.0,0,0.0,0
1299.0,10,0,0,1,0,10,68.8,69.1,45,0,0,0,52.5,31.9,0,0.0,0
1300.0,10,0,0,1,0,10,69.4,69.1,44,0,0,0,52.5,31.9,0,0.0,0
1301.0,10,0,0,1,0,10,70.1,69.1,43,0,0,0,52.5,31.8,0,0.0,0
1302.0,10,0,0,1,0,10,68.8,69.1,45,0,0,0,52.4,31.8,0,0.0,0
1303.0,10,0,0,1,0,10,70.1,69.1,43,0,0,0,52.4,31.7,0,0.0,0
1304.0,10,0,0,1,0,10,70.1,69.1,43,0,0,0,52.3,31.7,0,0.0,0
1305.0,10,0,0,1,0,10,70.1,69.1,43,0,0,0,52.3,31.6,0,0.0,0
1306.0,10,0,0,1,0,10,70.1,69.1,43,0,0,0,52.2,31.6,0,0.0,0
1307.0,10,0,0,1,0,10,70.1,69.1,43,0,0,0,52.2,31.5,0,0.0,0
1308.0,10,0,0,1,0,10,72.2,69.2,40,0,0,0,52.1,31.5,0,0.0,0
1309.0,10,0,0,1,0,10,72.2,69.2,40,0,0,0,52.1,31.4,0,0.0,0
1310.0,10,0,0,1,0,10,72.9,69.2,39,0,0,0,52.0,31.4,0,0.0,0
1311.0,10,0,0,1,0,10,72.9,69.2,39,0,0,0,52.0,31.3,0,0.0,0
1312.0,10,0,0,1,0,10,72.9,69.3,39,0,0,0,51.9,31.2,0,0.0,0
1313.0,10,0,0,1,0,10,72.9,69.3,39,0,0,0,51.9,31.2,0,0.0,0
1314.0,10,0,0,1,0,10,72.9,69.3,39,0,0,0,51.8,31.1,0,0.0,0
1315.0,10,0,0,1,0,10,74.3,69.3,37,0,0,0,51.8,31.1,0,0.0,0
1316.0,10,0,0,1,0,10,74.3,69.4,37,0,0,0,51.8,31.0,0,0.0,0
1317.0,10,0,0,1,0,10,74.3,69.4,37,0,0,0,51.7,31.0,0,0.0,0
1318.0,10,0,0,1,0,10,75.0,69.4,36,0,0,0,51.7,30.9,0,0.0,0
1319.0,10,0,0,1,0,10,75.7,69.5,35,0,0,0,51.6,30.9,0,0.0,0
1320.0,10,0,0,1,0,10,75.7,69.5,35,0,0,0,51.6,30.8,0,0.0,0
1321.0,10,0,0,1,0,10,76.4,69.6,34,0,0,0,51.5,30.8,0,0.0,0
1322.0,10,0,0,1,0,10,77.8,69.6,32,0,0,0,51.5,30.7,0,0.0,0
1323.0,10,0,0,1,0,10,78.5,69.7,31,0,0,0,51.4,30.7,0,0.0,0
1324.0,10,0,0,1,0,10,78.5,69.7,31,0,0,0,51.4,30.6,0,0.0,0
1325.0,10,0,0,1,0,10,78.5,69.8,31,0,0,0,51.3,30.6,0,0.0,0
1326.0,10,0,0,1,0,10,78.5,69.8,31,0,0,0,51.3,30.5,0,0.0,0
1327.0,10,0,0,1,0,10,77.8,69.9,32,0,0,0,51.2,30.5,0,0.0,0
1328.0,10,0,0,1,0,10,79.2,69.9,30,0,0,0,51.2,30.4,0,0.0,0
1329.0,10,0,0,1,0,10,80.6,70.0,28,0,0,0,51.1,30.4,0,0.0,0
1330.0,10,0,0,1,0,10,80.6,70.0,28,0,0,0,51.1,30.3,0,0.0,0
1331.0,10,0,0,1,0,10,81.2,70.1,27,0,0,0,51.0,30.2,0,0.0,0
1332.0,10,0,0,1,0,10,81.2,70.2,27,0,0,0,51.0,30.2,0,0.0,0
1333.0,10,0,0,1,0,10,81.2,70.2,27,0,0,0,50.9,30.1,0,0.0,0
1334.0,10,0,0,1,0,10,81.2,70.3,27,0,0,0,50.9,30.1,0,0.0,0
1335.0,10,0,0,1,0,10,81.9,70.3,26,0,0,0,50.9,30.0,0,0.0,0
1336.0,10,0,0,1,0,10,80.6,70.4,28,0,0,0,50.8,30.0,0,0.0,0
1337.0,10,0,0,1,0,10,80.6,70.4,28,0,0,0,50.8,29.9,0,0.0,0
1338.0,10,0,0,1,0,10,81.2,70.5,27,0,0,0,50.7,29.9,0,0.0,0
1339.0,10,0,0,1,0,10,81.9,70.6,26,0,0,0,50.7,29.8,0,0.0,0
1340.0,10,0,0,1,0,10,81.9,70.6,26,0,0,0,50.6,29.8,0,0.0,0
1341.0,10,0,0,1,0,10,81.9,70.7,26,0,0,0,50.6,29.7,0,0.0,0
1342.0,10,0,0,1,0,10,81.2,70.7,27,0,0,0,50.5,29.7,0,0.0,0
1343.0,10,0,0,1,0,10,80.6,70.8,28,0,0,0,50.5,29.6,0,0.0,0
1344.0,10,0,0,1,0,10,81.2,70.8,27,0,0,0,50.4,29.6,0,0.0,0
1345.0,10,0,0,1,0,10,81.2,70.9,27,0,0,0,50.4,29.5,0,0.0,0
1346.0,10,0,0,1,0,10,81.2,70.9,27,0,0,0,50.3,29.5,0,0.0,0
1347.0,10,0,0,1,0,10,80.6,71.0,28,0,0,0,50.3,29.4,0,0.0,0
1348.0,10,0,0,1,0,10,80.6,71.0,28,0,0,0,50.2,29.3,0,0.0,0
1349.0,10,0,0,1,0,10,80.6,71.0,28,0,0,0,50.2,29.3,0,0.0,0
1350.0,10,0,0,1,0,10,79.9,71.1,29,0,0,0,50.1,29.2,0,0.0,0
1351.0,10,0,0,1,0,10,79.9,71.1,29,0,0,0,50.1,29.2,0,0.0,0
1352.0,10,0,0,1,0,10,79.9,71.2,29,0,0,0,50.0,29.1,0,0.0,0
1353.0,10,0,0,1,0,10,79.9,71.2,29,0,0,0,50.0,29.1,0,0.0,0
1354.0,10,0,0,1,0,10,79.9,71.2,29,0,0,0,50.0,29.0,0,0.0,0
1355.0,10,0,0,1,0,10,79.9,71.3,29,0,0,0,49.9,29.0,0,0.0,0
1356.0,10,0,0,1,0,10,79.2,71.3,30,0,0,0,49.9,28.9,0,0.0,0
1357.0,10,0,0,1,0,10,79.9,71.4,29,0,0,0,49.8,28.9,0,0.0,0
1358.0,10,0,0,1,0,10,79.2,71.4,30,0,0,0,49.8,28.8,0,0.0,0
1359.0,10,0,0,1,0,10,79.2,71.4,30,0,0,0,49.7,28.8,0,0.0,0
1360.0,10,0,0,1,0,10,79.2,71.5,30,0,0,0,49.7,28.7,0,0.0,0
1361.0,10,0,0,1,0,10,78.5,71.5,31,0,0,0,49.6,28.7,0,0.0,0
1362.0,10,0,0,1,0,10,77.8,71.5,32,0,0,0,49.6,28.6,0,0.0,0
1363.0,10,0,0,1,0,10,79.2,71.6,30,0,0,0,49.5,28.6,0,0.0,0
1364.0,10,0,0,1,0,10,79.9,71.6,29,0,0,0,49.5,28.5,0,0.0,0
1365.0,10,0,0,1,0,10,79.9,71.6,29,0,0,0,49.4,28.4,0,0.0,0
1366.0,10,0,0,1,0,10,79.9,71.7,29,0,0,0,49.4,28.4,0,0.0,0
1367.0,10,0,0,1,0,10,79.9,71.7,29,0,0,0,49.3,28.3,0,0.0,0
1368.0,10,0,0,1,0,10,79.9,71.8,29,0,0,0,49.3,28.3,0,0.0,0
1369.0,10,0,0,1,0,10,80.6,71.8,28,0,0,0,49.2,28.2,0,0.0,0
1370.0,10,0,0,1,0,10,80.6,71.8,28,0,0,0,49.2,28.2,0,0.0,0
1371.0,10,0,0,1,0,10,81.2,71.9,27,0,0,0,49.1,28.1,0,0.0,0
1372.0,10,0,0,1,0,10,81.9,71.9,26,0,0,0,49.1,28.1,0,0.0,0
1373.0,10,0,0,1,0,10,81.9,72.0,26,0,0,0,49.0,28.0,0,0.0,0
1374.0,10,0,0,1,0,10,82.6,72.0,25,0,0,0,49.0,28.0,0,0.0,0
1375.0,10,0,0,1,0,10,81.9,72.1,26,0,0,0,49.0,27.9,0,0.0,0
1376.0,10,0,0,1,0,10,82.6,72.1,25,0,0,0,48.9,27.9,0,0.0,0
1377.0,10,0,0,1,0,10,83.3,72.2,24,0,0,0,48.9,27.8,0,0.0,0
1378.0,10,0,0,1,0,10,83.3,72.3,24,0,0,0,48.8,27.8,0,0.0,0
1379.0,10,0,0,1,0,10,82.6,72.3,25,0,0,0,48.8,27.7,0,0.0,0
1380.0,10,0,0,1,0,10,82.6,72.4,25,0,0,0,48.7,27.7,0,0.0,0
1381.0,10,0,0,1,0,10,82.6,72.4,25,0,0,0,48.7,27.6,0,0.0,0
1382.0,10,0,0,1,0,10,82.6,72.5,25,0,0,0,48.6,27.5,0,0.0,0
1383.0,10,0,0,1,0,10,82.6,72.6,25,0,0,0,48.6,27.5,0,0.0,0
1384.0,10,0,0,1,0,10,83.3,72.6,24,0,0,0,48.5,27.4,0,0.0,0
1385.0,10,0,0,1,0,10,83.3,72.7,24,0,0,0,48.5,27.4,0,0.0,0
1386.0,10,0,0,1,0,10,82.6,72.8,25,0,0,0,48.4,27.3,0,0.0,0
1387.0,10,0,0,1,0,10,81.9,72.8,26,0,0,0,48.4,27.3,0,0.0,0
1388.0,10,0,0,1,0,10,81.9,72.9,26,0,0,0,48.3,27.2,0,0.0,0
1389.0,10,0,0,1,0,10,81.9,73.0,26,0,0,0,48.3,27.2,0,0.0,0
1390.0,10,0,0,1,0,10,82.6,73.0,25,0,0,0,48.2,27.1,0,0.0,0
1391.0,10,0,0,1,0,10,82.6,73.1,25,0,0,0,48.2,27.1,0,0.0,0
1392.0,10,0,0,1,0,10,81.9,73.2,26,0,0,0,48.1,27.0,0,0.0,0
1393.0,10,0,0,1,0,10,81.9,73.2,26,0,0,0,48.1,27.0,0,0.0,0
1394.0,10,0,0,1,0,10,83.3,73.3,24,0,0,0,48.0,26.9,0,0.0,0
1395.0,10,0,0,1,0,10,83.3,73.4,24,0,0,0,48.0,26.9,0,0.0,0
1396.0,10,0,0,1,0,10,84.0,73.5,23,0,0,0,48.0,26.8,0,0.0,0
1397.0,10,0,0,1,0,10,84.7,73.5,22,0,0,0,47.9,26.8,0,0.0,0
1398.0,10,0,0,1,0,10,84.0,73.6,23,0,0,0,47.9,26.7,0,0.0,0
1399.0,10,0,0,1,0,10,83.3,73.7,24,0,0,0,47.8,26.7,0,0.0,0
1400.0,10,0,0,1,0,10,82.6,73.8,25,0,0,0,47.8,26.6,0,0.0,0
1401.0,10,0,0,1,0,10,82.6,73.8,25,0,0,0,47.7,26.5,0,0.0,0
1402.0,10,0,0,1,0,10,83.3,73.9,24,0,0,0,47.7,26.5,0,0.0,0
1403.0,10,0,0,1,0,10,83.3,74.0,24,0,0,0,47.6,26.4,0,0.0,0
1404.0,10,0,0,1,0,10,84.0,74.1,23,0,0,0,47.6,26.4,0,0.0,0
1405.0,10,0,0,1,0,10,84.0,74.1,23,0,0,0,47.5,26.3,0,0.0,0
1406.0,10,0,0,1,0,10,82.6,74.2,25,0,0,0,47.5,26.3,0,0.0,0
1407.0,10,0,0,1,0,10,81.9,74.2,26,0,0,0,47.4,26.2,0,0.0,0
1408.0,10,0,0,1,0,10,81.2,74.3,27,0,0,0,47.4,26.2,0,0.0,0
1409.0,10,0,0,1,0,10,80.6,74.4,28,0,0,0,47.3,26.1,0,0.0,0
1410.0,10,0,0,1,0,10,80.6,74.4,28,0,0,0,47.3,26.1,0,0.0,0
1411.0,10,0,0,1,0,10,80.6,74.5,28,0,0,0,47.2,26.0,0,0.0,0
1412.0,10,0,0,1,0,10,80.6,74.5,28,0,0,0,47.2,26.0,0,0.0,0
1413.0,10,0,0,1,0,10,79.2,74.6,30,0,0,0,47.1,25.9,0,0.0,0
1414.0,10,0,0,1,0,10,79.2,74.6,30,0,0,0,47.1,25.9,0,0.0,0
1415.0,10,0,0,1,0,10,78.5,74.7,31,0,0,0,47.0,25.8,0,0.0,0
1416.0,10,0,0,1,0,10,78.5,74.7,31,0,0,0,47.0,25.8,0,0.0,0
1417.0,10,0,0,1,0,10,77.8,74.7,32,0,0,0,47.0,25.7,0,0.0,0
1418.0,10,0,0,1,0,10,77.1,74.8,33,0,0,0,46.9,25.6,0,0.0,0
1419.0,10,0,0,1,0,10,76.4,74.8,34,0,0,0,46.9,25.6,0,0.0,0
1420.0,10,0,0,1,0,10,75.7,74.8,35,0,0,0,46.8,25.5,0,0.0,0
1421.0,10,0,0,1,0,10,76.4,74.9,34,0,0,0,46.8,25.5,0,0.0,0
1422.0,10,0,0,1,0,10,76.4,74.9,34,0,0,0,46.7,25.4,0,0.0,0
1423.0,10,0,0,1,0,10,76.4,74.9,34,0,0,0,46.7,25.4,0,0.0,0
1424.0,10,0,0,1,0,10,76.4,74.9,34,0,0,0,46.6,25.3,0,0.0,0
1425.0,10,0,0,1,0,10,77.1,75.0,33,0,0,0,46.6,25.3,0,0.0,0
1426.0,10,0,0,1,0,10,76.4,75.0,34,0,0,0,46.5,25.2,0,0.0,0
1427.0,10,0,0,1,0,10,75.7,75.0,35,0,0,0,46.5,25.2,0,0.0,0
1428.0,10,0,0,1,0,10,76.4,75.0,34,0,0,0,46.4,25.1,0,0.0,0
1429.0,10,0,0,1,0,10,77.1,75.1,33,0,0,0,46.4,25.1,0,0.0,0
1430.0,10,0,0,1,0,10,77.8,75.1,32,0,0,0,46.3,25.0,0,0.0,0
1431.0,10,0,0,1,0,10,77.8,75.1,32,0,0,0,46.3,25.0,0,0.0,0
1432.0,10,0,0,1,0,10,77.8,75.2,32,0,0,0,46.2,24.9,0,0.0,0
1433.0,10,0,0,1,0,10,77.8,75.2,32,0,0,0,46.2,24.9,0,0.0,0
1434.0,10,0,0,1,0,10,77.8,75.2,32,0,0,0,46.1,24.8,0,0.0,0
1435.0,10,0,0,1,0,10,79.2,75.3,30,0,0,0,46.1,24.7,0,0.0,0
1436.0,10,0,0,1,0,10,78.5,75.3,31,0,0,0,46.1,24.7,0,0.0,0
1437.0,10,0,0,1,0,10,77.8,75.3,32,0,0,0,46.0,24.6,0,0.0,0
1438.0,10,0,0,1,0,10,78.5,75.4,31,0,0,0,46.0,24.6,0,0.0,0
1439.0,10,0,0,1,0,10,79.2,75.4,30,0,0,0,45.9,24.5,0,0.0,0
1440.0,10,0,0,1,0,10,79.9,75.4,29,0,0,0,45.9,24.5,0,0.0,0
1441.0,10,0,0,1,0,10,79.2,75.4,30,0,0,0,45.8,24.4,0,0.0,0
1442.0,10,0,0,1,0,10,79.9,75.5,29,0,0,0,45.8,24.4,0,0.0,0
1443.0,10,0,0,1,0,10,79.2,75.5,30,0,0,0,45.7,24.3,0,0.0,0
1444.0,10,0,0,1,0,10,79.2,75.5,30,0,0,0,45.7,24.3,0,0.0,0
1445.0,10,0,0,1,0,10,79.9,75.6,29,0,0,0,45.6,24.2,0,0.0,0
1446.0,10,0,0,1,0,10,79.9,75.6,29,0,0,0,45.6,24.2,0,0.0,0
1447.0,10,0,0,1,0,10,79.2,75.6,30,0,0,0,45.5,24.1,0,0.0,0
1448.0,10,0,0,1,0,10,79.2,75.6,30,0,0,0,45.5,24.1,0,0.0,0
1449.0,10,0,0,1,0,10,79.2,75.7,30,0,0,0,45.4,24.0,0,0.0,0
1450.0,10,0,0,1,0,10,79.2,75.7,30,0,0,0,45.4,24.0,0,0.0,0
1451.0,10,0,0,1,0,10,79.2,75.7,30,0,0,0,45.3,23.9,0,0.0,0
1452.0,10,0,0,1,0,10,78.5,75.7,31,0,0,0,45.3,23.8,0,0.0,0
1453.0,10,0,0,1,0,10,78.5,75.8,31,0,0,0,45.2,23.8,0,0.0,0
1454.0,10,0,0,1,0,10,77.1,75.8,33,0,0,0,45.2,23.7,0,0.0,0
1455.0,10,0,0,1,0,10,77.8,75.8,32,0,0,0,45.2,23.7,0,0.0,0
1456.0,10,0,0,1,0,10,77.8,75.8,32,0,0,0,45.1,23.6,0,0.0,0
1457.0,10,0,0,1,0,10,77.1,75.8,33,0,0,0,45.1,23.6,0,0.0,0
1458.0,10,0,0,1,0,10,77.1,75.8,33,0,0,0,45.0,23.5,0,0.0,0
1459.0,10,0,0,1,0,10,77.1,75.9,33,0,0,0,45.0,23.5,0,0.0,0
1460.0,10,0,0,1,0,10,77.1,75.9,33,0,0,0,44.9,23.4,0,0.0,0
1461.0,10,0,0,1,0,10,75.0,75.9,36,0,0,0,44.9,23.4,0,0.0,0
1462.0,10,0,0,1,0,10,75.0,75.9,36,0,0,0,44.8,23.3,0,0.0,0
1463.0,10,0,0,1,0,10,75.0,75.9,36,0,0,0,44.8,23.3,0,0.0,0
1464.0,10,0,0,1,0,10,75.0,75.9,36,0,0,0,44.7,23.2,0,0.0,0
1465.0,10,0,0,1,0,10,75.0,75.9,36,0,0,0,44.7,23.2,0,0.0,0
1466.0,10,0,0,1,0,10,75.0,75.9,36,0,0,0,44.6,23.1,0,0.0,0
1467.0,10,0,0,1,0,10,75.0,75.9,36,0,0,0,44.6,23.1,0,0.0,0
1468.0,10,0,0,1,0,10,73.6,75.9,38,0,0,0,44.5,23.0,0,0.0,0
1469.0,10,0,0,1,0,10,73.6,75.9,38,0,0,0,44.5,22.9,0,0.0,0
1470.0,10,0,0,1,0,10,73.6,75.9,38,0,0,0,44.4,22.9,0,0.0,0
1471.0,10,0,0,1,0,10,73.6,75.9,38,0,0,0,44.4,22.8,0,0.0,0
1472.0,10,0,0,1,0,10,73.6,75.9,38,0,0,0,44.3,22.8,0,0.0,0
1473.0,10,0,0,1,0,10,73.6,75.9,38,0,0,0,44.3,22.7,0,0.0,0
1474.0,10,0,0,1,0,10,72.2,75.9,40,0,0,0,44.3,22.7,0,0.0,0
1475.0,10,0,0,1,0,10,72.2,75.9,40,0,0,0,44.2,22.6,0,0.0,0
1476.0,10,0,0,1,0,10,72.2,75.9,40,0,0,0,44.2,22.6,0,0.0,0
1477.0,10,0,0,1,0,10,72.2,75.9,40,0,0,0,44.1,22.5,0,0.0,0
1478.0,10,0,0,1,0,10,72.2,75.9,40,0,0,0,44.1,22.5,0,0.0,0
1479.0,10,0,0,1,0,10,72.2,75.9,40,0,0,0,44.0,22.4,0,0.0,0
1480.0,10,0,0,1,0,10,70.8,75.9,42,0,0,0,44.0,22.4,0,0.0,0
1481.0,10,0,0,1,0,10,69.4,75.9,44,0,0,0,43.9,22.3,0,0.0,0
1482.0,10,0,0,1,0,10,69.4,75.9,44,0,0,0,43.9,22.3,0,0.0,0
1483.0,10,0,0,1,0,10,69.4,75.9,44,0,0,0,43.8,22.2,0,0.0,0
1484.0,10,0,0,1,0,10,69.4,75.9,44,0,0,0,43.8,22.2,0,0.0,0
1485.0,10,0,0,1,0,10,70.1,75.9,43,0,0,0,43.7,22.1,0,0.0,0
1486.0,9,0,1,1,0,10,70.8,75.9,42,0,0,0,43.7,22.0,0,0.0,0
1487.0,9,0,1,1,0,10,70.8,75.9,42,0,0,0,43.6,22.0,0,0.0,0
1488.0,9,0,1,1,0,10,70.1,75.9,43,0,0,0,43.6,22.0,0,0.0,0
1489.0,9,0,1,1,0,10,70.1,75.9,43,0,0,0,43.5,22.0,0,0.0,0
1490.0,9,0,1,1,0,10,69.4,75.9,44,0,0,0,43.5,22.0,0,0.0,0
1491.0,9,0,1,1,0,10,69.4,75.9,44,0,0,0,43.5,22.0,0,0.0,0
1492.0,9,0,1,1,0,10,69.4,75.9,44,0,0,0,43.4,22.0,0,0.0,0
1493.0,8,0,2,1,0,10,69.4,75.9,44,0,0,0,43.4,22.0,0,0.0,0
1494.0,8,0,2,1,0,10,69.4,75.9,44,0,0,0,43.3,22.0,0,0.0,0
1495.0,8,0,2,1,0,10,69.4,75.9,44,0,0,0,43.3,22.0,0,0.0,0
1496.0,7,0,3,1,0,10,69.4,75.9,44,0,0,0,43.3,22.0,0,0.0,0
1497.0,7,0,3,1,0,10,70.1,75.9,43,0,0,0,43.2,22.0,0,0.0,0
1498.0,7,0,3,1,0,10,70.1,76.0,43,0,0,0,43.2,22.0,0,0.0,0
1499.0,7,0,3,1,0,10,70.1,76.0,43,0,0,0,43.2,22.0,0,0.0,0
1500.0,7,0,3,1,0,10,70.8,76.0,42,0,0,0,43.1,22.0,0,0.0,0
1501.0,6,0,4,1,0,10,69.4,76.0,44,0,0,0,43.1,22.0,0,0.0,0
1502.0,6,0,4,1,0,10,70.1,76.0,43,0,0,0,43.1,22.0,0,0.0,0
1503.0,6,0,4,1,0,10,70.1,76.0,43,0,0,0,43.0,22.0,0,0.0,0
1504.0,6,0,4,1,0,10,70.8,76.0,42,0,0,0,43.0,22.0,0,0.0,0
1505.0,6,0,4,1,0,10,70.8,76.0,42,0,0,0,43.0,22.0,0,0.0,0
1506.0,6,0,4,1,0,10,70.8,76.0,42,0,0,0,43.0,22.0,0,0.0,0
1507.0,6,0,4,1,0,10,69.4,76.0,44,0,0,0,42.9,22.0,0,0.0,0
1508.0,6,0,4,1,0,10,68.8,76.0,45,0,0,0,42.9,22.0,0,0.0,0
1509.0,6,0,4,1,0,10,69.4,76.0,44,0,0,0,42.9,22.0,0,0.0,0
1510.0,6,0,4,1,0,10,70.1,76.0,43,0,0,0,42.8,22.0,0,0.0,0
1511.0,6,0,4,1,0,10,70.1,76.1,43,0,0,0,42.8,22.0,0,0.0,0
1512.0,6,0,4,1,0,10,70.1,76.1,43,0,0,0,42.8,22.0,0,0.0,0
1513.0,6,0,4,1,0,10,70.1,76.1,43,0,0,0,42.8,22.0,0,0.0,0
1514.0,6,0,4,1,0,10,69.4,76.1,44,0,0,0,42.7,22.0,0,0.0,0
1515.0,6,0,4,1,0,10,69.4,76.1,44,0,0,0,42.7,22.0,0,0.0,0
1516.0,6,0,4,1,0,10,70.1,76.1,43,0,0,0,42.7,22.0,0,0.0,0
1517.0,6,0,4,1,0,10,70.8,76.1,42,0,0,0,42.6,22.0,0,0.0,0
1518.0,6,0,4,1,0,10,70.8,76.1,42,0,0,0,42.6,22.0,0,0.0,0
1519.0,6,0,4,1,0,10,70.8,76.1,42,0,0,0,42.6,22.0,0,0.0,0
1520.0,6,0,4,1,0,10,70.1,76.2,43,0,0,0,42.6,22.0,0,0.0,0
1521.0,6,0,4,1,0,10,68.8,76.2,45,0,0,0,42.5,22.0,0,0.0,0
1522.0,6,0,4,1,0,10,68.8,76.2,45,0,0,0,42.5,22.0,0,0.0,0
1523.0,6,0,4,1,0,10,68.8,76.2,45,0,0,0,42.5,22.0,0,0.0,0
1524.0,6,0,4,1,0,10,68.1,76.2,46,0,0,0,42.4,22.0,0,0.0,0
1525.0,6,0,4,1,0,10,68.1,76.2,46,0,0,0,42.4,22.0,0,0.0,0
1526.0,6,0,4,1,0,10,67.4,76.2,47,0,0,0,42.4,22.0,0,0.0,0
1527.0,6,0,4,1,0,10,68.1,76.2,46,0,0,0,42.4,22.0,0,0.0,0
1528.0,6,0,4,1,0,10,66.0,76.2,49,0,0,0,42.3,22.0,0,0.0,0
1529.0,6,0,4,1,0,10,66.0,76.2,49,0,0,0,42.3,22.0,0,0.0,0
1530.0,6,0,4,1,0,10,66.0,76.2,49,0,0,0,42.3,22.0,0,0.0,0
1531.0,6,0,4,1,0,10,65.3,76.2,50,0,0,0,42.2,22.0,0,0.0,0
1532.0,6,0,4,1,0,10,64.6,76.2,51,0,0,0,42.2,22.0,0,0.0,0
1533.0,6,0,4,1,0,10,65.3,76.2,50,0,0,0,42.2,22.0,0,0.0,0
1534.0,6,0,4,1,0,10,65.3,76.1,50,0,0,0,42.2,22.0,0,0.0,0
1535.0,6,0,4,1,0,10,63.9,76.1,52,0,0,0,42.1,22.0,0,0.0,0
1536.0,6,0,4,1,0,10,63.2,76.1,53,0,0,0,42.1,22.0,0,0.0,0
1537.0,6,0,4,1,0,10,63.9,76.1,52,0,0,0,42.1,22.0,0,0.0,0
1538.0,6,0,4,1,0,10,63.2,76.1,53,0,0,0,42.0,22.0,0,0.0,0
1539.0,6,0,4,1,0,10,63.2,76.0,53,0,0,0,42.0,22.0,0,0.0,0
1540.0,6,0,4,1,0,10,64.6,76.0,51,0,0,0,42.0,22.0,0,0.0,0
1541.0,6,0,4,1,0,10,63.9,76.0,52,0,0,0,41.9,22.0,0,0.0,0
1542.0,6,0,4,1,0,10,62.5,76.0,54,0,0,0,41.9,22.0,0,0.0,0
1543.0,6,0,4,1,0,10,62.5,75.9,54,0,0,0,41.9,22.0,0,0.0,0
1544.0,6,0,4,1,0,10,62.5,75.9,54,0,0,0,41.9,22.0,0,0.0,0
1545.0,6,0,4,1,0,10,62.5,75.9,54,0,0,0,41.8,22.0,0,0.0,0
1546.0,6,1,3,1,0,9,62.5,75.8,54,0,0,0,48.9,22.1,0,0.0,0
1547.0,6,1,3,1,0,9,62.5,75.8,54,0,0,0,48.9,22.1,0,0.0,0
1548.0,6,1,3,1,0,9,62.5,75.8,54,0,0,0,48.8,22.1,0,0.0,0
1549.0,6,1,3,1,0,9,62.5,75.7,54,0,0,0,48.8,22.1,0,0.0,0
1550.0,6,1,3,1,0,9,62.5,75.7,54,0,0,0,48.8,22.1,0,0.0,0
1551.0,6,1,3,1,0,9,62.5,75.6,54,0,0,0,48.7,22.1,0,0.0,0
1552.0,6,1,3,1,0,9,62.5,75.6,54,0,0,0,48.7,22.1,0,0.0,0
1553.0,6,2,2,1,0,8,62.5,75.6,54,0,0,0,55.7,22.1,0,0.0,0
1554.0,6,2,2,1,0,8,62.5,75.5,54,0,0,0,55.7,22.1,0,0.0,0
1555.0,6,2,2,1,0,8,61.8,75.5,55,0,0,0,55.7,22.1,0,0.0,0
1556.0,6,3,1,1,0,7,61.8,75.4,55,0,0,0,62.6,22.1,0,0.0,0
1557.0,6,3,1,1,0,7,61.8,75.4,55,0,0,0,62.6,22.1,0,0.0,0
1558.0,6,3,1,1,0,7,61.8,75.3,55,0,0,0,62.6,22.1,0,0.0,0
1559.0,6,3,1,1,0,7,61.8,75.2,55,0,0,0,62.6,22.1,0,0.0,0
1560.0,6,3,1,1,0,7,61.8,75.2,55,0,0,0,62.5,22.1,0,0.0,0
1561.0,6,4,0,1,0,6,61.8,75.1,55,0,0,0,69.6,25.9,0,0.0,0
1562.0,6,4,0,1,0,6,60.4,75.1,57,0,0,0,69.6,25.9,0,0.0,0
1563.0,6,4,0,1,0,6,59.7,75.0,58,0,0,0,69.5,25.8,0,0.0,0
1564.0,6,4,0,1,0,6,59.7,74.9,58,0,0,0,69.5,25.8,0,0.0,0
1565.0,6,4,0,1,0,6,59.7,74.8,58,0,0,0,69.5,25.7,0,0.0,0
1566.0,6,4,0,1,0,6,60.4,74.7,57,0,0,0,69.4,25.7,0,0.0,0
1567.0,6,4,0,1,0,6,60.4,74.7,57,0,0,0,69.4,25.6,0,0.0,0
1568.0,6,4,0,1,0,6,60.4,74.6,57,0,0,0,69.4,25.5,0,0.0,0
1569.0,6,4,0,1,0,6,59.7,74.5,58,0,0,0,69.4,25.5,0,0.0,0
1570.0,6,4,0,1,0,6,59.0,74.4,59,0,0,0,69.3,25.4,0,0.0,0
1571.0,6,4,0,1,0,6,58.3,74.3,60,0,0,0,69.3,25.4,0,0.0,0
1572.0,6,4,0,1,0,6,58.3,74.2,60,0,0,0,69.3,25.3,0,0.0,0
1573.0,6,4,0,1,0,6,58.3,74.1,60,0,0,0,69.2,25.3,0,0.0,0
1574.0,6,4,0,1,0,6,59.0,74.0,59,0,0,0,69.2,25.2,0,0.0,0
1575.0,6,4,0,1,0,6,59.0,73.9,59,0,0,0,69.2,25.2,0,0.0,0
1576.0,6,4,0,1,0,6,58.3,73.9,60,0,0,0,69.2,25.1,0,0.0,0
1577.0,6,4,0,1,0,6,58.3,73.8,60,0,0,0,69.1,25.1,0,0.0,0
1578.0,6,4,0,1,0,6,58.3,73.7,60,0,0,0,69.1,25.0,0,0.0,0
1579.0,6,4,0,1,0,6,58.3,73.6,60,0,0,0,69.1,25.0,0,0.0,0
1580.0,6,4,0,1,0,6,58.3,73.5,60,0,0,0,69.0,24.9,0,0.0,0
1581.0,6,4,0,1,0,6,59.0,73.4,59,0,0,0,69.0,24.9,0,0.0,0
1582.0,6,4,0,1,0,6,59.0,73.3,59,0,0,0,69.0,24.8,0,0.0,0
1583.0,6,4,0,1,0,6,56.9,73.2,62,0,0,0,69.0,24.8,0,0.0,0
1584.0,6,4,0,1,0,6,56.9,73.1,62,0,0,0,68.9,24.7,0,0.0,0
1585.0,6,4,0,1,0,6,56.9,73.0,62,0,0,0,68.9,24.6,0,0.0,0
1586.0,6,4,0,1,0,6,56.9,72.9,62,0,0,0,68.9,24.6,0,0.0,0
1587.0,6,4,0,1,0,6,56.9,72.8,62,0,0,0,68.8,24.5,0,0.0,0
1588.0,6,4,0,1,0,6,56.9,72.7,62,0,0,0,68.8,24.5,0,0.0,0
1589.0,6,4,0,1,0,6,56.9,72.6,62,0,0,0,68.8,24.4,0,0.0,0
1590.0,6,4,0,1,0,6,54.9,72.5,65,0,0,0,68.8,24.4,0,0.0,0
1591.0,6,4,0,1,0,6,54.9,72.4,65,0,0,0,68.7,24.3,0,0.0,0
1592.0,6,4,0,1,0,6,54.9,72.3,65,0,0,0,68.7,24.3,0,0.0,0
1593.0,6,4,0,1,0,6,54.9,72.2,65,0,0,0,68.7,24.2,0,0.0,0
1594.0,6,4,0,1,0,6,54.9,72.1,65,0,0,0,68.6,24.2,0,0.0,0
1595.0,6,4,0,1,0,6,54.9,72.0,65,0,0,0,68.6,24.1,0,0.0,0
1596.0,6,4,0,1,0,6,52.8,71.8,68,0,0,0,68.6,24.1,0,0.0,0
1597.0,6,4,0,1,0,6,52.1,71.7,69,0,0,0,68.6,24.0,0,0.0,0
1598.0,6,4,0,1,0,6,51.4,71.6,70,0,0,0,68.5,24.0,0,0.0,0
1599.0,6,4,0,1,0,6,50.7,71.5,71,0,0,0,68.5,23.9,0,0.0,0
1600.0,6,4,0,1,0,6,50.7,71.4,71,0,0,0,68.5,23.9,0,0.0,0
1601.0,6,4,0,1,0,6,51.4,71.3,70,0,0,0,68.4,23.8,0,0.0,0
1602.0,6,4,0,1,0,6,51.4,71.2,70,0,0,0,68.4,23.7,0,0.0,0
1603.0,6,4,0,1,0,6,50.0,71.0,72,0,0,0,68.4,23.7,0,0.0,0
1604.0,6,4,0,1,0,6,50.0,70.9,72,0,0,0,68.4,23.6,0,0.0,0
1605.0,6,4,0,1,0,6,50.0,70.8,72,0,0,0,68.3,23.6,0,0.0,0
1606.0,6,4,0,1,0,6,50.0,70.7,72,0,0,0,68.3,23.5,0,0.0,0
1607.0,6,3,1,1,0,7,49.3,70.5,73,0,0,0,68.3,23.5,0,0.0,0
1608.0,6,3,1,1,0,7,48.6,70.4,74,0,0,0,68.2,23.4,0,0.0,0
1609.0,6,3,1,1,0,7,48.6,70.3,74,0,0,0,68.2,23.4,0,0.0,0
1610.0,6,3,1,1,0,7,47.2,70.1,76,0,0,0,68.2,23.3,0,0.0,0
1611.0,6,3,1,1,0,7,47.2,70.0,76,0,0,0,68.2,23.3,0,0.0,0
1612.0,6,3,1,1,0,7,47.2,69.8,76,0,0,0,68.1,23.2,0,0.0,0
1613.0,6,3,1,1,0,7,46.5,69.7,77,0,0,0,68.1,23.2,0,0.0,0
1614.0,6,3,1,1,0,7,46.5,69.5,77,0,0,0,68.1,23.1,0,0.0,0
1615.0,6,3,1,1,0,7,47.2,69.4,76,0,0,0,68.0,23.1,0,0.0,0
1616.0,6,3,1,1,0,7,45.8,69.3,78,0,0,0,68.0,23.0,0,0.0,0
1617.0,6,3,1,1,0,7,45.8,69.1,78,0,0,0,68.0,23.0,0,0.0,0
1618.0,6,3,1,1,0,7,45.8,68.9,78,0,0,0,68.0,22.9,0,0.0,0
1619.0,6,3,1,1,0,7,45.8,68.8,78,0,0,0,67.9,22.8,0,0.0,0
1620.0,6,3,1,1,0,7,45.8,68.6,78,0,0,0,67.9,22.8,0,0.0,0
1621.0,6,3,1,1,0,7,45.1,68.5,79,0,0,0,67.9,22.7,0,0.0,0
1622.0,6,3,1,1,0,7,45.1,68.3,79,0,0,0,67.8,22.7,0,0.0,0
1623.0,6,3,1,1,0,7,43.8,68.2,81,0,0,0,67.8,22.6,0,0.0,0
1624.0,6,3,1,1,0,7,43.1,68.0,82,0,0,0,67.8,22.6,0,0.0,0
1625.0,6,3,1,1,0,7,43.1,67.8,82,0,0,0,67.8,22.5,0,0.0,0
1626.0,6,3,1,1,0,7,42.4,67.7,83,0,0,0,67.7,22.5,0,0.0,0
1627.0,6,3,1,1,0,7,42.4,67.5,83,0,0,0,67.7,22.4,0,0.0,0
1628.0,6,3,1,1,0,7,42.4,67.3,83,0,0,0,67.7,22.4,0,0.0,0
1629.0,6,3,1,1,0,7,41.0,67.2,85,0,0,0,67.6,22.3,0,0.0,0
1630.0,6,3,1,1,0,7,41.0,67.0,85,0,0,0,67.6,22.3,0,0.0,0
1631.0,6,3,1,1,0,7,40.3,66.8,86,0,0,0,67.6,22.2,0,0.0,0
1632.0,6,2,2,1,0,8,39.6,66.6,87,0,0,0,67.6,22.2,0,0.0,0
1633.0,6,2,2,1,0,8,38.9,66.4,88,0,0,0,67.5,22.1,0,0.0,0
1634.0,6,2,2,1,0,8,38.9,66.3,88,0,0,0,67.5,22.1,0,0.0,0
1635.0,6,2,2,1,0,8,38.9,66.1,88,0,0,0,67.5,22.0,0,0.0,0
1636.0,6,2,2,1,0,8,37.5,65.9,90,0,0,0,67.4,21.9,0,0.0,0
1637.0,6,2,2,1,0,8,38.2,65.7,89,0,0,0,67.4,21.9,0,0.0,0
1638.0,6,2,2,1,0,8,37.5,65.5,90,0,0,0,67.4,21.8,0,0.0,0
1639.0,6,1,3,1,0,9,37.5,65.3,90,0,0,0,67.4,21.8,0,0.0,0
1640.0,6,1,3,1,0,9,36.1,65.1,92,0,0,0,67.3,21.8,0,0.0,0
1641.0,6,1,3,1,0,9,36.1,64.9,92,0,0,0,67.3,21.8,0,0.0,0
1642.0,6,1,3,1,0,9,35.4,64.7,93,0,0,0,67.3,21.8,0,0.0,0
1643.0,6,1,3,1,0,9,35.4,64.5,93,0,0,0,67.2,21.8,0,0.0,0
1644.0,6,1,3,1,0,9,35.4,64.3,93,0,0,0,67.2,21.8,0,0.0,0
1645.0,6,1,3,1,0,9,34.0,64.1,95,0,0,0,67.2,21.8,0,0.0,0
1646.0,6,1,3,1,0,9,34.0,63.9,95,0,0,0,67.1,21.8,0,0.0,0
1647.0,6,1,3,1,0,9,34.0,63.7,95,0,0,0,67.1,21.8,0,0.0,0
1648.0,6,1,3,1,0,9,33.3,63.5,96,0,0,0,67.1,21.8,0,0.0,0
1649.0,6,1,3,1,0,9,34.0,63.3,95,0,0,0,67.1,21.8,0,0.0,0
1650.0,6,1,3,1,0,9,32.6,63.1,97,0,0,0,67.0,21.8,0,0.0,0
1651.0,6,1,3,1,0,9,32.6,62.9,97,0,0,0,67.0,21.8,0,0.0,0
1652.0,6,1,3,1,0,9,31.9,62.7,98,0,0,0,67.0,21.8,0,0.0,0
1653.0,6,1,3,1,0,9,31.9,62.5,98,0,0,0,66.9,21.8,0,0.0,0
1654.0,6,1,3,1,0,9,31.9,62.3,98,0,0,0,66.9,21.8,0,0.0,0
1655.0,6,1,3,1,0,9,31.2,62.1,99,0,0,0,66.9,21.8,0,0.0,0
1656.0,6,1,3,1,0,9,31.2,61.9,99,0,0,0,66.9,21.8,0,0.0,0
1657.0,6,1,3,1,0,9,29.9,61.7,101,0,0,0,66.8,21.8,0,0.0,0
1658.0,6,1,3,1,0,9,29.9,61.5,101,0,0,0,66.8,21.8,0,0.0,0
1659.0,6,1,3,1,0,9,30.6,61.3,100,0,0,0,66.8,21.8,0,0.0,0
1660.0,6,1,3,1,0,9,29.9,61.1,101,0,0,0,66.7,21.8,0,0.0,0
1661.0,6,1,3,1,0,9,28.5,60.9,103,0,0,0,66.7,21.8,0,0.0,0
1662.0,6,1,3,1,0,9,28.5,60.7,103,0,0,0,66.7,21.8,0,0.0,0
1663.0,6,1,3,1,0,9,28.5,60.5,103,0,0,0,66.7,21.8,0,0.0,0
1664.0,6,1,3,1,0,9,28.5,60.3,103,0,0,0,66.6,21.8,0,0.0,0
1665.0,6,1,3,1,0,9,28.5,60.1,103,0,0,0,66.6,21.8,0,0.0,0
1666.0,6,1,3,1,0,9,28.5,59.9,103,0,0,0,66.6,21.8,0,0.0,0
1667.0,6,2,2,1,0,8,28.5,59.7,103,0,0,0,73.4,21.8,0,0.0,0
1668.0,6,2,2,1,0,8,28.5,59.5,103,0,0,0,73.4,21.8,0,0.0,0
1669.0,6,2,2,1,0,8,29.2,59.3,102,0,0,0,73.4,21.8,0,0.0,0
1670.0,6,2,2,1,0,8,27.8,59.1,104,0,0,0,73.3,21.8,0,0.0,0
1671.0,6,2,2,1,0,8,27.8,58.9,104,0,0,0,73.3,21.8,0,0.0,0
1672.0,6,2,2,1,0,8,27.8,58.7,104,0,0,0,73.3,21.8,0,0.0,0
1673.0,6,2,2,1,0,8,27.8,58.5,104,0,0,0,73.2,21.8,0,0.0,0
1674.0,6,2,2,1,0,8,27.8,58.3,104,0,0,0,73.2,21.8,0,0.0,0
1675.0,6,2,2,1,0,8,26.4,58.1,106,0,0,0,73.2,21.8,0,0.0,0
1676.0,6,2,2,1,0,8,25.0,57.9,108,0,0,0,73.2,21.8,0,0.0,0
1677.0,6,2,2,1,0,8,25.0,57.6,108,0,0,0,73.1,21.8,0,0.0,0
1678.0,6,2,2,1,0,8,25.0,57.4,108,0,0,0,73.1,21.7,0,0.0,0
1679.0,6,2,2,1,0,8,25.0,57.2,108,0,0,0,73.1,21.7,0,0.0,0
1680.0,6,2,2,1,0,8,25.0,57.0,108,0,0,0,73.0,21.6,0,0.0,0
1681.0,6,2,2,1,0,8,24.3,56.7,109,0,0,0,73.0,21.5,0,0.0,0
1682.0,6,2,2,1,0,8,24.3,56.5,109,0,0,0,73.0,21.5,0,0.0,0
1683.0,6,1,3,1,0,9,24.3,56.3,109,0,0,0,73.0,21.5,0,0.0,0
1684.0,6,1,3,1,0,9,24.3,56.0,109,0,0,0,72.9,21.5,0,0.0,0
1685.0,6,1,3,1,0,9,23.6,55.8,110,0,0,0,72.9,21.5,0,0.0,0
1686.0,6,1,3,1,0,9,22.9,55.6,111,0,0,0,72.9,21.5,0,0.0,0
1687.0,6,1,3,1,0,9,22.9,55.3,111,0,0,0,72.8,21.5,0,0.0,0
1688.0,6,1,3,1,0,9,22.9,55.1,111,0,0,0,72.8,21.5,0,0.0,0
1689.0,6,1,3,1,0,9,23.6,54.9,110,0,0,0,72.8,21.5,0,0.0,0
1690.0,6,1,3,1,0,9,22.9,54.6,111,0,0,0,72.8,21.5,0,0.0,0
1691.0,6,1,3,1,0,9,22.2,54.4,112,0,0,0,72.7,21.5,0,0.0,0
1692.0,6,2,2,1,0,8,22.2,54.2,112,0,0,0,79.6,21.5,0,0.0,0
1693.0,6,2,2,1,0,8,22.2,53.9,112,0,0,0,79.6,21.5,0,0.0,0
1694.0,6,2,2,1,0,8,22.9,53.7,111,0,0,0,79.5,21.5,0,0.0,0
1695.0,6,2,2,1,0,8,22.9,53.5,111,0,0,0,79.5,21.5,0,0.0,0
1696.0,6,2,2,1,0,8,22.2,53.2,112,0,0,0,79.5,21.5,0,0.0,0
1697.0,6,2,2,1,0,8,22.2,53.0,112,0,0,0,79.5,21.5,0,0.0,0
1698.0,6,2,2,1,0,8,22.2,52.8,112,0,0,0,79.4,21.5,0,0.0,0
1699.0,6,3,1,1,0,7,22.9,52.6,111,0,0,0,86.5,21.5,0,0.0,0
1700.0,6,3,1,1,0,7,22.9,52.3,111,0,0,0,86.5,21.5,0,0.0,0
1701.0,6,3,1,1,0,7,22.9,52.1,111,0,0,0,86.5,21.5,0,0.0,0
1702.0,6,3,1,1,0,7,23.6,51.9,110,0,0,0,86.4,21.5,0,0.0,0
1703.0,6,3,1,1,0,7,23.6,51.7,110,0,0,0,86.4,21.5,0,0.0,0
1704.0,6,3,1,1,0,7,23.6,51.5,110,0,0,0,86.4,21.5,0,0.0,0
1705.0,7,2,1,1,0,8,23.6,51.3,110,0,0,0,86.3,21.5,0,0.0,0
1706.0,7,2,1,1,0,8,23.6,51.1,110,0,0,0,86.3,21.5,0,0.0,0
1707.0,7,2,1,1,0,8,22.9,50.8,111,0,0,0,86.3,21.5,0,0.0,0
1708.0,7,2,1,1,0,8,22.9,50.6,111,0,0,0,86.2,21.5,0,0.0,0
1709.0,7,2,1,1,0,8,24.3,50.4,109,0,0,0,86.2,21.5,0,0.0,0
1710.0,8,1,1,1,0,9,24.3,50.2,109,0,0,0,86.2,21.5,0,0.0,0
1711.0,8,1,1,1,0,9,23.6,50.0,110,0,0,0,86.1,21.5,0,0.0,0
1712.0,8,1,1,1,0,9,23.6,49.8,110,0,0,0,86.1,21.5,0,0.0,0
1713.0,8,1,1,1,0,9,22.9,49.6,111,0,0,0,86.0,21.5,0,0.0,0
1714.0,8,1,1,1,0,9,23.6,49.4,110,0,0,0,86.0,21.5,0,0.0,0
1715.0,8,1,1,1,0,9,24.3,49.2,109,0,0,0,86.0,21.5,0,0.0,0
1716.0,8,1,1,1,0,9,25.0,49.0,108,0,0,0,85.9,21.5,0,0.0,0
1717.0,8,1,1,1,0,9,25.0,48.8,108,0,0,0,85.9,21.5,0,0.0,0
1718.0,8,1,1,1,0,9,25.0,48.6,108,0,0,0,85.9,21.5,0,0.0,0
1719.0,8,1,1,1,0,9,25.0,48.4,108,0,0,0,85.8,21.5,0,0.0,0
1720.0,8,1,1,1,0,9,24.3,48.2,109,0,0,0,85.8,21.5,0,0.0,0
1721.0,8,1,1,1,0,9,25.0,48.0,108,0,0,0,85.7,21.5,0,0.0,0
1722.0,8,1,1,1,0,9,26.4,47.8,106,0,0,0,85.7,21.5,0,0.0,0
1723.0,8,1,1,1,0,9,27.1,47.7,105,0,0,0,85.7,21.5,0,0.0,0
1724.0,8,1,1,1,0,9,27.1,47.5,105,0,0,0,85.6,21.5,0,0.0,0
1725.0,8,1,1,1,0,9,27.1,47.3,105,0,0,0,85.6,21.5,0,0.0,0
1726.0,8,1,1,1,0,9,27.1,47.1,105,0,0,0,85.5,21.5,0,0.0,0
1727.0,8,1,1,1,0,9,27.1,46.9,105,0,0,0,85.5,21.5,0,0.0,0
1728.0,8,1,1,1,0,9,27.1,46.8,105,0,0,0,85.5,21.5,0,0.0,0
1729.0,8,1,1,1,0,9,29.2,46.6,102,0,0,0,85.4,21.5,0,0.0,0
1730.0,8,1,1,1,0,9,29.2,46.4,102,0,0,0,85.4,21.5,0,0.0,0
1731.0,8,1,1,1,0,9,29.2,46.3,102,0,0,0,85.4,21.5,0,0.0,0
1732.0,8,1,1,1,0,9,29.2,46.1,102,0,0,0,85.3,21.5,0,0.0,0
1733.0,8,1,1,1,0,9,29.2,45.9,102,0,0,0,85.3,21.5,0,0.0,0
1734.0,8,1,1,1,0,9,29.9,45.8,101,0,0,0,85.2,21.5,0,0.0,0
1735.0,8,1,1,1,0,9,30.6,45.6,100,0,0,0,85.2,21.5,0,0.0,0
1736.0,8,1,1,1,0,9,31.9,45.4,98,0,0,0,85.2,21.5,0,0.0,0
1737.0,8,1,1,1,0,9,31.9,45.3,98,0,0,0,85.1,21.5,0,0.0,0
1738.0,8,1,1,1,0,9,33.3,45.1,96,0,0,0,85.1,21.5,0,0.0,0
1739.0,8,1,1,1,0,9,34.0,45.0,95,0,0,0,85.1,21.5,0,0.0,0
1740.0,8,1,1,1,0,9,34.0,44.8,95,0,0,0,85.0,21.5,0,0.0,0
1741.0,8,1,1,1,0,9,34.7,44.7,94,0,0,0,85.0,21.5,0,0.0,0
1742.0,8,1,1,1,0,9,34.7,44.5,94,0,0,0,84.9,21.5,0,0.0,0
1743.0,8,2,0,1,0,8,34.7,44.4,94,0,0,0,92.0,68.5,0,0.0,0
1744.0,8,2,0,1,0,8,36.8,44.2,91,0,0,0,92.0,68.4,0,0.0,0
1745.0,8,2,0,1,0,8,36.8,44.1,91,0,0,0,92.0,68.4,0,0.0,0
1746.0,8,2,0,1,0,8,36.8,44.0,91,0,0,0,91.9,68.3,0,0.0,0
1747.0,8,2,0,1,0,8,36.8,43.8,91,0,0,0,91.9,68.3,0,0.0,0
1748.0,8,2,0,1,0,8,36.8,43.7,91,0,0,0,91.8,68.2,0,0.0,0
1749.0,8,2,0,1,0,8,36.8,43.6,91,0,0,0,91.8,68.2,0,0.0,0
1750.0,8,2,0,1,0,8,37.5,43.4,90,0,0,0,91.8,68.1,0,0.0,0
1751.0,8,2,0,1,0,8,37.5,43.3,90,0,0,0,91.7,68.1,0,0.0,0
1752.0,8,2,0,1,0,8,37.5,43.1,90,0,0,0,91.7,68.0,0,0.0,0
1753.0,8,2,0,1,0,8,38.2,43.0,89,0,0,0,91.7,68.0,0,0.0,0
1754.0,8,2,0,1,0,8,38.2,42.9,89,0,0,0,91.6,67.9,0,0.0,0
1755.0,8,2,0,1,0,8,38.2,42.7,89,0,0,0,91.6,67.9,0,0.0,0
1756.0,8,2,0,1,0,8,38.9,42.6,88,0,0,0,91.5,67.8,0,0.0,0
1757.0,8,2,0,1,0,8,39.6,42.5,87,0,0,0,91.5,67.8,0,0.0,0
1758.0,8,2,0,1,0,8,40.3,42.4,86,0,0,0,91.5,67.7,0,0.0,0
1759.0,8,2,0,1,0,8,40.3,42.2,86,0,0,0,91.4,67.6,0,0.0,0
1760.0,8,2,0,1,0,8,40.3,42.1,86,0,0,0,91.4,67.6,0,0.0,0
1761.0,8,2,0,1,0,8,39.6,42.0,87,0,0,0,91.4,67.5,0,0.0,0
1762.0,8,2,0,1,0,8,40.3,41.9,86,0,0,0,91.3,67.5,0,0.0,0
1763.0,8,2,0,1,0,8,40.3,41.8,86,0,0,0,91.3,67.4,0,0.0,0
1764.0,8,2,0,1,0,8,41.0,41.6,85,0,0,0,91.2,67.4,0,0.0,0
1765.0,8,2,0,1,0,8,41.0,41.5,85,0,0,0,91.2,67.3,0,0.0,0
1766.0,8,2,0,1,0,8,41.0,41.4,85,0,0,0,91.2,67.3,0,0.0,0
1767.0,8,2,0,1,0,8,40.3,41.3,86,0,0,0,91.1,67.2,0,0.0,0
1768.0,8,2,0,1,0,8,40.3,41.2,86,0,0,0,91.1,67.2,0,0.0,0
1769.0,8,2,0,1,0,8,40.3,41.1,86,0,0,0,91.0,67.1,0,0.0,0
1770.0,8,2,0,1,0,8,41.0,41.0,85,0,0,0,91.0,67.1,0,0.0,0
1771.0,8,2,0,1,0,8,41.7,40.9,84,0,0,0,91.0,67.0,0,0.0,0
1772.0,8,2,0,1,0,8,41.7,40.8,84,0,0,0,90.9,67.0,0,0.0,0
1773.0,8,2,0,1,0,8,41.7,40.7,84,0,0,0,90.9,66.9,0,0.0,0
1774.0,8,2,0,1,0,8,41.7,40.6,84,0,0,0,90.9,66.9,0,0.0,0
1775.0,8,2,0,1,0,8,41.7,40.5,84,0,0,0,90.8,66.8,0,0.0,0
1776.0,8,2,0,1,0,8,41.7,40.4,84,0,0,0,90.8,66.8,0,0.0,0
1777.0,8,2,0,1,0,8,42.4,40.3,83,0,0,0,90.7,66.7,0,0.0,0
1778.0,8,2,0,1,0,8,44.4,40.2,80,0,0,0,90.7,66.7,0,0.0,0
1779.0,8,2,0,1,0,8,44.4,40.2,80,0,0,0,90.7,66.6,0,0.0,0
1780.0,8,2,0,1,0,8,44.4,40.1,80,0,0,0,90.6,66.6,0,0.0,0
1781.0,8,2,0,1,0,8,45.8,40.0,78,0,0,0,90.6,66.5,0,0.0,0
1782.0,8,2,0,1,0,8,46.5,39.9,77,0,0,0,90.5,66.4,0,0.0,0
1783.0,8,2,0,1,0,8,46.5,39.9,77,0,0,0,90.5,66.4,0,0.0,0
1784.0,8,2,0,1,0,8,47.2,39.8,76,0,0,0,90.5,66.3,0,0.0,0
1785.0,8,2,0,1,0,8,47.9,39.7,75,0,0,0,90.4,66.3,0,0.0,0
1786.0,8,2,0,1,0,8,46.5,39.7,77,0,0,0,90.4,66.2,0,0.0,0
1787.0,8,2,0,1,0,8,47.2,39.6,76,0,0,0,90.4,66.2,0,0.0,0
1788.0,8,2,0,1,0,8,47.2,39.6,76,0,0,0,90.3,66.1,0,0.0,0
1789.0,8,2,0,1,0,8,47.2,39.5,76,0,0,0,90.3,66.1,0,0.0,0
1790.0,8,2,0,1,0,8,47.9,39.4,75,0,0,0,90.2,66.0,0,0.0,0
1791.0,8,2,0,1,0,8,50.0,39.4,72,0,0,0,90.2,66.0,0,0.0,0
1792.0,8,2,0,1,0,8,50.7,39.3,71,0,0,0,90.2,65.9,0,0.0,0
1793.0,8,2,0,1,0,8,51.4,39.3,70,0,0,0,90.1,65.9,0,0.0,0
1794.0,8,2,0,1,0,8,50.7,39.2,71,0,0,0,90.1,65.8,0,0.0,0
1795.0,8,2,0,1,0,8,51.4,39.2,70,0,0,0,90.1,65.8,0,0.0,0
1796.0,8,2,0,1,0,8,52.1,39.1,69,0,0,0,90.0,65.7,0,0.0,0
1797.0,8,2,0,1,0,8,53.5,39.1,67,0,0,0,90.0,65.7,0,0.0,0
1798.0,8,2,0,1,0,8,54.9,39.1,65,0,0,0,89.9,65.6,0,0.0,0
1799.0,8,2,0,1,0,8,54.9,39.1,65,0,0,0,89.9,65.6,0,0.0,0
1800.0,8,2,0,1,0,8,55.6,39.0,64,0,0,0,89.9,65.5,0,0.0,0
1801.0,8,2,0,1,0,8,55.6,39.0,64,0,0,0,89.8,65.4,0,0.0,0
1802.0,8,2,0,1,0,8,56.2,39.0,63,0,0,0,89.8,65.4,0,0.0,0
1803.0,8,2,0,1,0,8,56.9,39.0,62,0,0,0,89.8,65.4,0,0.0,0
1804.0,8,2,0,1,0,8,58.3,39.0,60,0,0,0,89.7,65.3,0,0.0,0
1805.0,8,2,0,1,0,8,59.0,39.0,59,0,0,0,89.7,65.3,0,0.0,0
1806.0,8,2,0,1,0,8,59.0,39.0,59,0,0,0,89.6,65.2,0,0.0,0
1807.0,8,2,0,1,0,8,59.7,39.0,58,0,0,0,89.6,65.1,0,0.0,0
1808.0,8,2,0,1,0,8,59.7,39.0,58,0,0,0,89.6,65.1,0,0.0,0
1809.0,8,2,0,1,0,8,59.7,39.0,58,0,0,0,89.5,65.0,0,0.0,0
1810.0,8,2,0,1,0,8,60.4,39.0,57,0,0,0,89.5,65.0,0,0.0,0
1811.0,8,2,0,1,0,8,61.1,39.0,56,0,0,0,89.5,64.9,0,0.0,0
1812.0,8,2,0,1,0,8,61.8,39.0,55,0,0,0,89.4,64.9,0,0.0,0
1813.0,8,2,0,1,0,8,61.8,39.0,55,0,0,0,89.4,64.8,0,0.0,0
1814.0,8,2,0,1,0,8,61.8,39.0,55,0,0,0,89.3,64.8,0,0.0,0
1815.0,8,2,0,1,0,8,61.8,39.0,55,0,0,0,89.3,64.7,0,0.0,0
1816.0,8,2,0,1,0,8,61.8,39.0,55,0,0,0,89.3,64.7,0,0.0,0
1817.0,8,2,0,1,0,8,63.2,39.1,53,0,0,0,89.2,64.7,0,0.0,0
1818.0,8,2,0,1,0,8,63.2,39.1,53,0,0,0,89.2,64.6,0,0.0,0
1819.0,8,2,0,1,0,8,63.2,39.1,53,0,0,0,89.2,64.6,0,0.0,0
1820.0,8,2,0,1,0,8,63.2,39.1,53,0,0,0,89.1,64.5,0,0.0,0
1821.0,8,2,0,1,0,8,63.2,39.1,53,0,0,0,89.1,64.5,0,0.0,0
1822.0,8,2,0,1,0,8,63.9,39.2,52,0,0,0,89.0,64.4,0,0.0,0
1823.0,8,2,0,1,0,8,63.9,39.2,52,0,0,0,89.0,64.4,0,0.0,0
1824.0,8,2,0,1,0,8,63.2,39.2,53,0,0,0,89.0,64.3,0,0.0,0
1825.0,8,2,0,1,0,8,64.6,39.2,51,0,0,0,88.9,64.2,0,0.0,0
1826.0,8,2,0,1,0,8,64.6,39.3,51,0,0,0,88.9,64.2,0,0.0,0
1827.0,8,2,0,1,0,8,65.3,39.3,50,0,0,0,88.9,64.1,0,0.0,0
1828.0,8,2,0,1,0,8,64.6,39.3,51,0,0,0,88.8,64.1,0,0.0,0
1829.0,8,2,0,1,0,8,64.6,39.4,51,0,0,0,88.8,64.0,0,0.0,0
1830.0,8,2,0,1,0,8,65.3,39.4,50,0,0,0,88.7,64.0,0,0.0,0
1831.0,8,2,0,1,0,8,66.0,39.5,49,0,0,0,88.7,63.9,0,0.0,0
1832.0,8,2,0,1,0,8,66.0,39.5,49,0,0,0,88.7,63.9,0,0.0,0
1833.0,8,2,0,1,0,8,66.0,39.6,49,0,0,0,88.6,63.8,0,0.0,0
1834.0,8,2,0,1,0,8,66.0,39.6,49,0,0,0,88.6,63.8,0,0.0,0
1835.0,8,2,0,1,0,8,66.0,39.6,49,0,0,0,88.5,63.7,0,0.0,0
1836.0,8,2,0,1,0,8,66.0,39.7,49,0,0,0,88.5,63.7,0,0.0,0
1837.0,8,2,0,1,0,8,66.0,39.8,49,0,0,0,88.5,63.6,0,0.0,0
1838.0,8,2,0,1,0,8,66.7,39.8,48,0,0,0,88.4,63.6,0,0.0,0
1839.0,8,2,0,1,0,8,66.7,39.9,48,0,0,0,88.4,63.5,0,0.0,0
1840.0,8,2,0,1,0,8,66.7,40.0,48,0,0,0,88.4,63.5,0,0.0,0
1841.0,8,2,0,1,0,8,66.7,40.0,48,0,0,0,88.3,63.4,0,0.0,0
1842.0,8,2,0,1,0,8,67.4,40.1,47,0,0,0,88.3,63.3,0,0.0,0
1843.0,8,2,0,1,0,8,67.4,40.2,47,0,0,0,88.2,63.3,0,0.0,0
1844.0,8,2,0,1,0,8,66.7,40.2,48,0,0,0,88.2,63.2,0,0.0,0
1845.0,8,2,0,1,0,8,66.7,40.3,48,0,0,0,88.2,63.2,0,0.0,0
1846.0,8,2,0,1,0,8,68.1,40.4,46,0,0,0,88.1,63.1,0,0.0,0
1847.0,8,2,0,1,0,8,68.8,40.5,45,0,0,0,88.1,63.1,0,0.0,0
1848.0,8,2,0,1,0,8,69.4,40.5,44,0,0,0,88.1,63.0,0,0.0,0
1849.0,8,2,0,1,0,8,69.4,40.6,44,0,0,0,88.0,63.0,0,0.0,0
1850.0,8,2,0,1,0,8,69.4,40.7,44,0,0,0,88.0,62.9,0,0.0,0
1851.0,8,2,0,1,0,8,68.8,40.8,45,0,0,0,87.9,62.9,0,0.0,0
1852.0,8,2,0,1,0,8,68.8,40.9,45,0,0,0,87.9,62.8,0,0.0,0
1853.0,8,2,0,1,0,8,68.1,41.0,46,0,0,0,87.9,62.8,0,0.0,0
1854.0,8,2,0,1,0,8,68.8,41.1,45,0,0,0,87.8,62.7,0,0.0,0
1855.0,8,2,0,1,0,8,68.8,41.2,45,0,0,0,87.8,62.7,0,0.0,0
1856.0,8,2,0,1,0,8,69.4,41.3,44,0,0,0,87.8,62.6,0,0.0,0
1857.0,8,2,0,1,0,8,68.8,41.4,45,0,0,0,87.7,62.6,0,0.0,0
1858.0,8,2,0,1,0,8,68.8,41.5,45,0,0,0,87.7,62.5,0,0.0,0
1859.0,8,2,0,1,0,8,69.4,41.6,44,0,0,0,87.6,62.4,0,0.0,0
1860.0,8,2,0,1,0,8,69.4,41.7,44,0,0,0,87.6,62.4,0,0.0,0
1861.0,8,2,0,1,0,8,69.4,41.8,44,0,0,0,87.6,62.3,0,0.0,0
1862.0,8,2,0,1,0,8,69.4,41.9,44,0,0,0,87.5,62.3,0,0.0,0
1863.0,8,2,0,1,0,8,69.4,42.0,44,0,0,0,87.5,62.2,0,0.0,0
1864.0,8,2,0,1,0,8,69.4,42.1,44,0,0,0,87.5,62.2,0,0.0,0
1865.0,8,2,0,1,0,8,69.4,42.2,44,0,0,0,87.4,62.1,0,0.0,0
1866.0,8,2,0,1,0,8,69.4,42.3,44,0,0,0,87.4,62.1,0,0.0,0
1867.0,8,2,0,1,0,8,69.4,42.4,44,0,0,0,87.4,62.0,0,0.0,0
1868.0,8,2,0,1,0,8,69.4,42.5,44,0,0,0,87.3,62.0,0,0.0,0
1869.0,8,2,0,1,0,8,69.4,42.6,44,0,0,0,87.3,61.9,0,0.0,0
1870.0,8,2,0,1,0,8,69.4,42.8,44,0,0,0,87.2,61.9,0,0.0,0
1871.0,8,2,0,1,0,8,69.4,42.9,44,0,0,0,87.2,61.8,0,0.0,0
1872.0,8,2,0,1,0,8,70.1,43.0,43,0,0,0,87.2,61.8,0,0.0,0
1873.0,8,2,0,1,0,8,70.1,43.1,43,0,0,0,87.1,61.7,0,0.0,0
1874.0,8,2,0,1,0,8,70.8,43.3,42,0,0,0,87.1,61.7,0,0.0,0
1875.0,8,2,0,1,0,8,70.8,43.4,42,0,0,0,87.0,61.6,0,0.0,0
1876.0,8,2,0,1,0,8,70.1,43.5,43,0,0,0,87.0,61.5,0,0.0,0
1877.0,8,2,0,1,0,8,70.1,43.7,43,0,0,0,87.0,61.5,0,0.0,0
1878.0,8,2,0,1,0,8,70.1,43.8,43,0,0,0,86.9,61.4,0,0.0,0
1879.0,8,2,0,1,0,8,70.1,43.9,43,0,0,0,86.9,61.4,0,0.0,0
1880.0,8,2,0,1,0,8,70.1,44.1,43,0,0,0,86.9,61.3,0,0.0,0
1881.0,8,2,0,1,0,8,70.8,44.2,42,0,0,0,86.8,61.3,0,0.0,0
1882.0,8,2,0,1,0,8,70.1,44.4,43,0,0,0,86.8,61.2,0,0.0,0
1883.0,8,2,0,1,0,8,70.1,44.5,43,0,0,0,86.7,61.2,0,0.0,0
1884.0,8,2,0,1,0,8,70.1,44.7,43,0,0,0,86.7,61.1,0,0.0,0
1885.0,8,2,0,1,0,8,70.1,44.8,43,0,0,0,86.7,61.1,0,0.0,0
1886.0,8,2,0,1,0,8,70.1,45.0,43,0,0,0,86.6,61.0,0,0.0,0
1887.0,8,2,0,1,0,8,70.1,45.1,43,0,0,0,86.6,61.0,0,0.0,0
1888.0,8,2,0,1,0,8,71.5,45.3,41,0,0,0,86.5,60.9,0,0.0,0
1889.0,8,2,0,1,0,8,71.5,45.4,41,0,0,0,86.5,60.9,0,0.0,0
1890.0,8,2,0,1,0,8,71.5,45.6,41,0,0,0,86.5,60.8,0,0.0,0
1891.0,8,2,0,1,0,8,71.5,45.8,41,0,0,0,86.4,60.8,0,0.0,0
1892.0,8,2,0,1,0,8,71.5,45.9,41,0,0,0,86.4,60.7,0,0.0,0
1893.0,8,2,0,1,0,8,70.8,46.1,42,0,0,0,86.4,60.6,0,0.0,0
1894.0,8,2,0,1,0,8,70.8,46.2,42,0,0,0,86.3,60.6,0,0.0,0
1895.0,8,2,0,1,0,8,71.5,46.4,41,0,0,0,86.3,60.5,0,0.0,0
1896.0,8,2,0,1,0,8,70.8,46.6,42,0,0,0,86.2,60.5,0,0.0,0
1897.0,8,2,0,1,0,8,70.8,46.8,42,0,0,0,86.2,60.4,0,0.0,0
1898.0,8,2,0,1,0,8,70.8,46.9,42,0,0,0,86.2,60.4,0,0.0,0
1899.0,8,2,0,1,0,8,70.1,47.1,43,0,0,0,86.1,60.3,0,0.0,0
1900.0,8,2,0,1,0,8,70.1,47.3,43,0,0,0,86.1,60.3,0,0.0,0
1901.0,8,2,0,1,0,8,70.8,47.4,42,0,0,0,86.1,60.2,0,0.0,0
1902.0,8,2,0,1,0,8,69.4,47.6,44,0,0,0,86.0,60.2,0,0.0,0
1903.0,8,2,0,1,0,8,69.4,47.8,44,0,0,0,86.0,60.1,0,0.0,0
1904.0,8,2,0,1,0,8,68.1,47.9,46,0,0,0,85.9,60.1,0,0.0,0
1905.0,8,2,0,1,0,8,68.1,48.1,46,0,0,0,85.9,60.0,0,0.0,0
1906.0,8,2,0,1,0,8,68.8,48.3,45,0,0,0,85.9,60.0,0,0.0,0
1907.0,8,2,0,1,0,8,68.1,48.4,46,0,0,0,85.8,59.9,0,0.0,0
1908.0,8,2,0,1,0,8,68.8,48.6,45,0,0,0,85.8,59.9,0,0.0,0
1909.0,8,2,0,1,0,8,68.8,48.8,45,0,0,0,85.8,59.8,0,0.0,0
1910.0,8,2,0,1,0,8,68.8,48.9,45,0,0,0,85.7,59.7,0,0.0,0
1911.0,8,2,0,1,0,8,68.1,49.1,46,0,0,0,85.7,59.7,0,0.0,0
1912.0,8,2,0,1,0,8,68.8,49.3,45,0,0,0,85.6,59.6,0,0.0,0
1913.0,8,2,0,1,0,8,68.8,49.5,45,0,0,0,85.6,59.6,0,0.0,0
1914.0,8,2,0,1,0,8,68.1,49.6,46,0,0,0,85.6,59.5,0,0.0,0
1915.0,8,2,0,1,0,8,68.8,49.8,45,0,0,0,85.5,59.5,0,0.0,0
1916.0,8,2,0,1,0,8,68.1,50.0,46,0,0,0,85.5,59.4,0,0.0,0
1917.0,8,2,0,1,0,8,68.1,50.2,46,0,0,0,85.4,59.4,0,0.0,0
1918.0,8,2,0,1,0,8,68.1,50.3,46,0,0,0,85.4,59.3,0,0.0,0
1919.0,8,2,0,1,0,8,68.1,50.5,46,0,0,0,85.4,59.3,0,0.0,0
1920.0,8,2,0,1,0,8,68.1,50.7,46,0,0,0,85.3,59.2,0,0.0,0
1921.0,8,2,0,1,0,8,67.4,50.9,47,0,0,0,85.3,59.2,0,0.0,0
1922.0,8,2,0,1,0,8,68.1,51.1,46,0,0,0,85.3,59.1,0,0.0,0
1923.0,8,2,0,1,0,8,67.4,51.2,47,0,0,0,85.2,59.1,0,0.0,0
1924.0,8,2,0,1,0,8,68.1,51.4,46,0,0,0,85.2,59.0,0,0.0,0
1925.0,8,2,0,1,0,8,68.1,51.6,46,0,0,0,85.1,59.0,0,0.0,0
1926.0,8,2,0,1,0,8,68.1,51.8,46,0,0,0,85.1,58.9,0,0.0,0
1927.0,8,2,0,1,0,8,68.1,52.0,46,0,0,0,85.1,58.8,0,0.0,0
1928.0,8,2,0,1,0,8,68.1,52.2,46,0,0,0,85.0,58.8,0,0.0,0
1929.0,8,2,0,1,0,8,68.8,52.4,45,0,0,0,85.0,58.8,0,0.0,0
1930.0,8,2,0,1,0,8,68.1,52.5,46,0,0,0,85.0,58.7,0,0.0,0
1931.0,8,2,0,1,0,8,68.8,52.7,45,0,0,0,84.9,58.7,0,0.0,0
1932.0,8,2,0,1,0,8,68.8,52.9,45,0,0,0,84.9,58.6,0,0.0,0
1933.0,8,2,0,1,0,8,68.8,53.1,45,0,0,0,84.9,58.6,0,0.0,0
1934.0,8,2,0,1,0,8,69.4,53.3,44,0,0,0,84.8,58.5,0,0.0,0
1935.0,8,2,0,1,0,8,69.4,53.5,44,0,0,0,84.8,58.4,0,0.0,0
1936.0,8,2,0,1,0,8,70.1,53.7,43,0,0,0,84.7,58.4,0,0.0,0
1937.0,8,2,0,1,0,8,70.1,53.9,43,0,0,0,84.7,58.3,0,0.0,0
1938.0,8,2,0,1,0,8,70.8,54.1,42,0,0,0,84.7,58.3,0,0.0,0
1939.0,8,2,0,1,0,8,70.1,54.3,43,0,0,0,84.6,58.2,0,0.0,0
1940.0,8,2,0,1,0,8,70.1,54.5,43,0,0,0,84.6,58.2,0,0.0,0
1941.0,8,2,0,1,0,8,70.1,54.7,43,0,0,0,84.6,58.1,0,0.0,0
1942.0,8,2,0,1,0,8,70.1,54.9,43,0,0,0,84.5,58.1,0,0.0,0
1943.0,8,2,0,1,0,8,70.8,55.1,42,0,0,0,84.5,58.0,0,0.0,0
1944.0,8,2,0,1,0,8,71.5,55.3,41,0,0,0,84.4,58.0,0,0.0,0
1945.0,8,2,0,1,0,8,71.5,55.5,41,0,0,0,84.4,57.9,0,0.0,0
1946.0,8,2,0,1,0,8,71.5,55.7,41,0,0,0,84.4,57.9,0,0.0,0
1947.0,8,2,0,1,0,8,71.5,55.9,41,0,0,0,84.3,57.8,0,0.0,0
1948.0,8,2,0,1,0,8,70.8,56.1,42,0,0,0,84.3,57.8,0,0.0,0
1949.0,8,2,0,1,0,8,71.5,56.3,41,0,0,0,84.2,57.7,0,0.0,0
1950.0,8,2,0,1,0,8,71.5,56.5,41,0,0,0,84.2,57.7,0,0.0,0
1951.0,8,2,0,1,0,8,71.5,56.7,41,0,0,0,84.2,57.6,0,0.0,0
1952.0,8,2,0,1,0,8,70.8,56.9,42,0,0,0,84.1,57.5,0,0.0,0
1953.0,8,2,0,1,0,8,71.5,57.1,41,0,0,0,84.1,57.5,0,0.0,0
1954.0,8,2,0,1,0,8,70.8,57.3,42,0,0,0,84.1,57.4,0,0.0,0
1955.0,8,2,0,1,0,8,70.8,57.5,42,0,0,0,84.0,57.4,0,0.0,0
1956.0,8,2,0,1,0,8,71.5,57.7,41,0,0,0,84.0,57.4,0,0.0,0
1957.0,8,2,0,1,0,8,71.5,57.9,41,0,0,0,83.9,57.3,0,0.0,0
1958.0,8,2,0,1,0,8,71.5,58.1,41,0,0,0,83.9,57.2,0,0.0,0
1959.0,8,2,0,1,0,8,70.8,58.2,42,0,0,0,83.9,57.2,0,0.0,0
1960.0,8,2,0,1,0,8,70.8,58.4,42,0,0,0,83.8,57.1,0,0.0,0
1961.0,8,2,0,1,0,8,70.8,58.6,42,0,0,0,83.8,57.1,0,0.0,0
1962.0,8,2,0,1,0,8,70.8,58.8,42,0,0,0,83.7,57.0,0,0.0,0
1963.0,8,2,0,1,0,8,71.5,59.0,41,0,0,0,83.7,57.0,0,0.0,0
1964.0,8,2,0,1,0,8,71.5,59.2,41,0,0,0,83.7,56.9,0,0.0,0
1965.0,8,2,0,1,0,8,71.5,59.4,41,0,0,0,83.6,56.9,0,0.0,0
1966.0,8,2,0,1,0,8,71.5,59.6,41,0,0,0,83.6,56.8,0,0.0,0
1967.0,8,2,0,1,0,8,72.2,59.7,40,0,0,0,83.6,56.8,0,0.0,0
1968.0,8,2,0,1,0,8,72.2,59.9,40,0,0,0,83.5,56.7,0,0.0,0
1969.0,8,2,0,1,0,8,72.2,60.1,40,0,0,0,83.5,56.7,0,0.0,0
1970.0,8,2,0,1,0,8,72.2,60.3,40,0,0,0,83.4,56.6,0,0.0,0
1971.0,8,2,0,1,0,8,70.8,60.5,42,0,0,0,83.4,56.6,0,0.0,0
1972.0,8,2,0,1,0,8,71.5,60.6,41,0,0,0,83.4,56.5,0,0.0,0
1973.0,8,2,0,1,0,8,71.5,60.8,41,0,0,0,83.3,56.5,0,0.0,0
1974.0,8,2,0,1,0,8,72.2,61.0,40,0,0,0,83.3,56.4,0,0.0,0
1975.0,8,2,0,1,0,8,72.2,61.2,40,0,0,0,83.2,56.3,0,0.0,0
1976.0,8,2,0,1,0,8,72.9,61.3,39,0,0,0,83.2,56.3,0,0.0,0
1977.0,8,2,0,1,0,8,72.9,61.5,39,0,0,0,83.2,56.2,0,0.0,0
1978.0,8,2,0,1,0,8,71.5,61.7,41,0,0,0,83.1,56.2,0,0.0,0
1979.0,8,2,0,1,0,8,71.5,61.8,41,0,0,0,83.1,56.1,0,0.0,0
1980.0,8,2,0,1,0,8,72.2,62.0,40,0,0,0,83.1,56.1,0,0.0,0
1981.0,8,2,0,1,0,8,71.5,62.1,41,0,0,0,83.0,56.0,0,0.0,0
1982.0,8,2,0,1,0,8,71.5,62.3,41,0,0,0,83.0,56.0,0,0.0,0
1983.0,8,2,0,1,0,8,71.5,62.4,41,0,0,0,83.0,55.9,0,0.0,0
1984.0,8,2,0,1,0,8,71.5,62.6,41,0,0,0,82.9,55.9,0,0.0,0
1985.0,8,2,0,1,0,8,71.5,62.7,41,0,0,0,82.9,55.8,0,0.0,0
1986.0,8,2,0,1,0,8,72.2,62.9,40,0,0,0,82.8,55.8,0,0.0,0
1987.0,8,2,0,1,0,8,72.9,63.0,39,0,0,0,82.8,55.7,0,0.0,0
1988.0,8,2,0,1,0,8,72.9,63.2,39,0,0,0,82.8,55.7,0,0.0,0
1989.0,8,2,0,1,0,8,72.9,63.3,39,0,0,0,82.7,55.6,0,0.0,0
1990.0,8,2,0,1,0,8,72.9,63.5,39,0,0,0,82.7,55.6,0,0.0,0
1991.0,8,2,0,1,0,8,72.9,63.6,39,0,0,0,82.6,55.5,0,0.0,0
1992.0,8,2,0,1,0,8,72.9,63.8,39,0,0,0,82.6,55.4,0,0.0,0
1993.0,8,2,0,1,0,8,72.9,63.9,39,0,0,0,82.6,55.4,0,0.0,0
1994.0,8,2,0,1,0,8,73.6,64.1,38,0,0,0,82.5,55.3,0,0.0,0
1995.0,8,2,0,1,0,8,74.3,64.2,37,0,0,0,82.5,55.3,0,0.0,0
1996.0,8,2,0,1,0,8,74.3,64.4,37,0,0,0,82.5,55.2,0,0.0,0
1997.0,8,2,0,1,0,8,74.3,64.5,37,0,0,0,82.4,55.2,0,0.0,0
1998.0,8,2,0,1,0,8,75.0,64.7,36,0,0,0,82.4,55.1,0,0.0,0
1999.0,8,2,0,1,0,8,75.0,64.8,36,0,0,0,82.3,55.1,0,0.0,0
2000.0,8,2,0,1,0,8,75.0,64.9,36,0,0,0,82.3,55.0,0,0.0,0
2001.0,8,2,0,1,0,8,75.0,65.1,36,0,0,0,82.3,55.0,0,0.0,0
2002.0,8,2,0,1,0,8,75.0,65.2,36,0,0,0,82.2,54.9,0,0.0,0
2003.0,8,2,0,1,0,8,75.0,65.4,36,0,0,0,82.2,54.9,0,0.0,0
2004.0,8,2,0,1,0,8,75.0,65.5,36,0,0,0,82.2,54.8,0,0.0,0
2005.0,8,2,0,1,0,8,75.7,65.7,35,0,0,0,82.1,54.8,0,0.0,0
2006.0,8,2,0,1,0,8,76.4,65.8,34,0,0,0,82.1,54.7,0,0.0,0
2007.0,8,2,0,1,0,8,76.4,66.0,34,0,0,0,82.0,54.7,0,0.0,0
2008.0,8,2,0,1,0,8,77.1,66.1,33,0,0,0,82.0,54.6,0,0.0,0
2009.0,8,2,0,1,0,8,77.1,66.3,33,0,0,0,82.0,54.6,0,0.0,0
2010.0,8,2,0,1,0,8,77.1,66.4,33,0,0,0,81.9,54.5,0,0.0,0
2011.0,8,2,0,1,0,8,77.1,66.6,33,0,0,0,81.9,54.4,0,0.0,0
2012.0,8,2,0,1,0,8,77.1,66.7,33,0,0,0,81.9,54.4,0,0.0,0
2013.0,8,2,0,1,0,8,77.1,66.9,33,0,0,0,81.8,54.3,0,0.0,0
2014.0,8,2,0,1,0,8,77.8,67.0,32,0,0,0,81.8,54.3,0,0.0,0
2015.0,8,2,0,1,0,8,77.8,67.2,32,0,0,0,81.7,54.2,0,0.0,0
2016.0,8,2,0,1,0,8,77.8,67.3,32,0,0,0,81.7,54.2,0,0.0,0
2017.0,8,2,0,1,0,8,77.8,67.5,32,0,0,0,81.7,54.1,0,0.0,0
2018.0,8,2,0,1,0,8,77.8,67.6,32,0,0,0,81.6,54.1,0,0.0,0
2019.0,8,2,0,1,0,8,77.8,67.7,32,0,0,0,81.6,54.0,0,0.0,0
2020.0,8,2,0,1,0,8,77.1,67.9,33,0,0,0,81.5,54.0,0,0.0,0
2021.0,8,2,0,1,0,8,75.7,68.0,35,0,0,0,81.5,53.9,0,0.0,0
2022.0,8,2,0,1,0,8,75.7,68.1,35,0,0,0,81.5,53.9,0,0.0,0
2023.0,8,2,0,1,0,8,75.7,68.2,35,0,0,0,81.4,53.8,0,0.0,0
2024.0,8,2,0,1,0,8,75.7,68.4,35,0,0,0,81.4,53.8,0,0.0,0
2025.0,8,2,0,1,0,8,75.7,68.5,35,0,0,0,81.4,53.7,0,0.0,0
2026.0,8,2,0,1,0,8,75.7,68.6,35,0,0,0,81.3,53.7,0,0.0,0
2027.0,8,2,0,1,0,8,75.0,68.7,36,0,0,0,81.3,53.6,0,0.0,0
2028.0,8,2,0,1,0,8,75.7,68.8,35,0,0,0,81.2,53.5,0,0.0,0
2029.0,8,2,0,1,0,8,75.7,69.0,35,0,0,0,81.2,53.5,0,0.0,0
2030.0,8,2,0,1,0,8,75.0,69.1,36,0,0,0,81.2,53.5,0,0.0,0
2031.0,8,2,0,1,0,8,74.3,69.2,37,0,0,0,81.1,53.4,0,0.0,0
2032.0,8,2,0,1,0,8,75.0,69.3,36,0,0,0,81.1,53.4,0,0.0,0
2033.0,8,2,0,1,0,8,75.0,69.4,36,0,0,0,81.1,53.3,0,0.0,0
2034.0,8,2,0,1,0,8,75.0,69.5,36,0,0,0,81.0,53.2,0,0.0,0
2035.0,8,2,0,1,0,8,75.0,69.6,36,0,0,0,81.0,53.2,0,0.0,0
2036.0,8,2,0,1,0,8,75.7,69.7,35,0,0,0,80.9,53.1,0,0.0,0
2037.0,8,2,0,1,0,8,75.7,69.8,35,0,0,0,80.9,53.1,0,0.0,0
2038.0,8,2,0,1,0,8,75.7,69.8,35,0,0,0,80.9,53.0,0,0.0,0
2039.0,8,2,0,1,0,8,76.4,69.9,34,0,0,0,80.8,53.0,0,0.0,0
2040.0,8,2,0,1,0,8,76.4,70.0,34,0,0,0,80.8,52.9,0,0.0,0
2041.0,8,2,0,1,0,8,76.4,70.1,34,0,0,0,80.8,52.9,0,0.0,0
2042.0,8,2,0,1,0,8,76.4,70.2,34,0,0,0,80.7,52.8,0,0.0,0
2043.0,8,2,0,1,0,8,76.4,70.3,34,0,0,0,80.7,52.8,0,0.0,0
2044.0,8,2,0,1,0,8,76.4,70.4,34,0,0,0,80.6,52.7,0,0.0,0
2045.0,8,2,0,1,0,8,77.8,70.4,32,0,0,0,80.6,52.7,0,0.0,0
2046.0,8,2,0,1,0,8,78.5,70.5,31,0,0,0,80.6,52.6,0,0.0,0
2047.0,8,2,0,1,0,8,78.5,70.6,31,0,0,0,80.5,52.6,0,0.0,0
2048.0,8,2,0,1,0,8,78.5,70.7,31,0,0,0,80.5,52.5,0,0.0,0
2049.0,8,2,0,1,0,8,78.5,70.7,31,0,0,0,80.4,52.5,0,0.0,0
2050.0,8,2,0,1,0,8,78.5,70.8,31,0,0,0,80.4,52.4,0,0.0,0
2051.0,8,2,0,1,0,8,78.5,70.9,31,0,0,0,80.4,52.3,0,0.0,0
2052.0,8,2,0,1,0,8,77.8,71.0,32,0,0,0,80.3,52.3,0,0.0,0
2053.0,8,2,0,1,0,8,77.8,71.0,32,0,0,0,80.3,52.2,0,0.0,0
2054.0,8,2,0,1,0,8,76.4,71.1,34,0,0,0,80.3,52.2,0,0.0,0
2055.0,8,2,0,1,0,8,77.8,71.2,32,0,0,0,80.2,52.1,0,0.0,0
2056.0,8,2,0,1,0,8,78.5,71.2,31,0,0,0,80.2,52.1,0,0.0,0
2057.0,8,2,0,1,0,8,78.5,71.3,31,0,0,0,80.2,52.0,0,0.0,0
2058.0,8,2,0,1,0,8,78.5,71.4,31,0,0,0,80.1,52.0,0,0.0,0
2059.0,8,2,0,1,0,8,77.8,71.4,32,0,0,0,80.1,51.9,0,0.0,0
2060.0,8,2,0,1,0,8,76.4,71.5,34,0,0,0,80.0,51.9,0,0.0,0
2061.0,8,2,0,1,0,8,76.4,71.5,34,0,0,0,80.0,51.8,0,0.0,0
2062.0,8,2,0,1,0,8,77.1,71.6,33,0,0,0,80.0,51.8,0,0.0,0
2063.0,8,2,0,1,0,8,76.4,71.6,34,0,0,0,79.9,51.7,0,0.0,0
2064.0,8,2,0,1,0,8,76.4,71.7,34,0,0,0,79.9,51.7,0,0.0,0
2065.0,8,2,0,1,0,8,76.4,71.7,34,0,0,0,79.9,51.6,0,0.0,0
2066.0,8,2,0,1,0,8,75.7,71.8,35,0,0,0,79.8,51.6,0,0.0,0
2067.0,8,2,0,1,0,8,74.3,71.8,37,0,0,0,79.8,51.5,0,0.0,0
2068.0,8,2,0,1,0,8,75.0,71.9,36,0,0,0,79.7,51.5,0,0.0,0
2069.0,8,2,0,1,0,8,75.0,71.9,36,0,0,0,79.7,51.4,0,0.0,0
2070.0,8,2,0,1,0,8,75.0,71.9,36,0,0,0,79.7,51.4,0,0.0,0
2071.0,8,2,0,1,0,8,75.0,72.0,36,0,0,0,79.6,51.3,0,0.0,0
2072.0,8,2,0,1,0,8,74.3,72.0,37,0,0,0,79.6,51.3,0,0.0,0
2073.0,8,2,0,1,0,8,73.6,72.0,38,0,0,0,79.6,51.2,0,0.0,0
2074.0,8,2,0,1,0,8,72.9,72.1,39,0,0,0,79.5,51.1,0,0.0,0
2075.0,8,2,0,1,0,8,72.9,72.1,39,0,0,0,79.5,51.1,0,0.0,0
2076.0,8,2,0,1,0,8,72.9,72.1,39,0,0,0,79.4,51.0,0,0.0,0
2077.0,8,2,0,1,0,8,72.2,72.2,40,0,0,0,79.4,51.0,0,0.0,0
2078.0,8,2,0,1,0,8,72.2,72.2,40,0,0,0,79.4,51.0,0,0.0,0
2079.0,8,2,0,1,0,8,72.2,72.2,40,0,0,0,79.3,50.9,0,0.0,0
2080.0,8,2,0,1,0,8,71.5,72.2,41,0,0,0,79.3,50.8,0,0.0,0
2081.0,8,2,0,1,0,8,70.8,72.2,42,0,0,0,79.2,50.8,0,0.0,0
2082.0,8,2,0,1,0,8,70.8,72.3,42,0,0,0,79.2,50.7,0,0.0,0
2083.0,8,2,0,1,0,8,70.8,72.3,42,0,0,0,79.2,50.7,0,0.0,0
2084.0,8,2,0,1,0,8,70.1,72.3,43,0,0,0,79.1,50.6,0,0.0,0
2085.0,8,2,0,1,0,8,70.1,72.3,43,0,0,0,79.1,50.6,0,0.0,0
2086.0,8,2,0,1,0,8,69.4,72.3,44,0,0,0,79.1,50.5,0,0.0,0
2087.0,8,2,0,1,0,8,68.8,72.3,45,0,0,0,79.0,50.5,0,0.0,0
2088.0,8,2,0,1,0,8,68.8,72.3,45,0,0,0,79.0,50.4,0,0.0,0
2089.0,8,2,0,1,0,8,68.8,72.3,45,0,0,0,78.9,50.4,0,0.0,0
2090.0,8,2,0,1,0,8,68.8,72.3,45,0,0,0,78.9,50.3,0,0.0,0
2091.0,8,2,0,1,0,8,68.8,72.3,45,0,0,0,78.9,50.3,0,0.0,0
2092.0,8,2,0,1,0,8,68.8,72.3,45,0,0,0,78.8,50.2,0,0.0,0
2093.0,8,2,0,1,0,8,68.8,72.3,45,0,0,0,78.8,50.2,0,0.0,0
2094.0,8,2,0,1,0,8,68.1,72.3,46,0,0,0,78.8,50.1,0,0.0,0
2095.0,8,2,0,1,0,8,68.1,72.3,46,0,0,0,78.7,50.1,0,0.0,0
2096.0,8,2,0,1,0,8,68.1,72.3,46,0,0,0,78.7,50.0,0,0.0,0
2097.0,8,2,0,1,0,8,68.1,72.3,46,0,0,0,78.6,50.0,0,0.0,0
2098.0,8,2,0,1,0,8,68.1,72.3,46,0,0,0,78.6,49.9,0,0.0,0
2099.0,8,2,0,1,0,8,68.1,72.3,46,0,0,0,78.6,49.8,0,0.0,0
2100.0,8,2,0,1,0,8,69.4,72.3,44,0,0,0,78.5,49.8,0,0.0,0
2101.0,8,2,0,1,0,8,69.4,72.3,44,0,0,0,78.5,49.7,0,0.0,0
2102.0,8,2,0,1,0,8,69.4,72.3,44,0,0,0,78.5,49.7,0,0.0,0
2103.0,8,2,0,1,0,8,69.4,72.3,44,0,0,0,78.4,49.6,0,0.0,0
2104.0,8,2,0,1,0,8,69.4,72.3,44,0,0,0,78.4,49.6,0,0.0,0
2105.0,8,2,0,1,0,8,69.4,72.3,44,0,0,0,78.3,49.5,0,0.0,0
2106.0,8,2,0,1,0,8,69.4,72.3,44,0,0,0,78.3,49.5,0,0.0,0
2107.0,8,2,0,1,0,8,70.1,72.3,43,0,0,0,78.3,49.4,0,0.0,0
2108.0,8,2,0,1,0,8,69.4,72.3,44,0,0,0,78.2,49.4,0,0.0,0
2109.0,8,2,0,1,0,8,70.8,72.3,42,0,0,0,78.2,49.3,0,0.0,0
2110.0,8,2,0,1,0,8,70.8,72.3,42,0,0,0,78.2,49.3,0,0.0,0
2111.0,8,2,0,1,0,8,70.8,72.3,42,0,0,0,78.1,49.2,0,0.0,0
2112.0,8,2,0,1,0,8,70.1,72.3,43,0,0,0,78.1,49.2,0,0.0,0
2113.0,8,2,0,1,0,8,70.1,72.3,43,0,0,0,78.0,49.1,0,0.0,0
2114.0,8,2,0,1,0,8,69.4,72.3,44,0,0,0,78.0,49.1,0,0.0,0
2115.0,8,2,0,1,0,8,70.1,72.3,43,0,0,0,78.0,49.0,0,0.0,0
2116.0,8,2,0,1,0,8,70.1,72.3,43,0,0,0,77.9,48.9,0,0.0,0
2117.0,8,2,0,1,0,8,70.1,72.3,43,0,0,0,77.9,48.9,0,0.0,0
2118.0,8,2,0,1,0,8,70.1,72.3,43,0,0,0,77.8,48.8,0,0.0,0
2119.0,8,2,0,1,0,8,69.4,72.3,44,0,0,0,77.8,48.8,0,0.0,0
2120.0,8,2,0,1,0,8,68.1,72.3,46,0,0,0,77.8,48.8,0,0.0,0
2121.0,8,2,0,1,0,8,68.8,72.3,45,0,0,0,77.7,48.7,0,0.0,0
2122.0,8,2,0,1,0,8,68.8,72.3,45,0,0,0,77.7,48.6,0,0.0,0
2123.0,8,2,0,1,0,8,69.4,72.3,44,0,0,0,77.7,48.6,0,0.0,0
2124.0,8,2,0,1,0,8,69.4,72.3,44,0,0,0,77.6,48.5,0,0.0,0
2125.0,8,2,0,1,0,8,69.4,72.3,44,0,0,0,77.6,48.5,0,0.0,0
2126.0,8,2,0,1,0,8,69.4,72.3,44,0,0,0,77.5,48.4,0,0.0,0
2127.0,8,2,0,1,0,8,68.8,72.2,45,0,0,0,77.5,48.4,0,0.0,0
2128.0,8,2,0,1,0,8,68.8,72.2,45,0,0,0,77.5,48.3,0,0.0,0
2129.0,8,2,0,1,0,8,69.4,72.2,44,0,0,0,77.4,48.3,0,0.0,0
2130.0,8,2,0,1,0,8,69.4,72.2,44,0,0,0,77.4,48.2,0,0.0,0
2131.0,8,2,0,1,0,8,69.4,72.2,44,0,0,0,77.4,48.2,0,0.0,0
2132.0,8,2,0,1,0,8,69.4,72.2,44,0,0,0,77.3,48.1,0,0.0,0
2133.0,8,2,0,1,0,8,68.8,72.2,45,0,0,0,77.3,48.1,0,0.0,0
2134.0,8,2,0,1,0,8,69.4,72.2,44,0,0,0,77.2,48.0,0,0.0,0
2135.0,8,2,0,1,0,8,69.4,72.2,44,0,0,0,77.2,48.0,0,0.0,0
2136.0,8,2,0,1,0,8,70.1,72.2,43,0,0,0,77.2,47.9,0,0.0,0
2137.0,8,2,0,1,0,8,70.1,72.2,43,0,0,0,77.1,47.9,0,0.0,0
2138.0,8,2,0,1,0,8,70.1,72.2,43,0,0,0,77.1,47.8,0,0.0,0
2139.0,8,2,0,1,0,8,70.1,72.2,43,0,0,0,77.1,47.8,0,0.0,0
2140.0,8,2,0,1,0,8,69.4,72.2,44,0,0,0,77.0,47.7,0,0.0,0
2141.0,8,2,0,1,0,8,69.4,72.2,44,0,0,0,77.0,47.6,0,0.0,0
2142.0,8,2,0,1,0,8,69.4,72.2,44,0,0,0,76.9,47.6,0,0.0,0
2143.0,8,2,0,1,0,8,70.1,72.2,43,0,0,0,76.9,47.5,0,0.0,0
2144.0,8,2,0,1,0,8,70.8,72.2,42,0,0,0,76.9,47.5,0,0.0,0
2145.0,8,2,0,1,0,8,70.8,72.2,42,0,0,0,76.8,47.4,0,0.0,0
2146.0,8,2,0,1,0,8,70.8,72.2,42,0,0,0,76.8,47.4,0,0.0,0
2147.0,8,2,0,1,0,8,70.1,72.2,43,0,0,0,76.8,47.3,0,0.0,0
2148.0,8,2,0,1,0,8,70.1,72.2,43,0,0,0,76.7,47.3,0,0.0,0
2149.0,8,2,0,1,0,8,70.1,72.2,43,0,0,0,76.7,47.2,0,0.0,0
2150.0,8,2,0,1,0,8,70.8,72.2,42,0,0,0,76.6,47.2,0,0.0,0
2151.0,8,2,0,1,0,8,70.8,72.2,42,0,0,0,76.6,47.1,0,0.0,0
2152.0,8,2,0,1,0,8,71.5,72.2,41,0,0,0,76.6,47.1,0,0.0,0
2153.0,8,2,0,1,0,8,71.5,72.3,41,0,0,0,76.5,47.0,0,0.0,0
2154.0,8,2,0,1,0,8,71.5,72.3,41,0,0,0,76.5,47.0,0,0.0,0
2155.0,8,2,0,1,0,8,70.1,72.3,43,0,0,0,76.5,46.9,0,0.0,0
2156.0,8,2,0,1,0,8,70.8,72.3,42,0,0,0,76.4,46.9,0,0.0,0
2157.0,8,2,0,1,0,8,70.8,72.3,42,0,0,0,76.4,46.8,0,0.0,0
2158.0,8,2,0,1,0,8,70.8,72.3,42,0,0,0,76.3,46.8,0,0.0,0
2159.0,8,2,0,1,0,8,70.8,72.3,42,0,0,0,76.3,46.7,0,0.0,0
2160.0,8,2,0,1,0,8,70.1,72.3,43,0,0,0,76.3,46.7,0,0.0,0
2161.0,8,2,0,1,0,8,70.8,72.3,42,0,0,0,76.2,46.7,0,0.0,0
2162.0,8,2,0,1,0,8,70.8,72.4,42,0,0,0,76.2,46.6,0,0.0,0
2163.0,8,2,0,1,0,8,71.5,72.4,41,0,0,0,76.2,46.6,0,0.0,0
2164.0,8,2,0,1,0,8,71.5,72.4,41,0,0,0,76.1,46.5,0,0.0,0
2165.0,8,2,0,1,0,8,71.5,72.4,41,0,0,0,76.1,46.4,0,0.0,0
2166.0,8,2,0,1,0,8,71.5,72.4,41,0,0,0,76.0,46.4,0,0.0,0
2167.0,8,2,0,1,0,8,70.8,72.4,42,0,0,0,76.0,46.3,0,0.0,0
2168.0,8,2,0,1,0,8,70.8,72.4,42,0,0,0,76.0,46.3,0,0.0,0
2169.0,8,2,0,1,0,8,70.8,72.5,42,0,0,0,75.9,46.2,0,0.0,0
2170.0,8,2,0,1,0,8,70.8,72.5,42,0,0,0,75.9,46.2,0,0.0,0
2171.0,8,2,0,1,0,8,70.8,72.5,42,0,0,0,75.9,46.1,0,0.0,0
2172.0,8,2,0,1,0,8,70.8,72.5,42,0,0,0,75.8,46.1,0,0.0,0
2173.0,8,2,0,1,0,8,70.8,72.5,42,0,0,0,75.8,46.0,0,0.0,0
2174.0,8,2,0,1,0,8,70.1,72.5,43,0,0,0,75.7,46.0,0,0.0,0
2175.0,8,2,0,1,0,8,70.8,72.5,42,0,0,0,75.7,45.9,0,0.0,0
2176.0,8,2,0,1,0,8,70.8,72.5,42,0,0,0,75.7,45.9,0,0.0,0
2177.0,8,2,0,1,0,8,70.8,72.5,42,0,0,0,75.6,45.8,0,0.0,0
2178.0,8,2,0,1,0,8,70.8,72.5,42,0,0,0,75.6,45.8,0,0.0,0
2179.0,8,2,0,1,0,8,70.8,72.5,42,0,0,0,75.5,45.7,0,0.0,0
2180.0,8,2,0,1,0,8,70.8,72.5,42,0,0,0,75.5,45.7,0,0.0,0
2181.0,8,2,0,1,0,8,71.5,72.5,41,0,0,0,75.5,45.6,0,0.0,0
2182.0,8,2,0,1,0,8,70.1,72.5,43,0,0,0,75.4,45.5,0,0.0,0
2183.0,8,2,0,1,0,8,70.1,72.5,43,0,0,0,75.4,45.5,0,0.0,0
2184.0,8,2,0,1,0,8,70.1,72.5,43,0,0,0,75.4,45.4,0,0.0,0
2185.0,8,2,0,1,0,8,70.1,72.5,43,0,0,0,75.3,45.4,0,0.0,0
2186.0,8,2,0,1,0,8,70.1,72.5,43,0,0,0,75.3,45.3,0,0.0,0
2187.0,8,2,0,1,0,8,70.1,72.5,43,0,0,0,75.2,45.3,0,0.0,0
2188.0,8,2,0,1,0,8,70.1,72.5,43,0,0,0,75.2,45.2,0,0.0,0
2189.0,8,2,0,1,0,8,69.4,72.5,44,0,0,0,75.2,45.2,0,0.0,0
2190.0,8,2,0,1,0,8,69.4,72.5,44,0,0,0,75.1,45.1,0,0.0,0
2191.0,8,2,0,1,0,8,69.4,72.5,44,0,0,0,75.1,45.1,0,0.0,0
2192.0,8,2,0,1,0,8,69.4,72.5,44,0,0,0,75.1,45.0,0,0.0,0
2193.0,8,2,0,1,0,8,69.4,72.4,44,0,0,0,75.0,45.0,0,0.0,0
2194.0,8,2,0,1,0,8,69.4,72.4,44,0,0,0,75.0,44.9,0,0.0,0
2195.0,8,2,0,1,0,8,69.4,72.4,44,0,0,0,74.9,44.9,0,0.0,0
2196.0,8,2,0,1,0,8,68.8,72.4,45,0,0,0,74.9,44.8,0,0.0,0
2197.0,8,2,0,1,0,8,68.8,72.4,45,0,0,0,74.9,44.8,0,0.0,0
2198.0,8,2,0,1,0,8,68.1,72.4,46,0,0,0,74.8,44.7,0,0.0,0
2199.0,8,2,0,1,0,8,68.1,72.4,46,0,0,0,74.8,44.6,0,0.0,0
2200.0,8,2,0,1,0,8,68.1,72.4,46,0,0,0,74.8,44.6,0,0.0,0
2201.0,8,2,0,1,0,8,68.1,72.4,46,0,0,0,74.7,44.5,0,0.0,0
2202.0,8,2,0,1,0,8,68.8,72.4,45,0,0,0,74.7,44.5,0,0.0,0
2203.0,8,2,0,1,0,8,68.8,72.3,45,0,0,0,74.6,44.4,0,0.0,0
2204.0,8,2,0,1,0,8,68.8,72.3,45,0,0,0,74.6,44.4,0,0.0,0
2205.0,8,2,0,1,0,8,68.8,72.3,45,0,0,0,74.6,44.3,0,0.0,0
2206.0,8,2,0,1,0,8,68.8,72.3,45,0,0,0,74.5,44.3,0,0.0,0
2207.0,8,2,0,1,0,8,68.8,72.3,45,0,0,0,74.5,44.2,0,0.0,0
2208.0,8,2,0,1,0,8,68.1,72.3,46,0,0,0,74.5,44.2,0,0.0,0
2209.0,8,2,0,1,0,8,68.1,72.3,46,0,0,0,74.4,44.1,0,0.0,0
2210.0,9,1,0,1,0,9,68.8,72.2,45,0,0,0,74.4,44.1,0,0.0,0
2211.0,9,1,0,1,0,9,68.8,72.2,45,0,0,0,74.3,44.0,0,0.0,0
2212.0,9,1,0,1,0,9,68.8,72.2,45,0,0,0,74.3,44.0,0,0.0,0
2213.0,9,1,0,1,0,9,68.8,72.2,45,0,0,0,74.3,43.9,0,0.0,0
2214.0,9,1,0,1,0,9,68.8,72.2,45,0,0,0,74.2,43.9,0,0.0,0
2215.0,9,1,0,1,0,9,68.1,72.2,46,0,0,0,74.2,43.8,0,0.0,0
2216.0,9,1,0,1,0,9,68.1,72.2,46,0,0,0,74.1,43.7,0,0.0,0
2217.0,9,1,0,1,0,9,68.8,72.1,45,0,0,0,74.1,43.7,0,0.0,0
2218.0,9,1,0,1,0,9,68.8,72.1,45,0,0,0,74.0,43.6,0,0.0,0
2219.0,9,1,0,1,0,9,68.8,72.1,45,0,0,0,74.0,43.6,0,0.0,0
2220.0,9,1,0,1,0,9,68.8,72.1,45,0,0,0,74.0,43.5,0,0.0,0
2221.0,9,1,0,1,0,9,68.8,72.1,45,0,0,0,73.9,43.5,0,0.0,0
2222.0,9,1,0,1,0,9,68.8,72.1,45,0,0,0,73.9,43.4,0,0.0,0
2223.0,9,1,0,1,0,9,68.8,72.1,45,0,0,0,73.8,43.4,0,0.0,0
2224.0,9,1,0,1,0,9,68.8,72.1,45,0,0,0,73.8,43.3,0,0.0,0
2225.0,9,1,0,1,0,9,68.8,72.0,45,0,0,0,73.7,43.3,0,0.0,0
2226.0,9,1,0,1,0,9,68.8,72.0,45,0,0,0,73.7,43.2,0,0.0,0
2227.0,9,1,0,1,0,9,68.8,72.0,45,0,0,0,73.7,43.2,0,0.0,0
2228.0,9,1,0,1,0,9,68.8,72.0,45,0,0,0,73.6,43.1,0,0.0,0
2229.0,9,1,0,1,0,9,69.4,72.0,44,0,0,0,73.6,43.1,0,0.0,0
2230.0,9,1,0,1,0,9,69.4,72.0,44,0,0,0,73.5,43.0,0,0.0,0
2231.0,9,1,0,1,0,9,70.1,72.0,43,0,0,0,73.5,43.0,0,0.0,0
2232.0,9,1,0,1,0,9,70.1,71.9,43,0,0,0,73.4,42.9,0,0.0,0
2233.0,9,1,0,1,0,9,70.1,71.9,43,0,0,0,73.4,42.8,0,0.0,0
2234.0,9,1,0,1,0,9,70.1,71.9,43,0,0,0,73.4,42.8,0,0.0,0
2235.0,9,1,0,1,0,9,70.1,71.9,43,0,0,0,73.3,42.7,0,0.0,0
2236.0,9,1,0,1,0,9,70.8,71.9,42,0,0,0,73.3,42.7,0,0.0,0
2237.0,9,1,0,1,0,9,70.8,71.9,42,0,0,0,73.2,42.6,0,0.0,0
2238.0,9,1,0,1,0,9,71.5,71.9,41,0,0,0,73.2,42.6,0,0.0,0
2239.0,9,1,0,1,0,9,71.5,71.8,41,0,0,0,73.1,42.5,0,0.0,0
2240.0,9,1,0,1,0,9,71.5,71.8,41,0,0,0,73.1,42.5,0,0.0,0
2241.0,9,1,0,1,0,9,72.2,71.8,40,0,0,0,73.1,42.4,0,0.0,0
2242.0,9,1,0,1,0,9,71.5,71.8,41,0,0,0,73.0,42.4,0,0.0,0
2243.0,9,1,0,1,0,9,70.8,71.8,42,0,0,0,73.0,42.3,0,0.0,0
2244.0,9,1,0,1,0,9,70.8,71.8,42,0,0,0,72.9,42.3,0,0.0,0
2245.0,9,1,0,1,0,9,70.8,71.8,42,0,0,0,72.9,42.2,0,0.0,0
2246.0,9,1,0,1,0,9,70.8,71.7,42,0,0,0,72.8,42.2,0,0.0,0
2247.0,9,1,0,1,0,9,70.8,71.7,42,0,0,0,72.8,42.1,0,0.0,0
2248.0,9,1,0,1,0,9,70.1,71.7,43,0,0,0,72.8,42.1,0,0.0,0
2249.0,9,1,0,1,0,9,69.4,71.6,44,0,0,0,72.7,42.0,0,0.0,0
2250.0,9,1,0,1,0,9,68.8,71.6,45,0,0,0,72.7,41.9,0,0.0,0
2251.0,9,1,0,1,0,9,68.8,71.6,45,0,0,0,72.6,41.9,0,0.0,0
2252.0,9,1,0,1,0,9,68.8,71.5,45,0,0,0,72.6,41.8,0,0.0,0
2253.0,9,1,0,1,0,9,68.8,71.5,45,0,0,0,72.5,41.8,0,0.0,0
2254.0,9,1,0,1,0,9,69.4,71.5,44,0,0,0,72.5,41.7,0,0.0,0
2255.0,9,1,0,1,0,9,69.4,71.4,44,0,0,0,72.5,41.7,0,0.0,0
2256.0,9,1,0,1,0,9,70.1,71.4,43,0,0,0,72.4,41.6,0,0.0,0
2257.0,9,1,0,1,0,9,68.8,71.4,45,0,0,0,72.4,41.6,0,0.0,0
2258.0,9,1,0,1,0,9,68.8,71.3,45,0,0,0,72.3,41.5,0,0.0,0
2259.0,9,1,0,1,0,9,69.4,71.3,44,0,0,0,72.3,41.5,0,0.0,0
2260.0,9,1,0,1,0,9,70.1,71.3,43,0,0,0,72.2,41.4,0,0.0,0
2261.0,9,1,0,1,0,9,70.1,71.2,43,0,0,0,72.2,41.4,0,0.0,0
2262.0,9,1,0,1,0,9,70.8,71.2,42,0,0,0,72.2,41.3,0,0.0,0
2263.0,9,1,0,1,0,9,69.4,71.2,44,0,0,0,72.1,41.3,0,0.0,0
2264.0,9,1,0,1,0,9,69.4,71.2,44,0,0,0,72.1,41.2,0,0.0,0
2265.0,9,1,0,1,0,9,70.1,71.1,43,0,0,0,72.0,41.2,0,0.0,0
2266.0,9,1,0,1,0,9,70.1,71.1,43,0,0,0,72.0,41.1,0,0.0,0
2267.0,9,1,0,1,0,9,70.8,71.1,42,0,0,0,71.9,41.0,0,0.0,0
2268.0,9,1,0,1,0,9,71.5,71.1,41,0,0,0,71.9,41.0,0,0.0,0
2269.0,9,1,0,1,0,9,71.5,71.1,41,0,0,0,71.9,40.9,0,0.0,0
2270.0,9,1,0,1,0,9,70.8,71.1,42,0,0,0,71.8,40.9,0,0.0,0
2271.0,9,1,0,1,0,9,70.1,71.0,43,0,0,0,71.8,40.8,0,0.0,0
2272.0,9,1,0,1,0,9,70.1,71.0,43,0,0,0,71.7,40.8,0,0.0,0
2273.0,9,1,0,1,0,9,70.1,71.0,43,0,0,0,71.7,40.8,0,0.0,0
2274.0,9,1,0,1,0,9,70.8,71.0,42,0,0,0,71.6,40.7,0,0.0,0
2275.0,9,1,0,1,0,9,70.8,71.0,42,0,0,0,71.6,40.6,0,0.0,0
2276.0,9,1,0,1,0,9,70.8,70.9,42,0,0,0,71.6,40.6,0,0.0,0
2277.0,9,1,0,1,0,9,69.4,70.9,44,0,0,0,71.5,40.5,0,0.0,0
2278.0,9,1,0,1,0,9,70.1,70.9,43,0,0,0,71.5,40.5,0,0.0,0
2279.0,9,1,0,1,0,9,70.1,70.9,43,0,0,0,71.4,40.4,0,0.0,0
2280.0,10,0,0,1,0,10,70.8,70.8,42,0,0,0,71.4,40.4,0,0.0,0
2281.0,10,0,0,1,0,10,71.5,70.8,41,0,0,0,71.3,40.3,0,0.0,0
2282.0,10,0,0,1,0,10,71.5,70.8,41,0,0,0,71.3,40.3,0,0.0,0
2283.0,10,0,0,1,0,10,71.5,70.8,41,0,0,0,71.2,40.2,0,0.0,0
2284.0,10,0,0,1,0,10,70.8,70.8,42,0,0,0,71.2,40.2,0,0.0,0
2285.0,10,0,0,1,0,10,70.8,70.7,42,0,0,0,71.1,40.1,0,0.0,0
2286.0,10,0,0,1,0,10,70.8,70.7,42,0,0,0,71.1,40.1,0,0.0,0
2287.0,10,0,0,1,0,10,71.5,70.7,41,0,0,0,71.0,40.0,0,0.0,0
2288.0,10,0,0,1,0,10,71.5,70.6,41,0,0,0,71.0,40.0,0,0.0,0
2289.0,10,0,0,1,0,10,71.5,70.6,41,0,0,0,71.0,39.9,0,0.0,0
2290.0,10,0,0,1,0,10,71.5,70.6,41,0,0,0,70.9,39.9,0,0.0,0
2291.0,10,0,0,1,0,10,71.5,70.6,41,0,0,0,70.9,39.8,0,0.0,0
2292.0,10,0,0,1,0,10,71.5,70.5,41,0,0,0,70.8,39.7,0,0.0,0
2293.0,10,0,0,1,0,10,71.5,70.5,41,0,0,0,70.8,39.7,0,0.0,0
2294.0,10,0,0,1,0,10,72.2,70.5,40,0,0,0,70.7,39.6,0,0.0,0
2295.0,10,0,0,1,0,10,72.2,70.5,40,0,0,0,70.7,39.6,0,0.0,0
2296.0,10,0,0,1,0,10,72.2,70.4,40,0,0,0,70.6,39.5,0,0.0,0
2297.0,10,0,0,1,0,10,71.5,70.4,41,0,0,0,70.6,39.5,0,0.0,0
2298.0,10,0,0,1,0,10,70.8,70.4,42,0,0,0,70.5,39.4,0,0.0,0
2299.0,10,0,0,1,0,10,70.8,70.3,42,0,0,0,70.5,39.4,0,0.0,0
2300.0,10,0,0,1,0,10,70.8,70.3,42,0,0,0,70.4,39.3,0,0.0,0
2301.0,10,0,0,1,0,10,71.5,70.3,41,0,0,0,70.4,39.3,0,0.0,0
2302.0,10,0,0,1,0,10,71.5,70.3,41,0,0,0,70.3,39.2,0,0.0,0
2303.0,10,0,0,1,0,10,71.5,70.3,41,0,0,0,70.3,39.2,0,0.0,0
2304.0,10,0,0,1,0,10,71.5,70.2,41,0,0,0,70.2,39.1,0,0.0,0
2305.0,10,0,0,1,0,10,71.5,70.2,41,0,0,0,70.2,39.1,0,0.0,0
2306.0,10,0,0,1,0,10,71.5,70.2,41,0,0,0,70.1,39.0,0,0.0,0
2307.0,10,0,0,1,0,10,71.5,70.2,41,0,0,0,70.1,39.0,0,0.0,0
2308.0,10,0,0,1,0,10,72.2,70.2,40,0,0,0,70.1,38.9,0,0.0,0
2309.0,10,0,0,1,0,10,72.2,70.2,40,0,0,0,70.0,38.9,0,0.0,0
2310.0,10,0,0,1,0,10,72.2,70.2,40,0,0,0,70.0,38.8,0,0.0,0
2311.0,10,0,0,1,0,10,72.2,70.1,40,0,0,0,69.9,38.8,0,0.0,0
2312.0,10,0,0,1,0,10,72.2,70.1,40,0,0,0,69.9,38.7,0,0.0,0
2313.0,10,0,0,1,0,10,72.9,70.1,39,0,0,0,69.8,38.7,0,0.0,0
2314.0,10,0,0,1,0,10,73.6,70.1,38,0,0,0,69.8,38.6,0,0.0,0
2315.0,10,0,0,1,0,10,73.6,70.1,38,0,0,0,69.7,38.5,0,0.0,0
2316.0,10,0,0,1,0,10,73.6,70.1,38,0,0,0,69.7,38.5,0,0.0,0
2317.0,10,0,0,1,0,10,72.9,70.1,39,0,0,0,69.6,38.4,0,0.0,0
2318.0,10,0,0,1,0,10,72.9,70.1,39,0,0,0,69.6,38.4,0,0.0,0
2319.0,10,0,0,1,0,10,73.6,70.2,38,0,0,0,69.5,38.3,0,0.0,0
2320.0,10,0,0,1,0,10,75.0,70.2,36,0,0,0,69.5,38.3,0,0.0,0
2321.0,10,0,0,1,0,10,75.0,70.2,36,0,0,0,69.4,38.2,0,0.0,0
2322.0,10,0,0,1,0,10,75.0,70.2,36,0,0,0,69.4,38.2,0,0.0,0
2323.0,10,0,0,1,0,10,75.0,70.2,36,0,0,0,69.3,38.1,0,0.0,0
2324.0,10,0,0,1,0,10,75.0,70.2,36,0,0,0,69.3,38.1,0,0.0,0
2325.0,10,0,0,1,0,10,75.0,70.3,36,0,0,0,69.2,38.0,0,0.0,0
2326.0,10,0,0,1,0,10,75.7,70.3,35,0,0,0,69.2,38.0,0,0.0,0
2327.0,10,0,0,1,0,10,75.7,70.3,35,0,0,0,69.2,37.9,0,0.0,0
2328.0,10,0,0,1,0,10,75.7,70.3,35,0,0,0,69.1,37.9,0,0.0,0
2329.0,10,0,0,1,0,10,75.7,70.4,35,0,0,0,69.1,37.8,0,0.0,0
2330.0,10,0,0,1,0,10,75.7,70.4,35,0,0,0,69.0,37.8,0,0.0,0
2331.0,10,0,0,1,0,10,75.7,70.4,35,0,0,0,69.0,37.7,0,0.0,0
2332.0,10,0,0,1,0,10,75.0,70.5,36,0,0,0,68.9,37.6,0,0.0,0
2333.0,10,0,0,1,0,10,75.7,70.5,35,0,0,0,68.9,37.6,0,0.0,0
2334.0,10,0,0,1,0,10,75.7,70.5,35,0,0,0,68.8,37.5,0,0.0,0
2335.0,10,0,0,1,0,10,75.7,70.5,35,0,0,0,68.8,37.5,0,0.0,0
2336.0,10,0,0,1,0,10,75.7,70.6,35,0,0,0,68.7,37.4,0,0.0,0
2337.0,10,0,0,1,0,10,75.7,70.6,35,0,0,0,68.7,37.4,0,0.0,0
2338.0,10,0,0,1,0,10,75.7,70.6,35,0,0,0,68.6,37.3,0,0.0,0
2339.0,10,0,0,1,0,10,75.0,70.7,36,0,0,0,68.6,37.3,0,0.0,0
2340.0,10,0,0,1,0,10,75.0,70.7,36,0,0,0,68.5,37.2,0,0.0,0
2341.0,10,0,0,1,0,10,75.7,70.7,35,0,0,0,68.5,37.2,0,0.0,0
2342.0,10,0,0,1,0,10,75.7,70.7,35,0,0,0,68.4,37.1,0,0.0,0
2343.0,10,0,0,1,0,10,75.7,70.8,35,0,0,0,68.4,37.1,0,0.0,0
2344.0,10,0,0,1,0,10,75.7,70.8,35,0,0,0,68.3,37.0,0,0.0,0
2345.0,10,0,0,1,0,10,75.0,70.8,36,0,0,0,68.3,37.0,0,0.0,0
2346.0,10,0,0,1,0,10,74.3,70.8,37,0,0,0,68.3,36.9,0,0.0,0
2347.0,10,0,0,1,0,10,74.3,70.9,37,0,0,0,68.2,36.9,0,0.0,0
2348.0,10,0,0,1,0,10,75.0,70.9,36,0,0,0,68.2,36.8,0,0.0,0
2349.0,10,0,0,1,0,10,75.0,70.9,36,0,0,0,68.1,36.8,0,0.0,0
2350.0,10,0,0,1,0,10,75.0,70.9,36,0,0,0,68.1,36.7,0,0.0,0
2351.0,10,0,0,1,0,10,75.0,70.9,36,0,0,0,68.0,36.6,0,0.0,0
2352.0,10,0,0,1,0,10,74.3,71.0,37,0,0,0,68.0,36.6,0,0.0,0
2353.0,10,0,0,1,0,10,74.3,71.0,37,0,0,0,67.9,36.5,0,0.0,0
2354.0,10,0,0,1,0,10,74.3,71.0,37,0,0,0,67.9,36.5,0,0.0,0
2355.0,10,0,0,1,0,10,74.3,71.0,37,0,0,0,67.8,36.4,0,0.0,0
2356.0,10,0,0,1,0,10,74.3,71.0,37,0,0,0,67.8,36.4,0,0.0,0
2357.0,10,0,0,1,0,10,74.3,71.0,37,0,0,0,67.7,36.3,0,0.0,0
2358.0,10,0,0,1,0,10,74.3,71.1,37,0,0,0,67.7,36.3,0,0.0,0
2359.0,10,0,0,1,0,10,73.6,71.1,38,0,0,0,67.6,36.2,0,0.0,0
2360.0,10,0,0,1,0,10,72.9,71.1,39,0,0,0,67.6,36.2,0,0.0,0
2361.0,10,0,0,1,0,10,72.9,71.1,39,0,0,0,67.5,36.1,0,0.0,0
2362.0,10,0,0,1,0,10,72.9,71.1,39,0,0,0,67.5,36.1,0,0.0,0
2363.0,10,0,0,1,0,10,72.9,71.1,39,0,0,0,67.4,36.0,0,0.0,0
2364.0,10,0,0,1,0,10,72.9,71.2,39,0,0,0,67.4,36.0,0,0.0,0
2365.0,10,0,0,1,0,10,73.6,71.2,38,0,0,0,67.4,35.9,0,0.0,0
2366.0,10,0,0,1,0,10,72.2,71.2,40,0,0,0,67.3,35.9,0,0.0,0
2367.0,10,0,0,1,0,10,72.2,71.2,40,0,0,0,67.3,35.8,0,0.0,0
2368.0,10,0,0,1,0,10,72.2,71.2,40,0,0,0,67.2,35.7,0,0.0,0
2369.0,10,0,0,1,0,10,72.2,71.2,40,0,0,0,67.2,35.7,0,0.0,0
2370.0,10,0,0,1,0,10,72.2,71.2,40,0,0,0,67.1,35.6,0,0.0,0
2371.0,10,0,0,1,0,10,72.2,71.3,40,0,0,0,67.1,35.6,0,0.0,0
2372.0,10,0,0,1,0,10,72.9,71.3,39,0,0,0,67.0,35.5,0,0.0,0
2373.0,10,0,0,1,0,10,72.2,71.3,40,0,0,0,67.0,35.5,0,0.0,0
2374.0,10,0,0,1,0,10,72.9,71.3,39,0,0,0,66.9,35.4,0,0.0,0
2375.0,10,0,0,1,0,10,73.6,71.3,38,0,0,0,66.9,35.4,0,0.0,0
2376.0,10,0,0,1,0,10,74.3,71.3,37,0,0,0,66.8,35.3,0,0.0,0
2377.0,10,0,0,1,0,10,74.3,71.3,37,0,0,0,66.8,35.3,0,0.0,0
2378.0,10,0,0,1,0,10,74.3,71.4,37,0,0,0,66.7,35.2,0,0.0,0
2379.0,10,0,0,1,0,10,73.6,71.4,38,0,0,0,66.7,35.2,0,0.0,0
2380.0,10,0,0,1,0,10,73.6,71.4,38,0,0,0,66.6,35.1,0,0.0,0
2381.0,10,0,0,1,0,10,73.6,71.4,38,0,0,0,66.6,35.1,0,0.0,0
2382.0,10,0,0,1,0,10,74.3,71.4,37,0,0,0,66.6,35.0,0,0.0,0
2383.0,10,0,0,1,0,10,74.3,71.5,37,0,0,0,66.5,35.0,0,0.0,0
2384.0,10,0,0,1,0,10,74.3,71.5,37,0,0,0,66.5,34.9,0,0.0,0
2385.0,10,0,0,1,0,10,73.6,71.5,38,0,0,0,66.4,34.9,0,0.0,0
2386.0,10,0,0,1,0,10,73.6,71.5,38,0,0,0,66.4,34.8,0,0.0,0
2387.0,10,0,0,1,0,10,73.6,71.5,38,0,0,0,66.3,34.8,0,0.0,0
2388.0,10,0,0,1,0,10,74.3,71.5,37,0,0,0,66.3,34.7,0,0.0,0
2389.0,10,0,0,1,0,10,75.0,71.5,36,0,0,0,66.2,34.7,0,0.0,0
2390.0,10,0,0,1,0,10,74.3,71.6,37,0,0,0,66.2,34.6,0,0.0,0
2391.0,10,0,0,1,0,10,74.3,71.6,37,0,0,0,66.1,34.5,0,0.0,0
2392.0,10,0,0,1,0,10,74.3,71.6,37,0,0,0,66.1,34.5,0,0.0,0
2393.0,10,0,0,1,0,10,74.3,71.6,37,0,0,0,66.0,34.4,0,0.0,0
2394.0,10,0,0,1,0,10,74.3,71.6,37,0,0,0,66.0,34.4,0,0.0,0
2395.0,10,0,0,1,0,10,75.0,71.6,36,0,0,0,65.9,34.3,0,0.0,0
2396.0,10,0,0,1,0,10,75.0,71.6,36,0,0,0,65.9,34.3,0,0.0,0
2397.0,10,0,0,1,0,10,75.0,71.7,36,0,0,0,65.8,34.2,0,0.0,0
2398.0,10,0,0,1,0,10,75.0,71.7,36,0,0,0,65.8,34.2,0,0.0,0
2399.0,10,0,0,1,0,10,75.0,71.7,36,0,0,0,65.7,34.1,0,0.0,0
2400.0,10,0,0,1,0,10,75.0,71.7,36,0,0,0,65.7,34.1,0,0.0,0
2401.0,10,0,0,1,0,10,75.7,71.7,35,0,0,0,65.6,34.0,0,0.0,0
2402.0,10,0,0,1,0,10,75.7,71.8,35,0,0,0,65.6,34.0,0,0.0,0
2403.0,10,0,0,1,0,10,75.7,71.8,35,0,0,0,65.6,33.9,0,0.0,0
2404.0,10,0,0,1,0,10,75.7,71.8,35,0,0,0,65.5,33.9,0,0.0,0
2405.0,10,0,0,1,0,10,75.7,71.8,35,0,0,0,65.5,33.8,0,0.0,0
2406.0,10,0,0,1,0,10,75.7,71.8,35,0,0,0,65.4,33.8,0,0.0,0
2407.0,10,0,0,1,0,10,75.0,71.8,36,0,0,0,65.4,33.7,0,0.0,0
2408.0,10,0,0,1,0,10,75.7,71.9,35,0,0,0,65.3,33.7,0,0.0,0
2409.0,10,0,0,1,0,10,76.4,71.9,34,0,0,0,65.3,33.6,0,0.0,0
2410.0,10,0,0,1,0,10,76.4,71.9,34,0,0,0,65.2,33.6,0,0.0,0
2411.0,10,0,0,1,0,10,76.4,71.9,34,0,0,0,65.2,33.5,0,0.0,0
2412.0,10,0,0,1,0,10,76.4,72.0,34,0,0,0,65.1,33.5,0,0.0,0
2413.0,10,0,0,1,0,10,75.7,72.0,35,0,0,0,65.1,33.4,0,0.0,0
2414.0,10,0,0,1,0,10,75.7,72.0,35,0,0,0,65.0,33.3,0,0.0,0
2415.0,10,0,0,1,0,10,76.4,72.0,34,0,0,0,65.0,33.3,0,0.0,0
2416.0,10,0,0,1,0,10,76.4,72.0,34,0,0,0,64.9,33.2,0,0.0,0
2417.0,10,0,0,1,0,10,76.4,72.1,34,0,0,0,64.9,33.2,0,0.0,0
2418.0,10,0,0,1,0,10,76.4,72.1,34,0,0,0,64.8,33.1,0,0.0,0
2419.0,10,0,0,1,0,10,76.4,72.1,34,0,0,0,64.8,33.1,0,0.0,0
2420.0,10,0,0,1,0,10,75.7,72.1,35,0,0,0,64.7,33.0,0,0.0,0
2421.0,10,0,0,1,0,10,74.3,72.1,37,0,0,0,64.7,33.0,0,0.0,0
2422.0,10,0,0,1,0,10,75.0,72.2,36,0,0,0,64.7,32.9,0,0.0,0
2423.0,10,0,0,1,0,10,74.3,72.2,37,0,0,0,64.6,32.9,0,0.0,0
2424.0,10,0,0,1,0,10,74.3,72.2,37,0,0,0,64.6,32.8,0,0.0,0
2425.0,10,0,0,1,0,10,74.3,72.2,37,0,0,0,64.5,32.8,0,0.0,0
2426.0,10,0,0,1,0,10,73.6,72.2,38,0,0,0,64.5,32.7,0,0.0,0
2427.0,10,0,0,1,0,10,73.6,72.2,38,0,0,0,64.4,32.7,0,0.0,0
2428.0,10,0,0,1,0,10,72.2,72.3,40,0,0,0,64.4,32.6,0,0.0,0
2429.0,10,0,0,1,0,10,72.2,72.3,40,0,0,0,64.3,32.6,0,0.0,0
2430.0,10,0,0,1,0,10,72.2,72.3,40,0,0,0,64.3,32.5,0,0.0,0
2431.0,10,0,0,1,0,10,72.2,72.3,40,0,0,0,64.2,32.5,0,0.0,0
2432.0,10,0,0,1,0,10,72.2,72.3,40,0,0,0,64.2,32.4,0,0.0,0
2433.0,10,0,0,1,0,10,72.2,72.3,40,0,0,0,64.1,32.4,0,0.0,0
2434.0,10,0,0,1,0,10,70.8,72.3,42,0,0,0,64.1,32.3,0,0.0,0
2435.0,10,0,0,1,0,10,70.1,72.3,43,0,0,0,64.0,32.3,0,0.0,0
2436.0,10,0,0,1,0,10,70.1,72.3,43,0,0,0,64.0,32.2,0,0.0,0
2437.0,10,0,0,1,0,10,70.8,72.3,42,0,0,0,63.9,32.2,0,0.0,0
2438.0,10,0,0,1,0,10,70.8,72.3,42,0,0,0,63.9,32.1,0,0.0,0
2439.0,10,0,0,1,0,10,70.8,72.4,42,0,0,0,63.8,32.0,0,0.0,0
2440.0,10,0,0,1,0,10,70.1,72.4,43,0,0,0,63.8,32.0,0,0.0,0
2441.0,10,0,0,1,0,10,69.4,72.4,44,0,0,0,63.8,31.9,0,0.0,0
2442.0,10,0,0,1,0,10,69.4,72.4,44,0,0,0,63.7,31.9,0,0.0,0
2443.0,10,0,0,1,0,10,69.4,72.4,44,0,0,0,63.7,31.8,0,0.0,0
2444.0,10,0,0,1,0,10,70.1,72.4,43,0,0,0,63.6,31.8,0,0.0,0
2445.0,10,0,0,1,0,10,70.1,72.4,43,0,0,0,63.6,31.7,0,0.0,0
2446.0,10,0,0,1,0,10,70.1,72.4,43,0,0,0,63.5,31.7,0,0.0,0
2447.0,10,0,0,1,0,10,70.1,72.4,43,0,0,0,63.5,31.6,0,0.0,0
2448.0,10,0,0,1,0,10,69.4,72.4,44,0,0,0,63.4,31.6,0,0.0,0
2449.0,10,0,0,1,0,10,69.4,72.4,44,0,0,0,63.4,31.5,0,0.0,0
2450.0,10,0,0,1,0,10,70.8,72.4,42,0,0,0,63.3,31.5,0,0.0,0
2451.0,10,0,0,1,0,10,70.8,72.4,42,0,0,0,63.3,31.4,0,0.0,0
2452.0,10,0,0,1,0,10,70.8,72.4,42,0,0,0,63.2,31.4,0,0.0,0
2453.0,10,0,0,1,0,10,70.8,72.5,42,0,0,0,63.2,31.3,0,0.0,0
2454.0,10,0,0,1,0,10,70.1,72.5,43,0,0,0,63.1,31.3,0,0.0,0
2455.0,10,0,0,1,0,10,70.8,72.5,42,0,0,0,63.1,31.2,0,0.0,0
2456.0,10,0,0,1,0,10,70.8,72.5,42,0,0,0,63.0,31.1,0,0.0,0
2457.0,10,0,0,1,0,10,71.5,72.5,41,0,0,0,63.0,31.1,0,0.0,0
2458.0,10,0,0,1,0,10,72.2,72.5,40,0,0,0,62.9,31.0,0,0.0,0
2459.0,10,0,0,1,0,10,72.2,72.5,40,0,0,0,62.9,31.0,0,0.0,0
2460.0,10,0,0,1,0,10,72.2,72.5,40,0,0,0,62.9,30.9,0,0.0,0
2461.0,10,0,0,1,0,10,71.5,72.5,41,0,0,0,62.8,30.9,0,0.0,0
2462.0,10,0,0,1,0,10,71.5,72.6,41,0,0,0,62.8,30.8,0,0.0,0
2463.0,10,0,0,1,0,10,71.5,72.6,41,0,0,0,62.7,30.8,0,0.0,0
2464.0,10,0,0,1,0,10,72.2,72.6,40,0,0,0,62.7,30.7,0,0.0,0
2465.0,10,0,0,1,0,10,72.2,72.6,40,0,0,0,62.6,30.7,0,0.0,0
2466.0,10,0,0,1,0,10,72.2,72.6,40,0,0,0,62.6,30.6,0,0.0,0
2467.0,10,0,0,1,0,10,72.2,72.6,40,0,0,0,62.5,30.6,0,0.0,0
2468.0,10,0,0,1,0,10,72.2,72.6,40,0,0,0,62.5,30.5,0,0.0,0
2469.0,10,0,0,1,0,10,72.9,72.7,39,0,0,0,62.4,30.5,0,0.0,0
2470.0,10,0,0,1,0,10,72.9,72.7,39,0,0,0,62.4,30.4,0,0.0,0
2471.0,10,0,0,1,0,10,73.6,72.7,38,0,0,0,62.3,30.4,0,0.0,0
2472.0,10,0,0,1,0,10,73.6,72.7,38,0,0,0,62.3,30.3,0,0.0,0
2473.0,10,0,0,1,0,10,73.6,72.7,38,0,0,0,62.2,30.3,0,0.0,0
2474.0,10,0,0,1,0,10,72.9,72.7,39,0,0,0,62.2,30.2,0,0.0,0
2475.0,10,0,0,1,0,10,72.9,72.7,39,0,0,0,62.1,30.2,0,0.0,0
2476.0,10,0,0,1,0,10,72.9,72.7,39,0,0,0,62.1,30.1,0,0.0,0
2477.0,10,0,0,1,0,10,73.6,72.8,38,0,0,0,62.0,30.1,0,0.0,0
2478.0,10,0,0,1,0,10,73.6,72.8,38,0,0,0,62.0,30.0,0,0.0,0
2479.0,10,0,0,1,0,10,73.6,72.8,38,0,0,0,62.0,29.9,0,0.0,0
2480.0,10,0,0,1,0,10,73.6,72.8,38,0,0,0,61.9,29.9,0,0.0,0
2481.0,10,0,0,1,0,10,73.6,72.8,38,0,0,0,61.9,29.8,0,0.0,0
2482.0,10,0,0,1,0,10,75.7,72.8,35,0,0,0,61.8,29.8,0,0.0,0
2483.0,10,0,0,1,0,10,75.7,72.8,35,0,0,0,61.8,29.7,0,0.0,0
2484.0,10,0,0,1,0,10,75.7,72.8,35,0,0,0,61.7,29.7,0,0.0,0
2485.0,10,0,0,1,0,10,75.7,72.9,35,0,0,0,61.7,29.6,0,0.0,0
2486.0,10,0,0,1,0,10,75.0,72.9,36,0,0,0,61.6,29.6,0,0.0,0
2487.0,10,0,0,1,0,10,75.0,72.9,36,0,0,0,61.6,29.5,0,0.0,0
2488.0,10,0,0,1,0,10,75.0,72.9,36,0,0,0,61.5,29.5,0,0.0,0
2489.0,10,0,0,1,0,10,75.7,72.9,35,0,0,0,61.5,29.4,0,0.0,0
2490.0,10,0,0,1,0,10,75.7,73.0,35,0,0,0,61.4,29.4,0,0.0,0
2491.0,10,0,0,1,0,10,75.7,73.0,35,0,0,0,61.4,29.3,0,0.0,0
2492.0,10,0,0,1,0,10,75.7,73.0,35,0,0,0,61.3,29.3,0,0.0,0
2493.0,10,0,0,1,0,10,75.0,73.1,36,0,0,0,61.3,29.2,0,0.0,0
2494.0,10,0,0,1,0,10,74.3,73.1,37,0,0,0,61.2,29.2,0,0.0,0
2495.0,10,0,0,1,0,10,73.6,73.1,38,0,0,0,61.2,29.1,0,0.0,0
2496.0,10,0,0,1,0,10,74.3,73.1,37,0,0,0,61.2,29.1,0,0.0,0
2497.0,10,0,0,1,0,10,74.3,73.1,37,0,0,0,61.1,29.0,0,0.0,0
2498.0,10,0,0,1,0,10,74.3,73.2,37,0,0,0,61.1,28.9,0,0.0,0
2499.0,10,0,0,1,0,10,74.3,73.2,37,0,0,0,61.0,28.9,0,0.0,0
2500.0,10,0,0,1,0,10,74.3,73.2,37,0,0,0,61.0,28.8,0,0.0,0
2501.0,10,0,0,1,0,10,73.6,73.2,38,0,0,0,60.9,28.8,0,0.0,0
2502.0,10,0,0,1,0,10,74.3,73.2,37,0,0,0,60.9,28.7,0,0.0,0
2503.0,10,0,0,1,0,10,72.9,73.2,39,0,0,0,60.8,28.7,0,0.0,0
2504.0,10,0,0,1,0,10,72.9,73.3,39,0,0,0,60.8,28.6,0,0.0,0
2505.0,10,0,0,1,0,10,72.9,73.3,39,0,0,0,60.7,28.6,0,0.0,0
2506.0,10,0,0,1,0,10,72.9,73.3,39,0,0,0,60.7,28.5,0,0.0,0
2507.0,10,0,0,1,0,10,72.9,73.3,39,0,0,0,60.6,28.5,0,0.0,0
2508.0,10,0,0,1,0,10,72.9,73.3,39,0,0,0,60.6,28.4,0,0.0,0
2509.0,10,0,0,1,0,10,73.6,73.3,38,0,0,0,60.5,28.4,0,0.0,0
2510.0,10,0,0,1,0,10,73.6,73.3,38,0,0,0,60.5,28.3,0,0.0,0
2511.0,10,0,0,1,0,10,73.6,73.3,38,0,0,0,60.4,28.3,0,0.0,0
2512.0,10,0,0,1,0,10,73.6,73.3,38,0,0,0,60.4,28.2,0,0.0,0
2513.0,10,0,0,1,0,10,73.6,73.4,38,0,0,0,60.3,28.2,0,0.0,0
2514.0,10,0,0,1,0,10,74.3,73.4,37,0,0,0,60.3,28.1,0,0.0,0
2515.0,10,0,0,1,0,10,74.3,73.4,37,0,0,0,60.2,28.0,0,0.0,0
2516.0,10,0,0,1,0,10,73.6,73.4,38,0,0,0,60.2,28.0,0,0.0,0
2517.0,10,0,0,1,0,10,72.9,73.4,39,0,0,0,60.2,27.9,0,0.0,0
2518.0,10,0,0,1,0,10,72.9,73.4,39,0,0,0,60.1,27.9,0,0.0,0
2519.0,10,0,0,1,0,10,73.6,73.4,38,0,0,0,60.1,27.8,0,0.0,0
2520.0,10,0,0,1,0,10,73.6,73.5,38,0,0,0,60.0,27.8,0,0.0,0
2521.0,10,0,0,1,0,10,74.3,73.5,37,0,0,0,60.0,27.7,0,0.0,0
2522.0,10,0,0,1,0,10,74.3,73.5,37,0,0,0,59.9,27.7,0,0.0,0
2523.0,10,0,0,1,0,10,73.6,73.5,38,0,0,0,59.9,27.6,0,0.0,0
2524.0,10,0,0,1,0,10,74.3,73.5,37,0,0,0,59.8,27.6,0,0.0,0
2525.0,10,0,0,1,0,10,74.3,73.5,37,0,0,0,59.8,27.5,0,0.0,0
2526.0,10,0,0,1,0,10,74.3,73.5,37,0,0,0,59.7,27.5,0,0.0,0
2527.0,10,0,0,1,0,10,74.3,73.5,37,0,0,0,59.7,27.4,0,0.0,0
2528.0,10,0,0,1,0,10,75.0,73.6,36,0,0,0,59.6,27.4,0,0.0,0
2529.0,10,0,0,1,0,10,75.0,73.6,36,0,0,0,59.6,27.3,0,0.0,0
2530.0,10,0,0,1,0,10,74.3,73.6,37,0,0,0,59.5,27.3,0,0.0,0
2531.0,10,0,0,1,0,10,75.0,73.6,36,0,0,0,59.5,27.2,0,0.0,0
2532.0,10,0,0,1,0,10,75.0,73.6,36,0,0,0,59.4,27.1,0,0.0,0
2533.0,10,0,0,1,0,10,75.7,73.6,35,0,0,0,59.4,27.1,0,0.0,0
2534.0,10,0,0,1,0,10,76.4,73.6,34,0,0,0,59.3,27.0,0,0.0,0
2535.0,10,0,0,1,0,10,77.1,73.7,33,0,0,0,59.3,27.0,0,0.0,0
2536.0,10,0,0,1,0,10,77.1,73.7,33,0,0,0,59.3,26.9,0,0.0,0
2537.0,10,0,0,1,0,10,76.4,73.7,34,0,0,0,59.2,26.9,0,0.0,0
2538.0,10,0,0,1,0,10,76.4,73.7,34,0,0,0,59.2,26.8,0,0.0,0
2539.0,10,0,0,1,0,10,77.1,73.8,33,0,0,0,59.1,26.8,0,0.0,0
2540.0,10,0,0,1,0,10,77.8,73.8,32,0,0,0,59.1,26.7,0,0.0,0
2541.0,10,0,0,1,0,10,77.8,73.8,32,0,0,0,59.0,26.7,0,0.0,0
2542.0,10,0,0,1,0,10,77.8,73.8,32,0,0,0,59.0,26.6,0,0.0,0
2543.0,10,0,0,1,0,10,77.8,73.9,32,0,0,0,58.9,26.6,0,0.0,0
2544.0,10,0,0,1,0,10,77.8,73.9,32,0,0,0,58.9,26.5,0,0.0,0
2545.0,10,0,0,1,0,10,77.8,73.9,32,0,0,0,58.8,26.5,0,0.0,0
2546.0,10,0,0,1,0,10,77.8,73.9,32,0,0,0,58.8,26.4,0,0.0,0
2547.0,10,0,0,1,0,10,77.8,74.0,32,0,0,0,58.7,26.4,0,0.0,0
2548.0,10,0,0,1,0,10,78.5,74.0,31,0,0,0,58.7,26.3,0,0.0,0
2549.0,10,0,0,1,0,10,77.8,74.0,32,0,0,0,58.6,26.2,0,0.0,0
2550.0,10,0,0,1,0,10,77.8,74.0,32,0,0,0,58.6,26.2,0,0.0,0
2551.0,10,0,0,1,0,10,77.8,74.1,32,0,0,0,58.5,26.1,0,0.0,0
2552.0,10,0,0,1,0,10,77.8,74.1,32,0,0,0,58.5,26.1,0,0.0,0
2553.0,10,0,0,1,0,10,77.1,74.1,33,0,0,0,58.5,26.0,0,0.0,0
2554.0,10,0,0,1,0,10,77.1,74.1,33,0,0,0,58.4,26.0,0,0.0,0
2555.0,10,0,0,1,0,10,77.1,74.1,33,0,0,0,58.4,25.9,0,0.0,0
2556.0,10,0,0,1,0,10,77.1,74.1,33,0,0,0,58.3,25.9,0,0.0,0
2557.0,10,0,0,1,0,10,77.1,74.2,33,0,0,0,58.3,25.8,0,0.0,0
2558.0,10,0,0,1,0,10,77.1,74.2,33,0,0,0,58.2,25.8,0,0.0,0
2559.0,10,0,0,1,0,10,77.1,74.2,33,0,0,0,58.2,25.7,0,0.0,0
2560.0,10,0,0,1,0,10,77.1,74.2,33,0,0,0,58.1,25.7,0,0.0,0
2561.0,10,0,0,1,0,10,77.1,74.2,33,0,0,0,58.1,25.6,0,0.0,0
2562.0,10,0,0,1,0,10,77.1,74.2,33,0,0,0,58.0,25.6,0,0.0,0
2563.0,10,0,0,1,0,10,77.1,74.2,33,0,0,0,58.0,25.5,0,0.0,0
2564.0,10,0,0,1,0,10,77.1,74.2,33,0,0,0,57.9,25.5,0,0.0,0
2565.0,10,0,0,1,0,10,77.8,74.2,32,0,0,0,57.9,25.4,0,0.0,0
2566.0,10,0,0,1,0,10,77.8,74.3,32,0,0,0,57.8,25.3,0,0.0,0
2567.0,10,0,0,1,0,10,78.5,74.3,31,0,0,0,57.8,25.3,0,0.0,0
2568.0,10,0,0,1,0,10,78.5,74.3,31,0,0,0,57.7,25.2,0,0.0,0
2569.0,10,0,0,1,0,10,77.8,74.3,32,0,0,0,57.7,25.2,0,0.0,0
2570.0,10,0,0,1,0,10,77.8,74.3,32,0,0,0,57.6,25.1,0,0.0,0
2571.0,10,0,0,1,0,10,77.8,74.3,32,0,0,0,57.6,25.1,0,0.0,0
2572.0,10,0,0,1,0,10,77.8,74.3,32,0,0,0,57.6,25.0,0,0.0,0
2573.0,10,0,0,1,0,10,77.8,74.3,32,0,0,0,57.5,25.0,0,0.0,0
2574.0,10,0,0,1,0,10,77.8,74.3,32,0,0,0,57.5,24.9,0,0.0,0
2575.0,10,0,0,1,0,10,77.8,74.3,32,0,0,0,57.4,24.9,0,0.0,0
2576.0,10,0,0,1,0,10,77.8,74.4,32,0,0,0,57.4,24.8,0,0.0,0
2577.0,10,0,0,1,0,10,77.1,74.4,33,0,0,0,57.3,24.8,0,0.0,0
2578.0,10,0,0,1,0,10,76.4,74.4,34,0,0,0,57.3,24.7,0,0.0,0
2579.0,10,0,0,1,0,10,76.4,74.4,34,0,0,0,57.2,24.7,0,0.0,0
2580.0,10,0,0,1,0,10,76.4,74.4,34,0,0,0,57.2,24.6,0,0.0,0
2581.0,10,0,0,1,0,10,75.7,74.4,35,0,0,0,57.1,24.6,0,0.0,0
2582.0,10,0,0,1,0,10,75.7,74.4,35,0,0,0,57.1,24.5,0,0.0,0
2583.0,10,0,0,1,0,10,75.0,74.4,36,0,0,0,57.0,24.4,0,0.0,0
2584.0,10,0,0,1,0,10,75.0,74.4,36,0,0,0,57.0,24.4,0,0.0,0
2585.0,10,0,0,1,0,10,75.0,74.4,36,0,0,0,56.9,24.3,0,0.0,0
2586.0,10,0,0,1,0,10,75.0,74.4,36,0,0,0,56.9,24.3,0,0.0,0
2587.0,10,0,0,1,0,10,75.0,74.4,36,0,0,0,56.8,24.2,0,0.0,0
2588.0,10,0,0,1,0,10,75.0,74.4,36,0,0,0,56.8,24.2,0,0.0,0
2589.0,10,0,0,1,0,10,75.0,74.4,36,0,0,0,56.7,24.1,0,0.0,0
2590.0,10,0,0,1,0,10,74.3,74.4,37,0,0,0,56.7,24.1,0,0.0,0
2591.0,10,0,0,1,0,10,74.3,74.4,37,0,0,0,56.7,24.0,0,0.0,0
2592.0,10,0,0,1,0,10,74.3,74.4,37,0,0,0,56.6,24.0,0,0.0,0
2593.0,10,0,0,1,0,10,74.3,74.4,37,0,0,0,56.6,23.9,0,0.0,0
2594.0,10,0,0,1,0,10,74.3,74.4,37,0,0,0,56.5,23.9,0,0.0,0
2595.0,10,0,0,1,0,10,74.3,74.4,37,0,0,0,56.5,23.8,0,0.0,0
2596.0,10,0,0,1,0,10,74.3,74.4,37,0,0,0,56.4,23.8,0,0.0,0
2597.0,10,0,0,1,0,10,73.6,74.4,38,0,0,0,56.4,23.7,0,0.0,0
2598.0,10,0,0,1,0,10,73.6,74.4,38,0,0,0,56.3,23.7,0,0.0,0
2599.0,10,0,0,1,0,10,73.6,74.4,38,0,0,0,56.3,23.6,0,0.0,0
2600.0,10,0,0,1,0,10,73.6,74.4,38,0,0,0,56.2,23.5,0,0.0,0
2601.0,10,0,0,1,0,10,73.6,74.4,38,0,0,0,56.2,23.5,0,0.0,0
2602.0,10,0,0,1,0,10,73.6,74.4,38,0,0,0,56.1,23.4,0,0.0,0
2603.0,10,0,0,1,0,10,72.9,74.4,39,0,0,0,56.1,23.4,0,0.0,0
2604.0,10,0,0,1,0,10,72.9,74.4,39,0,0,0,56.0,23.3,0,0.0,0
2605.0,10,0,0,1,0,10,72.2,74.4,40,0,0,0,56.0,23.3,0,0.0,0
2606.0,10,0,0,1,0,10,72.2,74.4,40,0,0,0,55.9,23.2,0,0.0,0
2607.0,10,0,0,1,0,10,72.2,74.4,40,0,0,0,55.9,23.2,0,0.0,0
2608.0,10,0,0,1,0,10,72.2,74.4,40,0,0,0,55.9,23.1,0,0.0,0
2609.0,10,0,0,1,0,10,72.2,74.4,40,0,0,0,55.8,23.1,0,0.0,0
2610.0,10,0,0,1,0,10,72.2,74.4,40,0,0,0,55.8,23.0,0,0.0,0
2611.0,10,0,0,1,0,10,72.2,74.4,40,0,0,0,55.7,23.0,0,0.0,0
2612.0,10,0,0,1,0,10,70.8,74.4,42,0,0,0,55.7,22.9,0,0.0,0
2613.0,10,0,0,1,0,10,70.8,74.3,42,0,0,0,55.6,22.9,0,0.0,0
2614.0,10,0,0,1,0,10,72.2,74.3,40,0,0,0,55.6,22.8,0,0.0,0
2615.0,10,0,0,1,0,10,72.2,74.3,40,0,0,0,55.5,22.8,0,0.0,0
2616.0,10,0,0,1,0,10,72.2,74.3,40,0,0,0,55.5,22.7,0,0.0,0
2617.0,10,0,0,1,0,10,72.2,74.3,40,0,0,0,55.4,22.6,0,0.0,0
2618.0,10,0,0,1,0,10,72.2,74.3,40,0,0,0,55.4,22.6,0,0.0,0
2619.0,10,0,0,1,0,10,71.5,74.3,41,0,0,0,55.3,22.5,0,0.0,0
2620.0,10,0,0,1,0,10,71.5,74.3,41,0,0,0,55.3,22.5,0,0.0,0
2621.0,10,0,0,1,0,10,71.5,74.3,41,0,0,0,55.2,22.4,0,0.0,0
2622.0,10,0,0,1,0,10,71.5,74.3,41,0,0,0,55.2,22.4,0,0.0,0
2623.0,10,0,0,1,0,10,71.5,74.3,41,0,0,0,55.1,22.3,0,0.0,0
2624.0,10,0,0,1,0,10,71.5,74.3,41,0,0,0,55.1,22.3,0,0.0,0
2625.0,10,0,0,1,0,10,71.5,74.2,41,0,0,0,55.0,22.2,0,0.0,0
2626.0,10,0,0,1,0,10,71.5,74.2,41,0,0,0,55.0,22.2,0,0.0,0
2627.0,10,0,0,1,0,10,71.5,74.2,41,0,0,0,54.9,22.1,0,0.0,0
2628.0,10,0,0,1,0,10,71.5,74.2,41,0,0,0,54.9,22.1,0,0.0,0
2629.0,10,0,0,1,0,10,71.5,74.2,41,0,0,0,54.9,22.0,0,0.0,0
2630.0,10,0,0,1,0,10,71.5,74.2,41,0,0,0,54.8,22.0,0,0.0,0
2631.0,10,0,0,1,0,10,70.8,74.2,42,0,0,0,54.8,21.9,0,0.0,0
2632.0,10,0,0,1,0,10,70.8,74.2,42,0,0,0,54.7,21.9,0,0.0,0
2633.0,10,0,0,1,0,10,71.5,74.1,41,0,0,0,54.7,21.8,0,0.0,0
2634.0,10,0,0,1,0,10,71.5,74.1,41,0,0,0,54.6,21.7,0,0.0,0
2635.0,9,0,1,1,0,10,71.5,74.1,41,0,0,0,54.6,21.7,0,0.0,0
2636.0,9,0,1,1,0,10,72.2,74.1,40,0,0,0,54.5,21.7,0,0.0,0
2637.0,9,0,1,1,0,10,72.2,74.1,40,0,0,0,54.5,21.7,0,0.0,0
2638.0,9,0,1,1,0,10,72.2,74.1,40,0,0,0,54.4,21.7,0,0.0,0
2639.0,9,0,1,1,0,10,70.8,74.1,42,0,0,0,54.4,21.7,0,0.0,0
2640.0,9,0,1,1,0,10,71.5,74.1,41,0,0,0,54.3,21.7,0,0.0,0
2641.0,9,0,1,1,0,10,71.5,74.0,41,0,0,0,54.3,21.7,0,0.0,0
2642.0,9,0,1,1,0,10,71.5,74.0,41,0,0,0,54.3,21.7,0,0.0,0
2643.0,9,0,1,1,0,10,71.5,74.0,41,0,0,0,54.2,21.7,0,0.0,0
2644.0,9,0,1,1,0,10,71.5,74.0,41,0,0,0,54.2,21.7,0,0.0,0
2645.0,9,0,1,1,0,10,70.8,74.0,42,0,0,0,54.1,21.7,0,0.0,0
2646.0,9,0,1,1,0,10,70.1,73.9,43,0,0,0,54.1,21.7,0,0.0,0
2647.0,9,0,1,1,0,10,70.8,73.9,42,0,0,0,54.1,21.7,0,0.0,0
2648.0,9,0,1,1,0,10,70.8,73.9,42,0,0,0,54.0,21.7,0,0.0,0
2649.0,9,0,1,1,0,10,70.8,73.9,42,0,0,0,54.0,21.7,0,0.0,0
2650.0,9,0,1,1,0,10,70.1,73.9,43,0,0,0,53.9,21.7,0,0.0,0
2651.0,9,0,1,1,0,10,70.1,73.8,43,0,0,0,53.9,21.7,0,0.0,0
2652.0,9,0,1,1,0,10,70.1,73.8,43,0,0,0,53.8,21.7,0,0.0,0
2653.0,9,0,1,1,0,10,69.4,73.8,44,0,0,0,53.8,21.7,0,0.0,0
2654.0,8,0,2,1,0,10,70.1,73.8,43,0,0,0,53.8,21.7,0,0.0,0
2655.0,8,0,2,1,0,10,70.1,73.7,43,0,0,0,53.7,21.7,0,0.0,0
2656.0,8,0,2,1,0,10,70.1,73.7,43,0,0,0,53.7,21.7,0,0.0,0
2657.0,8,0,2,1,0,10,70.1,73.7,43,0,0,0,53.6,21.7,0,0.0,0
2658.0,8,0,2,1,0,10,70.1,73.7,43,0,0,0,53.6,21.7,0,0.0,0
2659.0,8,0,2,1,0,10,70.1,73.6,43,0,0,0,53.6,21.7,0,0.0,0
2660.0,8,0,2,1,0,10,70.8,73.6,42,0,0,0,53.5,21.7,0,0.0,0
2661.0,8,0,2,1,0,10,70.8,73.6,42,0,0,0,53.5,21.7,0,0.0,0
2662.0,8,0,2,1,0,10,70.8,73.6,42,0,0,0,53.5,21.7,0,0.0,0
2663.0,8,0,2,1,0,10,70.8,73.6,42,0,0,0,53.4,21.7,0,0.0,0
2664.0,8,0,2,1,0,10,70.1,73.5,43,0,0,0,53.4,21.7,0,0.0,0
2665.0,8,0,2,1,0,10,70.1,73.5,43,0,0,0,53.3,21.7,0,0.0,0
2666.0,8,0,2,1,0,10,68.8,73.5,45,0,0,0,53.3,21.7,0,0.0,0
2667.0,8,0,2,1,0,10,68.8,73.5,45,0,0,0,53.3,21.7,0,0.0,0
2668.0,8,0,2,1,0,10,68.1,73.5,46,0,0,0,53.2,21.7,0,0.0,0
2669.0,8,0,2,1,0,10,68.1,73.4,46,0,0,0,53.2,21.7,0,0.0,0
2670.0,8,0,2,1,0,10,68.1,73.4,46,0,0,0,53.1,21.7,0,0.0,0
2671.0,8,0,2,1,0,10,68.1,73.4,46,0,0,0,53.1,21.7,0,0.0,0
2672.0,8,0,2,1,0,10,68.1,73.4,46,0,0,0,53.1,21.7,0,0.0,0
2673.0,8,0,2,1,0,10,68.8,73.4,45,0,0,0,53.0,21.7,0,0.0,0
2674.0,8,0,2,1,0,10,68.1,73.4,46,0,0,0,53.0,21.7,0,0.0,0
2675.0,8,0,2,1,0,10,68.1,73.4,46,0,0,0,53.0,21.7,0,0.0,0
2676.0,8,0,2,1,0,10,68.1,73.4,46,0,0,0,52.9,21.7,0,0.0,0
2677.0,8,0,2,1,0,10,68.1,73.3,46,0,0,0,52.9,21.7,0,0.0,0
2678.0,8,0,2,1,0,10,67.4,73.3,47,0,0,0,52.8,21.7,0,0.0,0
2679.0,8,0,2,1,0,10,66.7,73.3,48,0,0,0,52.8,21.7,0,0.0,0
2680.0,8,0,2,1,0,10,67.4,73.3,47,0,0,0,52.8,21.7,0,0.0,0
2681.0,8,0,2,1,0,10,66.7,73.3,48,0,0,0,52.7,21.7,0,0.0,0
2682.0,8,0,2,1,0,10,66.7,73.3,48,0,0,0,52.7,21.7,0,0.0,0
2683.0,8,0,2,1,0,10,66.7,73.3,48,0,0,0,52.7,21.7,0,0.0,0
2684.0,8,0,2,1,0,10,67.4,73.3,47,0,0,0,52.6,21.7,0,0.0,0
2685.0,8,0,2,1,0,10,66.7,73.2,48,0,0,0,52.6,21.7,0,0.0,0
2686.0,8,0,2,1,0,10,66.7,73.2,48,0,0,0,52.5,21.7,0,0.0,0
2687.0,8,0,2,1,0,10,66.7,73.2,48,0,0,0,52.5,21.7,0,0.0,0
2688.0,8,0,2,1,0,10,64.6,73.2,51,0,0,0,52.5,21.7,0,0.0,0
2689.0,8,0,2,1,0,10,64.6,73.2,51,0,0,0,52.4,21.7,0,0.0,0
2690.0,8,0,2,1,0,10,64.6,73.1,51,0,0,0,52.4,21.7,0,0.0,0
2691.0,8,0,2,1,0,10,63.9,73.1,52,0,0,0,52.4,21.7,0,0.0,0
2692.0,8,0,2,1,0,10,63.9,73.1,52,0,0,0,52.3,21.7,0,0.0,0
2693.0,8,0,2,1,0,10,63.9,73.1,52,0,0,0,52.3,21.7,0,0.0,0
2694.0,8,0,2,1,0,10,63.2,73.0,53,0,0,0,52.2,21.7,0,0.0,0
2695.0,8,1,1,1,0,9,63.9,73.0,52,0,0,0,59.3,21.8,0,0.0,0
2696.0,8,1,1,1,0,9,62.5,73.0,54,0,0,0,59.3,21.8,0,0.0,0
2697.0,8,1,1,1,0,9,63.2,72.9,53,0,0,0,59.2,21.8,0,0.0,0
2698.0,8,1,1,1,0,9,63.2,72.9,53,0,0,0,59.2,21.8,0,0.0,0
2699.0,8,1,1,1,0,9,63.2,72.9,53,0,0,0,59.2,21.8,0,0.0,0
2700.0,8,1,1,1,0,9,63.2,72.8,53,0,0,0,59.1,21.8,0,0.0,0
2701.0,8,1,1,1,0,9,62.5,72.8,54,0,0,0,59.1,21.8,0,0.0,0
2702.0,8,1,1,1,0,9,63.2,72.7,53,0,0,0,59.1,21.8,0,0.0,0
2703.0,8,1,1,1,0,9,63.9,72.7,52,0,0,0,59.0,21.8,0,0.0,0
2704.0,8,1,1,1,0,9,64.6,72.7,51,0,0,0,59.0,21.8,0,0.0,0
2705.0,8,1,1,1,0,9,64.6,72.6,51,0,0,0,58.9,21.8,0,0.0,0
2706.0,8,1,1,1,0,9,64.6,72.6,51,0,0,0,58.9,21.8,0,0.0,0
2707.0,8,1,1,1,0,9,64.6,72.6,51,0,0,0,58.9,21.8,0,0.0,0
2708.0,8,1,1,1,0,9,63.9,72.5,52,0,0,0,58.8,21.8,0,0.0,0
2709.0,8,1,1,1,0,9,63.9,72.5,52,0,0,0,58.8,21.8,0,0.0,0
2710.0,8,1,1,1,0,9,64.6,72.5,51,0,0,0,58.8,21.8,0,0.0,0
2711.0,8,1,1,1,0,9,64.6,72.4,51,0,0,0,58.7,21.8,0,0.0,0
2712.0,8,1,1,1,0,9,64.6,72.4,51,0,0,0,58.7,21.8,0,0.0,0
2713.0,8,1,1,1,0,9,64.6,72.4,51,0,0,0,58.6,21.8,0,0.0,0
2714.0,8,2,0,1,0,8,64.6,72.3,51,0,0,0,65.7,42.1,0,0.0,0
2715.0,8,2,0,1,0,8,64.6,72.3,51,0,0,0,65.7,42.0,0,0.0,0
2716.0,8,2,0,1,0,8,64.6,72.3,51,0,0,0,65.6,42.0,0,0.0,0
2717.0,8,2,0,1,0,8,65.3,72.2,50,0,0,0,65.6,41.9,0,0.0,0
2718.0,8,2,0,1,0,8,65.3,72.2,50,0,0,0,65.6,41.8,0,0.0,0
2719.0,8,2,0,1,0,8,64.6,72.2,51,0,0,0,65.5,41.8,0,0.0,0
2720.0,8,2,0,1,0,8,64.6,72.1,51,0,0,0,65.5,41.7,0,0.0,0
2721.0,8,2,0,1,0,8,64.6,72.1,51,0,0,0,65.4,41.7,0,0.0,0
2722.0,8,2,0,1,0,8,64.6,72.0,51,0,0,0,65.4,41.6,0,0.0,0
2723.0,8,2,0,1,0,8,64.6,72.0,51,0,0,0,65.4,41.6,0,0.0,0
2724.0,8,2,0,1,0,8,65.3,71.9,50,0,0,0,65.3,41.5,0,0.0,0
2725.0,8,2,0,1,0,8,65.3,71.9,50,0,0,0,65.3,41.5,0,0.0,0
2726.0,8,2,0,1,0,8,64.6,71.9,51,0,0,0,65.3,41.4,0,0.0,0
2727.0,8,2,0,1,0,8,64.6,71.8,51,0,0,0,65.2,41.4,0,0.0,0
2728.0,8,2,0,1,0,8,64.6,71.8,51,0,0,0,65.2,41.3,0,0.0,0
2729.0,8,2,0,1,0,8,65.3,71.7,50,0,0,0,65.1,41.3,0,0.0,0
2730.0,8,2,0,1,0,8,66.0,71.7,49,0,0,0,65.1,41.2,0,0.0,0
2731.0,8,2,0,1,0,8,66.0,71.6,49,0,0,0,65.1,41.2,0,0.0,0
2732.0,8,2,0,1,0,8,65.3,71.6,50,0,0,0,65.0,41.1,0,0.0,0
2733.0,8,2,0,1,0,8,65.3,71.6,50,0,0,0,65.0,41.1,0,0.0,0
2734.0,8,2,0,1,0,8,64.6,71.5,51,0,0,0,65.0,41.0,0,0.0,0
2735.0,8,2,0,1,0,8,64.6,71.5,51,0,0,0,64.9,41.0,0,0.0,0
2736.0,8,2,0,1,0,8,65.3,71.4,50,0,0,0,64.9,40.9,0,0.0,0
2737.0,8,2,0,1,0,8,65.3,71.4,50,0,0,0,64.8,40.9,0,0.0,0
2738.0,8,2,0,1,0,8,64.6,71.4,51,0,0,0,64.8,40.8,0,0.0,0
2739.0,8,2,0,1,0,8,64.6,71.3,51,0,0,0,64.8,40.8,0,0.0,0
2740.0,8,2,0,1,0,8,63.9,71.3,52,0,0,0,64.7,40.7,0,0.0,0
2741.0,8,2,0,1,0,8,63.9,71.2,52,0,0,0,64.7,40.6,0,0.0,0
2742.0,8,2,0,1,0,8,63.9,71.2,52,0,0,0,64.6,40.6,0,0.0,0
2743.0,8,2,0,1,0,8,64.6,71.2,51,0,0,0,64.6,40.5,0,0.0,0
2744.0,8,2,0,1,0,8,66.0,71.1,49,0,0,0,64.6,40.5,0,0.0,0
2745.0,8,2,0,1,0,8,66.7,71.1,48,0,0,0,64.5,40.4,0,0.0,0
2746.0,8,2,0,1,0,8,66.0,71.1,49,0,0,0,64.5,40.4,0,0.0,0
2747.0,8,2,0,1,0,8,65.3,71.0,50,0,0,0,64.5,40.3,0,0.0,0
2748.0,8,2,0,1,0,8,64.6,71.0,51,0,0,0,64.4,40.3,0,0.0,0
2749.0,8,2,0,1,0,8,65.3,71.0,50,0,0,0,64.4,40.2,0,0.0,0
2750.0,8,2,0,1,0,8,65.3,70.9,50,0,0,0,64.3,40.2,0,0.0,0
2751.0,8,2,0,1,0,8,66.0,70.9,49,0,0,0,64.3,40.1,0,0.0,0
2752.0,8,2,0,1,0,8,66.0,70.9,49,0,0,0,64.3,40.1,0,0.0,0
2753.0,8,2,0,1,0,8,65.3,70.8,50,0,0,0,64.2,40.0,0,0.0,0
2754.0,8,2,0,1,0,8,66.0,70.8,49,0,0,0,64.2,40.0,0,0.0,0
2755.0,9,1,0,1,0,9,66.7,70.8,48,0,0,0,64.2,39.9,0,0.0,0
2756.0,9,1,0,1,0,9,67.4,70.8,47,0,0,0,64.1,39.9,0,0.0,0
2757.0,9,1,0,1,0,9,67.4,70.7,47,0,0,0,64.1,39.8,0,0.0,0
2758.0,9,1,0,1,0,9,67.4,70.7,47,0,0,0,64.0,39.7,0,0.0,0
2759.0,9,1,0,1,0,9,67.4,70.7,47,0,0,0,64.0,39.7,0,0.0,0
2760.0,9,1,0,1,0,9,66.7,70.7,48,0,0,0,63.9,39.6,0,0.0,0
2761.0,9,1,0,1,0,9,66.7,70.6,48,0,0,0,63.9,39.6,0,0.0,0
2762.0,9,1,0,1,0,9,67.4,70.6,47,0,0,0,63.9,39.5,0,0.0,0
2763.0,9,1,0,1,0,9,67.4,70.6,47,0,0,0,63.8,39.5,0,0.0,0
2764.0,9,1,0,1,0,9,68.1,70.5,46,0,0,0,63.8,39.4,0,0.0,0
2765.0,9,1,0,1,0,9,68.1,70.5,46,0,0,0,63.7,39.4,0,0.0,0
2766.0,9,1,0,1,0,9,68.1,70.5,46,0,0,0,63.7,39.3,0,0.0,0
2767.0,10,0,0,1,0,10,67.4,70.5,47,0,0,0,63.6,39.3,0,0.0,0
2768.0,10,0,0,1,0,10,67.4,70.4,47,0,0,0,63.6,39.2,0,0.0,0
2769.0,10,0,0,1,0,10,68.1,70.4,46,0,0,0,63.5,39.2,0,0.0,0
2770.0,10,0,0,1,0,10,68.1,70.4,46,0,0,0,63.5,39.1,0,0.0,0
2771.0,10,0,0,1,0,10,68.1,70.3,46,0,0,0,63.5,39.1,0,0.0,0
2772.0,10,0,0,1,0,10,68.1,70.3,46,0,0,0,63.4,39.0,0,0.0,0
2773.0,10,0,0,1,0,10,68.1,70.3,46,0,0,0,63.4,39.0,0,0.0,0
2774.0,10,0,0,1,0,10,68.1,70.2,46,0,0,0,63.3,38.9,0,0.0,0
2775.0,10,0,0,1,0,10,68.1,70.2,46,0,0,0,63.3,38.9,0,0.0,0
2776.0,10,0,0,1,0,10,68.8,70.2,45,0,0,0,63.2,38.8,0,0.0,0
2777.0,10,0,0,1,0,10,68.8,70.1,45,0,0,0,63.2,38.7,0,0.0,0
2778.0,10,0,0,1,0,10,68.8,70.1,45,0,0,0,63.1,38.7,0,0.0,0
2779.0,10,0,0,1,0,10,68.8,70.1,45,0,0,0,63.1,38.6,0,0.0,0
2780.0,10,0,0,1,0,10,67.4,70.0,47,0,0,0,63.0,38.6,0,0.0,0
2781.0,10,0,0,1,0,10,66.7,70.0,48,0,0,0,63.0,38.5,0,0.0,0
2782.0,10,0,0,1,0,10,66.7,69.9,48,0,0,0,62.9,38.5,0,0.0,0
2783.0,10,0,0,1,0,10,67.4,69.9,47,0,0,0,62.9,38.4,0,0.0,0
2784.0,10,0,0,1,0,10,68.1,69.9,46,0,0,0,62.8,38.4,0,0.0,0
2785.0,10,0,0,1,0,10,68.1,69.8,46,0,0,0,62.8,38.3,0,0.0,0
2786.0,10,0,0,1,0,10,68.1,69.8,46,0,0,0,62.7,38.3,0,0.0,0
2787.0,10,0,0,1,0,10,68.1,69.7,46,0,0,0,62.7,38.2,0,0.0,0
2788.0,10,0,0,1,0,10,68.1,69.7,46,0,0,0,62.6,38.2,0,0.0,0
2789.0,10,0,0,1,0,10,67.4,69.6,47,0,0,0,62.6,38.1,0,0.0,0
2790.0,10,0,0,1,0,10,68.1,69.6,46,0,0,0,62.6,38.1,0,0.0,0
2791.0,10,0,0,1,0,10,68.8,69.6,45,0,0,0,62.5,38.0,0,0.0,0
2792.0,10,0,0,1,0,10,68.1,69.5,46,0,0,0,62.5,38.0,0,0.0,0
2793.0,10,0,0,1,0,10,68.1,69.5,46,0,0,0,62.4,37.9,0,0.0,0
2794.0,10,0,0,1,0,10,68.1,69.5,46,0,0,0,62.4,37.8,0,0.0,0
2795.0,10,0,0,1,0,10,67.4,69.4,47,0,0,0,62.3,37.8,0,0.0,0
2796.0,10,0,0,1,0,10,68.1,69.4,46,0,0,0,62.3,37.7,0,0.0,0
2797.0,10,0,0,1,0,10,68.1,69.3,46,0,0,0,62.2,37.7,0,0.0,0
2798.0,10,0,0,1,0,10,68.1,69.3,46,0,0,0,62.2,37.6,0,0.0,0
2799.0,10,0,0,1,0,10,68.1,69.3,46,0,0,0,62.1,37.6,0,0.0,0
2800.0,10,0,0,1,0,10,66.7,69.2,48,0,0,0,62.1,37.5,0,0.0,0
2801.0,10,0,0,1,0,10,66.0,69.2,49,0,0,0,62.0,37.5,0,0.0,0
2802.0,10,0,0,1,0,10,66.0,69.1,49,0,0,0,62.0,37.4,0,0.0,0
2803.0,10,0,0,1,0,10,66.0,69.1,49,0,0,0,61.9,37.4,0,0.0,0
2804.0,10,0,0,1,0,10,65.3,69.0,50,0,0,0,61.9,37.3,0,0.0,0
2805.0,10,0,0,1,0,10,66.0,69.0,49,0,0,0,61.8,37.3,0,0.0,0
2806.0,10,0,0,1,0,10,66.0,68.9,49,0,0,0,61.8,37.2,0,0.0,0
2807.0,10,0,0,1,0,10,66.0,68.9,49,0,0,0,61.7,37.2,0,0.0,0
2808.0,10,0,0,1,0,10,66.0,68.8,49,0,0,0,61.7,37.1,0,0.0,0
2809.0,10,0,0,1,0,10,65.3,68.8,50,0,0,0,61.6,37.1,0,0.0,0
2810.0,10,0,0,1,0,10,64.6,68.7,51,0,0,0,61.6,37.0,0,0.0,0
2811.0,10,0,0,1,0,10,64.6,68.7,51,0,0,0,61.5,37.0,0,0.0,0
2812.0,10,0,0,1,0,10,65.3,68.6,50,0,0,0,61.5,36.9,0,0.0,0
2813.0,10,0,0,1,0,10,64.6,68.6,51,0,0,0,61.5,36.9,0,0.0,0
2814.0,10,0,0,1,0,10,64.6,68.5,51,0,0,0,61.4,36.8,0,0.0,0
2815.0,10,0,0,1,0,10,64.6,68.4,51,0,0,0,61.4,36.8,0,0.0,0
2816.0,10,0,0,1,0,10,64.6,68.4,51,0,0,0,61.3,36.7,0,0.0,0
2817.0,10,0,0,1,0,10,65.3,68.3,50,0,0,0,61.3,36.6,0,0.0,0
2818.0,10,0,0,1,0,10,65.3,68.3,50,0,0,0,61.2,36.6,0,0.0,0
2819.0,10,0,0,1,0,10,66.0,68.3,49,0,0,0,61.2,36.5,0,0.0,0
2820.0,10,0,0,1,0,10,65.3,68.2,50,0,0,0,61.1,36.5,0,0.0,0
2821.0,10,0,0,1,0,10,65.3,68.2,50,0,0,0,61.1,36.4,0,0.0,0
2822.0,10,0,0,1,0,10,65.3,68.1,50,0,0,0,61.0,36.4,0,0.0,0
2823.0,10,0,0,1,0,10,66.0,68.1,49,0,0,0,61.0,36.3,0,0.0,0
2824.0,10,0,0,1,0,10,66.0,68.0,49,0,0,0,60.9,36.3,0,0.0,0
2825.0,10,0,0,1,0,10,66.7,68.0,48,0,0,0,60.9,36.2,0,0.0,0
2826.0,10,0,0,1,0,10,66.7,68.0,48,0,0,0,60.8,36.2,0,0.0,0
2827.0,10,0,0,1,0,10,66.0,67.9,49,0,0,0,60.8,36.1,0,0.0,0
2828.0,10,0,0,1,0,10,66.0,67.9,49,0,0,0,60.7,36.1,0,0.0,0
2829.0,10,0,0,1,0,10,66.0,67.9,49,0,0,0,60.7,36.0,0,0.0,0
2830.0,10,0,0,1,0,10,66.7,67.8,48,0,0,0,60.6,36.0,0,0.0,0
2831.0,10,0,0,1,0,10,66.7,67.8,48,0,0,0,60.6,35.9,0,0.0,0
2832.0,10,0,0,1,0,10,67.4,67.8,47,0,0,0,60.6,35.9,0,0.0,0
2833.0,10,0,0,1,0,10,66.7,67.7,48,0,0,0,60.5,35.8,0,0.0,0
2834.0,10,0,0,1,0,10,66.7,67.7,48,0,0,0,60.5,35.7,0,0.0,0
2835.0,10,0,0,1,0,10,66.7,67.7,48,0,0,0,60.4,35.7,0,0.0,0
2836.0,10,0,0,1,0,10,66.7,67.6,48,0,0,0,60.4,35.7,0,0.0,0
2837.0,10,0,0,1,0,10,67.4,67.6,47,0,0,0,60.3,35.6,0,0.0,0
2838.0,10,0,0,1,0,10,67.4,67.6,47,0,0,0,60.3,35.6,0,0.0,0
2839.0,10,0,0,1,0,10,68.1,67.6,46,0,0,0,60.2,35.5,0,0.0,0
2840.0,10,0,0,1,0,10,68.1,67.5,46,0,0,0,60.2,35.4,0,0.0,0
2841.0,10,0,0,1,0,10,67.4,67.5,47,0,0,0,60.1,35.4,0,0.0,0
2842.0,10,0,0,1,0,10,67.4,67.5,47,0,0,0,60.1,35.3,0,0.0,0
2843.0,10,0,0,1,0,10,67.4,67.5,47,0,0,0,60.0,35.3,0,0.0,0
2844.0,10,0,0,1,0,10,68.1,67.5,46,0,0,0,60.0,35.2,0,0.0,0
2845.0,10,0,0,1,0,10,68.1,67.4,46,0,0,0,59.9,35.2,0,0.0,0
2846.0,10,0,0,1,0,10,68.1,67.4,46,0,0,0,59.9,35.1,0,0.0,0
2847.0,10,0,0,1,0,10,67.4,67.4,47,0,0,0,59.8,35.1,0,0.0,0
2848.0,10,0,0,1,0,10,67.4,67.4,47,0,0,0,59.8,35.0,0,0.0,0
2849.0,10,0,0,1,0,10,67.4,67.4,47,0,0,0,59.8,35.0,0,0.0,0
2850.0,10,0,0,1,0,10,67.4,67.3,47,0,0,0,59.7,35.0,0,0.0,0
2851.0,10,0,0,1,0,10,68.1,67.3,46,0,0,0,59.7,34.9,0,0.0,0
2852.0,10,0,0,1,0,10,68.1,67.3,46,0,0,0,59.6,34.9,0,0.0,0
2853.0,10,0,0,1,0,10,68.1,67.3,46,0,0,0,59.6,34.8,0,0.0,0
2854.0,10,0,0,1,0,10,68.1,67.3,46,0,0,0,59.5,34.8,0,0.0,0
2855.0,10,0,0,1,0,10,68.1,67.3,46,0,0,0,59.5,34.7,0,0.0,0
2856.0,10,0,0,1,0,10,68.1,67.2,46,0,0,0,59.4,34.7,0,0.0,0
2857.0,10,0,0,1,0,10,68.1,67.2,46,0,0,0,59.4,34.6,0,0.0,0
2858.0,10,0,0,1,0,10,67.4,67.2,47,0,0,0,59.3,34.5,0,0.0,0
2859.0,10,0,0,1,0,10,68.1,67.2,46,0,0,0,59.3,34.5,0,0.0,0
2860.0,10,0,0,1,0,10,68.1,67.2,46,0,0,0,59.2,34.4,0,0.0,0
2861.0,10,0,0,1,0,10,68.8,67.2,45,0,0,0,59.2,34.4,0,0.0,0
2862.0,10,0,0,1,0,10,68.8,67.2,45,0,0,0,59.1,34.3,0,0.0,0
2863.0,10,0,0,1,0,10,70.1,67.1,43,0,0,0,59.1,34.3,0,0.0,0
2864.0,10,0,0,1,0,10,69.4,67.1,44,0,0,0,59.1,34.2,0,0.0,0
2865.0,10,0,0,1,0,10,68.8,67.1,45,0,0,0,59.0,34.2,0,0.0,0
2866.0,10,0,0,1,0,10,69.4,67.1,44,0,0,0,59.0,34.1,0,0.0,0
2867.0,10,0,0,1,0,10,70.1,67.1,43,0,0,0,58.9,34.1,0,0.0,0
2868.0,10,0,0,1,0,10,69.4,67.1,44,0,0,0,58.9,34.0,0,0.0,0
2869.0,10,0,0,1,0,10,68.8,67.1,45,0,0,0,58.8,34.0,0,0.0,0
2870.0,10,0,0,1,0,10,69.4,67.1,44,0,0,0,58.8,33.9,0,0.0,0
2871.0,10,0,0,1,0,10,70.8,67.1,42,0,0,0,58.7,33.9,0,0.0,0
2872.0,10,0,0,1,0,10,71.5,67.1,41,0,0,0,58.7,33.8,0,0.0,0
2873.0,10,0,0,1,0,10,72.2,67.1,40,0,0,0,58.6,33.8,0,0.0,0
2874.0,10,0,0,1,0,10,71.5,67.1,41,0,0,0,58.6,33.7,0,0.0,0
2875.0,10,0,0,1,0,10,70.8,67.1,42,0,0,0,58.5,33.6,0,0.0,0
2876.0,10,0,0,1,0,10,70.8,67.1,42,0,0,0,58.5,33.6,0,0.0,0
2877.0,10,0,0,1,0,10,70.8,67.1,42,0,0,0,58.4,33.5,0,0.0,0
2878.0,10,0,0,1,0,10,70.8,67.1,42,0,0,0,58.4,33.5,0,0.0,0
2879.0,10,0,0,1,0,10,70.8,67.1,42,0,0,0,58.3,33.4,0,0.0,0
2880.0,10,0,0,1,0,10,72.2,67.1,40,0,0,0,58.3,33.4,0,0.0,0
2881.0,10,0,0,1,0,10,72.2,67.1,40,0,0,0,58.2,33.3,0,0.0,0
2882.0,10,0,0,1,0,10,72.2,67.1,40,0,0,0,58.2,33.3,0,0.0,0
2883.0,10,0,0,1,0,10,71.5,67.1,41,0,0,0,58.1,33.2,0,0.0,0
2884.0,10,0,0,1,0,10,71.5,67.1,41,0,0,0,58.1,33.2,0,0.0,0
2885.0,10,0,0,1,0,10,70.8,67.1,42,0,0,0,58.1,33.1,0,0.0,0
2886.0,10,0,0,1,0,10,71.5,67.1,41,0,0,0,58.0,33.1,0,0.0,0
2887.0,10,0,0,1,0,10,72.2,67.1,40,0,0,0,58.0,33.0,0,0.0,0
2888.0,10,0,0,1,0,10,72.2,67.1,40,0,0,0,57.9,33.0,0,0.0,0
2889.0,10,0,0,1,0,10,72.2,67.1,40,0,0,0,57.9,32.9,0,0.0,0
2890.0,10,0,0,1,0,10,72.2,67.1,40,0,0,0,57.8,32.9,0,0.0,0
2891.0,10,0,0,1,0,10,72.2,67.1,40,0,0,0,57.8,32.8,0,0.0,0
2892.0,10,0,0,1,0,10,71.5,67.1,41,0,0,0,57.7,32.7,0,0.0,0
2893.0,10,0,0,1,0,10,72.9,67.1,39,0,0,0,57.7,32.7,0,0.0,0
2894.0,10,0,0,1,0,10,72.9,67.1,39,0,0,0,57.6,32.6,0,0.0,0
2895.0,10,0,0,1,0,10,72.9,67.2,39,0,0,0,57.6,32.6,0,0.0,0
2896.0,10,0,0,1,0,10,72.9,67.2,39,0,0,0,57.5,32.5,0,0.0,0
2897.0,10,0,0,1,0,10,72.9,67.2,39,0,0,0,57.5,32.5,0,0.0,0
2898.0,10,0,0,1,0,10,72.9,67.2,39,0,0,0,57.4,32.4,0,0.0,0
2899.0,10,0,0,1,0,10,73.6,67.2,38,0,0,0,57.4,32.4,0,0.0,0
2900.0,10,0,0,1,0,10,74.3,67.2,37,0,0,0,57.3,32.3,0,0.0,0
2901.0,10,0,0,1,0,10,74.3,67.2,37,0,0,0,57.3,32.3,0,0.0,0
2902.0,10,0,0,1,0,10,74.3,67.3,37,0,0,0,57.3,32.2,0,0.0,0
2903.0,10,0,0,1,0,10,73.6,67.3,38,0,0,0,57.2,32.2,0,0.0,0
2904.0,10,0,0,1,0,10,73.6,67.3,38,0,0,0,57.2,32.1,0,0.0,0
2905.0,10,0,0,1,0,10,73.6,67.3,38,0,0,0,57.1,32.1,0,0.0,0
2906.0,10,0,0,1,0,10,74.3,67.3,37,0,0,0,57.1,32.0,0,0.0,0
2907.0,10,0,0,1,0,10,75.0,67.3,36,0,0,0,57.0,32.0,0,0.0,0
2908.0,10,0,0,1,0,10,75.0,67.4,36,0,0,0,57.0,31.9,0,0.0,0
2909.0,10,0,0,1,0,10,74.3,67.4,37,0,0,0,56.9,31.8,0,0.0,0
2910.0,10,0,0,1,0,10,74.3,67.4,37,0,0,0,56.9,31.8,0,0.0,0
2911.0,10,0,0,1,0,10,74.3,67.5,37,0,0,0,56.8,31.7,0,0.0,0
2912.0,10,0,0,1,0,10,74.3,67.5,37,0,0,0,56.8,31.7,0,0.0,0
2913.0,10,0,0,1,0,10,74.3,67.5,37,0,0,0,56.7,31.6,0,0.0,0
2914.0,10,0,0,1,0,10,75.0,67.5,36,0,0,0,56.7,31.6,0,0.0,0
2915.0,10,0,0,1,0,10,75.0,67.6,36,0,0,0,56.6,31.5,0,0.0,0
2916.0,10,0,0,1,0,10,75.0,67.6,36,0,0,0,56.6,31.5,0,0.0,0
2917.0,10,0,0,1,0,10,75.0,67.6,36,0,0,0,56.5,31.4,0,0.0,0
2918.0,10,0,0,1,0,10,75.7,67.7,35,0,0,0,56.5,31.4,0,0.0,0
2919.0,10,0,0,1,0,10,75.7,67.7,35,0,0,0,56.4,31.3,0,0.0,0
2920.0,10,0,0,1,0,10,75.7,67.7,35,0,0,0,56.4,31.3,0,0.0,0
2921.0,10,0,0,1,0,10,75.0,67.8,36,0,0,0,56.4,31.2,0,0.0,0
2922.0,10,0,0,1,0,10,75.0,67.8,36,0,0,0,56.3,31.2,0,0.0,0
2923.0,10,0,0,1,0,10,75.0,67.8,36,0,0,0,56.3,31.1,0,0.0,0
2924.0,10,0,0,1,0,10,75.0,67.9,36,0,0,0,56.2,31.1,0,0.0,0
2925.0,10,0,0,1,0,10,75.0,67.9,36,0,0,0,56.2,31.0,0,0.0,0
2926.0,10,0,0,1,0,10,75.0,67.9,36,0,0,0,56.1,30.9,0,0.0,0
2927.0,10,0,0,1,0,10,75.0,68.0,36,0,0,0,56.1,30.9,0,0.0,0
2928.0,10,0,0,1,0,10,75.0,68.0,36,0,0,0,56.0,30.8,0,0.0,0
2929.0,10,0,0,1,0,10,75.0,68.0,36,0,0,0,56.0,30.8,0,0.0,0
2930.0,10,0,0,1,0,10,75.0,68.1,36,0,0,0,55.9,30.7,0,0.0,0
2931.0,10,0,0,1,0,10,75.0,68.1,36,0,0,0,55.9,30.7,0,0.0,0
2932.0,10,0,0,1,0,10,75.0,68.2,36,0,0,0,55.8,30.6,0,0.0,0
2933.0,10,0,0,1,0,10,75.0,68.2,36,0,0,0,55.8,30.6,0,0.0,0
2934.0,10,0,0,1,0,10,75.0,68.3,36,0,0,0,55.7,30.5,0,0.0,0
2935.0,10,0,0,1,0,10,75.0,68.3,36,0,0,0,55.7,30.5,0,0.0,0
2936.0,10,0,0,1,0,10,75.0,68.4,36,0,0,0,55.6,30.4,0,0.0,0
2937.0,10,0,0,1,0,10,75.0,68.4,36,0,0,0,55.6,30.4,0,0.0,0
2938.0,10,0,0,1,0,10,75.0,68.5,36,0,0,0,55.6,30.3,0,0.0,0
2939.0,10,0,0,1,0,10,75.7,68.5,35,0,0,0,55.5,30.3,0,0.0,0
2940.0,10,0,0,1,0,10,75.7,68.6,35,0,0,0,55.5,30.2,0,0.0,0
2941.0,10,0,0,1,0,10,75.7,68.6,35,0,0,0,55.4,30.2,0,0.0,0
2942.0,10,0,0,1,0,10,75.7,68.7,35,0,0,0,55.4,30.1,0,0.0,0
2943.0,10,0,0,1,0,10,75.7,68.7,35,0,0,0,55.3,30.1,0,0.0,0
2944.0,10,0,0,1,0,10,75.7,68.8,35,0,0,0,55.3,30.0,0,0.0,0
2945.0,10,0,0,1,0,10,75.0,68.8,36,0,0,0,55.2,29.9,0,0.0,0
2946.0,10,0,0,1,0,10,75.0,68.9,36,0,0,0,55.2,29.9,0,0.0,0
2947.0,10,0,0,1,0,10,75.0,68.9,36,0,0,0,55.1,29.8,0,0.0,0
2948.0,10,0,0,1,0,10,73.6,69.0,38,0,0,0,55.1,29.8,0,0.0,0
2949.0,10,0,0,1,0,10,73.6,69.0,38,0,0,0,55.0,29.7,0,0.0,0
2950.0,10,0,0,1,0,10,74.3,69.0,37,0,0,0,55.0,29.7,0,0.0,0
2951.0,10,0,0,1,0,10,74.3,69.1,37,0,0,0,54.9,29.6,0,0.0,0
2952.0,10,0,0,1,0,10,74.3,69.1,37,0,0,0,54.9,29.6,0,0.0,0
2953.0,10,0,0,1,0,10,74.3,69.2,37,0,0,0,54.8,29.5,0,0.0,0
2954.0,10,0,0,1,0,10,74.3,69.2,37,0,0,0,54.8,29.5,0,0.0,0
2955.0,10,0,0,1,0,10,74.3,69.2,37,0,0,0,54.7,29.4,0,0.0,0
2956.0,10,0,0,1,0,10,74.3,69.3,37,0,0,0,54.7,29.4,0,0.0,0
2957.0,10,0,0,1,0,10,74.3,69.3,37,0,0,0,54.6,29.3,0,0.0,0
2958.0,10,0,0,1,0,10,73.6,69.4,38,0,0,0,54.6,29.3,0,0.0,0
2959.0,10,0,0,1,0,10,73.6,69.4,38,0,0,0,54.5,29.2,0,0.0,0
2960.0,10,0,0,1,0,10,73.6,69.4,38,0,0,0,54.5,29.2,0,0.0,0
2961.0,10,0,0,1,0,10,74.3,69.5,37,0,0,0,54.5,29.1,0,0.0,0
2962.0,10,0,0,1,0,10,73.6,69.5,38,0,0,0,54.4,29.0,0,0.0,0
2963.0,10,0,0,1,0,10,73.6,69.5,38,0,0,0,54.4,29.0,0,0.0,0
2964.0,10,0,0,1,0,10,73.6,69.6,38,0,0,0,54.3,28.9,0,0.0,0
2965.0,10,0,0,1,0,10,74.3,69.6,37,0,0,0,54.3,28.9,0,0.0,0
2966.0,10,0,0,1,0,10,74.3,69.7,37,0,0,0,54.2,28.8,0,0.0,0
2967.0,10,0,0,1,0,10,74.3,69.7,37,0,0,0,54.2,28.8,0,0.0,0
2968.0,10,0,0,1,0,10,72.9,69.7,39,0,0,0,54.1,28.7,0,0.0,0
2969.0,10,0,0,1,0,10,72.9,69.8,39,0,0,0,54.1,28.7,0,0.0,0
2970.0,10,0,0,1,0,10,72.9,69.8,39,0,0,0,54.0,28.6,0,0.0,0
2971.0,10,0,0,1,0,10,72.9,69.8,39,0,0,0,54.0,28.6,0,0.0,0
2972.0,10,0,0,1,0,10,72.9,69.9,39,0,0,0,53.9,28.5,0,0.0,0
2973.0,10,0,0,1,0,10,72.9,69.9,39,0,0,0,53.9,28.5,0,0.0,0
2974.0,10,0,0,1,0,10,72.2,69.9,40,0,0,0,53.8,28.4,0,0.0,0
2975.0,10,0,0,1,0,10,72.2,69.9,40,0,0,0,53.8,28.4,0,0.0,0
2976.0,10,0,0,1,0,10,72.2,70.0,40,0,0,0,53.7,28.3,0,0.0,0
2977.0,10,0,0,1,0,10,72.9,70.0,39,0,0,0,53.7,28.3,0,0.0,0
2978.0,10,0,0,1,0,10,72.9,70.0,39,0,0,0,53.6,28.2,0,0.0,0
2979.0,10,0,0,1,0,10,72.9,70.1,39,0,0,0,53.6,28.1,0,0.0,0
2980.0,10,0,0,1,0,10,72.9,70.1,39,0,0,0,53.6,28.1,0,0.0,0
2981.0,10,0,0,1,0,10,72.9,70.2,39,0,0,0,53.5,28.0,0,0.0,0
2982.0,10,0,0,1,0,10,72.2,70.2,40,0,0,0,53.5,28.0,0,0.0,0
2983.0,10,0,0,1,0,10,72.9,70.2,39,0,0,0,53.4,27.9,0,0.0,0
2984.0,10,0,0,1,0,10,74.3,70.3,37,0,0,0,53.4,27.9,0,0.0,0
2985.0,10,0,0,1,0,10,74.3,70.3,37,0,0,0,53.3,27.8,0,0.0,0
2986.0,10,0,0,1,0,10,74.3,70.3,37,0,0,0,53.3,27.8,0,0.0,0
2987.0,10,0,0,1,0,10,74.3,70.4,37,0,0,0,53.2,27.7,0,0.0,0
2988.0,10,0,0,1,0,10,74.3,70.4,37,0,0,0,53.2,27.7,0,0.0,0
2989.0,10,0,0,1,0,10,74.3,70.4,37,0,0,0,53.1,27.6,0,0.0,0
2990.0,10,0,0,1,0,10,74.3,70.5,37,0,0,0,53.1,27.6,0,0.0,0
2991.0,10,0,0,1,0,10,72.9,70.5,39,0,0,0,53.0,27.5,0,0.0,0
2992.0,10,0,0,1,0,10,72.2,70.5,40,0,0,0,53.0,27.5,0,0.0,0
2993.0,10,0,0,1,0,10,72.2,70.6,40,0,0,0,52.9,27.4,0,0.0,0
2994.0,10,0,0,1,0,10,71.5,70.6,41,0,0,0,52.9,27.4,0,0.0,0
2995.0,10,0,0,1,0,10,70.8,70.6,42,0,0,0,52.8,27.3,0,0.0,0
2996.0,10,0,0,1,0,10,70.8,70.6,42,0,0,0,52.8,27.2,0,0.0,0
2997.0,10,0,0,1,0,10,70.1,70.6,43,0,0,0,52.7,27.2,0,0.0,0
2998.0,10,0,0,1,0,10,70.1,70.6,43,0,0,0,52.7,27.1,0,0.0,0
2999.0,10,0,0,1,0,10,70.1,70.7,43,0,0,0,52.6,27.1,0,0.0,0
3000.0,10,0,0,1,0,10,69.4,70.7,44,0,0,0,52.6,27.0,0,0.0,0
3001.0,10,0,0,1,0,10,68.8,70.7,45,0,0,0,52.6,27.0,0,0.0,0
3002.0,10,0,0,1,0,10,68.1,70.7,46,0,0,0,52.5,26.9,0,0.0,0
3003.0,10,0,0,1,0,10,68.1,70.7,46,0,0,0,52.5,26.9,0,0.0,0
3004.0,10,0,0,1,0,10,68.1,70.7,46,0,0,0,52.4,26.8,0,0.0,0
3005.0,10,0,0,1,0,10,68.1,70.7,46,0,0,0,52.4,26.8,0,0.0,0
3006.0,10,0,0,1,0,10,67.4,70.7,47,0,0,0,52.3,26.7,0,0.0,0
3007.0,10,0,0,1,0,10,67.4,70.7,47,0,0,0,52.3,26.7,0,0.0,0
3008.0,10,0,0,1,0,10,66.0,70.7,49,0,0,0,52.2,26.6,0,0.0,0
3009.0,10,0,0,1,0,10,66.0,70.7,49,0,0,0,52.2,26.6,0,0.0,0
3010.0,10,0,0,1,0,10,65.3,70.6,50,0,0,0,52.1,26.5,0,0.0,0
3011.0,10,0,0,1,0,10,65.3,70.6,50,0,0,0,52.1,26.5,0,0.0,0
3012.0,10,0,0,1,0,10,65.3,70.6,50,0,0,0,52.0,26.4,0,0.0,0
3013.0,10,0,0,1,0,10,65.3,70.6,50,0,0,0,52.0,26.3,0,0.0,0
3014.0,10,0,0,1,0,10,65.3,70.6,50,0,0,0,51.9,26.3,0,0.0,0
3015.0,10,0,0,1,0,10,65.3,70.6,50,0,0,0,51.9,26.2,0,0.0,0
3016.0,10,0,0,1,0,10,65.3,70.6,50,0,0,0,51.8,26.2,0,0.0,0
3017.0,10,0,0,1,0,10,64.6,70.6,51,0,0,0,51.8,26.1,0,0.0,0
3018.0,10,0,0,1,0,10,63.9,70.5,52,0,0,0,51.7,26.1,0,0.0,0
3019.0,10,0,0,1,0,10,63.9,70.5,52,0,0,0,51.7,26.0,0,0.0,0
3020.0,10,0,0,1,0,10,63.9,70.5,52,0,0,0,51.6,26.0,0,0.0,0
3021.0,10,0,0,1,0,10,63.9,70.5,52,0,0,0,51.6,25.9,0,0.0,0
3022.0,10,0,0,1,0,10,63.9,70.5,52,0,0,0,51.6,25.9,0,0.0,0
3023.0,10,0,0,1,0,10,63.9,70.5,52,0,0,0,51.5,25.8,0,0.0,0
3024.0,10,0,0,1,0,10,63.9,70.4,52,0,0,0,51.5,25.8,0,0.0,0
3025.0,10,0,0,1,0,10,63.9,70.4,52,0,0,0,51.4,25.7,0,0.0,0
3026.0,10,0,0,1,0,10,63.9,70.4,52,0,0,0,51.4,25.7,0,0.0,0
3027.0,10,0,0,1,0,10,63.2,70.4,53,0,0,0,51.3,25.6,0,0.0,0
3028.0,10,0,0,1,0,10,63.2,70.4,53,0,0,0,51.3,25.6,0,0.0,0
3029.0,10,0,0,1,0,10,63.2,70.4,53,0,0,0,51.2,25.5,0,0.0,0
3030.0,10,0,0,1,0,10,63.2,70.3,53,0,0,0,51.2,25.4,0,0.0,0
3031.0,10,0,0,1,0,10,62.5,70.3,54,0,0,0,51.1,25.4,0,0.0,0
3032.0,10,0,0,1,0,10,62.5,70.3,54,0,0,0,51.1,25.3,0,0.0,0
3033.0,10,0,0,1,0,10,62.5,70.3,54,0,0,0,51.0,25.3,0,0.0,0
3034.0,10,0,0,1,0,10,62.5,70.2,54,0,0,0,51.0,25.2,0,0.0,0
3035.0,10,0,0,1,0,10,61.8,70.2,55,0,0,0,50.9,25.2,0,0.0,0
3036.0,10,0,0,1,0,10,61.8,70.2,55,0,0,0,50.9,25.1,0,0.0,0
3037.0,10,0,0,1,0,10,61.1,70.2,56,0,0,0,50.8,25.1,0,0.0,0
3038.0,10,0,0,1,0,10,60.4,70.1,57,0,0,0,50.8,25.0,0,0.0,0
3039.0,10,0,0,1,0,10,60.4,70.1,57,0,0,0,50.7,25.0,0,0.0,0
3040.0,10,0,0,1,0,10,61.1,70.1,56,0,0,0,50.7,24.9,0,0.0,0
3041.0,10,0,0,1,0,10,61.1,70.1,56,0,0,0,50.6,24.9,0,0.0,0
3042.0,10,0,0,1,0,10,61.1,70.0,56,0,0,0,50.6,24.8,0,0.0,0
3043.0,10,0,0,1,0,10,61.8,70.0,55,0,0,0,50.6,24.8,0,0.0,0
3044.0,10,0,0,1,0,10,61.1,70.0,56,0,0,0,50.5,24.7,0,0.0,0
3045.0,10,0,0,1,0,10,61.1,70.0,56,0,0,0,50.5,24.7,0,0.0,0
3046.0,10,0,0,1,0,10,61.8,70.0,55,0,0,0,50.4,24.6,0,0.0,0
3047.0,10,0,0,1,0,10,61.1,69.9,56,0,0,0,50.4,24.5,0,0.0,0
3048.0,10,0,0,1,0,10,60.4,69.9,57,0,0,0,50.3,24.5,0,0.0,0
3049.0,10,0,0,1,0,10,60.4,69.9,57,0,0,0,50.3,24.4,0,0.0,0
3050.0,10,0,0,1,0,10,61.1,69.9,56,0,0,0,50.2,24.4,0,0.0,0
3051.0,10,0,0,1,0,10,61.1,69.9,56,0,0,0,50.2,24.3,0,0.0,0
3052.0,10,0,0,1,0,10,61.1,69.9,56,0,0,0,50.1,24.3,0,0.0,0
3053.0,9,0,1,1,0,10,61.1,69.8,56,0,0,0,50.1,24.2,0,0.0,0
3054.0,9,0,1,1,0,10,61.1,69.8,56,0,0,0,50.0,24.2,0,0.0,0
3055.0,9,0,1,1,0,10,62.5,69.8,54,0,0,0,50.0,24.2,0,0.0,0
3056.0,9,0,1,1,0,10,61.8,69.8,55,0,0,0,49.9,24.2,0,0.0,0
3057.0,9,0,1,1,0,10,62.5,69.8,54,0,0,0,49.9,24.2,0,0.0,0
3058.0,9,0,1,1,0,10,62.5,69.8,54,0,0,0,49.9,24.2,0,0.0,0
3059.0,9,0,1,1,0,10,62.5,69.8,54,0,0,0,49.8,24.2,0,0.0,0
3060.0,9,0,1,1,0,10,62.5,69.8,54,0,0,0,49.8,24.2,0,0.0,0
3061.0,9,0,1,1,0,10,62.5,69.7,54,0,0,0,49.7,24.2,0,0.0,0
3062.0,9,0,1,1,0,10,62.5,69.7,54,0,0,0,49.7,24.2,0,0.0,0
3063.0,9,0,1,1,0,10,62.5,69.7,54,0,0,0,49.6,24.2,0,0.0,0
3064.0,9,0,1,1,0,10,63.2,69.7,53,0,0,0,49.6,24.2,0,0.0,0
3065.0,9,0,1,1,0,10,63.2,69.7,53,0,0,0,49.6,24.2,0,0.0,0
3066.0,9,0,1,1,0,10,63.2,69.7,53,0,0,0,49.5,24.2,0,0.0,0
3067.0,9,0,1,1,0,10,63.9,69.7,52,0,0,0,49.5,24.2,0,0.0,0
3068.0,9,0,1,1,0,10,63.9,69.7,52,0,0,0,49.4,24.2,0,0.0,0
3069.0,9,0,1,1,0,10,63.9,69.6,52,0,0,0,49.4,24.2,0,0.0,0
3070.0,9,0,1,1,0,10,64.6,69.6,51,0,0,0,49.3,24.2,0,0.0,0
3071.0,9,0,1,1,0,10,64.6,69.6,51,0,0,0,49.3,24.2,0,0.0,0
3072.0,9,0,1,1,0,10,64.6,69.6,51,0,0,0,49.3,24.2,0,0.0,0
3073.0,9,0,1,1,0,10,64.6,69.6,51,0,0,0,49.2,24.2,0,0.0,0
3074.0,9,0,1,1,0,10,65.3,69.6,50,0,0,0,49.2,24.2,0,0.0,0
3075.0,8,0,2,1,0,10,65.3,69.6,50,0,0,0,49.1,24.2,0,0.0,0
3076.0,8,0,2,1,0,10,64.6,69.6,51,0,0,0,49.1,24.2,0,0.0,0
3077.0,8,0,2,1,0,10,64.6,69.6,51,0,0,0,49.0,24.2,0,0.0,0
3078.0,8,0,2,1,0,10,64.6,69.6,51,0,0,0,49.0,24.2,0,0.0,0
3079.0,8,0,2,1,0,10,64.6,69.6,51,0,0,0,49.0,24.2,0,0.0,0
3080.0,8,0,2,1,0,10,64.6,69.5,51,0,0,0,48.9,24.2,0,0.0,0
3081.0,8,0,2,1,0,10,64.6,69.5,51,0,0,0,48.9,24.2,0,0.0,0
3082.0,8,0,2,1,0,10,64.6,69.5,51,0,0,0,48.9,24.2,0,0.0,0
3083.0,8,0,2,1,0,10,64.6,69.5,51,0,0,0,48.8,24.2,0,0.0,0
3084.0,8,0,2,1,0,10,63.9,69.5,52,0,0,0,48.8,24.2,0,0.0,0
3085.0,8,0,2,1,0,10,63.9,69.5,52,0,0,0,48.7,24.2,0,0.0,0
3086.0,8,0,2,1,0,10,63.2,69.5,53,0,0,0,48.7,24.2,0,0.0,0
3087.0,8,0,2,1,0,10,63.2,69.4,53,0,0,0,48.7,24.2,0,0.0,0
3088.0,8,0,2,1,0,10,62.5,69.4,54,0,0,0,48.6,24.2,0,0.0,0
3089.0,8,0,2,1,0,10,61.8,69.4,55,0,0,0,48.6,24.2,0,0.0,0
3090.0,8,0,2,1,0,10,61.8,69.4,55,0,0,0,48.5,24.2,0,0.0,0
3091.0,8,0,2,1,0,10,62.5,69.3,54,0,0,0,48.5,24.2,0,0.0,0
3092.0,8,0,2,1,0,10,62.5,69.3,54,0,0,0,48.5,24.2,0,0.0,0
3093.0,8,0,2,1,0,10,62.5,69.3,54,0,0,0,48.4,24.2,0,0.0,0
3094.0,8,0,2,1,0,10,63.2,69.3,53,0,0,0,48.4,24.2,0,0.0,0
3095.0,8,0,2,1,0,10,63.2,69.3,53,0,0,0,48.4,24.2,0,0.0,0
3096.0,8,0,2,1,0,10,61.8,69.2,55,0,0,0,48.3,24.2,0,0.0,0
3097.0,8,0,2,1,0,10,61.8,69.2,55,0,0,0,48.3,24.2,0,0.0,0
3098.0,8,0,2,1,0,10,61.1,69.2,56,0,0,0,48.2,24.2,0,0.0,0
3099.0,8,0,2,1,0,10,61.1,69.1,56,0,0,0,48.2,24.2,0,0.0,0
3100.0,8,0,2,1,0,10,61.8,69.1,55,0,0,0,48.2,24.2,0,0.0,0
3101.0,8,0,2,1,0,10,61.8,69.1,55,0,0,0,48.1,24.1,0,0.0,0
3102.0,8,0,2,1,0,10,61.8,69.1,55,0,0,0,48.1,24.1,0,0.0,0
3103.0,8,0,2,1,0,10,61.1,69.0,56,0,0,0,48.1,24.0,0,0.0,0
3104.0,8,0,2,1,0,10,61.1,69.0,56,0,0,0,48.0,24.0,0,0.0,0
3105.0,7,0,3,1,0,10,60.4,69.0,57,0,0,0,48.0,23.9,0,0.0,0
3106.0,7,0,3,1,0,10,60.4,68.9,57,0,0,0,47.9,23.9,0,0.0,0
3107.0,7,0,3,1,0,10,59.7,68.9,58,0,0,0,47.9,23.9,0,0.0,0
3108.0,7,0,3,1,0,10,59.7,68.8,58,0,0,0,47.9,23.9,0,0.0,0
3109.0,7,0,3,1,0,10,59.7,68.8,58,0,0,0,47.8,23.9,0,0.0,0
3110.0,7,0,3,1,0,10,59.7,68.8,58,0,0,0,47.8,23.9,0,0.0,0
3111.0,7,0,3,1,0,10,58.3,68.7,60,0,0,0,47.8,23.9,0,0.0,0
3112.0,7,0,3,1,0,10,58.3,68.7,60,0,0,0,47.7,23.9,0,0.0,0
3113.0,7,1,2,1,0,9,58.3,68.6,60,0,0,0,54.6,23.9,0,0.0,0
3114.0,7,1,2,1,0,9,58.3,68.5,60,0,0,0,54.6,23.9,0,0.0,0
3115.0,7,1,2,1,0,9,58.3,68.5,60,0,0,0,54.5,23.9,0,0.0,0
3116.0,7,1,2,1,0,9,56.9,68.4,62,0,0,0,54.5,23.9,0,0.0,0
3117.0,7,1,2,1,0,9,56.2,68.4,63,0,0,0,54.5,23.9,0,0.0,0
3118.0,7,1,2,1,0,9,55.6,68.3,64,0,0,0,54.4,23.9,0,0.0,0
3119.0,7,1,2,1,0,9,55.6,68.2,64,0,0,0,54.4,23.9,0,0.0,0
3120.0,7,1,2,1,0,9,54.9,68.2,65,0,0,0,54.4,23.9,0,0.0,0
3121.0,7,1,2,1,0,9,54.9,68.1,65,0,0,0,54.3,23.9,0,0.0,0
3122.0,7,1,2,1,0,9,54.9,68.0,65,0,0,0,54.3,23.9,0,0.0,0
3123.0,7,1,2,1,0,9,54.9,68.0,65,0,0,0,54.3,23.9,0,0.0,0
3124.0,7,1,2,1,0,9,54.2,67.9,66,0,0,0,54.2,23.9,0,0.0,0
3125.0,7,1,2,1,0,9,54.2,67.8,66,0,0,0,54.2,23.9,0,0.0,0
3126.0,7,1,2,1,0,9,53.5,67.7,67,0,0,0,54.2,23.9,0,0.0,0
3127.0,7,1,2,1,0,9,53.5,67.7,67,0,0,0,54.1,23.9,0,0.0,0
3128.0,7,1,2,1,0,9,53.5,67.6,67,0,0,0,54.1,23.9,0,0.0,0
3129.0,7,1,2,1,0,9,53.5,67.5,67,0,0,0,54.1,23.9,0,0.0,0
3130.0,7,1,2,1,0,9,53.5,67.4,67,0,0,0,54.0,23.9,0,0.0,0
3131.0,7,1,2,1,0,9,54.2,67.3,66,0,0,0,54.0,23.9,0,0.0,0
3132.0,7,1,2,1,0,9,53.5,67.3,67,0,0,0,54.0,23.9,0,0.0,0
3133.0,7,1,2,1,0,9,53.5,67.2,67,0,0,0,53.9,23.9,0,0.0,0
3134.0,7,1,2,1,0,9,53.5,67.1,67,0,0,0,53.9,23.9,0,0.0,0
3135.0,7,2,1,1,0,8,54.2,67.0,66,0,0,0,60.7,23.9,0,0.0,0
3136.0,7,2,1,1,0,8,54.2,67.0,66,0,0,0,60.7,23.9,0,0.0,0
3137.0,7,2,1,1,0,8,54.2,66.9,66,0,0,0,60.6,23.9,0,0.0,0
3138.0,7,2,1,1,0,8,53.5,66.8,67,0,0,0,60.6,23.9,0,0.0,0
3139.0,7,2,1,1,0,8,53.5,66.7,67,0,0,0,60.6,23.9,0,0.0,0
3140.0,7,2,1,1,0,8,53.5,66.6,67,0,0,0,60.5,23.9,0,0.0,0
3141.0,7,2,1,1,0,8,54.2,66.5,66,0,0,0,60.5,23.9,0,0.0,0
3142.0,7,2,1,1,0,8,54.2,66.5,66,0,0,0,60.5,23.9,0,0.0,0
3143.0,7,2,1,1,0,8,53.5,66.4,67,0,0,0,60.5,23.9,0,0.0,0
3144.0,7,2,1,1,0,8,52.8,66.3,68,0,0,0,60.4,23.9,0,0.0,0
3145.0,7,2,1,1,0,8,52.1,66.2,69,0,0,0,60.4,23.9,0,0.0,0
3146.0,7,2,1,1,0,8,52.8,66.1,68,0,0,0,60.4,23.9,0,0.0,0
3147.0,7,2,1,1,0,8,53.5,66.0,67,0,0,0,60.3,23.9,0,0.0,0
3148.0,7,2,1,1,0,8,53.5,65.9,67,0,0,0,60.3,23.9,0,0.0,0
3149.0,7,2,1,1,0,8,53.5,65.8,67,0,0,0,60.3,23.9,0,0.0,0
3150.0,7,2,1,1,0,8,53.5,65.8,67,0,0,0,60.2,23.9,0,0.0,0
3151.0,7,2,1,1,0,8,53.5,65.7,67,0,0,0,60.2,23.9,0,0.0,0
3152.0,7,1,2,1,0,9,52.8,65.6,68,0,0,0,60.2,23.9,0,0.0,0
3153.0,7,1,2,1,0,9,52.8,65.5,68,0,0,0,60.1,23.9,0,0.0,0
3154.0,7,1,2,1,0,9,53.5,65.4,67,0,0,0,60.1,23.9,0,0.0,0
3155.0,7,1,2,1,0,9,53.5,65.3,67,0,0,0,60.1,23.9,0,0.0,0
3156.0,7,1,2,1,0,9,52.8,65.2,68,0,0,0,60.0,23.9,0,0.0,0
3157.0,7,1,2,1,0,9,52.8,65.1,68,0,0,0,60.0,23.9,0,0.0,0
3158.0,7,1,2,1,0,9,52.8,65.0,68,0,0,0,60.0,23.9,0,0.0,0
3159.0,7,1,2,1,0,9,52.1,64.9,69,0,0,0,59.9,23.9,0,0.0,0
3160.0,7,1,2,1,0,9,52.1,64.8,69,0,0,0,59.9,23.9,0,0.0,0
3161.0,7,1,2,1,0,9,52.8,64.7,68,0,0,0,59.9,23.9,0,0.0,0
3162.0,7,1,2,1,0,9,52.8,64.6,68,0,0,0,59.8,23.8,0,0.0,0
3163.0,7,1,2,1,0,9,51.4,64.5,70,0,0,0,59.8,23.8,0,0.0,0
3164.0,7,1,2,1,0,9,50.7,64.4,71,0,0,0,59.8,23.7,0,0.0,0
3165.0,7,2,1,1,0,8,50.0,64.3,72,0,0,0,66.6,23.7,0,0.0,0
3166.0,7,2,1,1,0,8,50.0,64.2,72,0,0,0,66.6,23.6,0,0.0,0
3167.0,7,2,1,1,0,8,50.0,64.1,72,0,0,0,66.6,23.5,0,0.0,0
3168.0,7,2,1,1,0,8,50.7,64.0,71,0,0,0,66.5,23.5,0,0.0,0
3169.0,7,2,1,1,0,8,50.7,63.9,71,0,0,0,66.5,23.4,0,0.0,0
3170.0,7,2,1,1,0,8,49.3,63.8,73,0,0,0,66.5,23.4,0,0.0,0
3171.0,7,2,1,1,0,8,47.9,63.7,75,0,0,0,66.4,23.3,0,0.0,0
3172.0,7,2,1,1,0,8,47.9,63.6,75,0,0,0,66.4,23.3,0,0.0,0
3173.0,7,2,1,1,0,8,47.9,63.5,75,0,0,0,66.4,23.2,0,0.0,0
3174.0,7,2,1,1,0,8,48.6,63.4,74,0,0,0,66.3,23.2,0,0.0,0
3175.0,7,2,1,1,0,8,49.3,63.3,73,0,0,0,66.3,23.1,0,0.0,0
3176.0,7,2,1,1,0,8,50.0,63.2,72,0,0,0,66.3,23.1,0,0.0,0
3177.0,7,1,2,1,0,9,50.0,63.1,72,0,0,0,66.2,23.0,0,0.0,0
3178.0,7,1,2,1,0,9,50.0,63.0,72,0,0,0,66.2,23.0,0,0.0,0
3179.0,7,1,2,1,0,9,50.0,62.9,72,0,0,0,66.2,22.9,0,0.0,0
3180.0,7,1,2,1,0,9,50.0,62.7,72,0,0,0,66.1,22.9,0,0.0,0
3181.0,7,1,2,1,0,9,50.7,62.6,71,0,0,0,66.1,22.8,0,0.0,0
3182.0,7,1,2,1,0,9,50.7,62.5,71,0,0,0,66.1,22.8,0,0.0,0
3183.0,7,1,2,1,0,9,50.7,62.4,71,0,0,0,66.0,22.7,0,0.0,0
3184.0,7,1,2,1,0,9,50.0,62.3,72,0,0,0,66.0,22.6,0,0.0,0
3185.0,7,1,2,1,0,9,50.0,62.2,72,0,0,0,66.0,22.6,0,0.0,0
3186.0,7,1,2,1,0,9,51.4,62.1,70,0,0,0,65.9,22.5,0,0.0,0
3187.0,7,1,2,1,0,9,51.4,62.0,70,0,0,0,65.9,22.5,0,0.0,0
3188.0,7,1,2,1,0,9,51.4,61.9,70,0,0,0,65.9,22.4,0,0.0,0
3189.0,7,1,2,1,0,9,51.4,61.8,70,0,0,0,65.8,22.4,0,0.0,0
3190.0,7,1,2,1,0,9,50.7,61.7,71,0,0,0,65.8,22.3,0,0.0,0
3191.0,7,1,2,1,0,9,50.7,61.6,71,0,0,0,65.8,22.3,0,0.0,0
3192.0,7,1,2,1,0,9,51.4,61.5,70,0,0,0,65.7,22.2,0,0.0,0
3193.0,7,1,2,1,0,9,51.4,61.4,70,0,0,0,65.7,22.2,0,0.0,0
3194.0,7,1,2,1,0,9,51.4,61.4,70,0,0,0,65.7,22.1,0,0.0,0
3195.0,7,1,2,1,0,9,51.4,61.3,70,0,0,0,65.6,22.1,0,0.0,0
3196.0,7,1,2,1,0,9,51.4,61.2,70,0,0,0,65.6,22.0,0,0.0,0
3197.0,7,1,2,1,0,9,50.7,61.1,71,0,0,0,65.6,22.0,0,0.0,0
3198.0,7,1,2,1,0,9,50.7,61.0,71,0,0,0,65.5,21.9,0,0.0,0
3199.0,7,1,2,1,0,9,51.4,60.9,70,0,0,0,65.5,21.9,0,0.0,0
3200.0,7,1,2,1,0,9,51.4,60.8,70,0,0,0,65.5,21.8,0,0.0,0
3201.0,7,1,2,1,0,9,51.4,60.7,70,0,0,0,65.4,21.7,0,0.0,0
3202.0,7,1,2,1,0,9,51.4,60.6,70,0,0,0,65.4,21.7,0,0.0,0
3203.0,7,1,2,1,0,9,51.4,60.5,70,0,0,0,65.4,21.6,0,0.0,0
3204.0,7,1,2,1,0,9,50.7,60.4,71,0,0,0,65.3,21.6,0,0.0,0
3205.0,7,1,2,1,0,9,50.7,60.3,71,0,0,0,65.3,21.5,0,0.0,0
3206.0,7,0,3,1,0,10,51.4,60.2,70,0,0,0,65.3,21.5,0,0.0,0
3207.0,7,0,3,1,0,10,51.4,60.1,70,0,0,0,65.2,21.5,0,0.0,0
3208.0,7,0,3,1,0,10,51.4,60.0,70,0,0,0,65.2,21.5,0,0.0,0
3209.0,7,0,3,1,0,10,51.4,59.9,70,0,0,0,65.2,21.5,0,0.0,0
3210.0,7,0,3,1,0,10,51.4,59.8,70,0,0,0,65.1,21.5,0,0.0,0
3211.0,7,0,3,1,0,10,50.7,59.8,71,0,0,0,65.1,21.5,0,0.0,0
3212.0,7,1,2,1,0,9,50.7,59.7,71,0,0,0,71.9,21.5,0,0.0,0
3213.0,7,1,2,1,0,9,51.4,59.6,70,0,0,0,71.9,21.5,0,0.0,0
3214.0,7,1,2,1,0,9,51.4,59.5,70,0,0,0,71.9,21.5,0,0.0,0
3215.0,7,1,2,1,0,9,51.4,59.4,70,0,0,0,71.8,21.5,0,0.0,0
3216.0,7,1,2,1,0,9,52.1,59.3,69,0,0,0,71.8,21.5,0,0.0,0
3217.0,7,1,2,1,0,9,51.4,59.2,70,0,0,0,71.8,21.5,0,0.0,0
3218.0,7,1,2,1,0,9,51.4,59.1,70,0,0,0,71.7,21.5,0,0.0,0
3219.0,7,1,2,1,0,9,52.1,59.1,69,0,0,0,71.7,21.5,0,0.0,0
3220.0,7,1,2,1,0,9,52.1,59.0,69,0,0,0,71.7,21.5,0,0.0,0
3221.0,7,1,2,1,0,9,52.1,58.9,69,0,0,0,71.6,21.5,0,0.0,0
3222.0,7,1,2,1,0,9,52.1,58.8,69,0,0,0,71.6,21.5,0,0.0,0
3223.0,7,1,2,1,0,9,52.1,58.7,69,0,0,0,71.6,21.5,0,0.0,0
3224.0,7,1,2,1,0,9,51.4,58.6,70,0,0,0,71.5,21.5,0,0.0,0
3225.0,7,1,2,1,0,9,50.7,58.5,71,0,0,0,71.5,21.5,0,0.0,0
3226.0,7,1,2,1,0,9,50.7,58.4,71,0,0,0,71.5,21.5,0,0.0,0
3227.0,7,1,2,1,0,9,50.7,58.3,71,0,0,0,71.4,21.5,0,0.0,0
3228.0,7,1,2,1,0,9,50.7,58.2,71,0,0,0,71.4,21.5,0,0.0,0
3229.0,7,1,2,1,0,9,50.7,58.1,71,0,0,0,71.4,21.5,0,0.0,0
3230.0,7,1,2,1,0,9,51.4,58.0,70,0,0,0,71.3,21.5,0,0.0,0
3231.0,7,1,2,1,0,9,50.7,57.9,71,0,0,0,71.3,21.5,0,0.0,0
3232.0,7,1,2,1,0,9,50.0,57.8,72,0,0,0,71.3,21.5,0,0.0,0
3233.0,7,1,2,1,0,9,50.0,57.7,72,0,0,0,71.2,21.5,0,0.0,0
3234.0,7,1,2,1,0,9,50.7,57.7,71,0,0,0,71.2,21.5,0,0.0,0
3235.0,7,1,2,1,0,9,50.0,57.6,72,0,0,0,71.2,21.5,0,0.0,0
3236.0,7,1,2,1,0,9,52.1,57.5,69,0,0,0,71.1,21.5,0,0.0,0
3237.0,7,2,1,1,0,8,52.1,57.4,69,0,0,0,78.0,21.5,0,0.0,0
3238.0,7,2,1,1,0,8,50.7,57.3,71,0,0,0,78.0,21.5,0,0.0,0
3239.0,7,2,1,1,0,8,51.4,57.3,70,0,0,0,78.0,21.5,0,0.0,0
3240.0,7,2,1,1,0,8,51.4,57.2,70,0,0,0,77.9,21.5,0,0.0,0
3241.0,7,2,1,1,0,8,51.4,57.1,70,0,0,0,77.9,21.5,0,0.0,0
3242.0,7,2,1,1,0,8,51.4,57.0,70,0,0,0,77.9,21.5,0,0.0,0
3243.0,7,2,1,1,0,8,52.8,57.0,68,0,0,0,77.8,21.5,0,0.0,0
3244.0,7,2,1,1,0,8,53.5,56.9,67,0,0,0,77.8,21.5,0,0.0,0
3245.0,7,2,1,1,0,8,52.8,56.9,68,0,0,0,77.8,21.5,0,0.0,0
3246.0,7,2,1,1,0,8,52.1,56.8,69,0,0,0,77.7,21.5,0,0.0,0
3247.0,7,2,1,1,0,8,52.8,56.7,68,0,0,0,77.7,21.5,0,0.0,0
3248.0,7,2,1,1,0,8,54.2,56.7,66,0,0,0,77.7,21.5,0,0.0,0
3249.0,7,2,1,1,0,8,53.5,56.6,67,0,0,0,77.6,21.5,0,0.0,0
3250.0,8,1,1,1,0,9,55.6,56.6,64,0,0,0,77.6,21.5,0,0.0,0
3251.0,8,1,1,1,0,9,55.6,56.5,64,0,0,0,77.5,21.5,0,0.0,0
3252.0,8,1,1,1,0,9,54.9,56.5,65,0,0,0,77.5,21.5,0,0.0,0
3253.0,8,1,1,1,0,9,54.9,56.5,65,0,0,0,77.5,21.5,0,0.0,0
3254.0,8,1,1,1,0,9,55.6,56.4,64,0,0,0,77.4,21.5,0,0.0,0
3255.0,9,0,1,1,0,10,55.6,56.4,64,0,0,0,77.4,21.5,0,0.0,0
3256.0,9,0,1,1,0,10,55.6,56.3,64,0,0,0,77.3,21.5,0,0.0,0
3257.0,9,0,1,1,0,10,56.2,56.3,63,0,0,0,77.3,21.5,0,0.0,0
3258.0,9,0,1,1,0,10,55.6,56.3,64,0,0,0,77.3,21.5,0,0.0,0
3259.0,9,0,1,1,0,10,55.6,56.2,64,0,0,0,77.2,21.5,0,0.0,0
3260.0,9,0,1,1,0,10,55.6,56.2,64,0,0,0,77.2,21.5,0,0.0,0
3261.0,9,0,1,1,0,10,56.2,56.2,63,0,0,0,77.1,21.5,0,0.0,0
3262.0,9,0,1,1,0,10,56.2,56.1,63,0,0,0,77.1,21.5,0,0.0,0
3263.0,9,0,1,1,0,10,56.9,56.1,62,0,0,0,77.0,21.5,0,0.0,0
3264.0,9,0,1,1,0,10,56.2,56.1,63,0,0,0,77.0,21.5,0,0.0,0
3265.0,9,0,1,1,0,10,56.2,56.0,63,0,0,0,77.0,21.5,0,0.0,0
3266.0,9,1,0,1,0,9,55.6,56.0,64,0,0,0,84.0,44.5,0,0.0,0
3267.0,9,1,0,1,0,9,55.6,56.0,64,0,0,0,84.0,44.5,0,0.0,0
3268.0,9,1,0,1,0,9,55.6,55.9,64,0,0,0,84.0,44.4,0,0.0,0
3269.0,9,1,0,1,0,9,55.6,55.9,64,0,0,0,83.9,44.4,0,0.0,0
3270.0,9,1,0,1,0,9,56.2,55.9,63,0,0,0,83.9,44.3,0,0.0,0
3271.0,9,1,0,1,0,9,55.6,55.9,64,0,0,0,83.8,44.3,0,0.0,0
3272.0,9,1,0,1,0,9,55.6,55.8,64,0,0,0,83.8,44.3,0,0.0,0
3273.0,9,1,0,1,0,9,56.2,55.8,63,0,0,0,83.7,44.2,0,0.0,0
3274.0,9,1,0,1,0,9,56.9,55.8,62,0,0,0,83.7,44.2,0,0.0,0
3275.0,9,1,0,1,0,9,56.9,55.8,62,0,0,0,83.7,44.1,0,0.0,0
3276.0,9,1,0,1,0,9,56.9,55.7,62,0,0,0,83.6,44.0,0,0.0,0
3277.0,9,1,0,1,0,9,57.6,55.7,61,0,0,0,83.6,44.0,0,0.0,0
3278.0,9,1,0,1,0,9,56.2,55.7,63,0,0,0,83.5,43.9,0,0.0,0
3279.0,9,1,0,1,0,9,56.2,55.7,63,0,0,0,83.5,43.9,0,0.0,0
3280.0,9,1,0,1,0,9,56.2,55.7,63,0,0,0,83.4,43.8,0,0.0,0
3281.0,9,1,0,1,0,9,56.9,55.7,62,0,0,0,83.4,43.8,0,0.0,0
3282.0,9,1,0,1,0,9,56.9,55.6,62,0,0,0,83.4,43.7,0,0.0,0
3283.0,9,1,0,1,0,9,57.6,55.6,61,0,0,0,83.3,43.7,0,0.0,0
3284.0,9,1,0,1,0,9,57.6,55.6,61,0,0,0,83.3,43.6,0,0.0,0
3285.0,9,1,0,1,0,9,56.2,55.6,63,0,0,0,83.2,43.6,0,0.0,0
3286.0,9,1,0,1,0,9,56.2,55.6,63,0,0,0,83.2,43.5,0,0.0,0
3287.0,9,1,0,1,0,9,56.2,55.5,63,0,0,0,83.1,43.5,0,0.0,0
3288.0,9,1,0,1,0,9,56.2,55.5,63,0,0,0,83.1,43.4,0,0.0,0
3289.0,9,1,0,1,0,9,56.2,55.5,63,0,0,0,83.1,43.4,0,0.0,0
3290.0,9,1,0,1,0,9,57.6,55.5,61,0,0,0,83.0,43.3,0,0.0,0
3291.0,9,1,0,1,0,9,56.9,55.5,62,0,0,0,83.0,43.3,0,0.0,0
3292.0,9,1,0,1,0,9,56.9,55.5,62,0,0,0,82.9,43.2,0,0.0,0
3293.0,9,1,0,1,0,9,57.6,55.4,61,0,0,0,82.9,43.1,0,0.0,0
3294.0,9,1,0,1,0,9,57.6,55.4,61,0,0,0,82.9,43.1,0,0.0,0
3295.0,9,1,0,1,0,9,58.3,55.4,60,0,0,0,82.8,43.0,0,0.0,0
3296.0,9,1,0,1,0,9,59.0,55.4,59,0,0,0,82.8,43.0,0,0.0,0
3297.0,9,1,0,1,0,9,59.0,55.4,59,0,0,0,82.7,42.9,0,0.0,0
3298.0,9,1,0,1,0,9,57.6,55.4,61,0,0,0,82.7,42.9,0,0.0,0
3299.0,9,1,0,1,0,9,57.6,55.3,61,0,0,0,82.6,42.8,0,0.0,0
3300.0,9,1,0,1,0,9,57.6,55.3,61,0,0,0,82.6,42.8,0,0.0,0
3301.0,9,1,0,1,0,9,58.3,55.3,60,0,0,0,82.6,42.7,0,0.0,0
3302.0,9,1,0,1,0,9,58.3,55.3,60,0,0,0,82.5,42.7,0,0.0,0
3303.0,9,1,0,1,0,9,60.4,55.3,57,0,0,0,82.5,42.6,0,0.0,0
3304.0,9,1,0,1,0,9,61.1,55.3,56,0,0,0,82.4,42.6,0,0.0,0
3305.0,9,1,0,1,0,9,60.4,55.3,57,0,0,0,82.4,42.5,0,0.0,0
3306.0,9,1,0,1,0,9,60.4,55.2,57,0,0,0,82.3,42.5,0,0.0,0
3307.0,9,1,0,1,0,9,60.4,55.2,57,0,0,0,82.3,42.4,0,0.0,0
3308.0,9,1,0,1,0,9,61.1,55.2,56,0,0,0,82.3,42.4,0,0.0,0
3309.0,9,1,0,1,0,9,63.2,55.2,53,0,0,0,82.2,42.3,0,0.0,0
3310.0,9,1,0,1,0,9,63.9,55.2,52,0,0,0,82.2,42.3,0,0.0,0
3311.0,9,1,0,1,0,9,64.6,55.2,51,0,0,0,82.1,42.2,0,0.0,0
3312.0,9,1,0,1,0,9,64.6,55.2,51,0,0,0,82.1,42.1,0,0.0,0
3313.0,9,1,0,1,0,9,63.9,55.2,52,0,0,0,82.0,42.1,0,0.0,0
3314.0,9,1,0,1,0,9,64.6,55.2,51,0,0,0,82.0,42.0,0,0.0,0
3315.0,9,1,0,1,0,9,65.3,55.2,50,0,0,0,82.0,42.0,0,0.0,0
3316.0,9,1,0,1,0,9,65.3,55.2,50,0,0,0,81.9,41.9,0,0.0,0
3317.0,9,1,0,1,0,9,66.7,55.2,48,0,0,0,81.9,41.9,0,0.0,0
3318.0,9,1,0,1,0,9,66.7,55.2,48,0,0,0,81.8,41.8,0,0.0,0
3319.0,9,1,0,1,0,9,66.7,55.2,48,0,0,0,81.8,41.8,0,0.0,0
3320.0,9,1,0,1,0,9,66.0,55.2,49,0,0,0,81.7,41.7,0,0.0,0
3321.0,9,1,0,1,0,9,66.0,55.2,49,0,0,0,81.7,41.7,0,0.0,0
3322.0,9,1,0,1,0,9,66.0,55.3,49,0,0,0,81.6,41.6,0,0.0,0
3323.0,9,1,0,1,0,9,66.0,55.3,49,0,0,0,81.6,41.6,0,0.0,0
3324.0,9,1,0,1,0,9,67.4,55.3,47,0,0,0,81.6,41.5,0,0.0,0
3325.0,9,1,0,1,0,9,66.7,55.3,48,0,0,0,81.5,41.5,0,0.0,0
3326.0,9,1,0,1,0,9,66.7,55.3,48,0,0,0,81.5,41.4,0,0.0,0
3327.0,9,1,0,1,0,9,66.0,55.3,49,0,0,0,81.4,41.4,0,0.0,0
3328.0,9,1,0,1,0,9,66.7,55.3,48,0,0,0,81.4,41.3,0,0.0,0
3329.0,9,1,0,1,0,9,67.4,55.4,47,0,0,0,81.3,41.2,0,0.0,0
3330.0,9,1,0,1,0,9,68.8,55.4,45,0,0,0,81.3,41.2,0,0.0,0
3331.0,9,1,0,1,0,9,68.8,55.4,45,0,0,0,81.3,41.1,0,0.0,0
3332.0,9,1,0,1,0,9,69.4,55.4,44,0,0,0,81.2,41.1,0,0.0,0
3333.0,9,1,0,1,0,9,69.4,55.5,44,0,0,0,81.2,41.0,0,0.0,0
3334.0,9,1,0,1,0,9,69.4,55.5,44,0,0,0,81.1,41.0,0,0.0,0
3335.0,9,1,0,1,0,9,69.4,55.5,44,0,0,0,81.1,40.9,0,0.0,0
3336.0,9,1,0,1,0,9,70.1,55.6,43,0,0,0,81.0,40.9,0,0.0,0
3337.0,9,1,0,1,0,9,71.5,55.6,41,0,0,0,81.0,40.8,0,0.0,0
3338.0,9,1,0,1,0,9,72.9,55.6,39,0,0,0,81.0,40.8,0,0.0,0
3339.0,9,1,0,1,0,9,72.9,55.7,39,0,0,0,80.9,40.7,0,0.0,0
3340.0,9,1,0,1,0,9,72.9,55.7,39,0,0,0,80.9,40.7,0,0.0,0
3341.0,9,1,0,1,0,9,72.9,55.8,39,0,0,0,80.8,40.6,0,0.0,0
3342.0,9,1,0,1,0,9,73.6,55.8,38,0,0,0,80.8,40.6,0,0.0,0
3343.0,9,1,0,1,0,9,73.6,55.9,38,0,0,0,80.8,40.5,0,0.0,0
3344.0,9,1,0,1,0,9,74.3,55.9,37,0,0,0,80.7,40.5,0,0.0,0
3345.0,9,1,0,1,0,9,74.3,56.0,37,0,0,0,80.7,40.4,0,0.0,0
3346.0,9,1,0,1,0,9,75.7,56.1,35,0,0,0,80.6,40.3,0,0.0,0
3347.0,9,1,0,1,0,9,75.0,56.1,36,0,0,0,80.6,40.3,0,0.0,0
3348.0,9,1,0,1,0,9,75.0,56.2,36,0,0,0,80.5,40.2,0,0.0,0
3349.0,9,1,0,1,0,9,75.0,56.3,36,0,0,0,80.5,40.2,0,0.0,0
3350.0,9,1,0,1,0,9,75.0,56.3,36,0,0,0,80.5,40.1,0,0.0,0
3351.0,9,1,0,1,0,9,75.0,56.4,36,0,0,0,80.4,40.1,0,0.0,0
3352.0,9,1,0,1,0,9,75.7,56.5,35,0,0,0,80.4,40.0,0,0.0,0
3353.0,9,1,0,1,0,9,75.0,56.5,36,0,0,0,80.3,40.0,0,0.0,0
3354.0,9,1,0,1,0,9,74.3,56.6,37,0,0,0,80.3,39.9,0,0.0,0
3355.0,9,1,0,1,0,9,74.3,56.7,37,0,0,0,80.2,39.9,0,0.0,0
3356.0,9,1,0,1,0,9,75.0,56.7,36,0,0,0,80.2,39.8,0,0.0,0
3357.0,9,1,0,1,0,9,75.0,56.8,36,0,0,0,80.2,39.8,0,0.0,0
3358.0,9,1,0,1,0,9,75.7,56.9,35,0,0,0,80.1,39.7,0,0.0,0
3359.0,9,1,0,1,0,9,76.4,57.0,34,0,0,0,80.1,39.7,0,0.0,0
3360.0,9,1,0,1,0,9,76.4,57.1,34,0,0,0,80.0,39.6,0,0.0,0
3361.0,10,0,0,1,0,10,76.4,57.2,34,0,0,0,80.0,39.6,0,0.0,0
3362.0,10,0,0,1,0,10,76.4,57.3,34,0,0,0,79.9,39.5,0,0.0,0
3363.0,10,0,0,1,0,10,76.4,57.3,34,0,0,0,79.9,39.4,0,0.0,0
3364.0,10,0,0,1,0,10,76.4,57.4,34,0,0,0,79.8,39.4,0,0.0,0
3365.0,10,0,0,1,0,10,76.4,57.5,34,0,0,0,79.8,39.3,0,0.0,0
3366.0,10,0,0,1,0,10,76.4,57.6,34,0,0,0,79.7,39.3,0,0.0,0
3367.0,10,0,0,1,0,10,76.4,57.7,34,0,0,0,79.7,39.2,0,0.0,0
3368.0,10,0,0,1,0,10,75.7,57.8,35,0,0,0,79.7,39.2,0,0.0,0
3369.0,10,0,0,1,0,10,75.7,57.9,35,0,0,0,79.6,39.1,0,0.0,0
3370.0,10,0,0,1,0,10,75.7,58.0,35,0,0,0,79.6,39.1,0,0.0,0
3371.0,10,0,0,1,0,10,75.7,58.1,35,0,0,0,79.5,39.0,0,0.0,0
3372.0,10,0,0,1,0,10,76.4,58.2,34,0,0,0,79.5,39.0,0,0.0,0
3373.0,10,0,0,1,0,10,74.3,58.3,37,0,0,0,79.4,38.9,0,0.0,0
3374.0,10,0,0,1,0,10,73.6,58.4,38,0,0,0,79.4,38.9,0,0.0,0
3375.0,10,0,0,1,0,10,73.6,58.4,38,0,0,0,79.3,38.8,0,0.0,0
3376.0,10,0,0,1,0,10,74.3,58.5,37,0,0,0,79.3,38.8,0,0.0,0
3377.0,10,0,0,1,0,10,73.6,58.6,38,0,0,0,79.2,38.7,0,0.0,0
3378.0,10,0,0,1,0,10,74.3,58.7,37,0,0,0,79.2,38.7,0,0.0,0
3379.0,10,0,0,1,0,10,74.3,58.8,37,0,0,0,79.1,38.6,0,0.0,0
3380.0,10,0,0,1,0,10,72.9,58.9,39,0,0,0,79.1,38.6,0,0.0,0
3381.0,10,0,0,1,0,10,72.2,58.9,40,0,0,0,79.0,38.5,0,0.0,0
3382.0,10,0,0,1,0,10,72.2,59.0,40,0,0,0,79.0,38.5,0,0.0,0
3383.0,10,0,0,1,0,10,72.9,59.1,39,0,0,0,78.9,38.4,0,0.0,0
3384.0,10,0,0,1,0,10,72.9,59.2,39,0,0,0,78.9,38.4,0,0.0,0
3385.0,10,0,0,1,0,10,72.9,59.3,39,0,0,0,78.8,38.3,0,0.0,0
3386.0,10,0,0,1,0,10,72.9,59.3,39,0,0,0,78.8,38.2,0,0.0,0
3387.0,10,0,0,1,0,10,72.2,59.4,40,0,0,0,78.8,38.2,0,0.0,0
3388.0,10,0,0,1,0,10,71.5,59.5,41,0,0,0,78.7,38.1,0,0.0,0
3389.0,10,0,0,1,0,10,71.5,59.6,41,0,0,0,78.7,38.1,0,0.0,0
3390.0,10,0,0,1,0,10,71.5,59.6,41,0,0,0,78.6,38.0,0,0.0,0
3391.0,10,0,0,1,0,10,72.9,59.7,39,0,0,0,78.6,38.0,0,0.0,0
3392.0,10,0,0,1,0,10,72.9,59.8,39,0,0,0,78.5,37.9,0,0.0,0
3393.0,10,0,0,1,0,10,72.2,59.9,40,0,0,0,78.5,37.9,0,0.0,0
3394.0,10,0,0,1,0,10,72.2,60.0,40,0,0,0,78.4,37.8,0,0.0,0
3395.0,10,0,0,1,0,10,71.5,60.0,41,0,0,0,78.4,37.8,0,0.0,0
3396.0,10,0,0,1,0,10,71.5,60.1,41,0,0,0,78.3,37.7,0,0.0,0
3397.0,10,0,0,1,0,10,71.5,60.2,41,0,0,0,78.3,37.7,0,0.0,0
3398.0,10,0,0,1,0,10,71.5,60.3,41,0,0,0,78.2,37.6,0,0.0,0
3399.0,10,0,0,1,0,10,71.5,60.4,41,0,0,0,78.2,37.6,0,0.0,0
3400.0,10,0,0,1,0,10,71.5,60.4,41,0,0,0,78.1,37.5,0,0.0,0
3401.0,10,0,0,1,0,10,71.5,60.5,41,0,0,0,78.1,37.5,0,0.0,0
3402.0,10,0,0,1,0,10,71.5,60.6,41,0,0,0,78.0,37.4,0,0.0,0
3403.0,10,0,0,1,0,10,72.2,60.7,40,0,0,0,78.0,37.4,0,0.0,0
3404.0,10,0,0,1,0,10,72.2,60.8,40,0,0,0,78.0,37.3,0,0.0,0
3405.0,10,0,0,1,0,10,72.2,60.9,40,0,0,0,77.9,37.3,0,0.0,0
3406.0,10,0,0,1,0,10,72.2,61.0,40,0,0,0,77.9,37.2,0,0.0,0
3407.0,10,0,0,1,0,10,72.2,61.1,40,0,0,0,77.8,37.2,0,0.0,0
3408.0,10,0,0,1,0,10,71.5,61.1,41,0,0,0,77.8,37.1,0,0.0,0
3409.0,10,0,0,1,0,10,71.5,61.2,41,0,0,0,77.7,37.0,0,0.0,0
3410.0,10,0,0,1,0,10,72.9,61.3,39,0,0,0,77.7,37.0,0,0.0,0
3411.0,10,0,0,1,0,10,72.9,61.4,39,0,0,0,77.6,36.9,0,0.0,0
3412.0,10,0,0,1,0,10,73.6,61.5,38,0,0,0,77.6,36.9,0,0.0,0
3413.0,10,0,0,1,0,10,73.6,61.6,38,0,0,0,77.5,36.8,0,0.0,0
3414.0,10,0,0,1,0,10,72.2,61.7,40,0,0,0,77.5,36.8,0,0.0,0
3415.0,10,0,0,1,0,10,71.5,61.8,41,0,0,0,77.4,36.7,0,0.0,0
3416.0,10,0,0,1,0,10,72.2,61.9,40,0,0,0,77.4,36.7,0,0.0,0
3417.0,10,0,0,1,0,10,72.2,62.0,40,0,0,0,77.3,36.6,0,0.0,0
3418.0,10,0,0,1,0,10,72.2,62.1,40,0,0,0,77.3,36.6,0,0.0,0
3419.0,10,0,0,1,0,10,72.9,62.2,39,0,0,0,77.2,36.5,0,0.0,0
3420.0,10,0,0,1,0,10,72.2,62.3,40,0,0,0,77.2,36.5,0,0.0,0
3421.0,10,0,0,1,0,10,72.2,62.4,40,0,0,0,77.1,36.4,0,0.0,0
3422.0,10,0,0,1,0,10,72.2,62.5,40,0,0,0,77.1,36.4,0,0.0,0
3423.0,10,0,0,1,0,10,72.9,62.6,39,0,0,0,77.1,36.3,0,0.0,0
3424.0,10,0,0,1,0,10,72.9,62.7,39,0,0,0,77.0,36.3,0,0.0,0
3425.0,10,0,0,1,0,10,73.6,62.8,38,0,0,0,77.0,36.2,0,0.0,0
3426.0,10,0,0,1,0,10,74.3,62.9,37,0,0,0,76.9,36.1,0,0.0,0
3427.0,10,0,0,1,0,10,73.6,63.0,38,0,0,0,76.9,36.1,0,0.0,0
3428.0,10,0,0,1,0,10,72.9,63.0,39,0,0,0,76.8,36.0,0,0.0,0
3429.0,10,0,0,1,0,10,72.9,63.1,39,0,0,0,76.8,36.0,0,0.0,0
3430.0,10,0,0,1,0,10,74.3,63.2,37,0,0,0,76.7,35.9,0,0.0,0
3431.0,10,0,0,1,0,10,74.3,63.3,37,0,0,0,76.7,35.9,0,0.0,0
3432.0,10,0,0,1,0,10,75.0,63.4,36,0,0,0,76.6,35.8,0,0.0,0
3433.0,10,0,0,1,0,10,75.0,63.5,36,0,0,0,76.6,35.8,0,0.0,0
3434.0,10,0,0,1,0,10,74.3,63.6,37,0,0,0,76.5,35.7,0,0.0,0
3435.0,10,0,0,1,0,10,73.6,63.7,38,0,0,0,76.5,35.7,0,0.0,0
3436.0,10,0,0,1,0,10,73.6,63.8,38,0,0,0,76.4,35.6,0,0.0,0
3437.0,10,0,0,1,0,10,75.0,63.9,36,0,0,0,76.4,35.6,0,0.0,0
3438.0,10,0,0,1,0,10,75.0,64.0,36,0,0,0,76.3,35.5,0,0.0,0
3439.0,10,0,0,1,0,10,75.0,64.1,36,0,0,0,76.3,35.5,0,0.0,0
3440.0,10,0,0,1,0,10,75.0,64.2,36,0,0,0,76.2,35.4,0,0.0,0
3441.0,10,0,0,1,0,10,73.6,64.3,38,0,0,0,76.2,35.4,0,0.0,0
3442.0,10,0,0,1,0,10,72.9,64.4,39,0,0,0,76.1,35.3,0,0.0,0
3443.0,10,0,0,1,0,10,72.9,64.5,39,0,0,0,76.1,35.3,0,0.0,0
3444.0,10,0,0,1,0,10,73.6,64.6,38,0,0,0,76.1,35.2,0,0.0,0
3445.0,10,0,0,1,0,10,74.3,64.7,37,0,0,0,76.0,35.1,0,0.0,0
3446.0,10,0,0,1,0,10,74.3,64.8,37,0,0,0,76.0,35.1,0,0.0,0
3447.0,10,0,0,1,0,10,73.6,64.9,38,0,0,0,75.9,35.0,0,0.0,0
3448.0,10,0,0,1,0,10,73.6,65.0,38,0,0,0,75.9,35.0,0,0.0,0
3449.0,10,0,0,1,0,10,73.6,65.0,38,0,0,0,75.8,34.9,0,0.0,0
3450.0,10,0,0,1,0,10,74.3,65.1,37,0,0,0,75.8,34.9,0,0.0,0
3451.0,10,0,0,1,0,10,74.3,65.2,37,0,0,0,75.7,34.8,0,0.0,0
3452.0,10,0,0,1,0,10,75.0,65.3,36,0,0,0,75.7,34.8,0,0.0,0
3453.0,10,0,0,1,0,10,74.3,65.4,37,0,0,0,75.6,34.7,0,0.0,0
3454.0,10,0,0,1,0,10,74.3,65.5,37,0,0,0,75.6,34.7,0,0.0,0
3455.0,10,0,0,1,0,10,74.3,65.6,37,0,0,0,75.5,34.6,0,0.0,0
3456.0,10,0,0,1,0,10,74.3,65.7,37,0,0,0,75.5,34.6,0,0.0,0
3457.0,10,0,0,1,0,10,74.3,65.8,37,0,0,0,75.4,34.5,0,0.0,0
3458.0,10,0,0,1,0,10,75.0,65.9,36,0,0,0,75.4,34.5,0,0.0,0
3459.0,10,0,0,1,0,10,75.0,66.0,36,0,0,0,75.3,34.4,0,0.0,0
3460.0,10,0,0,1,0,10,74.3,66.1,37,0,0,0,75.3,34.4,0,0.0,0
3461.0,10,0,0,1,0,10,74.3,66.2,37,0,0,0,75.2,34.3,0,0.0,0
3462.0,10,0,0,1,0,10,73.6,66.3,38,0,0,0,75.2,34.3,0,0.0,0
3463.0,10,0,0,1,0,10,72.9,66.4,39,0,0,0,75.2,34.2,0,0.0,0
3464.0,10,0,0,1,0,10,72.2,66.5,40,0,0,0,75.1,34.2,0,0.0,0
3465.0,10,0,0,1,0,10,72.9,66.5,39,0,0,0,75.1,34.1,0,0.0,0
3466.0,10,0,0,1,0,10,71.5,66.6,41,0,0,0,75.0,34.1,0,0.0,0
3467.0,10,0,0,1,0,10,70.8,66.7,42,0,0,0,75.0,34.0,0,0.0,0
3468.0,10,0,0,1,0,10,70.8,66.8,42,0,0,0,74.9,33.9,0,0.0,0
3469.0,10,0,0,1,0,10,70.8,66.9,42,0,0,0,74.9,33.9,0,0.0,0
3470.0,10,0,0,1,0,10,70.8,67.0,42,0,0,0,74.8,33.8,0,0.0,0
3471.0,10,0,0,1,0,10,70.8,67.1,42,0,0,0,74.8,33.8,0,0.0,0
3472.0,10,0,0,1,0,10,70.1,67.1,43,0,0,0,74.7,33.7,0,0.0,0
3473.0,10,0,0,1,0,10,69.4,67.2,44,0,0,0,74.7,33.7,0,0.0,0
3474.0,10,0,0,1,0,10,69.4,67.3,44,0,0,0,74.6,33.6,0,0.0,0
3475.0,10,0,0,1,0,10,69.4,67.4,44,0,0,0,74.6,33.6,0,0.0,0
3476.0,10,0,0,1,0,10,69.4,67.4,44,0,0,0,74.6,33.5,0,0.0,0
3477.0,10,0,0,1,0,10,70.1,67.5,43,0,0,0,74.5,33.5,0,0.0,0
3478.0,10,0,0,1,0,10,69.4,67.6,44,0,0,0,74.5,33.4,0,0.0,0
3479.0,10,0,0,1,0,10,70.1,67.7,43,0,0,0,74.4,33.4,0,0.0,0
3480.0,10,0,0,1,0,10,70.1,67.8,43,0,0,0,74.4,33.3,0,0.0,0
3481.0,10,0,0,1,0,10,70.1,67.8,43,0,0,0,74.3,33.3,0,0.0,0
3482.0,10,0,0,1,0,10,70.1,67.9,43,0,0,0,74.3,33.2,0,0.0,0
3483.0,10,0,0,1,0,10,70.1,68.0,43,0,0,0,74.2,33.2,0,0.0,0
3484.0,10,0,0,1,0,10,70.8,68.1,42,0,0,0,74.2,33.1,0,0.0,0
3485.0,10,0,0,1,0,10,71.5,68.1,41,0,0,0,74.1,33.0,0,0.0,0
3486.0,10,0,0,1,0,10,71.5,68.2,41,0,0,0,74.1,33.0,0,0.0,0
3487.0,10,0,0,1,0,10,71.5,68.3,41,0,0,0,74.0,32.9,0,0.0,0
3488.0,10,0,0,1,0,10,72.2,68.4,40,0,0,0,74.0,32.9,0,0.0,0
3489.0,10,0,0,1,0,10,72.9,68.5,39,0,0,0,73.9,32.9,0,0.0,0
3490.0,10,0,0,1,0,10,74.3,68.5,37,0,0,0,73.9,32.8,0,0.0,0
3491.0,10,0,0,1,0,10,74.3,68.6,37,0,0,0,73.8,32.7,0,0.0,0
3492.0,10,0,0,1,0,10,75.0,68.7,36,0,0,0,73.8,32.7,0,0.0,0
3493.0,10,0,0,1,0,10,75.0,68.8,36,0,0,0,73.8,32.6,0,0.0,0
3494.0,10,0,0,1,0,10,75.0,68.9,36,0,0,0,73.7,32.6,0,0.0,0
3495.0,10,0,0,1,0,10,74.3,68.9,37,0,0,0,73.7,32.5,0,0.0,0
3496.0,10,0,0,1,0,10,74.3,69.0,37,0,0,0,73.6,32.5,0,0.0,0
3497.0,10,0,0,1,0,10,75.0,69.1,36,0,0,0,73.6,32.4,0,0.0,0
3498.0,10,0,0,1,0,10,75.7,69.2,35,0,0,0,73.5,32.4,0,0.0,0
3499.0,10,0,0,1,0,10,76.4,69.3,34,0,0,0,73.5,32.3,0,0.0,0
3500.0,10,0,0,1,0,10,77.1,69.4,33,0,0,0,73.4,32.3,0,0.0,0
3501.0,10,0,0,1,0,10,76.4,69.4,34,0,0,0,73.4,32.2,0,0.0,0
3502.0,10,0,0,1,0,10,76.4,69.5,34,0,0,0,73.3,32.2,0,0.0,0
3503.0,10,0,0,1,0,10,76.4,69.6,34,0,0,0,73.3,32.1,0,0.0,0
3504.0,10,0,0,1,0,10,77.1,69.7,33,0,0,0,73.2,32.1,0,0.0,0
3505.0,10,0,0,1,0,10,77.1,69.8,33,0,0,0,73.2,32.0,0,0.0,0
3506.0,10,0,0,1,0,10,77.1,69.9,33,0,0,0,73.1,32.0,0,0.0,0
3507.0,10,0,0,1,0,10,77.8,70.0,32,0,0,0,73.1,31.9,0,0.0,0
3508.0,10,0,0,1,0,10,77.1,70.0,33,0,0,0,73.0,31.8,0,0.0,0
3509.0,10,0,0,1,0,10,77.1,70.1,33,0,0,0,73.0,31.8,0,0.0,0
3510.0,10,0,0,1,0,10,77.1,70.2,33,0,0,0,72.9,31.7,0,0.0,0
3511.0,10,0,0,1,0,10,77.8,70.3,32,0,0,0,72.9,31.7,0,0.0,0
3512.0,10,0,0,1,0,10,78.5,70.4,31,0,0,0,72.9,31.6,0,0.0,0
3513.0,10,0,0,1,0,10,78.5,70.5,31,0,0,0,72.8,31.6,0,0.0,0
3514.0,10,0,0,1,0,10,78.5,70.6,31,0,0,0,72.8,31.5,0,0.0,0
3515.0,10,0,0,1,0,10,77.8,70.7,32,0,0,0,72.7,31.5,0,0.0,0
3516.0,10,0,0,1,0,10,77.8,70.8,32,0,0,0,72.7,31.4,0,0.0,0
3517.0,10,0,0,1,0,10,78.5,70.9,31,0,0,0,72.6,31.4,0,0.0,0
3518.0,10,0,0,1,0,10,78.5,70.9,31,0,0,0,72.6,31.3,0,0.0,0
3519.0,10,0,0,1,0,10,79.2,71.0,30,0,0,0,72.5,31.3,0,0.0,0
3520.0,10,0,0,1,0,10,79.2,71.1,30,0,0,0,72.5,31.2,0,0.0,0
3521.0,10,0,0,1,0,10,79.2,71.2,30,0,0,0,72.4,31.2,0,0.0,0
3522.0,10,0,0,1,0,10,79.2,71.3,30,0,0,0,72.4,31.1,0,0.0,0
3523.0,10,0,0,1,0,10,78.5,71.4,31,0,0,0,72.3,31.1,0,0.0,0
3524.0,10,0,0,1,0,10,78.5,71.5,31,0,0,0,72.3,31.0,0,0.0,0
3525.0,10,0,0,1,0,10,78.5,71.6,31,0,0,0,72.2,30.9,0,0.0,0
3526.0,10,0,0,1,0,10,78.5,71.7,31,0,0,0,72.2,30.9,0,0.0,0
3527.0,10,0,0,1,0,10,77.8,71.8,32,0,0,0,72.1,30.8,0,0.0,0
3528.0,10,0,0,1,0,10,77.8,71.9,32,0,0,0,72.1,30.8,0,0.0,0
3529.0,10,0,0,1,0,10,77.8,72.0,32,0,0,0,72.1,30.7,0,0.0,0
3530.0,10,0,0,1,0,10,77.8,72.0,32,0,0,0,72.0,30.7,0,0.0,0
3531.0,10,0,0,1,0,10,77.8,72.1,32,0,0,0,72.0,30.6,0,0.0,0
3532.0,10,0,0,1,0,10,77.8,72.2,32,0,0,0,71.9,30.6,0,0.0,0
3533.0,10,0,0,1,0,10,77.1,72.3,33,0,0,0,71.9,30.5,0,0.0,0
3534.0,10,0,0,1,0,10,77.1,72.4,33,0,0,0,71.8,30.5,0,0.0,0
3535.0,10,0,0,1,0,10,77.1,72.4,33,0,0,0,71.8,30.4,0,0.0,0
3536.0,10,0,0,1,0,10,77.1,72.5,33,0,0,0,71.7,30.4,0,0.0,0
3537.0,10,0,0,1,0,10,77.1,72.6,33,0,0,0,71.7,30.3,0,0.0,0
3538.0,10,0,0,1,0,10,77.1,72.7,33,0,0,0,71.6,30.3,0,0.0,0
3539.0,10,0,0,1,0,10,77.1,72.8,33,0,0,0,71.6,30.2,0,0.0,0
3540.0,10,0,0,1,0,10,76.4,72.8,34,0,0,0,71.5,30.2,0,0.0,0
3541.0,10,0,0,1,0,10,76.4,72.9,34,0,0,0,71.5,30.1,0,0.0,0
3542.0,10,0,0,1,0,10,76.4,73.0,34,0,0,0,71.4,30.0,0,0.0,0
3543.0,10,0,0,1,0,10,76.4,73.1,34,0,0,0,71.4,30.0,0,0.0,0
3544.0,10,0,0,1,0,10,76.4,73.1,34,0,0,0,71.3,29.9,0,0.0,0
3545.0,10,0,0,1,0,10,77.1,73.2,33,0,0,0,71.3,29.9,0,0.0,0
3546.0,10,0,0,1,0,10,77.1,73.3,33,0,0,0,71.2,29.8,0,0.0,0
3547.0,10,0,0,1,0,10,76.4,73.3,34,0,0,0,71.2,29.8,0,0.0,0
3548.0,10,0,0,1,0,10,76.4,73.4,34,0,0,0,71.2,29.7,0,0.0,0
3549.0,10,0,0,1,0,10,76.4,73.4,34,0,0,0,71.1,29.7,0,0.0,0
3550.0,10,0,0,1,0,10,76.4,73.5,34,0,0,0,71.1,29.6,0,0.0,0
3551.0,10,0,0,1,0,10,76.4,73.5,34,0,0,0,71.0,29.6,0,0.0,0
3552.0,10,0,0,1,0,10,77.1,73.6,33,0,0,0,71.0,29.5,0,0.0,0
3553.0,10,0,0,1,0,10,77.1,73.7,33,0,0,0,70.9,29.5,0,0.0,0
3554.0,10,0,0,1,0,10,76.4,73.7,34,0,0,0,70.9,29.4,0,0.0,0
3555.0,10,0,0,1,0,10,76.4,73.7,34,0,0,0,70.8,29.4,0,0.0,0
3556.0,10,0,0,1,0,10,76.4,73.8,34,0,0,0,70.8,29.3,0,0.0,0
3557.0,10,0,0,1,0,10,76.4,73.8,34,0,0,0,70.7,29.3,0,0.0,0
3558.0,10,0,0,1,0,10,76.4,73.9,34,0,0,0,70.7,29.2,0,0.0,0
3559.0,10,0,0,1,0,10,77.1,73.9,33,0,0,0,70.6,29.1,0,0.0,0
3560.0,10,0,0,1,0,10,76.4,74.0,34,0,0,0,70.6,29.1,0,0.0,0
3561.0,10,0,0,1,0,10,76.4,74.0,34,0,0,0,70.5,29.0,0,0.0,0
3562.0,10,0,0,1,0,10,76.4,74.0,34,0,0,0,70.5,29.0,0,0.0,0
3563.0,10,0,0,1,0,10,75.7,74.1,35,0,0,0,70.4,28.9,0,0.0,0
3564.0,10,0,0,1,0,10,75.0,74.1,36,0,0,0,70.4,28.9,0,0.0,0
3565.0,10,0,0,1,0,10,75.0,74.2,36,0,0,0,70.3,28.8,0,0.0,0
3566.0,10,0,0,1,0,10,75.0,74.2,36,0,0,0,70.3,28.8,0,0.0,0
3567.0,10,0,0,1,0,10,75.0,74.2,36,0,0,0,70.2,28.7,0,0.0,0
3568.0,10,0,0,1,0,10,75.0,74.3,36,0,0,0,70.2,28.7,0,0.0,0
3569.0,10,0,0,1,0,10,75.0,74.3,36,0,0,0,70.2,28.6,0,0.0,0
3570.0,10,0,0,1,0,10,75.0,74.3,36,0,0,0,70.1,28.6,0,0.0,0
3571.0,10,0,0,1,0,10,74.3,74.3,37,0,0,0,70.1,28.5,0,0.0,0
3572.0,10,0,0,1,0,10,74.3,74.4,37,0,0,0,70.0,28.5,0,0.0,0
3573.0,10,0,0,1,0,10,73.6,74.4,38,0,0,0,70.0,28.4,0,0.0,0
3574.0,10,0,0,1,0,10,72.9,74.4,39,0,0,0,69.9,28.4,0,0.0,0
3575.0,10,0,0,1,0,10,71.5,74.4,41,0,0,0,69.9,28.3,0,0.0,0
3576.0,10,0,0,1,0,10,71.5,74.4,41,0,0,0,69.8,28.2,0,0.0,0
3577.0,10,0,0,1,0,10,71.5,74.4,41,0,0,0,69.8,28.2,0,0.0,0
3578.0,10,0,0,1,0,10,70.8,74.4,42,0,0,0,69.7,28.1,0,0.0,0
3579.0,10,0,0,1,0,10,70.8,74.4,42,0,0,0,69.7,28.1,0,0.0,0
3580.0,10,0,0,1,0,10,71.5,74.4,41,0,0,0,69.6,28.0,0,0.0,0
3581.0,10,0,0,1,0,10,71.5,74.4,41,0,0,0,69.6,28.0,0,0.0,0
3582.0,10,0,0,1,0,10,71.5,74.4,41,0,0,0,69.5,27.9,0,0.0,0
3583.0,10,0,0,1,0,10,70.8,74.4,42,0,0,0,69.5,27.9,0,0.0,0
3584.0,10,0,0,1,0,10,70.8,74.3,42,0,0,0,69.4,27.8,0,0.0,0
3585.0,10,0,0,1,0,10,70.8,74.3,42,0,0,0,69.4,27.8,0,0.0,0
3586.0,10,0,0,1,0,10,71.5,74.3,41,0,0,0,69.3,27.7,0,0.0,0
3587.0,10,0,0,1,0,10,71.5,74.3,41,0,0,0,69.3,27.7,0,0.0,0
3588.0,10,0,0,1,0,10,71.5,74.3,41,0,0,0,69.3,27.6,0,0.0,0
3589.0,10,0,0,1,0,10,71.5,74.3,41,0,0,0,69.2,27.6,0,0.0,0
3590.0,10,0,0,1,0,10,71.5,74.3,41,0,0,0,69.2,27.5,0,0.0,0
3591.0,10,0,0,1,0,10,71.5,74.2,41,0,0,0,69.1,27.5,0,0.0,0
3592.0,10,0,0,1,0,10,72.2,74.2,40,0,0,0,69.1,27.4,0,0.0,0
3593.0,10,0,0,1,0,10,72.9,74.2,39,0,0,0,69.0,27.3,0,0.0,0
3594.0,10,0,0,1,0,10,72.2,74.2,40,0,0,0,69.0,27.3,0,0.0,0
3595.0,10,0,0,1,0,10,72.2,74.2,40,0,0,0,68.9,27.2,0,0.0,0
3596.0,10,0,0,1,0,10,72.9,74.2,39,0,0,0,68.9,27.2,0,0.0,0
3597.0,10,0,0,1,0,10,73.6,74.2,38,0,0,0,68.8,27.1,0,0.0,0
3598.0,10,0,0,1,0,10,73.6,74.2,38,0,0,0,68.8,27.1,0,0.0,0
3599.0,10,0,0,1,0,10,74.3,74.2,37,0,0,0,68.7,27.0,0,0.0,0
3600.0,10,0,0,1,0,10,75.7,74.2,35,0,0,0,68.7,27.0,0,0.0,0
3601.0,10,0,0,1,0,10,75.7,74.2,35,0,0,0,68.6,26.9,0,0.0,0
3602.0,10,0,0,1,0,10,76.4,74.2,34,0,0,0,68.6,26.9,0,0.0,0
3603.0,10,0,0,1,0,10,76.4,74.2,34,0,0,0,68.5,26.8,0,0.0,0
3604.0,10,0,0,1,0,10,76.4,74.2,34,0,0,0,68.5,26.8,0,0.0,0
3605.0,10,0,0,1,0,10,76.4,74.2,34,0,0,0,68.5,26.7,0,0.0,0
3606.0,10,0,0,1,0,10,77.1,74.2,33,0,0,0,68.4,26.7,0,0.0,0
3607.0,10,0,0,1,0,10,77.1,74.2,33,0,0,0,68.4,26.6,0,0.0,0
3608.0,10,0,0,1,0,10,77.8,74.2,32,0,0,0,68.3,26.6,0,0.0,0
3609.0,10,0,0,1,0,10,77.8,74.2,32,0,0,0,68.3,26.5,0,0.0,0
3610.0,10,0,0,1,0,10,77.8,74.2,32,0,0,0,68.2,26.4,0,0.0,0
3611.0,10,0,0,1,0,10,77.8,74.2,32,0,0,0,68.2,26.4,0,0.0,0
3612.0,10,0,0,1,0,10,77.8,74.2,32,0,0,0,68.1,26.3,0,0.0,0
3613.0,10,0,0,1,0,10,77.8,74.2,32,0,0,0,68.1,26.3,0,0.0,0
3614.0,10,0,0,1,0,10,77.8,74.2,32,0,0,0,68.0,26.2,0,0.0,0
3615.0,10,0,0,1,0,10,77.8,74.3,32,0,0,0,68.0,26.2,0,0.0,0
3616.0,10,0,0,1,0,10,77.8,74.3,32,0,0,0,67.9,26.1,0,0.0,0
3617.0,10,0,0,1,0,10,77.8,74.3,32,0,0,0,67.9,26.1,0,0.0,0
3618.0,10,0,0,1,0,10,77.8,74.3,32,0,0,0,67.8,26.0,0,0.0,0
3619.0,10,0,0,1,0,10,77.8,74.3,32,0,0,0,67.8,26.0,0,0.0,0
3620.0,10,0,0,1,0,10,77.8,74.3,32,0,0,0,67.7,25.9,0,0.0,0
3621.0,10,0,0,1,0,10,77.8,74.4,32,0,0,0,67.7,25.9,0,0.0,0
3622.0,10,0,0,1,0,10,78.5,74.4,31,0,0,0,67.6,25.8,0,0.0,0
3623.0,10,0,0,1,0,10,78.5,74.4,31,0,0,0,67.6,25.8,0,0.0,0
3624.0,10,0,0,1,0,10,78.5,74.4,31,0,0,0,67.5,25.7,0,0.0,0
3625.0,10,0,0,1,0,10,78.5,74.5,31,0,0,0,67.5,25.7,0,0.0,0
3626.0,10,0,0,1,0,10,78.5,74.5,31,0,0,0,67.4,25.6,0,0.0,0
3627.0,10,0,0,1,0,10,78.5,74.5,31,0,0,0,67.4,25.6,0,0.0,0
3628.0,10,0,0,1,0,10,79.2,74.5,30,0,0,0,67.4,25.5,0,0.0,0
3629.0,10,0,0,1,0,10,79.2,74.6,30,0,0,0,67.3,25.4,0,0.0,0
3630.0,10,0,0,1,0,10,79.2,74.6,30,0,0,0,67.3,25.4,0,0.0,0
3631.0,10,0,0,1,0,10,79.2,74.6,30,0,0,0,67.2,25.3,0,0.0,0
3632.0,10,0,0,1,0,10,79.2,74.7,30,0,0,0,67.2,25.3,0,0.0,0
3633.0,10,0,0,1,0,10,79.2,74.7,30,0,0,0,67.1,25.2,0,0.0,0
3634.0,10,0,0,1,0,10,78.5,74.7,31,0,0,0,67.1,25.2,0,0.0,0
3635.0,10,0,0,1,0,10,77.8,74.7,32,0,0,0,67.0,25.1,0,0.0,0
3636.0,10,0,0,1,0,10,77.8,74.8,32,0,0,0,67.0,25.1,0,0.0,0
3637.0,10,0,0,1,0,10,77.8,74.8,32,0,0,0,66.9,25.0,0,0.0,0
3638.0,10,0,0,1,0,10,77.8,74.8,32,0,0,0,66.9,25.0,0,0.0,0
3639.0,10,0,0,1,0,10,77.8,74.8,32,0,0,0,66.8,24.9,0,0.0,0
3640.0,10,0,0,1,0,10,77.8,74.9,32,0,0,0,66.8,24.9,0,0.0,0
3641.0,10,0,0,1,0,10,77.1,74.9,33,0,0,0,66.7,24.8,0,0.0,0
3642.0,10,0,0,1,0,10,77.1,74.9,33,0,0,0,66.7,24.8,0,0.0,0
3643.0,10,0,0,1,0,10,77.1,74.9,33,0,0,0,66.6,24.7,0,0.0,0
3644.0,10,0,0,1,0,10,77.1,75.0,33,0,0,0,66.6,24.7,0,0.0,0
3645.0,10,0,0,1,0,10,76.4,75.0,34,0,0,0,66.5,24.6,0,0.0,0
3646.0,10,0,0,1,0,10,76.4,75.0,34,0,0,0,66.5,24.5,0,0.0,0
3647.0,10,0,0,1,0,10,76.4,75.0,34,0,0,0,66.5,24.5,0,0.0,0
3648.0,10,0,0,1,0,10,76.4,75.0,34,0,0,0,66.4,24.4,0,0.0,0
3649.0,10,0,0,1,0,10,76.4,75.0,34,0,0,0,66.4,24.4,0,0.0,0
3650.0,10,0,0,1,0,10,76.4,75.1,34,0,0,0,66.3,24.3,0,0.0,0
3651.0,10,0,0,1,0,10,76.4,75.1,34,0,0,0,66.3,24.3,0,0.0,0
3652.0,10,0,0,1,0,10,76.4,75.1,34,0,0,0,66.2,24.2,0,0.0,0
3653.0,10,0,0,1,0,10,76.4,75.1,34,0,0,0,66.2,24.2,0,0.0,0
3654.0,10,0,0,1,0,10,77.1,75.1,33,0,0,0,66.1,24.1,0,0.0,0
3655.0,10,0,0,1,0,10,76.4,75.1,34,0,0,0,66.1,24.1,0,0.0,0
3656.0,10,0,0,1,0,10,75.7,75.2,35,0,0,0,66.0,24.0,0,0.0,0
3657.0,10,0,0,1,0,10,75.7,75.2,35,0,0,0,66.0,24.0,0,0.0,0
3658.0,10,0,0,1,0,10,75.7,75.2,35,0,0,0,65.9,23.9,0,0.0,0
3659.0,10,0,0,1,0,10,75.7,75.2,35,0,0,0,65.9,23.9,0,0.0,0
3660.0,10,0,0,1,0,10,75.7,75.2,35,0,0,0,65.8,23.8,0,0.0,0
3661.0,10,0,0,1,0,10,75.7,75.2,35,0,0,0,65.8,23.8,0,0.0,0
3662.0,10,0,0,1,0,10,75.7,75.2,35,0,0,0,65.7,23.7,0,0.0,0
3663.0,10,0,0,1,0,10,75.7,75.2,35,0,0,0,65.7,23.6,0,0.0,0
3664.0,10,0,0,1,0,10,75.7,75.3,35,0,0,0,65.6,23.6,0,0.0,0
3665.0,10,0,0,1,0,10,75.0,75.3,36,0,0,0,65.6,23.5,0,0.0,0
3666.0,10,0,0,1,0,10,74.3,75.3,37,0,0,0,65.6,23.5,0,0.0,0
3667.0,10,0,0,1,0,10,74.3,75.3,37,0,0,0,65.5,23.4,0,0.0,0
3668.0,10,0,0,1,0,10,73.6,75.3,38,0,0,0,65.5,23.4,0,0.0,0
3669.0,10,0,0,1,0,10,75.7,75.3,35,0,0,0,65.4,23.3,0,0.0,0
3670.0,10,0,0,1,0,10,76.4,75.3,34,0,0,0,65.4,23.3,0,0.0,0
3671.0,10,0,0,1,0,10,76.4,75.3,34,0,0,0,65.3,23.2,0,0.0,0
3672.0,10,0,0,1,0,10,76.4,75.3,34,0,0,0,65.3,23.2,0,0.0,0
3673.0,10,0,0,1,0,10,76.4,75.3,34,0,0,0,65.2,23.1,0,0.0,0
3674.0,10,0,0,1,0,10,76.4,75.3,34,0,0,0,65.2,23.1,0,0.0,0
3675.0,10,0,0,1,0,10,77.1,75.3,33,0,0,0,65.1,23.0,0,0.0,0
3676.0,10,0,0,1,0,10,77.1,75.4,33,0,0,0,65.1,23.0,0,0.0,0
3677.0,10,0,0,1,0,10,77.1,75.4,33,0,0,0,65.0,22.9,0,0.0,0
3678.0,10,0,0,1,0,10,77.8,75.4,32,0,0,0,65.0,22.9,0,0.0,0
3679.0,10,0,0,1,0,10,78.5,75.4,31,0,0,0,64.9,22.8,0,0.0,0
3680.0,10,0,0,1,0,10,77.8,75.4,32,0,0,0,64.9,22.7,0,0.0,0
3681.0,10,0,0,1,0,10,77.1,75.4,33,0,0,0,64.8,22.7,0,0.0,0
3682.0,10,0,0,1,0,10,77.1,75.4,33,0,0,0,64.8,22.6,0,0.0,0
3683.0,10,0,0,1,0,10,77.1,75.4,33,0,0,0,64.7,22.6,0,0.0,0
3684.0,10,0,0,1,0,10,77.1,75.5,33,0,0,0,64.7,22.5,0,0.0,0
3685.0,10,0,0,1,0,10,77.1,75.5,33,0,0,0,64.7,22.5,0,0.0,0
3686.0,10,0,0,1,0,10,77.1,75.5,33,0,0,0,64.6,22.4,0,0.0,0
3687.0,10,0,0,1,0,10,76.4,75.5,34,0,0,0,64.6,22.4,0,0.0,0
3688.0,10,0,0,1,0,10,76.4,75.5,34,0,0,0,64.5,22.3,0,0.0,0
3689.0,10,0,0,1,0,10,77.8,75.5,32,0,0,0,64.5,22.3,0,0.0,0
3690.0,10,0,0,1,0,10,77.8,75.5,32,0,0,0,64.4,22.2,0,0.0,0
3691.0,10,0,0,1,0,10,77.1,75.5,33,0,0,0,64.4,22.2,0,0.0,0
3692.0,10,0,0,1,0,10,77.1,75.6,33,0,0,0,64.3,22.1,0,0.0,0
3693.0,10,0,0,1,0,10,76.4,75.6,34,0,0,0,64.3,22.1,0,0.0,0
3694.0,10,0,0,1,0,10,76.4,75.6,34,0,0,0,64.2,22.0,0,0.0,0
3695.0,10,0,0,1,0,10,76.4,75.6,34,0,0,0,64.2,22.0,0,0.0,0
3696.0,10,0,0,1,0,10,75.7,75.6,35,0,0,0,64.1,21.9,0,0.0,0
3697.0,10,0,0,1,0,10,75.7,75.6,35,0,0,0,64.1,21.8,0,0.0,0
3698.0,9,0,1,1,0,10,76.4,75.6,34,0,0,0,64.0,21.8,0,0.0,0
3699.0,9,0,1,1,0,10,76.4,75.6,34,0,0,0,64.0,21.8,0,0.0,0
3700.0,9,0,1,1,0,10,75.7,75.6,35,0,0,0,64.0,21.8,0,0.0,0
3701.0,9,0,1,1,0,10,75.7,75.6,35,0,0,0,63.9,21.8,0,0.0,0
3702.0,9,0,1,1,0,10,76.4,75.6,34,0,0,0,63.9,21.8,0,0.0,0
3703.0,9,0,1,1,0,10,75.0,75.6,36,0,0,0,63.8,21.8,0,0.0,0
3704.0,9,0,1,1,0,10,75.7,75.7,35,0,0,0,63.8,21.8,0,0.0,0
3705.0,9,0,1,1,0,10,75.7,75.7,35,0,0,0,63.7,21.8,0,0.0,0
3706.0,9,0,1,1,0,10,75.7,75.7,35,0,0,0,63.7,21.8,0,0.0,0
3707.0,9,0,1,1,0,10,75.7,75.7,35,0,0,0,63.7,21.8,0,0.0,0
3708.0,9,0,1,1,0,10,75.0,75.7,36,0,0,0,63.6,21.8,0,0.0,0
3709.0,9,0,1,1,0,10,75.0,75.7,36,0,0,0,63.6,21.8,0,0.0,0
3710.0,9,0,1,1,0,10,73.6,75.7,38,0,0,0,63.5,21.8,0,0.0,0
3711.0,9,0,1,1,0,10,73.6,75.8,38,0,0,0,63.5,21.8,0,0.0,0
3712.0,9,0,1,1,0,10,73.6,75.8,38,0,0,0,63.4,21.8,0,0.0,0
3713.0,9,0,1,1,0,10,72.9,75.8,39,0,0,0,63.4,21.8,0,0.0,0
3714.0,9,0,1,1,0,10,72.2,75.8,40,0,0,0,63.4,21.8,0,0.0,0
3715.0,9,0,1,1,0,10,72.2,75.8,40,0,0,0,63.3,21.8,0,0.0,0
3716.0,9,0,1,1,0,10,72.2,75.8,40,0,0,0,63.3,21.8,0,0.0,0
3717.0,9,0,1,1,0,10,71.5,75.8,41,0,0,0,63.2,21.8,0,0.0,0
3718.0,9,0,1,1,0,10,71.5,75.8,41,0,0,0,63.2,21.8,0,0.0,0
3719.0,9,0,1,1,0,10,71.5,75.8,41,0,0,0,63.1,21.8,0,0.0,0
3720.0,9,0,1,1,0,10,71.5,75.9,41,0,0,0,63.1,21.8,0,0.0,0
3721.0,9,0,1,1,0,10,71.5,75.9,41,0,0,0,63.1,21.8,0,0.0,0
3722.0,9,0,1,1,0,10,70.8,75.9,42,0,0,0,63.0,21.8,0,0.0,0
3723.0,9,0,1,1,0,10,69.4,75.9,44,0,0,0,63.0,21.8,0,0.0,0
3724.0,9,0,1,1,0,10,69.4,75.9,44,0,0,0,62.9,21.8,0,0.0,0
3725.0,9,0,1,1,0,10,69.4,75.8,44,0,0,0,62.9,21.8,0,0.0,0
3726.0,9,0,1,1,0,10,68.8,75.8,45,0,0,0,62.9,21.8,0,0.0,0
3727.0,9,0,1,1,0,10,68.8,75.8,45,0,0,0,62.8,21.8,0,0.0,0
3728.0,9,0,1,1,0,10,67.4,75.8,47,0,0,0,62.8,21.8,0,0.0,0
3729.0,9,0,1,1,0,10,67.4,75.8,47,0,0,0,62.7,21.8,0,0.0,0
3730.0,9,0,1,1,0,10,66.7,75.7,48,0,0,0,62.7,21.8,0,0.0,0
3731.0,9,0,1,1,0,10,66.7,75.7,48,0,0,0,62.6,21.8,0,0.0,0
3732.0,9,0,1,1,0,10,66.7,75.7,48,0,0,0,62.6,21.8,0,0.0,0
3733.0,9,0,1,1,0,10,66.0,75.6,49,0,0,0,62.6,21.8,0,0.0,0
3734.0,9,0,1,1,0,10,65.3,75.6,50,0,0,0,62.5,21.8,0,0.0,0
3735.0,9,0,1,1,0,10,64.6,75.6,51,0,0,0,62.5,21.8,0,0.0,0
3736.0,9,0,1,1,0,10,65.3,75.5,50,0,0,0,62.4,21.8,0,0.0,0
3737.0,9,0,1,1,0,10,65.3,75.5,50,0,0,0,62.4,21.8,0,0.0,0
3738.0,9,0,1,1,0,10,65.3,75.4,50,0,0,0,62.3,21.8,0,0.0,0
3739.0,9,0,1,1,0,10,64.6,75.4,51,0,0,0,62.3,21.8,0,0.0,0
3740.0,9,0,1,1,0,10,64.6,75.3,51,0,0,0,62.3,21.8,0,0.0,0
3741.0,9,0,1,1,0,10,64.6,75.3,51,0,0,0,62.2,21.8,0,0.0,0
3742.0,9,0,1,1,0,10,64.6,75.2,51,0,0,0,62.2,21.8,0,0.0,0
3743.0,9,0,1,1,0,10,65.3,75.2,50,0,0,0,62.1,21.8,0,0.0,0
3744.0,9,0,1,1,0,10,65.3,75.1,50,0,0,0,62.1,21.8,0,0.0,0
3745.0,9,0,1,1,0,10,65.3,75.1,50,0,0,0,62.0,21.8,0,0.0,0
3746.0,9,0,1,1,0,10,64.6,75.0,51,0,0,0,62.0,21.8,0,0.0,0
3747.0,9,0,1,1,0,10,64.6,75.0,51,0,0,0,62.0,21.8,0,0.0,0
3748.0,9,0,1,1,0,10,63.9,74.9,52,0,0,0,61.9,21.8,0,0.0,0
3749.0,9,0,1,1,0,10,64.6,74.9,51,0,0,0,61.9,21.8,0,0.0,0
3750.0,9,0,1,1,0,10,64.6,74.8,51,0,0,0,61.8,21.8,0,0.0,0
3751.0,9,0,1,1,0,10,64.6,74.8,51,0,0,0,61.8,21.8,0,0.0,0
3752.0,9,0,1,1,0,10,64.6,74.7,51,0,0,0,61.8,21.8,0,0.0,0
3753.0,9,0,1,1,0,10,62.5,74.6,54,0,0,0,61.7,21.8,0,0.0,0
3754.0,9,0,1,1,0,10,61.8,74.6,55,0,0,0,61.7,21.8,0,0.0,0
3755.0,9,0,1,1,0,10,61.8,74.5,55,0,0,0,61.6,21.8,0,0.0,0
3756.0,9,0,1,1,0,10,62.5,74.4,54,0,0,0,61.6,21.8,0,0.0,0
3757.0,9,0,1,1,0,10,62.5,74.4,54,0,0,0,61.5,21.8,0,0.0,0
3758.0,9,1,0,1,0,9,62.5,74.3,54,0,0,0,68.6,22.4,0,0.0,0
3759.0,9,1,0,1,0,9,61.8,74.2,55,0,0,0,68.6,22.4,0,0.0,0
3760.0,9,1,0,1,0,9,61.1,74.2,56,0,0,0,68.5,22.3,0,0.0,0
3761.0,9,1,0,1,0,9,61.1,74.1,56,0,0,0,68.5,22.3,0,0.0,0
3762.0,9,1,0,1,0,9,61.1,74.0,56,0,0,0,68.4,22.2,0,0.0,0
3763.0,9,1,0,1,0,9,61.8,73.9,55,0,0,0,68.4,22.1,0,0.0,0
3764.0,9,1,0,1,0,9,61.8,73.9,55,0,0,0,68.4,22.1,0,0.0,0
3765.0,9,1,0,1,0,9,61.8,73.8,55,0,0,0,68.3,22.0,0,0.0,0
3766.0,9,1,0,1,0,9,61.1,73.7,56,0,0,0,68.3,22.0,0,0.0,0
3767.0,9,1,0,1,0,9,61.1,73.7,56,0,0,0,68.2,21.9,0,0.0,0
3768.0,9,1,0,1,0,9,61.8,73.6,55,0,0,0,68.2,21.9,0,0.0,0
3769.0,9,1,0,1,0,9,62.5,73.5,54,0,0,0,68.1,21.8,0,0.0,0
3770.0,9,1,0,1,0,9,63.2,73.5,53,0,0,0,68.1,21.8,0,0.0,0
3771.0,9,1,0,1,0,9,63.2,73.4,53,0,0,0,68.1,21.7,0,0.0,0
3772.0,9,1,0,1,0,9,63.2,73.4,53,0,0,0,68.0,21.7,0,0.0,0
3773.0,9,1,0,1,0,9,62.5,73.3,54,0,0,0,68.0,21.6,0,0.0,0
3774.0,9,0,1,1,0,10,62.5,73.2,54,0,0,0,67.9,21.6,0,0.0,0
3775.0,9,0,1,1,0,10,62.5,73.2,54,0,0,0,67.9,21.6,0,0.0,0
3776.0,9,0,1,1,0,10,63.2,73.1,53,0,0,0,67.8,21.6,0,0.0,0
3777.0,9,0,1,1,0,10,63.2,73.1,53,0,0,0,67.8,21.6,0,0.0,0
3778.0,9,0,1,1,0,10,63.2,73.0,53,0,0,0,67.8,21.6,0,0.0,0
3779.0,9,0,1,1,0,10,63.2,72.9,53,0,0,0,67.7,21.6,0,0.0,0
3780.0,9,0,1,1,0,10,63.2,72.9,53,0,0,0,67.7,21.6,0,0.0,0
3781.0,9,0,1,1,0,10,63.2,72.8,53,0,0,0,67.6,21.6,0,0.0,0
3782.0,9,0,1,1,0,10,63.2,72.8,53,0,0,0,67.6,21.6,0,0.0,0
3783.0,9,0,1,1,0,10,63.9,72.7,52,0,0,0,67.6,21.6,0,0.0,0
3784.0,9,0,1,1,0,10,63.9,72.7,52,0,0,0,67.5,21.6,0,0.0,0
3785.0,9,0,1,1,0,10,63.9,72.6,52,0,0,0,67.5,21.6,0,0.0,0
3786.0,9,0,1,1,0,10,63.9,72.6,52,0,0,0,67.4,21.6,0,0.0,0
3787.0,9,0,1,1,0,10,63.9,72.5,52,0,0,0,67.4,21.6,0,0.0,0
3788.0,9,0,1,1,0,10,63.2,72.5,53,0,0,0,67.3,21.6,0,0.0,0
3789.0,9,0,1,1,0,10,63.2,72.4,53,0,0,0,67.3,21.6,0,0.0,0
3790.0,9,0,1,1,0,10,63.9,72.3,52,0,0,0,67.3,21.6,0,0.0,0
3791.0,9,0,1,1,0,10,63.9,72.3,52,0,0,0,67.2,21.6,0,0.0,0
3792.0,9,0,1,1,0,10,63.9,72.2,52,0,0,0,67.2,21.6,0,0.0,0
3793.0,9,0,1,1,0,10,63.2,72.2,53,0,0,0,67.1,21.6,0,0.0,0
3794.0,9,0,1,1,0,10,62.5,72.1,54,0,0,0,67.1,21.6,0,0.0,0
3795.0,9,0,1,1,0,10,61.8,72.1,55,0,0,0,67.0,21.6,0,0.0,0
3796.0,9,0,1,1,0,10,62.5,72.0,54,0,0,0,67.0,21.6,0,0.0,0
3797.0,9,0,1,1,0,10,62.5,71.9,54,0,0,0,67.0,21.6,0,0.0,0
3798.0,9,0,1,1,0,10,62.5,71.9,54,0,0,0,66.9,21.6,0,0.0,0
3799.0,9,0,1,1,0,10,61.8,71.8,55,0,0,0,66.9,21.6,0,0.0,0
3800.0,9,0,1,1,0,10,61.1,71.8,56,0,0,0,66.8,21.6,0,0.0,0
3801.0,9,0,1,1,0,10,61.1,71.7,56,0,0,0,66.8,21.6,0,0.0,0
3802.0,9,0,1,1,0,10,60.4,71.6,57,0,0,0,66.7,21.6,0,0.0,0
3803.0,9,0,1,1,0,10,61.1,71.6,56,0,0,0,66.7,21.6,0,0.0,0
3804.0,9,0,1,1,0,10,61.8,71.5,55,0,0,0,66.7,21.6,0,0.0,0
3805.0,9,0,1,1,0,10,61.1,71.5,56,0,0,0,66.6,21.6,0,0.0,0
3806.0,9,0,1,1,0,10,62.5,71.4,54,0,0,0,66.6,21.6,0,0.0,0
3807.0,9,0,1,1,0,10,61.8,71.4,55,0,0,0,66.5,21.6,0,0.0,0
3808.0,9,0,1,1,0,10,61.1,71.3,56,0,0,0,66.5,21.6,0,0.0,0
3809.0,9,0,1,1,0,10,61.1,71.2,56,0,0,0,66.4,21.6,0,0.0,0
3810.0,9,0,1,1,0,10,61.8,71.2,55,0,0,0,66.4,21.6,0,0.0,0
3811.0,9,0,1,1,0,10,61.8,71.1,55,0,0,0,66.4,21.6,0,0.0,0
3812.0,9,0,1,1,0,10,61.8,71.1,55,0,0,0,66.3,21.6,0,0.0,0
3813.0,9,0,1,1,0,10,62.5,71.0,54,0,0,0,66.3,21.6,0,0.0,0
3814.0,9,0,1,1,0,10,62.5,71.0,54,0,0,0,66.2,21.6,0,0.0,0
3815.0,9,0,1,1,0,10,63.2,71.0,53,0,0,0,66.2,21.6,0,0.0,0
3816.0,9,0,1,1,0,10,62.5,70.9,54,0,0,0,66.2,21.6,0,0.0,0
3817.0,9,0,1,1,0,10,63.2,70.9,53,0,0,0,66.1,21.6,0,0.0,0
3818.0,9,0,1,1,0,10,62.5,70.8,54,0,0,0,66.1,21.6,0,0.0,0
3819.0,9,0,1,1,0,10,62.5,70.8,54,0,0,0,66.0,21.6,0,0.0,0
3820.0,9,0,1,1,0,10,62.5,70.8,54,0,0,0,66.0,21.6,0,0.0,0
3821.0,9,0,1,1,0,10,62.5,70.7,54,0,0,0,65.9,21.6,0,0.0,0
3822.0,9,0,1,1,0,10,61.8,70.7,55,0,0,0,65.9,21.6,0,0.0,0
3823.0,9,0,1,1,0,10,63.2,70.7,53,0,0,0,65.9,21.6,0,0.0,0
3824.0,9,0,1,1,0,10,62.5,70.6,54,0,0,0,65.8,21.6,0,0.0,0
3825.0,9,0,1,1,0,10,62.5,70.6,54,0,0,0,65.8,21.6,0,0.0,0
3826.0,9,0,1,1,0,10,63.2,70.6,53,0,0,0,65.7,21.6,0,0.0,0
3827.0,9,0,1,1,0,10,62.5,70.5,54,0,0,0,65.7,21.6,0,0.0,0
3828.0,9,0,1,1,0,10,62.5,70.5,54,0,0,0,65.6,21.6,0,0.0,0
3829.0,9,0,1,1,0,10,61.8,70.4,55,0,0,0,65.6,21.6,0,0.0,0
3830.0,9,0,1,1,0,10,62.5,70.4,54,0,0,0,65.6,21.6,0,0.0,0
3831.0,9,0,1,1,0,10,62.5,70.4,54,0,0,0,65.5,21.6,0,0.0,0
3832.0,9,0,1,1,0,10,62.5,70.3,54,0,0,0,65.5,21.6,0,0.0,0
3833.0,9,0,1,1,0,10,63.2,70.3,53,0,0,0,65.4,21.6,0,0.0,0
3834.0,9,1,0,1,0,9,62.5,70.2,54,0,0,0,72.5,43.3,0,0.0,0
3835.0,9,1,0,1,0,9,62.5,70.2,54,0,0,0,72.5,43.3,0,0.0,0
3836.0,9,1,0,1,0,9,61.8,70.2,55,0,0,0,72.4,43.2,0,0.0,0
3837.0,9,1,0,1,0,9,61.8,70.1,55,0,0,0,72.4,43.1,0,0.0,0
3838.0,9,1,0,1,0,9,61.8,70.1,55,0,0,0,72.3,43.1,0,0.0,0
3839.0,9,1,0,1,0,9,61.8,70.0,55,0,0,0,72.3,43.1,0,0.0,0
3840.0,9,1,0,1,0,9,62.5,70.0,54,0,0,0,72.3,43.0,0,0.0,0
3841.0,9,1,0,1,0,9,62.5,69.9,54,0,0,0,72.2,43.0,0,0.0,0
3842.0,9,1,0,1,0,9,61.8,69.8,55,0,0,0,72.2,42.9,0,0.0,0
3843.0,9,1,0,1,0,9,61.8,69.8,55,0,0,0,72.1,42.8,0,0.0,0
3844.0,9,1,0,1,0,9,61.8,69.7,55,0,0,0,72.1,42.8,0,0.0,0
3845.0,9,1,0,1,0,9,61.8,69.7,55,0,0,0,72.1,42.7,0,0.0,0
3846.0,9,1,0,1,0,9,61.8,69.6,55,0,0,0,72.0,42.7,0,0.0,0
3847.0,9,1,0,1,0,9,62.5,69.5,54,0,0,0,72.0,42.6,0,0.0,0
3848.0,9,1,0,1,0,9,62.5,69.5,54,0,0,0,71.9,42.6,0,0.0,0
3849.0,9,1,0,1,0,9,62.5,69.4,54,0,0,0,71.9,42.5,0,0.0,0
3850.0,9,1,0,1,0,9,62.5,69.3,54,0,0,0,71.8,42.5,0,0.0,0
3851.0,9,1,0,1,0,9,63.2,69.3,53,0,0,0,71.8,42.4,0,0.0,0
3852.0,9,1,0,1,0,9,63.2,69.2,53,0,0,0,71.7,42.4,0,0.0,0
3853.0,9,1,0,1,0,9,63.2,69.2,53,0,0,0,71.7,42.3,0,0.0,0
3854.0,9,1,0,1,0,9,62.5,69.1,54,0,0,0,71.7,42.3,0,0.0,0
3855.0,9,1,0,1,0,9,62.5,69.0,54,0,0,0,71.6,42.2,0,0.0,0
3856.0,9,1,0,1,0,9,62.5,69.0,54,0,0,0,71.6,42.2,0,0.0,0
3857.0,9,1,0,1,0,9,62.5,68.9,54,0,0,0,71.5,42.1,0,0.0,0
3858.0,9,1,0,1,0,9,62.5,68.8,54,0,0,0,71.5,42.1,0,0.0,0
3859.0,9,1,0,1,0,9,62.5,68.8,54,0,0,0,71.5,42.0,0,0.0,0
3860.0,9,1,0,1,0,9,62.5,68.7,54,0,0,0,71.4,41.9,0,0.0,0
3861.0,9,1,0,1,0,9,63.2,68.7,53,0,0,0,71.4,41.9,0,0.0,0
3862.0,9,1,0,1,0,9,63.2,68.6,53,0,0,0,71.3,41.8,0,0.0,0
3863.0,9,1,0,1,0,9,62.5,68.5,54,0,0,0,71.3,41.8,0,0.0,0
3864.0,9,1,0,1,0,9,61.8,68.5,55,0,0,0,71.2,41.7,0,0.0,0
3865.0,9,1,0,1,0,9,62.5,68.4,54,0,0,0,71.2,41.7,0,0.0,0
3866.0,9,1,0,1,0,9,62.5,68.3,54,0,0,0,71.1,41.6,0,0.0,0
3867.0,9,1,0,1,0,9,62.5,68.3,54,0,0,0,71.1,41.6,0,0.0,0
3868.0,9,1,0,1,0,9,62.5,68.2,54,0,0,0,71.1,41.5,0,0.0,0
3869.0,9,1,0,1,0,9,62.5,68.1,54,0,0,0,71.0,41.5,0,0.0,0
3870.0,9,1,0,1,0,9,62.5,68.0,54,0,0,0,71.0,41.4,0,0.0,0
3871.0,10,0,0,1,0,10,62.5,68.0,54,0,0,0,70.9,41.4,0,0.0,0
3872.0,10,0,0,1,0,10,62.5,67.9,54,0,0,0,70.9,41.3,0,0.0,0
3873.0,10,0,0,1,0,10,63.2,67.8,53,0,0,0,70.8,41.3,0,0.0,0
3874.0,10,0,0,1,0,10,63.2,67.8,53,0,0,0,70.8,41.2,0,0.0,0
3875.0,10,0,0,1,0,10,63.2,67.7,53,0,0,0,70.7,41.2,0,0.0,0
3876.0,10,0,0,1,0,10,63.2,67.7,53,0,0,0,70.7,41.1,0,0.0,0
3877.0,10,0,0,1,0,10,63.2,67.6,53,0,0,0,70.6,41.0,0,0.0,0
3878.0,10,0,0,1,0,10,63.2,67.5,53,0,0,0,70.6,41.0,0,0.0,0
3879.0,10,0,0,1,0,10,63.2,67.5,53,0,0,0,70.5,40.9,0,0.0,0
3880.0,10,0,0,1,0,10,63.2,67.4,53,0,0,0,70.5,40.9,0,0.0,0
3881.0,10,0,0,1,0,10,63.2,67.4,53,0,0,0,70.4,40.8,0,0.0,0
3882.0,10,0,0,1,0,10,63.2,67.3,53,0,0,0,70.4,40.8,0,0.0,0
3883.0,10,0,0,1,0,10,63.2,67.2,53,0,0,0,70.4,40.7,0,0.0,0
3884.0,10,0,0,1,0,10,63.2,67.2,53,0,0,0,70.3,40.7,0,0.0,0
3885.0,10,0,0,1,0,10,63.2,67.1,53,0,0,0,70.3,40.6,0,0.0,0
3886.0,10,0,0,1,0,10,63.2,67.1,53,0,0,0,70.2,40.6,0,0.0,0
3887.0,10,0,0,1,0,10,63.2,67.0,53,0,0,0,70.2,40.5,0,0.0,0
3888.0,10,0,0,1,0,10,63.2,67.0,53,0,0,0,70.1,40.5,0,0.0,0
3889.0,10,0,0,1,0,10,63.2,66.9,53,0,0,0,70.1,40.4,0,0.0,0
3890.0,10,0,0,1,0,10,62.5,66.8,54,0,0,0,70.0,40.4,0,0.0,0
3891.0,10,0,0,1,0,10,62.5,66.8,54,0,0,0,70.0,40.3,0,0.0,0
3892.0,10,0,0,1,0,10,62.5,66.7,54,0,0,0,69.9,40.3,0,0.0,0
3893.0,10,0,0,1,0,10,62.5,66.7,54,0,0,0,69.9,40.2,0,0.0,0
3894.0,10,0,0,1,0,10,62.5,66.6,54,0,0,0,69.8,40.2,0,0.0,0
3895.0,10,0,0,1,0,10,61.8,66.6,55,0,0,0,69.8,40.1,0,0.0,0
3896.0,10,0,0,1,0,10,61.8,66.5,55,0,0,0,69.7,40.0,0,0.0,0
3897.0,10,0,0,1,0,10,61.8,66.4,55,0,0,0,69.7,40.0,0,0.0,0
3898.0,10,0,0,1,0,10,61.8,66.4,55,0,0,0,69.6,39.9,0,0.0,0
3899.0,10,0,0,1,0,10,61.8,66.3,55,0,0,0,69.6,39.9,0,0.0,0
3900.0,10,0,0,1,0,10,61.8,66.3,55,0,0,0,69.5,39.9,0,0.0,0
3901.0,10,0,0,1,0,10,61.8,66.2,55,0,0,0,69.5,39.8,0,0.0,0
3902.0,10,0,0,1,0,10,61.8,66.1,55,0,0,0,69.5,39.7,0,0.0,0
3903.0,10,0,0,1,0,10,61.8,66.1,55,0,0,0,69.4,39.7,0,0.0,0
3904.0,10,0,0,1,0,10,61.8,66.0,55,0,0,0,69.4,39.6,0,0.0,0
3905.0,10,0,0,1,0,10,61.8,66.0,55,0,0,0,69.3,39.6,0,0.0,0
3906.0,10,0,0,1,0,10,62.5,65.9,54,0,0,0,69.3,39.5,0,0.0,0
3907.0,10,0,0,1,0,10,63.2,65.9,53,0,0,0,69.2,39.5,0,0.0,0
3908.0,10,0,0,1,0,10,63.9,65.8,52,0,0,0,69.2,39.4,0,0.0,0
3909.0,10,0,0,1,0,10,63.9,65.8,52,0,0,0,69.1,39.4,0,0.0,0
3910.0,10,0,0,1,0,10,63.9,65.7,52,0,0,0,69.1,39.3,0,0.0,0
3911.0,10,0,0,1,0,10,63.9,65.7,52,0,0,0,69.0,39.3,0,0.0,0
3912.0,10,0,0,1,0,10,63.9,65.6,52,0,0,0,69.0,39.2,0,0.0,0
3913.0,10,0,0,1,0,10,63.9,65.6,52,0,0,0,68.9,39.2,0,0.0,0
3914.0,10,0,0,1,0,10,63.9,65.5,52,0,0,0,68.9,39.1,0,0.0,0
3915.0,10,0,0,1,0,10,64.6,65.5,51,0,0,0,68.8,39.1,0,0.0,0
3916.0,10,0,0,1,0,10,64.6,65.4,51,0,0,0,68.8,39.0,0,0.0,0
3917.0,10,0,0,1,0,10,64.6,65.4,51,0,0,0,68.7,39.0,0,0.0,0
3918.0,10,0,0,1,0,10,65.3,65.3,50,0,0,0,68.7,38.9,0,0.0,0
3919.0,10,0,0,1,0,10,66.0,65.3,49,0,0,0,68.7,38.8,0,0.0,0
3920.0,10,0,0,1,0,10,65.3,65.2,50,0,0,0,68.6,38.8,0,0.0,0
3921.0,10,0,0,1,0,10,65.3,65.2,50,0,0,0,68.6,38.7,0,0.0,0
3922.0,10,0,0,1,0,10,65.3,65.1,50,0,0,0,68.5,38.7,0,0.0,0
3923.0,10,0,0,1,0,10,65.3,65.1,50,0,0,0,68.5,38.6,0,0.0,0
3924.0,10,0,0,1,0,10,64.6,65.0,51,0,0,0,68.4,38.6,0,0.0,0
3925.0,10,0,0,1,0,10,64.6,65.0,51,0,0,0,68.4,38.5,0,0.0,0
3926.0,10,0,0,1,0,10,64.6,64.9,51,0,0,0,68.3,38.5,0,0.0,0
3927.0,10,0,0,1,0,10,64.6,64.9,51,0,0,0,68.3,38.4,0,0.0,0
3928.0,10,0,0,1,0,10,65.3,64.8,50,0,0,0,68.2,38.4,0,0.0,0
3929.0,10,0,0,1,0,10,64.6,64.8,51,0,0,0,68.2,38.3,0,0.0,0
3930.0,10,0,0,1,0,10,63.9,64.7,52,0,0,0,68.1,38.3,0,0.0,0
3931.0,10,0,0,1,0,10,64.6,64.7,51,0,0,0,68.1,38.2,0,0.0,0
3932.0,10,0,0,1,0,10,64.6,64.6,51,0,0,0,68.0,38.2,0,0.0,0
3933.0,10,0,0,1,0,10,64.6,64.6,51,0,0,0,68.0,38.1,0,0.0,0
3934.0,10,0,0,1,0,10,64.6,64.5,51,0,0,0,67.9,38.1,0,0.0,0
3935.0,10,0,0,1,0,10,63.9,64.5,52,0,0,0,67.9,38.0,0,0.0,0
3936.0,10,0,0,1,0,10,63.9,64.4,52,0,0,0,67.8,38.0,0,0.0,0
3937.0,10,0,0,1,0,10,63.9,64.4,52,0,0,0,67.8,37.9,0,0.0,0
3938.0,10,0,0,1,0,10,64.6,64.3,51,0,0,0,67.7,37.9,0,0.0,0
3939.0,10,0,0,1,0,10,65.3,64.3,50,0,0,0,67.7,37.8,0,0.0,0
3940.0,10,0,0,1,0,10,64.6,64.2,51,0,0,0,67.6,37.8,0,0.0,0
3941.0,10,0,0,1,0,10,64.6,64.2,51,0,0,0,67.6,37.7,0,0.0,0
3942.0,10,0,0,1,0,10,64.6,64.1,51,0,0,0,67.6,37.6,0,0.0,0
3943.0,10,0,0,1,0,10,65.3,64.1,50,0,0,0,67.5,37.6,0,0.0,0
3944.0,10,0,0,1,0,10,65.3,64.0,50,0,0,0,67.5,37.5,0,0.0,0
3945.0,10,0,0,1,0,10,65.3,64.0,50,0,0,0,67.4,37.5,0,0.0,0
3946.0,10,0,0,1,0,10,65.3,63.9,50,0,0,0,67.4,37.4,0,0.0,0
3947.0,10,0,0,1,0,10,65.3,63.9,50,0,0,0,67.3,37.4,0,0.0,0
3948.0,10,0,0,1,0,10,65.3,63.9,50,0,0,0,67.3,37.3,0,0.0,0
3949.0,10,0,0,1,0,10,66.0,63.8,49,0,0,0,67.2,37.3,0,0.0,0
3950.0,10,0,0,1,0,10,66.7,63.8,48,0,0,0,67.2,37.2,0,0.0,0
3951.0,10,0,0,1,0,10,66.7,63.8,48,0,0,0,67.1,37.2,0,0.0,0
3952.0,10,0,0,1,0,10,66.7,63.7,48,0,0,0,67.1,37.1,0,0.0,0
3953.0,10,0,0,1,0,10,66.7,63.7,48,0,0,0,67.0,37.1,0,0.0,0
3954.0,10,0,0,1,0,10,66.7,63.7,48,0,0,0,67.0,37.0,0,0.0,0
3955.0,10,0,0,1,0,10,67.4,63.7,47,0,0,0,66.9,37.0,0,0.0,0
3956.0,10,0,0,1,0,10,67.4,63.6,47,0,0,0,66.9,36.9,0,0.0,0
3957.0,10,0,0,1,0,10,67.4,63.6,47,0,0,0,66.9,36.9,0,0.0,0
3958.0,10,0,0,1,0,10,66.7,63.6,48,0,0,0,66.8,36.8,0,0.0,0
3959.0,10,0,0,1,0,10,66.7,63.6,48,0,0,0,66.8,36.7,0,0.0,0
3960.0,10,0,0,1,0,10,66.7,63.6,48,0,0,0,66.7,36.7,0,0.0,0
3961.0,10,0,0,1,0,10,66.7,63.5,48,0,0,0,66.7,36.6,0,0.0,0
3962.0,10,0,0,1,0,10,67.4,63.5,47,0,0,0,66.6,36.6,0,0.0,0
3963.0,10,0,0,1,0,10,68.1,63.5,46,0,0,0,66.6,36.5,0,0.0,0
3964.0,10,0,0,1,0,10,68.1,63.5,46,0,0,0,66.5,36.5,0,0.0,0
3965.0,10,0,0,1,0,10,67.4,63.5,47,0,0,0,66.5,36.4,0,0.0,0
3966.0,10,0,0,1,0,10,67.4,63.5,47,0,0,0,66.4,36.4,0,0.0,0
3967.0,10,0,0,1,0,10,67.4,63.5,47,0,0,0,66.4,36.3,0,0.0,0
3968.0,10,0,0,1,0,10,67.4,63.5,47,0,0,0,66.3,36.3,0,0.0,0
3969.0,10,0,0,1,0,10,69.4,63.5,44,0,0,0,66.3,36.2,0,0.0,0
3970.0,10,0,0,1,0,10,69.4,63.5,44,0,0,0,66.2,36.2,0,0.0,0
3971.0,10,0,0,1,0,10,68.8,63.5,45,0,0,0,66.2,36.1,0,0.0,0
3972.0,10,0,0,1,0,10,68.8,63.5,45,0,0,0,66.1,36.1,0,0.0,0
3973.0,10,0,0,1,0,10,68.8,63.6,45,0,0,0,66.1,36.0,0,0.0,0
3974.0,10,0,0,1,0,10,68.8,63.6,45,0,0,0,66.0,36.0,0,0.0,0
3975.0,10,0,0,1,0,10,70.1,63.6,43,0,0,0,66.0,35.9,0,0.0,0
3976.0,10,0,0,1,0,10,69.4,63.6,44,0,0,0,66.0,35.8,0,0.0,0
3977.0,10,0,0,1,0,10,69.4,63.6,44,0,0,0,65.9,35.8,0,0.0,0
3978.0,10,0,0,1,0,10,69.4,63.6,44,0,0,0,65.9,35.7,0,0.0,0
3979.0,10,0,0,1,0,10,69.4,63.7,44,0,0,0,65.8,35.7,0,0.0,0
3980.0,10,0,0,1,0,10,70.1,63.7,43,0,0,0,65.8,35.6,0,0.0,0
3981.0,10,0,0,1,0,10,70.1,63.7,43,0,0,0,65.7,35.6,0,0.0,0
3982.0,10,0,0,1,0,10,70.1,63.7,43,0,0,0,65.7,35.5,0,0.0,0
3983.0,10,0,0,1,0,10,70.1,63.8,43,0,0,0,65.6,35.5,0,0.0,0
3984.0,10,0,0,1,0,10,69.4,63.8,44,0,0,0,65.6,35.4,0,0.0,0
3985.0,10,0,0,1,0,10,68.8,63.8,45,0,0,0,65.5,35.4,0,0.0,0
3986.0,10,0,0,1,0,10,68.8,63.8,45,0,0,0,65.5,35.3,0,0.0,0
3987.0,10,0,0,1,0,10,68.8,63.8,45,0,0,0,65.4,35.3,0,0.0,0
3988.0,10,0,0,1,0,10,69.4,63.8,44,0,0,0,65.4,35.2,0,0.0,0
3989.0,10,0,0,1,0,10,70.1,63.9,43,0,0,0,65.3,35.2,0,0.0,0
3990.0,10,0,0,1,0,10,70.8,63.9,42,0,0,0,65.3,35.1,0,0.0,0
3991.0,10,0,0,1,0,10,70.1,63.9,43,0,0,0,65.2,35.1,0,0.0,0
3992.0,10,0,0,1,0,10,68.8,63.9,45,0,0,0,65.2,35.0,0,0.0,0
3993.0,10,0,0,1,0,10,68.8,64.0,45,0,0,0,65.1,35.0,0,0.0,0
3994.0,10,0,0,1,0,10,68.8,64.0,45,0,0,0,65.1,34.9,0,0.0,0
3995.0,10,0,0,1,0,10,68.8,64.0,45,0,0,0,65.1,34.9,0,0.0,0
3996.0,10,0,0,1,0,10,69.4,64.0,44,0,0,0,65.0,34.8,0,0.0,0
3997.0,10,0,0,1,0,10,68.1,64.1,46,0,0,0,65.0,34.8,0,0.0,0
3998.0,10,0,0,1,0,10,68.1,64.1,46,0,0,0,64.9,34.7,0,0.0,0
3999.0,10,0,0,1,0,10,68.1,64.1,46,0,0,0,64.9,34.6,0,0.0,0
4000.0,10,0,0,1,0,10,68.8,64.1,45,0,0,0,64.8,34.6,0,0.0,0
4001.0,10,0,0,1,0,10,68.8,64.2,45,0,0,0,64.8,34.5,0,0.0,0
4002.0,10,0,0,1,0,10,68.8,64.2,45,0,0,0,64.7,34.5,0,0.0,0
4003.0,10,0,0,1,0,10,69.4,64.2,44,0,0,0,64.7,34.4,0,0.0,0
4004.0,10,0,0,1,0,10,69.4,64.3,44,0,0,0,64.6,34.4,0,0.0,0
4005.0,10,0,0,1,0,10,69.4,64.3,44,0,0,0,64.6,34.3,0,0.0,0
4006.0,10,0,0,1,0,10,68.8,64.3,45,0,0,0,64.5,34.3,0,0.0,0
4007.0,10,0,0,1,0,10,68.8,64.4,45,0,0,0,64.5,34.2,0,0.0,0
4008.0,10,0,0,1,0,10,69.4,64.4,44,0,0,0,64.4,34.2,0,0.0,0
4009.0,10,0,0,1,0,10,70.1,64.4,43,0,0,0,64.4,34.1,0,0.0,0
4010.0,10,0,0,1,0,10,70.1,64.5,43,0,0,0,64.3,34.1,0,0.0,0
4011.0,10,0,0,1,0,10,70.1,64.5,43,0,0,0,64.3,34.0,0,0.0,0
4012.0,10,0,0,1,0,10,70.1,64.5,43,0,0,0,64.2,34.0,0,0.0,0
4013.0,10,0,0,1,0,10,70.1,64.6,43,0,0,0,64.2,33.9,0,0.0,0
4014.0,10,0,0,1,0,10,70.1,64.6,43,0,0,0,64.2,33.9,0,0.0,0
4015.0,10,0,0,1,0,10,70.1,64.6,43,0,0,0,64.1,33.8,0,0.0,0
4016.0,10,0,0,1,0,10,70.1,64.6,43,0,0,0,64.1,33.8,0,0.0,0
4017.0,10,0,0,1,0,10,70.1,64.7,43,0,0,0,64.0,33.7,0,0.0,0
4018.0,10,0,0,1,0,10,70.1,64.7,43,0,0,0,64.0,33.7,0,0.0,0
4019.0,10,0,0,1,0,10,69.4,64.7,44,0,0,0,63.9,33.6,0,0.0,0
4020.0,10,0,0,1,0,10,69.4,64.8,44,0,0,0,63.9,33.6,0,0.0,0
4021.0,10,0,0,1,0,10,68.1,64.8,46,0,0,0,63.8,33.5,0,0.0,0
4022.0,10,0,0,1,0,10,68.1,64.8,46,0,0,0,63.8,33.4,0,0.0,0
4023.0,10,0,0,1,0,10,68.1,64.8,46,0,0,0,63.7,33.4,0,0.0,0
4024.0,10,0,0,1,0,10,68.1,64.8,46,0,0,0,63.7,33.3,0,0.0,0
4025.0,10,0,0,1,0,10,68.1,64.8,46,0,0,0,63.6,33.3,0,0.0,0
4026.0,10,0,0,1,0,10,68.1,64.9,46,0,0,0,63.6,33.2,0,0.0,0
4027.0,10,0,0,1,0,10,68.1,64.9,46,0,0,0,63.5,33.2,0,0.0,0
4028.0,10,0,0,1,0,10,67.4,64.9,47,0,0,0,63.5,33.1,0,0.0,0
4029.0,10,0,0,1,0,10,68.1,64.9,46,0,0,0,63.4,33.1,0,0.0,0
4030.0,10,0,0,1,0,10,68.1,64.9,46,0,0,0,63.4,33.0,0,0.0,0
4031.0,10,0,0,1,0,10,68.1,65.0,46,0,0,0,63.4,33.0,0,0.0,0
4032.0,10,0,0,1,0,10,68.1,65.0,46,0,0,0,63.3,32.9,0,0.0,0
4033.0,10,0,0,1,0,10,68.1,65.0,46,0,0,0,63.3,32.9,0,0.0,0
4034.0,10,0,0,1,0,10,69.4,65.0,44,0,0,0,63.2,32.8,0,0.0,0
4035.0,10,0,0,1,0,10,70.8,65.1,42,0,0,0,63.2,32.8,0,0.0,0
4036.0,10,0,0,1,0,10,70.1,65.1,43,0,0,0,63.1,32.7,0,0.0,0
4037.0,10,0,0,1,0,10,70.1,65.1,43,0,0,0,63.1,32.7,0,0.0,0
4038.0,10,0,0,1,0,10,71.5,65.2,41,0,0,0,63.0,32.6,0,0.0,0
4039.0,10,0,0,1,0,10,70.8,65.2,42,0,0,0,63.0,32.5,0,0.0,0
4040.0,10,0,0,1,0,10,71.5,65.2,41,0,0,0,62.9,32.5,0,0.0,0
4041.0,10,0,0,1,0,10,71.5,65.3,41,0,0,0,62.9,32.4,0,0.0,0
4042.0,10,0,0,1,0,10,70.8,65.3,42,0,0,0,62.8,32.4,0,0.0,0
4043.0,10,0,0,1,0,10,71.5,65.4,41,0,0,0,62.8,32.3,0,0.0,0
4044.0,10,0,0,1,0,10,70.8,65.4,42,0,0,0,62.7,32.3,0,0.0,0
4045.0,10,0,0,1,0,10,70.8,65.4,42,0,0,0,62.7,32.2,0,0.0,0
4046.0,10,0,0,1,0,10,70.8,65.5,42,0,0,0,62.6,32.2,0,0.0,0
4047.0,10,0,0,1,0,10,71.5,65.5,41,0,0,0,62.6,32.1,0,0.0,0
4048.0,10,0,0,1,0,10,70.8,65.6,42,0,0,0,62.6,32.1,0,0.0,0
4049.0,10,0,0,1,0,10,69.4,65.6,44,0,0,0,62.5,32.0,0,0.0,0
4050.0,10,0,0,1,0,10,70.1,65.6,43,0,0,0,62.5,32.0,0,0.0,0
4051.0,10,0,0,1,0,10,70.1,65.7,43,0,0,0,62.4,31.9,0,0.0,0
4052.0,10,0,0,1,0,10,70.8,65.7,42,0,0,0,62.4,31.9,0,0.0,0
4053.0,10,0,0,1,0,10,70.8,65.7,42,0,0,0,62.3,31.8,0,0.0,0
4054.0,10,0,0,1,0,10,71.5,65.8,41,0,0,0,62.3,31.8,0,0.0,0
4055.0,10,0,0,1,0,10,70.8,65.8,42,0,0,0,62.2,31.8,0,0.0,0
4056.0,10,0,0,1,0,10,70.1,65.8,43,0,0,0,62.2,31.7,0,0.0,0
4057.0,10,0,0,1,0,10,70.8,65.9,42,0,0,0,62.1,31.7,0,0.0,0
4058.0,10,0,0,1,0,10,71.5,65.9,41,0,0,0,62.1,31.6,0,0.0,0
4059.0,10,0,0,1,0,10,70.8,65.9,42,0,0,0,62.0,31.6,0,0.0,0
4060.0,10,0,0,1,0,10,70.8,66.0,42,0,0,0,62.0,31.5,0,0.0,0
4061.0,10,0,0,1,0,10,70.8,66.0,42,0,0,0,62.0,31.4,0,0.0,0
4062.0,10,0,0,1,0,10,70.8,66.1,42,0,0,0,61.9,31.4,0,0.0,0
4063.0,10,0,0,1,0,10,70.8,66.1,42,0,0,0,61.9,31.3,0,0.0,0
4064.0,10,0,0,1,0,10,70.8,66.1,42,0,0,0,61.8,31.3,0,0.0,0
4065.0,10,0,0,1,0,10,71.5,66.2,41,0,0,0,61.8,31.2,0,0.0,0
4066.0,10,0,0,1,0,10,71.5,66.2,41,0,0,0,61.7,31.2,0,0.0,0
4067.0,10,0,0,1,0,10,71.5,66.2,41,0,0,0,61.7,31.1,0,0.0,0
4068.0,10,0,0,1,0,10,71.5,66.3,41,0,0,0,61.6,31.1,0,0.0,0
4069.0,10,0,0,1,0,10,71.5,66.3,41,0,0,0,61.6,31.0,0,0.0,0
4070.0,10,0,0,1,0,10,72.2,66.3,40,0,0,0,61.5,31.0,0,0.0,0
4071.0,10,0,0,1,0,10,72.2,66.4,40,0,0,0,61.5,30.9,0,0.0,0
4072.0,10,0,0,1,0,10,72.2,66.4,40,0,0,0,61.4,30.9,0,0.0,0
4073.0,10,0,0,1,0,10,72.2,66.5,40,0,0,0,61.4,30.8,0,0.0,0
4074.0,10,0,0,1,0,10,72.2,66.5,40,0,0,0,61.3,30.8,0,0.0,0
4075.0,10,0,0,1,0,10,72.2,66.5,40,0,0,0,61.3,30.7,0,0.0,0
4076.0,10,0,0,1,0,10,71.5,66.6,41,0,0,0,61.2,30.7,0,0.0,0
4077.0,10,0,0,1,0,10,72.2,66.6,40,0,0,0,61.2,30.6,0,0.0,0
4078.0,10,0,0,1,0,10,72.2,66.7,40,0,0,0,61.1,30.5,0,0.0,0
4079.0,10,0,0,1,0,10,72.2,66.7,40,0,0,0,61.1,30.5,0,0.0,0
4080.0,10,0,0,1,0,10,71.5,66.8,41,0,0,0,61.1,30.4,0,0.0,0
4081.0,10,0,0,1,0,10,71.5,66.8,41,0,0,0,61.0,30.4,0,0.0,0
4082.0,10,0,0,1,0,10,71.5,66.8,41,0,0,0,61.0,30.3,0,0.0,0
4083.0,10,0,0,1,0,10,70.8,66.9,42,0,0,0,60.9,30.3,0,0.0,0
4084.0,10,0,0,1,0,10,71.5,66.9,41,0,0,0,60.9,30.2,0,0.0,0
4085.0,10,0,0,1,0,10,72.2,67.0,40,0,0,0,60.8,30.2,0,0.0,0
4086.0,10,0,0,1,0,10,72.2,67.0,40,0,0,0,60.8,30.1,0,0.0,0
4087.0,10,0,0,1,0,10,70.8,67.0,42,0,0,0,60.7,30.1,0,0.0,0
4088.0,10,0,0,1,0,10,70.8,67.1,42,0,0,0,60.7,30.0,0,0.0,0
4089.0,10,0,0,1,0,10,70.8,67.1,42,0,0,0,60.6,30.0,0,0.0,0
4090.0,10,0,0,1,0,10,71.5,67.1,41,0,0,0,60.6,29.9,0,0.0,0
4091.0,10,0,0,1,0,10,70.8,67.2,42,0,0,0,60.5,29.9,0,0.0,0
4092.0,10,0,0,1,0,10,70.8,67.2,42,0,0,0,60.5,29.8,0,0.0,0
4093.0,10,0,0,1,0,10,70.8,67.2,42,0,0,0,60.5,29.8,0,0.0,0
4094.0,10,0,0,1,0,10,70.1,67.3,43,0,0,0,60.4,29.7,0,0.0,0
4095.0,10,0,0,1,0,10,70.1,67.3,43,0,0,0,60.4,29.6,0,0.0,0
4096.0,10,0,0,1,0,10,70.1,67.3,43,0,0,0,60.3,29.6,0,0.0,0
4097.0,10,0,0,1,0,10,70.8,67.4,42,0,0,0,60.3,29.5,0,0.0,0
4098.0,10,0,0,1,0,10,70.8,67.4,42,0,0,0,60.2,29.5,0,0.0,0
4099.0,10,0,0,1,0,10,71.5,67.4,41,0,0,0,60.2,29.4,0,0.0,0
4100.0,10,0,0,1,0,10,70.8,67.5,42,0,0,0,60.1,29.4,0,0.0,0
4101.0,10,0,0,1,0,10,70.1,67.5,43,0,0,0,60.1,29.3,0,0.0,0
4102.0,10,0,0,1,0,10,70.1,67.5,43,0,0,0,60.0,29.3,0,0.0,0
4103.0,10,0,0,1,0,10,70.1,67.6,43,0,0,0,60.0,29.2,0,0.0,0
4104.0,10,0,0,1,0,10,70.8,67.6,42,0,0,0,59.9,29.2,0,0.0,0
4105.0,10,0,0,1,0,10,70.8,67.6,42,0,0,0,59.9,29.1,0,0.0,0
4106.0,10,0,0,1,0,10,70.8,67.7,42,0,0,0,59.8,29.1,0,0.0,0
4107.0,10,0,0,1,0,10,70.1,67.7,43,0,0,0,59.8,29.0,0,0.0,0
4108.0,10,0,0,1,0,10,70.1,67.7,43,0,0,0,59.7,29.0,0,0.0,0
4109.0,10,0,0,1,0,10,70.1,67.8,43,0,0,0,59.7,28.9,0,0.0,0
4110.0,10,0,0,1,0,10,71.5,67.8,41,0,0,0,59.6,28.9,0,0.0,0
4111.0,10,0,0,1,0,10,72.2,67.8,40,0,0,0,59.6,28.8,0,0.0,0
4112.0,10,0,0,1,0,10,72.9,67.9,39,0,0,0,59.6,28.7,0,0.0,0
4113.0,10,0,0,1,0,10,72.9,67.9,39,0,0,0,59.5,28.7,0,0.0,0
4114.0,10,0,0,1,0,10,72.9,68.0,39,0,0,0,59.5,28.6,0,0.0,0
4115.0,10,0,0,1,0,10,72.9,68.0,39,0,0,0,59.4,28.6,0,0.0,0
4116.0,10,0,0,1,0,10,72.2,68.0,40,0,0,0,59.4,28.5,0,0.0,0
4117.0,10,0,0,1,0,10,72.2,68.1,40,0,0,0,59.3,28.5,0,0.0,0
4118.0,10,0,0,1,0,10,72.2,68.1,40,0,0,0,59.3,28.4,0,0.0,0
4119.0,10,0,0,1,0,10,72.9,68.2,39,0,0,0,59.2,28.4,0,0.0,0
4120.0,10,0,0,1,0,10,72.9,68.2,39,0,0,0,59.2,28.3,0,0.0,0
4121.0,10,0,0,1,0,10,73.6,68.2,38,0,0,0,59.1,28.3,0,0.0,0
4122.0,10,0,0,1,0,10,72.9,68.3,39,0,0,0,59.1,28.2,0,0.0,0
4123.0,10,0,0,1,0,10,72.9,68.3,39,0,0,0,59.0,28.2,0,0.0,0
4124.0,10,0,0,1,0,10,72.2,68.4,40,0,0,0,59.0,28.1,0,0.0,0
4125.0,10,0,0,1,0,10,72.2,68.4,40,0,0,0,58.9,28.1,0,0.0,0
4126.0,10,0,0,1,0,10,72.9,68.4,39,0,0,0,58.9,28.0,0,0.0,0
4127.0,10,0,0,1,0,10,72.9,68.5,39,0,0,0,58.8,28.0,0,0.0,0
4128.0,10,0,0,1,0,10,72.2,68.5,40,0,0,0,58.8,27.9,0,0.0,0
4129.0,10,0,0,1,0,10,72.9,68.6,39,0,0,0,58.8,27.8,0,0.0,0
4130.0,10,0,0,1,0,10,72.9,68.6,39,0,0,0,58.7,27.8,0,0.0,0
4131.0,10,0,0,1,0,10,72.9,68.6,39,0,0,0,58.7,27.7,0,0.0,0
4132.0,10,0,0,1,0,10,72.9,68.7,39,0,0,0,58.6,27.7,0,0.0,0
4133.0,10,0,0,1,0,10,72.9,68.7,39,0,0,0,58.6,27.6,0,0.0,0
4134.0,10,0,0,1,0,10,73.6,68.8,38,0,0,0,58.5,27.6,0,0.0,0
4135.0,10,0,0,1,0,10,72.9,68.8,39,0,0,0,58.5,27.5,0,0.0,0
4136.0,10,0,0,1,0,10,72.2,68.9,40,0,0,0,58.4,27.5,0,0.0,0
4137.0,10,0,0,1,0,10,72.2,68.9,40,0,0,0,58.4,27.4,0,0.0,0
4138.0,10,0,0,1,0,10,72.2,69.0,40,0,0,0,58.3,27.4,0,0.0,0
4139.0,10,0,0,1,0,10,72.2,69.0,40,0,0,0,58.3,27.3,0,0.0,0
4140.0,10,0,0,1,0,10,72.2,69.0,40,0,0,0,58.2,27.3,0,0.0,0
4141.0,10,0,0,1,0,10,72.2,69.1,40,0,0,0,58.2,27.2,0,0.0,0
4142.0,10,0,0,1,0,10,72.2,69.1,40,0,0,0,58.1,27.2,0,0.0,0
4143.0,10,0,0,1,0,10,72.2,69.2,40,0,0,0,58.1,27.1,0,0.0,0
4144.0,10,0,0,1,0,10,72.2,69.2,40,0,0,0,58.0,27.1,0,0.0,0
4145.0,10,0,0,1,0,10,72.2,69.3,40,0,0,0,58.0,27.0,0,0.0,0
4146.0,10,0,0,1,0,10,72.9,69.3,39,0,0,0,57.9,26.9,0,0.0,0
4147.0,10,0,0,1,0,10,72.9,69.3,39,0,0,0,57.9,26.9,0,0.0,0
4148.0,10,0,0,1,0,10,72.9,69.4,39,0,0,0,57.8,26.8,0,0.0,0
4149.0,10,0,0,1,0,10,73.6,69.4,38,0,0,0,57.8,26.8,0,0.0,0
4150.0,10,0,0,1,0,10,73.6,69.5,38,0,0,0,57.7,26.7,0,0.0,0
4151.0,10,0,0,1,0,10,73.6,69.5,38,0,0,0,57.7,26.7,0,0.0,0
4152.0,10,0,0,1,0,10,74.3,69.5,37,0,0,0,57.7,26.6,0,0.0,0
4153.0,10,0,0,1,0,10,74.3,69.6,37,0,0,0,57.6,26.6,0,0.0,0
4154.0,10,0,0,1,0,10,74.3,69.6,37,0,0,0,57.6,26.5,0,0.0,0
4155.0,10,0,0,1,0,10,74.3,69.7,37,0,0,0,57.5,26.5,0,0.0,0
4156.0,10,0,0,1,0,10,74.3,69.7,37,0,0,0,57.5,26.4,0,0.0,0
4157.0,10,0,0,1,0,10,74.3,69.8,37,0,0,0,57.4,26.4,0,0.0,0
4158.0,10,0,0,1,0,10,74.3,69.8,37,0,0,0,57.4,26.3,0,0.0,0
4159.0,10,0,0,1,0,10,73.6,69.8,38,0,0,0,57.3,26.3,0,0.0,0
4160.0,10,0,0,1,0,10,73.6,69.9,38,0,0,0,57.3,26.2,0,0.0,0
4161.0,10,0,0,1,0,10,73.6,69.9,38,0,0,0,57.2,26.2,0,0.0,0
4162.0,10,0,0,1,0,10,73.6,69.9,38,0,0,0,57.2,26.1,0,0.0,0
4163.0,10,0,0,1,0,10,73.6,70.0,38,0,0,0,57.1,26.0,0,0.0,0
4164.0,10,0,0,1,0,10,73.6,70.0,38,0,0,0,57.1,26.0,0,0.0,0
4165.0,10,0,0,1,0,10,73.6,70.0,38,0,0,0,57.0,25.9,0,0.0,0
4166.0,10,0,0,1,0,10,73.6,70.1,38,0,0,0,57.0,25.9,0,0.0,0
4167.0,10,0,0,1,0,10,73.6,70.1,38,0,0,0,56.9,25.8,0,0.0,0
4168.0,10,0,0,1,0,10,72.9,70.1,39,0,0,0,56.9,25.8,0,0.0,0
4169.0,10,0,0,1,0,10,72.2,70.2,40,0,0,0,56.8,25.7,0,0.0,0
4170.0,10,0,0,1,0,10,72.2,70.2,40,0,0,0,56.8,25.7,0,0.0,0
4171.0,10,0,0,1,0,10,72.2,70.2,40,0,0,0,56.7,25.6,0,0.0,0
4172.0,10,0,0,1,0,10,72.2,70.3,40,0,0,0,56.7,25.6,0,0.0,0
4173.0,10,0,0,1,0,10,72.9,70.3,39,0,0,0,56.7,25.5,0,0.0,0
4174.0,10,0,0,1,0,10,72.2,70.3,40,0,0,0,56.6,25.5,0,0.0,0
4175.0,10,0,0,1,0,10,71.5,70.4,41,0,0,0,56.6,25.4,0,0.0,0
4176.0,10,0,0,1,0,10,71.5,70.4,41,0,0,0,56.5,25.4,0,0.0,0
4177.0,10,0,0,1,0,10,71.5,70.4,41,0,0,0,56.5,25.3,0,0.0,0
4178.0,10,0,0,1,0,10,71.5,70.5,41,0,0,0,56.4,25.3,0,0.0,0
4179.0,10,0,0,1,0,10,72.2,70.5,40,0,0,0,56.4,25.2,0,0.0,0
4180.0,10,0,0,1,0,10,72.9,70.5,39,0,0,0,56.3,25.1,0,0.0,0
4181.0,10,0,0,1,0,10,72.9,70.6,39,0,0,0,56.3,25.1,0,0.0,0
4182.0,10,0,0,1,0,10,72.2,70.6,40,0,0,0,56.2,25.0,0,0.0,0
4183.0,10,0,0,1,0,10,72.2,70.6,40,0,0,0,56.2,25.0,0,0.0,0
4184.0,10,0,0,1,0,10,71.5,70.7,41,0,0,0,56.1,24.9,0,0.0,0
4185.0,10,0,0,1,0,10,71.5,70.7,41,0,0,0,56.1,24.9,0,0.0,0
4186.0,10,0,0,1,0,10,72.9,70.7,39,0,0,0,56.0,24.8,0,0.0,0
4187.0,10,0,0,1,0,10,73.6,70.7,38,0,0,0,56.0,24.8,0,0.0,0
4188.0,10,0,0,1,0,10,74.3,70.8,37,0,0,0,55.9,24.7,0,0.0,0
4189.0,10,0,0,1,0,10,72.9,70.8,39,0,0,0,55.9,24.7,0,0.0,0
4190.0,10,0,0,1,0,10,72.9,70.8,39,0,0,0,55.8,24.6,0,0.0,0
4191.0,10,0,0,1,0,10,72.9,70.9,39,0,0,0,55.8,24.6,0,0.0,0
4192.0,10,0,0,1,0,10,72.2,70.9,40,0,0,0,55.7,24.5,0,0.0,0
4193.0,10,0,0,1,0,10,72.2,70.9,40,0,0,0,55.7,24.5,0,0.0,0
4194.0,10,0,0,1,0,10,72.2,70.9,40,0,0,0,55.7,24.4,0,0.0,0
4195.0,10,0,0,1,0,10,72.9,71.0,39,0,0,0,55.6,24.4,0,0.0,0
4196.0,10,0,0,1,0,10,72.9,71.0,39,0,0,0,55.6,24.3,0,0.0,0
4197.0,10,0,0,1,0,10,72.9,71.0,39,0,0,0,55.5,24.2,0,0.0,0
4198.0,10,0,0,1,0,10,72.9,71.0,39,0,0,0,55.5,24.2,0,0.0,0
4199.0,10,0,0,1,0,10,72.9,71.1,39,0,0,0,55.4,24.1,0,0.0,0
4200.0,10,0,0,1,0,10,72.9,71.1,39,0,0,0,55.4,24.1,0,0.0,0
4201.0,10,0,0,1,0,10,72.2,71.1,40,0,0,0,55.3,24.0,0,0.0,0
4202.0,10,0,0,1,0,10,72.2,71.1,40,0,0,0,55.3,24.0,0,0.0,0
4203.0,10,0,0,1,0,10,72.2,71.1,40,0,0,0,55.2,23.9,0,0.0,0
4204.0,10,0,0,1,0,10,72.2,71.2,40,0,0,0,55.2,23.9,0,0.0,0
4205.0,10,0,0,1,0,10,72.2,71.2,40,0,0,0,55.1,23.8,0,0.0,0
4206.0,10,0,0,1,0,10,72.2,71.2,40,0,0,0,55.1,23.8,0,0.0,0
4207.0,10,0,0,1,0,10,72.9,71.2,39,0,0,0,55.0,23.7,0,0.0,0
4208.0,10,0,0,1,0,10,72.9,71.2,39,0,0,0,55.0,23.7,0,0.0,0
4209.0,9,0,1,1,0,10,72.9,71.3,39,0,0,0,54.9,23.6,0,0.0,0
4210.0,9,0,1,1,0,10,73.6,71.3,38,0,0,0,54.9,23.6,0,0.0,0
4211.0,9,0,1,1,0,10,72.9,71.3,39,0,0,0,54.9,23.6,0,0.0,0
4212.0,9,0,1,1,0,10,72.9,71.3,39,0,0,0,54.8,23.6,0,0.0,0
4213.0,9,0,1,1,0,10,74.3,71.3,37,0,0,0,54.8,23.6,0,0.0,0
4214.0,9,0,1,1,0,10,74.3,71.4,37,0,0,0,54.7,23.6,0,0.0,0
4215.0,9,0,1,1,0,10,74.3,71.4,37,0,0,0,54.7,23.6,0,0.0,0
4216.0,9,0,1,1,0,10,73.6,71.4,38,0,0,0,54.6,23.6,0,0.0,0
4217.0,9,0,1,1,0,10,72.9,71.4,39,0,0,0,54.6,23.6,0,0.0,0
4218.0,9,0,1,1,0,10,72.9,71.4,39,0,0,0,54.6,23.6,0,0.0,0
4219.0,9,0,1,1,0,10,73.6,71.4,38,0,0,0,54.5,23.6,0,0.0,0
4220.0,9,0,1,1,0,10,75.0,71.5,36,0,0,0,54.5,23.6,0,0.0,0
4221.0,9,0,1,1,0,10,75.0,71.5,36,0,0,0,54.4,23.6,0,0.0,0
4222.0,9,0,1,1,0,10,75.0,71.5,36,0,0,0,54.4,23.6,0,0.0,0
4223.0,9,0,1,1,0,10,74.3,71.5,37,0,0,0,54.4,23.6,0,0.0,0
4224.0,9,0,1,1,0,10,73.6,71.5,38,0,0,0,54.3,23.6,0,0.0,0
4225.0,9,0,1,1,0,10,73.6,71.6,38,0,0,0,54.3,23.6,0,0.0,0
4226.0,9,0,1,1,0,10,73.6,71.6,38,0,0,0,54.2,23.6,0,0.0,0
4227.0,9,0,1,1,0,10,73.6,71.6,38,0,0,0,54.2,23.6,0,0.0,0
4228.0,9,0,1,1,0,10,73.6,71.6,38,0,0,0,54.1,23.6,0,0.0,0
4229.0,9,0,1,1,0,10,72.9,71.6,39,0,0,0,54.1,23.6,0,0.0,0
4230.0,9,0,1,1,0,10,73.6,71.6,38,0,0,0,54.1,23.6,0,0.0,0
4231.0,9,0,1,1,0,10,72.9,71.6,39,0,0,0,54.0,23.6,0,0.0,0
4232.0,9,0,1,1,0,10,72.9,71.7,39,0,0,0,54.0,23.6,0,0.0,0
4233.0,9,0,1,1,0,10,72.9,71.7,39,0,0,0,53.9,23.6,0,0.0,0
4234.0,9,0,1,1,0,10,72.2,71.7,40,0,0,0,53.9,23.6,0,0.0,0
4235.0,9,0,1,1,0,10,72.2,71.7,40,0,0,0,53.8,23.6,0,0.0,0
4236.0,9,0,1,1,0,10,71.5,71.7,41,0,0,0,53.8,23.6,0,0.0,0
4237.0,9,0,1,1,0,10,72.2,71.7,40,0,0,0,53.8,23.6,0,0.0,0
4238.0,9,0,1,1,0,10,72.2,71.8,40,0,0,0,53.7,23.6,0,0.0,0
4239.0,9,0,1,1,0,10,71.5,71.8,41,0,0,0,53.7,23.6,0,0.0,0
4240.0,9,0,1,1,0,10,70.8,71.8,42,0,0,0,53.6,23.6,0,0.0,0
4241.0,9,0,1,1,0,10,69.4,71.8,44,0,0,0,53.6,23.6,0,0.0,0
4242.0,9,0,1,1,0,10,70.1,71.8,43,0,0,0,53.5,23.6,0,0.0,0
4243.0,9,0,1,1,0,10,70.1,71.8,43,0,0,0,53.5,23.6,0,0.0,0
4244.0,9,0,1,1,0,10,70.8,71.8,42,0,0,0,53.5,23.6,0,0.0,0
4245.0,9,0,1,1,0,10,70.8,71.8,42,0,0,0,53.4,23.6,0,0.0,0
4246.0,9,0,1,1,0,10,70.8,71.8,42,0,0,0,53.4,23.5,0,0.0,0
4247.0,9,0,1,1,0,10,71.5,71.8,41,0,0,0,53.3,23.5,0,0.0,0
4248.0,9,0,1,1,0,10,72.2,71.8,40,0,0,0,53.3,23.4,0,0.0,0
4249.0,9,0,1,1,0,10,72.2,71.8,40,0,0,0,53.2,23.4,0,0.0,0
4250.0,9,0,1,1,0,10,72.2,71.9,40,0,0,0,53.2,23.3,0,0.0,0
4251.0,8,0,2,1,0,10,71.5,71.9,41,0,0,0,53.2,23.3,0,0.0,0
4252.0,8,0,2,1,0,10,71.5,71.9,41,0,0,0,53.1,23.3,0,0.0,0
4253.0,8,0,2,1,0,10,71.5,71.9,41,0,0,0,53.1,23.3,0,0.0,0
4254.0,8,0,2,1,0,10,71.5,71.9,41,0,0,0,53.0,23.3,0,0.0,0
4255.0,8,0,2,1,0,10,71.5,71.9,41,0,0,0,53.0,23.3,0,0.0,0
4256.0,8,0,2,1,0,10,71.5,71.9,41,0,0,0,53.0,23.3,0,0.0,0
4257.0,8,0,2,1,0,10,70.1,71.9,43,0,0,0,52.9,23.3,0,0.0,0
4258.0,8,0,2,1,0,10,70.1,71.9,43,0,0,0,52.9,23.3,0,0.0,0
4259.0,8,0,2,1,0,10,70.8,71.9,42,0,0,0,52.9,23.3,0,0.0,0
4260.0,8,0,2,1,0,10,72.2,71.9,40,0,0,0,52.8,23.3,0,0.0,0
4261.0,8,0,2,1,0,10,72.2,71.9,40,0,0,0,52.8,23.3,0,0.0,0
4262.0,8,0,2,1,0,10,72.9,71.9,39,0,0,0,52.7,23.3,0,0.0,0
4263.0,8,0,2,1,0,10,72.2,72.0,40,0,0,0,52.7,23.3,0,0.0,0
4264.0,8,0,2,1,0,10,70.8,72.0,42,0,0,0,52.7,23.3,0,0.0,0
4265.0,8,0,2,1,0,10,70.8,72.0,42,0,0,0,52.6,23.3,0,0.0,0
4266.0,8,0,2,1,0,10,70.8,72.0,42,0,0,0,52.6,23.3,0,0.0,0
4267.0,8,0,2,1,0,10,70.8,72.0,42,0,0,0,52.6,23.3,0,0.0,0
4268.0,8,0,2,1,0,10,70.1,72.0,43,0,0,0,52.5,23.3,0,0.0,0
4269.0,8,1,1,1,0,9,70.1,72.0,43,0,0,0,59.4,23.3,0,0.0,0
4270.0,8,1,1,1,0,9,70.1,72.0,43,0,0,0,59.4,23.3,0,0.0,0
4271.0,8,1,1,1,0,9,69.4,72.0,44,0,0,0,59.3,23.3,0,0.0,0
4272.0,8,1,1,1,0,9,68.8,72.0,45,0,0,0,59.3,23.3,0,0.0,0
4273.0,8,1,1,1,0,9,68.8,72.0,45,0,0,0,59.3,23.3,0,0.0,0
4274.0,8,1,1,1,0,9,68.8,72.0,45,0,0,0,59.2,23.3,0,0.0,0
4275.0,8,1,1,1,0,9,69.4,72.0,44,0,0,0,59.2,23.3,0,0.0,0
4276.0,8,1,1,1,0,9,68.8,72.0,45,0,0,0,59.2,23.3,0,0.0,0
4277.0,8,1,1,1,0,9,68.1,72.0,46,0,0,0,59.1,23.3,0,0.0,0
4278.0,8,1,1,1,0,9,68.1,72.0,46,0,0,0,59.1,23.3,0,0.0,0
4279.0,8,1,1,1,0,9,66.7,72.0,48,0,0,0,59.0,23.3,0,0.0,0
4280.0,8,1,1,1,0,9,66.7,72.0,48,0,0,0,59.0,23.3,0,0.0,0
4281.0,8,1,1,1,0,9,66.7,72.0,48,0,0,0,59.0,23.3,0,0.0,0
4282.0,8,1,1,1,0,9,66.7,71.9,48,0,0,0,58.9,23.3,0,0.0,0
4283.0,8,1,1,1,0,9,66.7,71.9,48,0,0,0,58.9,23.3,0,0.0,0
4284.0,8,1,1,1,0,9,66.7,71.9,48,0,0,0,58.9,23.3,0,0.0,0
4285.0,8,1,1,1,0,9,66.0,71.9,49,0,0,0,58.8,23.3,0,0.0,0
4286.0,8,1,1,1,0,9,66.0,71.9,49,0,0,0,58.8,23.3,0,0.0,0
4287.0,8,1,1,1,0,9,66.0,71.8,49,0,0,0,58.7,23.3,0,0.0,0
4288.0,8,1,1,1,0,9,66.0,71.8,49,0,0,0,58.7,23.3,0,0.0,0
4289.0,8,1,1,1,0,9,66.0,71.8,49,0,0,0,58.7,23.3,0,0.0,0
4290.0,8,1,1,1,0,9,66.0,71.8,49,0,0,0,58.6,23.3,0,0.0,0
4291.0,8,1,1,1,0,9,65.3,71.8,50,0,0,0,58.6,23.3,0,0.0,0
4292.0,8,1,1,1,0,9,65.3,71.7,50,0,0,0,58.6,23.3,0,0.0,0
4293.0,8,1,1,1,0,9,64.6,71.7,51,0,0,0,58.5,23.3,0,0.0,0
4294.0,8,1,1,1,0,9,64.6,71.7,51,0,0,0,58.5,23.3,0,0.0,0
4295.0,8,1,1,1,0,9,64.6,71.7,51,0,0,0,58.4,23.3,0,0.0,0
4296.0,8,1,1,1,0,9,64.6,71.6,51,0,0,0,58.4,23.3,0,0.0,0
4297.0,8,1,1,1,0,9,64.6,71.6,51,0,0,0,58.4,23.3,0,0.0,0
4298.0,8,1,1,1,0,9,63.9,71.6,52,0,0,0,58.3,23.3,0,0.0,0
4299.0,8,1,1,1,0,9,63.2,71.5,53,0,0,0,58.3,23.3,0,0.0,0
4300.0,8,1,1,1,0,9,63.2,71.5,53,0,0,0,58.3,23.3,0,0.0,0
4301.0,8,1,1,1,0,9,63.9,71.5,52,0,0,0,58.2,23.3,0,0.0,0
4302.0,8,1,1,1,0,9,63.9,71.5,52,0,0,0,58.2,23.3,0,0.0,0
4303.0,8,1,1,1,0,9,63.2,71.4,53,0,0,0,58.2,23.3,0,0.0,0
4304.0,8,1,1,1,0,9,63.2,71.4,53,0,0,0,58.1,23.3,0,0.0,0
4305.0,8,1,1,1,0,9,62.5,71.4,54,0,0,0,58.1,23.3,0,0.0,0
4306.0,8,1,1,1,0,9,61.8,71.3,55,0,0,0,58.0,23.3,0,0.0,0
4307.0,8,1,1,1,0,9,61.8,71.3,55,0,0,0,58.0,23.3,0,0.0,0
4308.0,8,1,1,1,0,9,61.8,71.2,55,0,0,0,58.0,23.3,0,0.0,0
4309.0,8,1,1,1,0,9,62.5,71.2,54,0,0,0,57.9,23.3,0,0.0,0
4310.0,8,1,1,1,0,9,61.8,71.1,55,0,0,0,57.9,23.3,0,0.0,0
4311.0,8,2,0,1,0,8,61.8,71.1,55,0,0,0,64.8,39.3,0,0.0,0
4312.0,8,2,0,1,0,8,61.1,71.1,56,0,0,0,64.8,39.3,0,0.0,0
4313.0,8,2,0,1,0,8,60.4,71.0,57,0,0,0,64.8,39.2,0,0.0,0
4314.0,8,2,0,1,0,8,61.1,71.0,56,0,0,0,64.7,39.1,0,0.0,0
4315.0,8,2,0,1,0,8,61.8,70.9,55,0,0,0,64.7,39.1,0,0.0,0
4316.0,8,2,0,1,0,8,61.8,70.9,55,0,0,0,64.6,39.0,0,0.0,0
4317.0,8,2,0,1,0,8,61.1,70.8,56,0,0,0,64.6,39.0,0,0.0,0
4318.0,8,2,0,1,0,8,61.1,70.8,56,0,0,0,64.6,38.9,0,0.0,0
4319.0,8,2,0,1,0,8,61.1,70.7,56,0,0,0,64.5,38.9,0,0.0,0
4320.0,8,2,0,1,0,8,61.1,70.7,56,0,0,0,64.5,38.8,0,0.0,0
4321.0,8,2,0,1,0,8,61.8,70.7,55,0,0,0,64.5,38.8,0,0.0,0
4322.0,8,2,0,1,0,8,61.8,70.6,55,0,0,0,64.4,38.7,0,0.0,0
4323.0,8,2,0,1,0,8,61.8,70.6,55,0,0,0,64.4,38.7,0,0.0,0
4324.0,8,2,0,1,0,8,61.8,70.5,55,0,0,0,64.3,38.6,0,0.0,0
4325.0,8,2,0,1,0,8,61.1,70.5,56,0,0,0,64.3,38.6,0,0.0,0
4326.0,8,2,0,1,0,8,60.4,70.4,57,0,0,0,64.3,38.5,0,0.0,0
4327.0,8,2,0,1,0,8,60.4,70.4,57,0,0,0,64.2,38.5,0,0.0,0
4328.0,8,2,0,1,0,8,61.1,70.4,56,0,0,0,64.2,38.4,0,0.0,0
4329.0,8,2,0,1,0,8,61.1,70.3,56,0,0,0,64.2,38.4,0,0.0,0
4330.0,8,2,0,1,0,8,61.1,70.3,56,0,0,0,64.1,38.3,0,0.0,0
4331.0,8,2,0,1,0,8,61.1,70.2,56,0,0,0,64.1,38.2,0,0.0,0
4332.0,8,2,0,1,0,8,61.1,70.2,56,0,0,0,64.0,38.2,0,0.0,0
4333.0,8,2,0,1,0,8,60.4,70.2,57,0,0,0,64.0,38.1,0,0.0,0
4334.0,8,2,0,1,0,8,61.1,70.1,56,0,0,0,64.0,38.1,0,0.0,0
4335.0,8,2,0,1,0,8,61.8,70.1,55,0,0,0,63.9,38.0,0,0.0,0
4336.0,8,2,0,1,0,8,61.8,70.0,55,0,0,0,63.9,38.0,0,0.0,0
4337.0,8,2,0,1,0,8,61.8,70.0,55,0,0,0,63.9,37.9,0,0.0,0
4338.0,8,2,0,1,0,8,61.8,70.0,55,0,0,0,63.8,37.9,0,0.0,0
4339.0,8,2,0,1,0,8,61.8,69.9,55,0,0,0,63.8,37.8,0,0.0,0
4340.0,8,2,0,1,0,8,61.1,69.9,56,0,0,0,63.7,37.8,0,0.0,0
4341.0,8,2,0,1,0,8,61.1,69.8,56,0,0,0,63.7,37.7,0,0.0,0
4342.0,8,2,0,1,0,8,61.8,69.8,55,0,0,0,63.7,37.7,0,0.0,0
4343.0,8,2,0,1,0,8,61.8,69.8,55,0,0,0,63.6,37.6,0,0.0,0
4344.0,8,2,0,1,0,8,61.8,69.7,55,0,0,0,63.6,37.6,0,0.0,0
4345.0,8,2,0,1,0,8,61.8,69.7,55,0,0,0,63.5,37.5,0,0.0,0
4346.0,8,2,0,1,0,8,61.1,69.7,56,0,0,0,63.5,37.5,0,0.0,0
4347.0,8,2,0,1,0,8,61.1,69.6,56,0,0,0,63.5,37.4,0,0.0,0
4348.0,8,2,0,1,0,8,61.8,69.6,55,0,0,0,63.4,37.3,0,0.0,0
4349.0,8,2,0,1,0,8,61.8,69.6,55,0,0,0,63.4,37.3,0,0.0,0
4350.0,8,2,0,1,0,8,61.8,69.5,55,0,0,0,63.4,37.2,0,0.0,0
4351.0,8,2,0,1,0,8,61.8,69.5,55,0,0,0,63.3,37.2,0,0.0,0
4352.0,8,2,0,1,0,8,61.8,69.4,55,0,0,0,63.3,37.1,0,0.0,0
4353.0,8,2,0,1,0,8,61.1,69.4,56,0,0,0,63.2,37.1,0,0.0,0
4354.0,8,2,0,1,0,8,61.8,69.3,55,0,0,0,63.2,37.1,0,0.0,0
4355.0,8,2,0,1,0,8,61.8,69.3,55,0,0,0,63.2,37.0,0,0.0,0
4356.0,8,2,0,1,0,8,61.8,69.2,55,0,0,0,63.1,36.9,0,0.0,0
4357.0,8,2,0,1,0,8,61.8,69.2,55,0,0,0,63.1,36.9,0,0.0,0
4358.0,8,2,0,1,0,8,61.8,69.2,55,0,0,0,63.1,36.8,0,0.0,0
4359.0,8,2,0,1,0,8,61.8,69.1,55,0,0,0,63.0,36.8,0,0.0,0
4360.0,8,2,0,1,0,8,61.8,69.1,55,0,0,0,63.0,36.7,0,0.0,0
4361.0,9,1,0,1,0,9,61.8,69.0,55,0,0,0,62.9,36.7,0,0.0,0
4362.0,9,1,0,1,0,9,61.8,69.0,55,0,0,0,62.9,36.6,0,0.0,0
4363.0,9,1,0,1,0,9,61.8,68.9,55,0,0,0,62.9,36.6,0,0.0,0
4364.0,9,1,0,1,0,9,61.8,68.9,55,0,0,0,62.8,36.5,0,0.0,0
4365.0,9,1,0,1,0,9,60.4,68.8,57,0,0,0,62.8,36.5,0,0.0,0
4366.0,9,1,0,1,0,9,60.4,68.8,57,0,0,0,62.7,36.4,0,0.0,0
4367.0,9,1,0,1,0,9,61.1,68.7,56,0,0,0,62.7,36.4,0,0.0,0
4368.0,9,1,0,1,0,9,61.1,68.7,56,0,0,0,62.6,36.3,0,0.0,0
4369.0,9,1,0,1,0,9,61.1,68.6,56,0,0,0,62.6,36.3,0,0.0,0
4370.0,9,1,0,1,0,9,61.1,68.6,56,0,0,0,62.6,36.2,0,0.0,0
4371.0,9,1,0,1,0,9,61.1,68.5,56,0,0,0,62.5,36.2,0,0.0,0
4372.0,9,1,0,1,0,9,61.1,68.5,56,0,0,0,62.5,36.1,0,0.0,0
4373.0,9,1,0,1,0,9,61.1,68.4,56,0,0,0,62.4,36.0,0,0.0,0
4374.0,9,1,0,1,0,9,61.8,68.4,55,0,0,0,62.4,36.0,0,0.0,0
4375.0,9,1,0,1,0,9,62.5,68.3,54,0,0,0,62.3,35.9,0,0.0,0
4376.0,9,1,0,1,0,9,62.5,68.3,54,0,0,0,62.3,35.9,0,0.0,0
4377.0,9,1,0,1,0,9,62.5,68.3,54,0,0,0,62.3,35.8,0,0.0,0
4378.0,9,1,0,1,0,9,62.5,68.2,54,0,0,0,62.2,35.8,0,0.0,0
4379.0,9,1,0,1,0,9,62.5,68.2,54,0,0,0,62.2,35.7,0,0.0,0
4380.0,9,1,0,1,0,9,63.2,68.1,53,0,0,0,62.1,35.7,0,0.0,0
4381.0,9,1,0,1,0,9,63.9,68.1,52,0,0,0,62.1,35.6,0,0.0,0
4382.0,9,1,0,1,0,9,65.3,68.1,50,0,0,0,62.1,35.6,0,0.0,0
4383.0,9,1,0,1,0,9,65.3,68.0,50,0,0,0,62.0,35.5,0,0.0,0
4384.0,10,0,0,1,0,10,65.3,68.0,50,0,0,0,62.0,35.5,0,0.0,0
4385.0,10,0,0,1,0,10,65.3,68.0,50,0,0,0,61.9,35.4,0,0.0,0
4386.0,10,0,0,1,0,10,65.3,68.0,50,0,0,0,61.9,35.4,0,0.0,0
4387.0,10,0,0,1,0,10,66.0,67.9,49,0,0,0,61.8,35.3,0,0.0,0
4388.0,10,0,0,1,0,10,66.0,67.9,49,0,0,0,61.8,35.3,0,0.0,0
4389.0,10,0,0,1,0,10,66.0,67.9,49,0,0,0,61.7,35.2,0,0.0,0
4390.0,10,0,0,1,0,10,66.0,67.8,49,0,0,0,61.7,35.2,0,0.0,0
4391.0,10,0,0,1,0,10,66.0,67.8,49,0,0,0,61.6,35.1,0,0.0,0
4392.0,10,0,0,1,0,10,65.3,67.8,50,0,0,0,61.6,35.1,0,0.0,0
4393.0,10,0,0,1,0,10,65.3,67.7,50,0,0,0,61.5,35.0,0,0.0,0
4394.0,10,0,0,1,0,10,65.3,67.7,50,0,0,0,61.5,35.0,0,0.0,0
4395.0,10,0,0,1,0,10,66.0,67.7,49,0,0,0,61.4,35.0,0,0.0,0
4396.0,10,0,0,1,0,10,66.0,67.6,49,0,0,0,61.4,34.9,0,0.0,0
4397.0,10,0,0,1,0,10,66.0,67.6,49,0,0,0,61.3,34.8,0,0.0,0
4398.0,10,0,0,1,0,10,66.0,67.6,49,0,0,0,61.3,34.8,0,0.0,0
4399.0,10,0,0,1,0,10,65.3,67.5,50,0,0,0,61.3,34.7,0,0.0,0
4400.0,10,0,0,1,0,10,65.3,67.5,50,0,0,0,61.2,34.7,0,0.0,0
4401.0,10,0,0,1,0,10,66.7,67.5,48,0,0,0,61.2,34.6,0,0.0,0
4402.0,10,0,0,1,0,10,66.7,67.4,48,0,0,0,61.1,34.6,0,0.0,0
4403.0,10,0,0,1,0,10,66.7,67.4,48,0,0,0,61.1,34.5,0,0.0,0
4404.0,10,0,0,1,0,10,66.0,67.4,49,0,0,0,61.0,34.5,0,0.0,0
4405.0,10,0,0,1,0,10,66.0,67.3,49,0,0,0,61.0,34.4,0,0.0,0
4406.0,10,0,0,1,0,10,66.0,67.3,49,0,0,0,60.9,34.4,0,0.0,0
4407.0,10,0,0,1,0,10,65.3,67.3,50,0,0,0,60.9,34.3,0,0.0,0
4408.0,10,0,0,1,0,10,66.7,67.2,48,0,0,0,60.8,34.3,0,0.0,0
4409.0,10,0,0,1,0,10,66.0,67.2,49,0,0,0,60.8,34.2,0,0.0,0
4410.0,10,0,0,1,0,10,65.3,67.2,50,0,0,0,60.7,34.2,0,0.0,0
4411.0,10,0,0,1,0,10,65.3,67.2,50,0,0,0,60.7,34.1,0,0.0,0
4412.0,10,0,0,1,0,10,65.3,67.1,50,0,0,0,60.6,34.1,0,0.0,0
4413.0,10,0,0,1,0,10,65.3,67.1,50,0,0,0,60.6,34.0,0,0.0,0
4414.0,10,0,0,1,0,10,65.3,67.1,50,0,0,0,60.6,33.9,0,0.0,0
4415.0,10,0,0,1,0,10,66.0,67.0,49,0,0,0,60.5,33.9,0,0.0,0
4416.0,10,0,0,1,0,10,66.7,67.0,48,0,0,0,60.5,33.8,0,0.0,0
4417.0,10,0,0,1,0,10,66.0,67.0,49,0,0,0,60.4,33.8,0,0.0,0
4418.0,10,0,0,1,0,10,65.3,67.0,50,0,0,0,60.4,33.7,0,0.0,0
4419.0,10,0,0,1,0,10,65.3,66.9,50,0,0,0,60.3,33.7,0,0.0,0
4420.0,10,0,0,1,0,10,64.6,66.9,51,0,0,0,60.3,33.6,0,0.0,0
4421.0,10,0,0,1,0,10,65.3,66.9,50,0,0,0,60.2,33.6,0,0.0,0
4422.0,10,0,0,1,0,10,66.0,66.9,49,0,0,0,60.2,33.5,0,0.0,0
4423.0,10,0,0,1,0,10,66.0,66.8,49,0,0,0,60.1,33.5,0,0.0,0
4424.0,10,0,0,1,0,10,66.0,66.8,49,0,0,0,60.1,33.4,0,0.0,0
4425.0,10,0,0,1,0,10,66.0,66.8,49,0,0,0,60.0,33.4,0,0.0,0
4426.0,10,0,0,1,0,10,64.6,66.7,51,0,0,0,60.0,33.3,0,0.0,0
4427.0,10,0,0,1,0,10,64.6,66.7,51,0,0,0,59.9,33.3,0,0.0,0
4428.0,10,0,0,1,0,10,64.6,66.7,51,0,0,0,59.9,33.2,0,0.0,0
4429.0,10,0,0,1,0,10,64.6,66.6,51,0,0,0,59.8,33.2,0,0.0,0
4430.0,10,0,0,1,0,10,64.6,66.6,51,0,0,0,59.8,33.1,0,0.0,0
4431.0,10,0,0,1,0,10,64.6,66.6,51,0,0,0,59.7,33.0,0,0.0,0
4432.0,10,0,0,1,0,10,63.2,66.5,53,0,0,0,59.7,33.0,0,0.0,0
4433.0,10,0,0,1,0,10,63.2,66.5,53,0,0,0,59.6,32.9,0,0.0,0
4434.0,10,0,0,1,0,10,62.5,66.4,54,0,0,0,59.6,32.9,0,0.0,0
4435.0,10,0,0,1,0,10,63.9,66.4,52,0,0,0,59.5,32.8,0,0.0,0
4436.0,10,0,0,1,0,10,63.9,66.4,52,0,0,0,59.5,32.8,0,0.0,0
4437.0,10,0,0,1,0,10,63.2,66.3,53,0,0,0,59.5,32.7,0,0.0,0
4438.0,10,0,0,1,0,10,63.2,66.3,53,0,0,0,59.4,32.7,0,0.0,0
4439.0,10,0,0,1,0,10,63.2,66.3,53,0,0,0,59.4,32.6,0,0.0,0
4440.0,10,0,0,1,0,10,62.5,66.2,54,0,0,0,59.3,32.6,0,0.0,0
4441.0,10,0,0,1,0,10,61.8,66.2,55,0,0,0,59.3,32.5,0,0.0,0
4442.0,10,0,0,1,0,10,62.5,66.1,54,0,0,0,59.2,32.5,0,0.0,0
4443.0,10,0,0,1,0,10,62.5,66.1,54,0,0,0,59.2,32.4,0,0.0,0
4444.0,10,0,0,1,0,10,62.5,66.0,54,0,0,0,59.1,32.4,0,0.0,0
4445.0,10,0,0,1,0,10,62.5,66.0,54,0,0,0,59.1,32.3,0,0.0,0
4446.0,10,0,0,1,0,10,62.5,66.0,54,0,0,0,59.0,32.3,0,0.0,0
4447.0,10,0,0,1,0,10,61.8,65.9,55,0,0,0,59.0,32.2,0,0.0,0
4448.0,10,0,0,1,0,10,61.1,65.9,56,0,0,0,58.9,32.1,0,0.0,0
4449.0,10,0,0,1,0,10,61.1,65.8,56,0,0,0,58.9,32.1,0,0.0,0
4450.0,10,0,0,1,0,10,61.1,65.8,56,0,0,0,58.8,32.0,0,0.0,0
4451.0,10,0,0,1,0,10,61.8,65.7,55,0,0,0,58.8,32.0,0,0.0,0
4452.0,10,0,0,1,0,10,61.8,65.7,55,0,0,0,58.7,31.9,0,0.0,0
4453.0,10,0,0,1,0,10,62.5,65.6,54,0,0,0,58.7,31.9,0,0.0,0
4454.0,10,0,0,1,0,10,61.8,65.6,55,0,0,0,58.6,31.8,0,0.0,0
4455.0,10,0,0,1,0,10,62.5,65.5,54,0,0,0,58.6,31.8,0,0.0,0
4456.0,10,0,0,1,0,10,63.2,65.5,53,0,0,0,58.5,31.7,0,0.0,0
4457.0,10,0,0,1,0,10,63.2,65.4,53,0,0,0,58.5,31.7,0,0.0,0
4458.0,10,0,0,1,0,10,63.9,65.4,52,0,0,0,58.5,31.6,0,0.0,0
4459.0,10,0,0,1,0,10,63.2,65.4,53,0,0,0,58.4,31.6,0,0.0,0
4460.0,10,0,0,1,0,10,63.2,65.3,53,0,0,0,58.4,31.5,0,0.0,0
4461.0,10,0,0,1,0,10,63.9,65.3,52,0,0,0,58.3,31.5,0,0.0,0
4462.0,10,0,0,1,0,10,64.6,65.2,51,0,0,0,58.3,31.4,0,0.0,0
4463.0,10,0,0,1,0,10,65.3,65.2,50,0,0,0,58.2,31.4,0,0.0,0
4464.0,10,0,0,1,0,10,65.3,65.1,50,0,0,0,58.2,31.3,0,0.0,0
4465.0,10,0,0,1,0,10,66.0,65.1,49,0,0,0,58.1,31.2,0,0.0,0
4466.0,10,0,0,1,0,10,66.7,65.1,48,0,0,0,58.1,31.2,0,0.0,0
4467.0,10,0,0,1,0,10,67.4,65.1,47,0,0,0,58.0,31.1,0,0.0,0
4468.0,10,0,0,1,0,10,68.1,65.0,46,0,0,0,58.0,31.1,0,0.0,0
4469.0,10,0,0,1,0,10,68.8,65.0,45,0,0,0,57.9,31.0,0,0.0,0
4470.0,10,0,0,1,0,10,68.8,65.0,45,0,0,0,57.9,31.0,0,0.0,0
4471.0,10,0,0,1,0,10,68.8,65.0,45,0,0,0,57.8,30.9,0,0.0,0
4472.0,10,0,0,1,0,10,69.4,65.0,44,0,0,0,57.8,30.9,0,0.0,0
4473.0,10,0,0,1,0,10,69.4,65.0,44,0,0,0,57.7,30.8,0,0.0,0
4474.0,10,0,0,1,0,10,69.4,64.9,44,0,0,0,57.7,30.8,0,0.0,0
4475.0,10,0,0,1,0,10,69.4,64.9,44,0,0,0,57.6,30.7,0,0.0,0
4476.0,10,0,0,1,0,10,69.4,64.9,44,0,0,0,57.6,30.7,0,0.0,0
4477.0,10,0,0,1,0,10,69.4,64.9,44,0,0,0,57.5,30.6,0,0.0,0
4478.0,10,0,0,1,0,10,70.1,64.9,43,0,0,0,57.5,30.6,0,0.0,0
4479.0,10,0,0,1,0,10,70.8,64.9,42,0,0,0,57.5,30.5,0,0.0,0
4480.0,10,0,0,1,0,10,70.8,64.9,42,0,0,0,57.4,30.5,0,0.0,0
4481.0,10,0,0,1,0,10,70.8,64.9,42,0,0,0,57.4,30.4,0,0.0,0
4482.0,10,0,0,1,0,10,70.8,64.9,42,0,0,0,57.3,30.3,0,0.0,0
4483.0,10,0,0,1,0,10,70.8,64.9,42,0,0,0,57.3,30.3,0,0.0,0
4484.0,10,0,0,1,0,10,70.8,64.9,42,0,0,0,57.2,30.2,0,0.0,0
4485.0,10,0,0,1,0,10,71.5,64.9,41,0,0,0,57.2,30.2,0,0.0,0
4486.0,10,0,0,1,0,10,71.5,64.9,41,0,0,0,57.1,30.1,0,0.0,0
4487.0,10,0,0,1,0,10,71.5,64.9,41,0,0,0,57.1,30.1,0,0.0,0
4488.0,10,0,0,1,0,10,71.5,64.9,41,0,0,0,57.0,30.0,0,0.0,0
4489.0,10,0,0,1,0,10,72.2,64.9,40,0,0,0,57.0,30.0,0,0.0,0
4490.0,10,0,0,1,0,10,71.5,64.9,41,0,0,0,56.9,29.9,0,0.0,0
4491.0,10,0,0,1,0,10,71.5,64.9,41,0,0,0,56.9,29.9,0,0.0,0
4492.0,10,0,0,1,0,10,71.5,64.9,41,0,0,0,56.8,29.8,0,0.0,0
4493.0,10,0,0,1,0,10,71.5,64.9,41,0,0,0,56.8,29.8,0,0.0,0
4494.0,10,0,0,1,0,10,72.2,64.9,40,0,0,0,56.7,29.7,0,0.0,0
4495.0,10,0,0,1,0,10,72.2,64.9,40,0,0,0,56.7,29.7,0,0.0,0
4496.0,10,0,0,1,0,10,72.2,64.9,40,0,0,0,56.6,29.6,0,0.0,0
4497.0,10,0,0,1,0,10,72.2,64.9,40,0,0,0,56.6,29.6,0,0.0,0
4498.0,10,0,0,1,0,10,73.6,64.9,38,0,0,0,56.5,29.5,0,0.0,0
4499.0,10,0,0,1,0,10,74.3,65.0,37,0,0,0,56.5,29.4,0,0.0,0
4500.0,10,0,0,1,0,10,74.3,65.0,37,0,0,0,56.4,29.4,0,0.0,0
4501.0,10,0,0,1,0,10,74.3,65.0,37,0,0,0,56.4,29.3,0,0.0,0
4502.0,10,0,0,1,0,10,74.3,65.0,37,0,0,0,56.4,29.3,0,0.0,0
4503.0,10,0,0,1,0,10,74.3,65.0,37,0,0,0,56.3,29.2,0,0.0,0
4504.0,10,0,0,1,0,10,74.3,65.0,37,0,0,0,56.3,29.2,0,0.0,0
4505.0,10,0,0,1,0,10,74.3,65.0,37,0,0,0,56.2,29.1,0,0.0,0
4506.0,10,0,0,1,0,10,75.0,65.0,36,0,0,0,56.2,29.1,0,0.0,0
4507.0,10,0,0,1,0,10,75.0,65.1,36,0,0,0,56.1,29.0,0,0.0,0
4508.0,10,0,0,1,0,10,75.0,65.1,36,0,0,0,56.1,29.0,0,0.0,0
4509.0,10,0,0,1,0,10,74.3,65.1,37,0,0,0,56.0,28.9,0,0.0,0
4510.0,10,0,0,1,0,10,75.0,65.1,36,0,0,0,56.0,28.9,0,0.0,0
4511.0,10,0,0,1,0,10,74.3,65.1,37,0,0,0,55.9,28.8,0,0.0,0
4512.0,10,0,0,1,0,10,74.3,65.2,37,0,0,0,55.9,28.8,0,0.0,0
4513.0,10,0,0,1,0,10,74.3,65.2,37,0,0,0,55.8,28.7,0,0.0,0
4514.0,10,0,0,1,0,10,74.3,65.2,37,0,0,0,55.8,28.7,0,0.0,0
4515.0,10,0,0,1,0,10,74.3,65.2,37,0,0,0,55.7,28.6,0,0.0,0
4516.0,10,0,0,1,0,10,75.0,65.2,36,0,0,0,55.7,28.5,0,0.0,0
4517.0,10,0,0,1,0,10,75.7,65.3,35,0,0,0,55.7,28.5,0,0.0,0
4518.0,10,0,0,1,0,10,75.0,65.3,36,0,0,0,55.6,28.4,0,0.0,0
4519.0,10,0,0,1,0,10,75.0,65.3,36,0,0,0,55.6,28.4,0,0.0,0
4520.0,10,0,0,1,0,10,75.0,65.4,36,0,0,0,55.5,28.3,0,0.0,0
4521.0,10,0,0,1,0,10,75.7,65.4,35,0,0,0,55.5,28.3,0,0.0,0
4522.0,10,0,0,1,0,10,75.7,65.5,35,0,0,0,55.4,28.2,0,0.0,0
4523.0,10,0,0,1,0,10,76.4,65.5,34,0,0,0,55.4,28.2,0,0.0,0
4524.0,10,0,0,1,0,10,77.1,65.5,33,0,0,0,55.3,28.1,0,0.0,0
4525.0,10,0,0,1,0,10,76.4,65.6,34,0,0,0,55.3,28.1,0,0.0,0
4526.0,10,0,0,1,0,10,76.4,65.6,34,0,0,0,55.2,28.0,0,0.0,0
4527.0,10,0,0,1,0,10,76.4,65.7,34,0,0,0,55.2,28.0,0,0.0,0
4528.0,10,0,0,1,0,10,76.4,65.7,34,0,0,0,55.1,27.9,0,0.0,0
4529.0,10,0,0,1,0,10,77.1,65.8,33,0,0,0,55.1,27.9,0,0.0,0
4530.0,10,0,0,1,0,10,77.8,65.8,32,0,0,0,55.0,27.8,0,0.0,0
4531.0,10,0,0,1,0,10,77.8,65.9,32,0,0,0,55.0,27.8,0,0.0,0
4532.0,10,0,0,1,0,10,77.8,65.9,32,0,0,0,54.9,27.7,0,0.0,0
4533.0,10,0,0,1,0,10,77.8,66.0,32,0,0,0,54.9,27.6,0,0.0,0
4534.0,10,0,0,1,0,10,77.8,66.0,32,0,0,0,54.8,27.6,0,0.0,0
4535.0,10,0,0,1,0,10,77.8,66.1,32,0,0,0,54.8,27.5,0,0.0,0
4536.0,10,0,0,1,0,10,77.8,66.1,32,0,0,0,54.8,27.5,0,0.0,0
4537.0,10,0,0,1,0,10,77.8,66.2,32,0,0,0,54.7,27.4,0,0.0,0
4538.0,10,0,0,1,0,10,77.8,66.2,32,0,0,0,54.7,27.4,0,0.0,0
4539.0,10,0,0,1,0,10,77.8,66.3,32,0,0,0,54.6,27.3,0,0.0,0
4540.0,10,0,0,1,0,10,77.8,66.4,32,0,0,0,54.6,27.3,0,0.0,0
4541.0,10,0,0,1,0,10,77.8,66.4,32,0,0,0,54.5,27.2,0,0.0,0
4542.0,10,0,0,1,0,10,77.8,66.5,32,0,0,0,54.5,27.2,0,0.0,0
4543.0,10,0,0,1,0,10,77.8,66.5,32,0,0,0,54.4,27.1,0,0.0,0
4544.0,10,0,0,1,0,10,77.8,66.6,32,0,0,0,54.4,27.1,0,0.0,0
4545.0,10,0,0,1,0,10,77.8,66.7,32,0,0,0,54.3,27.0,0,0.0,0
4546.0,10,0,0,1,0,10,77.8,66.7,32,0,0,0,54.3,27.0,0,0.0,0
4547.0,10,0,0,1,0,10,77.1,66.8,33,0,0,0,54.2,26.9,0,0.0,0
4548.0,10,0,0,1,0,10,77.1,66.9,33,0,0,0,54.2,26.9,0,0.0,0
4549.0,10,0,0,1,0,10,77.1,66.9,33,0,0,0,54.1,26.8,0,0.0,0
4550.0,10,0,0,1,0,10,77.8,67.0,32,0,0,0,54.1,26.8,0,0.0,0
4551.0,10,0,0,1,0,10,77.8,67.1,32,0,0,0,54.0,26.7,0,0.0,0
4552.0,10,0,0,1,0,10,77.8,67.1,32,0,0,0,54.0,26.6,0,0.0,0
4553.0,10,0,0,1,0,10,78.5,67.2,31,0,0,0,53.9,26.6,0,0.0,0
4554.0,10,0,0,1,0,10,78.5,67.3,31,0,0,0,53.9,26.5,0,0.0,0
4555.0,10,0,0,1,0,10,78.5,67.3,31,0,0,0,53.8,26.5,0,0.0,0
4556.0,10,0,0,1,0,10,78.5,67.4,31,0,0,0,53.8,26.4,0,0.0,0
4557.0,10,0,0,1,0,10,78.5,67.5,31,0,0,0,53.8,26.4,0,0.0,0
4558.0,10,0,0,1,0,10,78.5,67.6,31,0,0,0,53.7,26.3,0,0.0,0
4559.0,10,0,0,1,0,10,79.2,67.6,30,0,0,0,53.7,26.3,0,0.0,0
4560.0,10,0,0,1,0,10,79.9,67.7,29,0,0,0,53.6,26.2,0,0.0,0
4561.0,10,0,0,1,0,10,79.9,67.8,29,0,0,0,53.6,26.2,0,0.0,0
4562.0,10,0,0,1,0,10,79.9,67.9,29,0,0,0,53.5,26.1,0,0.0,0
4563.0,10,0,0,1,0,10,79.9,67.9,29,0,0,0,53.5,26.1,0,0.0,0
4564.0,10,0,0,1,0,10,79.9,68.0,29,0,0,0,53.4,26.0,0,0.0,0
4565.0,10,0,0,1,0,10,79.9,68.1,29,0,0,0,53.4,26.0,0,0.0,0
4566.0,10,0,0,1,0,10,79.2,68.2,30,0,0,0,53.3,25.9,0,0.0,0
4567.0,10,0,0,1,0,10,79.2,68.2,30,0,0,0,53.3,25.9,0,0.0,0
4568.0,10,0,0,1,0,10,79.2,68.3,30,0,0,0,53.2,25.8,0,0.0,0
4569.0,10,0,0,1,0,10,79.2,68.4,30,0,0,0,53.2,25.7,0,0.0,0
4570.0,10,0,0,1,0,10,79.2,68.5,30,0,0,0,53.1,25.7,0,0.0,0
4571.0,10,0,0,1,0,10,79.2,68.5,30,0,0,0,53.1,25.6,0,0.0,0
4572.0,10,0,0,1,0,10,78.5,68.6,31,0,0,0,53.0,25.6,0,0.0,0
4573.0,10,0,0,1,0,10,78.5,68.7,31,0,0,0,53.0,25.5,0,0.0,0
4574.0,10,0,0,1,0,10,78.5,68.8,31,0,0,0,52.9,25.5,0,0.0,0
4575.0,10,0,0,1,0,10,78.5,68.8,31,0,0,0,52.9,25.4,0,0.0,0
4576.0,10,0,0,1,0,10,78.5,68.9,31,0,0,0,52.8,25.4,0,0.0,0
4577.0,10,0,0,1,0,10,78.5,69.0,31,0,0,0,52.8,25.3,0,0.0,0
4578.0,10,0,0,1,0,10,78.5,69.0,31,0,0,0,52.8,25.3,0,0.0,0
4579.0,10,0,0,1,0,10,78.5,69.1,31,0,0,0,52.7,25.2,0,0.0,0
4580.0,10,0,0,1,0,10,79.2,69.2,30,0,0,0,52.7,25.2,0,0.0,0
4581.0,10,0,0,1,0,10,79.2,69.3,30,0,0,0,52.6,25.1,0,0.0,0
4582.0,10,0,0,1,0,10,78.5,69.3,31,0,0,0,52.6,25.1,0,0.0,0
4583.0,10,0,0,1,0,10,78.5,69.4,31,0,0,0,52.5,25.0,0,0.0,0
4584.0,10,0,0,1,0,10,78.5,69.5,31,0,0,0,52.5,25.0,0,0.0,0
4585.0,10,0,0,1,0,10,78.5,69.5,31,0,0,0,52.4,24.9,0,0.0,0
4586.0,10,0,0,1,0,10,78.5,69.6,31,0,0,0,52.4,24.8,0,0.0,0
4587.0,10,0,0,1,0,10,78.5,69.7,31,0,0,0,52.3,24.8,0,0.0,0
4588.0,10,0,0,1,0,10,78.5,69.8,31,0,0,0,52.3,24.7,0,0.0,0
4589.0,10,0,0,1,0,10,78.5,69.8,31,0,0,0,52.2,24.7,0,0.0,0
4590.0,10,0,0,1,0,10,78.5,69.9,31,0,0,0,52.2,24.6,0,0.0,0
4591.0,10,0,0,1,0,10,79.2,70.0,30,0,0,0,52.1,24.6,0,0.0,0
4592.0,10,0,0,1,0,10,79.2,70.0,30,0,0,0,52.1,24.5,0,0.0,0
4593.0,10,0,0,1,0,10,79.2,70.1,30,0,0,0,52.0,24.5,0,0.0,0
4594.0,10,0,0,1,0,10,79.9,70.2,29,0,0,0,52.0,24.4,0,0.0,0
4595.0,10,0,0,1,0,10,79.9,70.3,29,0,0,0,51.9,24.4,0,0.0,0
4596.0,10,0,0,1,0,10,79.9,70.3,29,0,0,0,51.9,24.3,0,0.0,0
4597.0,10,0,0,1,0,10,79.9,70.4,29,0,0,0,51.8,24.3,0,0.0,0
4598.0,9,0,1,1,0,10,80.6,70.5,28,0,0,0,51.8,24.2,0,0.0,0
4599.0,9,0,1,1,0,10,80.6,70.6,28,0,0,0,51.8,24.2,0,0.0,0
4600.0,9,0,1,1,0,10,81.2,70.6,27,0,0,0,51.7,24.2,0,0.0,0
4601.0,9,0,1,1,0,10,81.2,70.7,27,0,0,0,51.7,24.2,0,0.0,0
4602.0,9,0,1,1,0,10,81.2,70.8,27,0,0,0,51.6,24.2,0,0.0,0
4603.0,9,0,1,1,0,10,81.2,70.9,27,0,0,0,51.6,24.2,0,0.0,0
4604.0,9,0,1,1,0,10,81.2,71.0,27,0,0,0,51.5,24.2,0,0.0,0
4605.0,9,0,1,1,0,10,81.9,71.1,26,0,0,0,51.5,24.2,0,0.0,0
4606.0,9,0,1,1,0,10,81.2,71.1,27,0,0,0,51.5,24.2,0,0.0,0
4607.0,9,0,1,1,0,10,81.2,71.2,27,0,0,0,51.4,24.2,0,0.0,0
4608.0,9,0,1,1,0,10,80.6,71.3,28,0,0,0,51.4,24.2,0,0.0,0
4609.0,9,0,1,1,0,10,79.9,71.4,29,0,0,0,51.3,24.2,0,0.0,0
4610.0,9,0,1,1,0,10,79.9,71.5,29,0,0,0,51.3,24.2,0,0.0,0
4611.0,9,0,1,1,0,10,79.2,71.5,30,0,0,0,51.2,24.2,0,0.0,0
4612.0,9,0,1,1,0,10,79.9,71.6,29,0,0,0,51.2,24.2,0,0.0,0
4613.0,9,0,1,1,0,10,79.2,71.7,30,0,0,0,51.2,24.2,0,0.0,0
4614.0,9,0,1,1,0,10,79.2,71.8,30,0,0,0,51.1,24.2,0,0.0,0
4615.0,9,0,1,1,0,10,78.5,71.8,31,0,0,0,51.1,24.2,0,0.0,0
4616.0,9,0,1,1,0,10,78.5,71.9,31,0,0,0,51.0,24.2,0,0.0,0
4617.0,9,0,1,1,0,10,78.5,72.0,31,0,0,0,51.0,24.2,0,0.0,0
4618.0,9,0,1,1,0,10,78.5,72.0,31,0,0,0,50.9,24.2,0,0.0,0
4619.0,9,0,1,1,0,10,77.8,72.1,32,0,0,0,50.9,24.2,0,0.0,0
4620.0,9,0,1,1,0,10,77.1,72.2,33,0,0,0,50.9,24.2,0,0.0,0
4621.0,9,0,1,1,0,10,77.1,72.2,33,0,0,0,50.8,24.2,0,0.0,0
4622.0,9,0,1,1,0,10,76.4,72.3,34,0,0,0,50.8,24.2,0,0.0,0
4623.0,9,0,1,1,0,10,76.4,72.3,34,0,0,0,50.7,24.2,0,0.0,0
4624.0,9,0,1,1,0,10,76.4,72.4,34,0,0,0,50.7,24.2,0,0.0,0
4625.0,9,0,1,1,0,10,76.4,72.4,34,0,0,0,50.6,24.2,0,0.0,0
4626.0,9,0,1,1,0,10,76.4,72.4,34,0,0,0,50.6,24.2,0,0.0,0
4627.0,9,0,1,1,0,10,76.4,72.5,34,0,0,0,50.6,24.2,0,0.0,0
4628.0,9,0,1,1,0,10,76.4,72.5,34,0,0,0,50.5,24.2,0,0.0,0
4629.0,9,0,1,1,0,10,75.7,72.6,35,0,0,0,50.5,24.2,0,0.0,0
4630.0,9,0,1,1,0,10,75.7,72.6,35,0,0,0,50.4,24.2,0,0.0,0
4631.0,9,0,1,1,0,10,75.7,72.7,35,0,0,0,50.4,24.2,0,0.0,0
4632.0,9,0,1,1,0,10,75.7,72.7,35,0,0,0,50.3,24.2,0,0.0,0
4633.0,9,0,1,1,0,10,75.7,72.7,35,0,0,0,50.3,24.2,0,0.0,0
4634.0,9,0,1,1,0,10,75.7,72.8,35,0,0,0,50.3,24.2,0,0.0,0
4635.0,9,0,1,1,0,10,75.7,72.8,35,0,0,0,50.2,24.2,0,0.0,0
4636.0,9,0,1,1,0,10,75.7,72.9,35,0,0,0,50.2,24.2,0,0.0,0
4637.0,9,0,1,1,0,10,75.7,72.9,35,0,0,0,50.1,24.2,0,0.0,0
4638.0,9,0,1,1,0,10,75.7,72.9,35,0,0,0,50.1,24.2,0,0.0,0
4639.0,9,0,1,1,0,10,75.7,73.0,35,0,0,0,50.0,24.2,0,0.0,0
4640.0,9,0,1,1,0,10,75.0,73.0,36,0,0,0,50.0,24.2,0,0.0,0
4641.0,9,0,1,1,0,10,74.3,73.1,37,0,0,0,50.0,24.2,0,0.0,0
4642.0,9,0,1,1,0,10,73.6,73.1,38,0,0,0,49.9,24.2,0,0.0,0
4643.0,9,0,1,1,0,10,73.6,73.1,38,0,0,0,49.9,24.2,0,0.0,0
4644.0,9,0,1,1,0,10,73.6,73.2,38,0,0,0,49.8,24.2,0,0.0,0
4645.0,9,0,1,1,0,10,73.6,73.2,38,0,0,0,49.8,24.2,0,0.0,0
4646.0,9,0,1,1,0,10,72.9,73.2,39,0,0,0,49.7,24.2,0,0.0,0
4647.0,9,0,1,1,0,10,72.9,73.2,39,0,0,0,49.7,24.1,0,0.0,0
4648.0,9,0,1,1,0,10,73.6,73.3,38,0,0,0,49.7,24.1,0,0.0,0
4649.0,9,0,1,1,0,10,72.9,73.3,39,0,0,0,49.6,24.0,0,0.0,0
4650.0,9,0,1,1,0,10,72.9,73.3,39,0,0,0,49.6,24.0,0,0.0,0
4651.0,8,0,2,1,0,10,71.5,73.4,41,0,0,0,49.5,23.9,0,0.0,0
4652.0,8,0,2,1,0,10,70.8,73.4,42,0,0,0,49.5,23.9,0,0.0,0
4653.0,8,0,2,1,0,10,69.4,73.4,44,0,0,0,49.5,23.9,0,0.0,0
4654.0,8,0,2,1,0,10,69.4,73.4,44,0,0,0,49.4,23.9,0,0.0,0
4655.0,8,0,2,1,0,10,69.4,73.4,44,0,0,0,49.4,23.9,0,0.0,0
4656.0,8,0,2,1,0,10,68.8,73.4,45,0,0,0,49.3,23.9,0,0.0,0
4657.0,8,0,2,1,0,10,69.4,73.5,44,0,0,0,49.3,23.9,0,0.0,0
4658.0,8,1,1,1,0,9,70.1,73.5,43,0,0,0,56.2,23.9,0,0.0,0
4659.0,8,1,1,1,0,9,70.1,73.5,43,0,0,0,56.1,23.9,0,0.0,0
4660.0,8,1,1,1,0,9,69.4,73.5,44,0,0,0,56.1,23.9,0,0.0,0
4661.0,8,1,1,1,0,9,68.1,73.5,46,0,0,0,56.0,23.9,0,0.0,0
4662.0,8,1,1,1,0,9,67.4,73.5,47,0,0,0,56.0,23.9,0,0.0,0
4663.0,8,1,1,1,0,9,66.7,73.5,48,0,0,0,56.0,23.9,0,0.0,0
4664.0,8,1,1,1,0,9,66.7,73.5,48,0,0,0,55.9,23.9,0,0.0,0
4665.0,8,1,1,1,0,9,66.7,73.5,48,0,0,0,55.9,23.9,0,0.0,0
4666.0,8,1,1,1,0,9,67.4,73.6,47,0,0,0,55.9,23.9,0,0.0,0
4667.0,8,1,1,1,0,9,67.4,73.6,47,0,0,0,55.8,23.9,0,0.0,0
4668.0,8,1,1,1,0,9,66.7,73.6,48,0,0,0,55.8,23.9,0,0.0,0
4669.0,8,1,1,1,0,9,66.7,73.6,48,0,0,0,55.7,23.9,0,0.0,0
4670.0,8,1,1,1,0,9,66.7,73.6,48,0,0,0,55.7,23.9,0,0.0,0
4671.0,8,1,1,1,0,9,65.3,73.6,50,0,0,0,55.7,23.9,0,0.0,0
4672.0,8,1,1,1,0,9,65.3,73.6,50,0,0,0,55.6,23.9,0,0.0,0
4673.0,8,1,1,1,0,9,65.3,73.6,50,0,0,0,55.6,23.9,0,0.0,0
4674.0,8,1,1,1,0,9,65.3,73.6,50,0,0,0,55.5,23.9,0,0.0,0
4675.0,8,0,2,1,0,10,65.3,73.6,50,0,0,0,55.5,23.9,0,0.0,0
4676.0,8,0,2,1,0,10,65.3,73.6,50,0,0,0,55.5,23.9,0,0.0,0
4677.0,8,0,2,1,0,10,65.3,73.6,50,0,0,0,55.4,23.9,0,0.0,0
4678.0,8,0,2,1,0,10,65.3,73.7,50,0,0,0,55.4,23.9,0,0.0,0
4679.0,8,0,2,1,0,10,65.3,73.7,50,0,0,0,55.4,23.9,0,0.0,0
4680.0,8,0,2,1,0,10,64.6,73.7,51,0,0,0,55.3,23.9,0,0.0,0
4681.0,8,0,2,1,0,10,63.9,73.7,52,0,0,0,55.3,23.9,0,0.0,0
4682.0,8,0,2,1,0,10,63.9,73.7,52,0,0,0,55.2,23.9,0,0.0,0
4683.0,8,0,2,1,0,10,63.9,73.7,52,0,0,0,55.2,23.9,0,0.0,0
4684.0,8,0,2,1,0,10,63.9,73.7,52,0,0,0,55.2,23.9,0,0.0,0
4685.0,8,0,2,1,0,10,63.9,73.7,52,0,0,0,55.1,23.9,0,0.0,0
4686.0,8,0,2,1,0,10,63.9,73.7,52,0,0,0,55.1,23.9,0,0.0,0
4687.0,8,0,2,1,0,10,63.9,73.7,52,0,0,0,55.1,23.9,0,0.0,0
4688.0,8,0,2,1,0,10,63.9,73.7,52,0,0,0,55.0,23.9,0,0.0,0
4689.0,8,0,2,1,0,10,62.5,73.7,54,0,0,0,55.0,23.9,0,0.0,0
4690.0,8,0,2,1,0,10,61.8,73.7,55,0,0,0,54.9,23.9,0,0.0,0
4691.0,8,0,2,1,0,10,61.8,73.7,55,0,0,0,54.9,23.9,0,0.0,0
4692.0,8,0,2,1,0,10,61.8,73.7,55,0,0,0,54.9,23.9,0,0.0,0
4693.0,8,0,2,1,0,10,61.1,73.7,56,0,0,0,54.8,23.9,0,0.0,0
4694.0,8,0,2,1,0,10,61.1,73.7,56,0,0,0,54.8,23.9,0,0.0,0
4695.0,8,0,2,1,0,10,62.5,73.7,54,0,0,0,54.7,23.9,0,0.0,0
4696.0,8,0,2,1,0,10,61.8,73.7,55,0,0,0,54.7,23.9,0,0.0,0
4697.0,7,0,3,1,0,10,61.8,73.7,55,0,0,0,54.7,23.9,0,0.0,0
4698.0,7,0,3,1,0,10,61.8,73.7,55,0,0,0,54.6,23.9,0,0.0,0
4699.0,7,0,3,1,0,10,61.1,73.7,56,0,0,0,54.6,23.9,0,0.0,0
4700.0,7,0,3,1,0,10,61.1,73.7,56,0,0,0,54.6,23.9,0,0.0,0
4701.0,7,0,3,1,0,10,61.1,73.7,56,0,0,0,54.5,23.9,0,0.0,0
4702.0,7,0,3,1,0,10,60.4,73.7,57,0,0,0,54.5,23.9,0,0.0,0
4703.0,7,0,3,1,0,10,59.7,73.6,58,0,0,0,54.5,23.9,0,0.0,0
4704.0,7,0,3,1,0,10,61.1,73.6,56,0,0,0,54.4,23.9,0,0.0,0
4705.0,7,0,3,1,0,10,61.1,73.6,56,0,0,0,54.4,23.9,0,0.0,0
4706.0,7,0,3,1,0,10,61.1,73.6,56,0,0,0,54.4,23.9,0,0.0,0
4707.0,7,0,3,1,0,10,61.1,73.6,56,0,0,0,54.3,23.9,0,0.0,0
4708.0,7,0,3,1,0,10,60.4,73.5,57,0,0,0,54.3,23.9,0,0.0,0
4709.0,7,0,3,1,0,10,60.4,73.5,57,0,0,0,54.3,23.9,0,0.0,0
4710.0,7,0,3,1,0,10,60.4,73.4,57,0,0,0,54.2,23.9,0,0.0,0
4711.0,7,1,2,1,0,9,60.4,73.4,57,0,0,0,61.1,24.3,0,0.0,0
4712.0,7,1,2,1,0,9,60.4,73.4,57,0,0,0,61.1,24.3,0,0.0,0
4713.0,7,1,2,1,0,9,60.4,73.3,57,0,0,0,61.0,24.3,0,0.0,0
4714.0,7,1,2,1,0,9,59.7,73.3,58,0,0,0,61.0,24.3,0,0.0,0
4715.0,7,1,2,1,0,9,59.7,73.3,58,0,0,0,61.0,24.3,0,0.0,0
4716.0,7,1,2,1,0,9,59.7,73.2,58,0,0,0,60.9,24.3,0,0.0,0
4717.0,7,1,2,1,0,9,59.7,73.2,58,0,0,0,60.9,24.2,0,0.0,0
4718.0,7,1,2,1,0,9,59.7,73.1,58,0,0,0,60.9,24.2,0,0.0,0
4719.0,7,1,2,1,0,9,61.1,73.1,56,0,0,0,60.8,24.1,0,0.0,0
4720.0,7,1,2,1,0,9,61.1,73.1,56,0,0,0,60.8,24.1,0,0.0,0
4721.0,7,1,2,1,0,9,61.1,73.0,56,0,0,0,60.8,24.0,0,0.0,0
4722.0,7,0,3,1,0,10,60.4,73.0,57,0,0,0,60.7,24.0,0,0.0,0
4723.0,7,0,3,1,0,10,59.0,72.9,59,0,0,0,60.7,24.0,0,0.0,0
4724.0,7,0,3,1,0,10,58.3,72.9,60,0,0,0,60.7,24.0,0,0.0,0
4725.0,7,0,3,1,0,10,59.7,72.8,58,0,0,0,60.6,24.0,0,0.0,0
4726.0,7,0,3,1,0,10,59.7,72.8,58,0,0,0,60.6,24.0,0,0.0,0
4727.0,7,0,3,1,0,10,59.7,72.7,58,0,0,0,60.6,24.0,0,0.0,0
4728.0,7,0,3,1,0,10,60.4,72.7,57,0,0,0,60.5,24.0,0,0.0,0
4729.0,7,0,3,1,0,10,59.7,72.6,58,0,0,0,60.5,24.0,0,0.0,0
4730.0,7,0,3,1,0,10,58.3,72.6,60,0,0,0,60.5,24.0,0,0.0,0
4731.0,7,0,3,1,0,10,58.3,72.5,60,0,0,0,60.4,24.0,0,0.0,0
4732.0,7,0,3,1,0,10,58.3,72.5,60,0,0,0,60.4,24.0,0,0.0,0
4733.0,7,0,3,1,0,10,57.6,72.4,61,0,0,0,60.4,24.0,0,0.0,0
4734.0,7,0,3,1,0,10,57.6,72.3,61,0,0,0,60.3,24.0,0,0.0,0
4735.0,7,1,2,1,0,9,57.6,72.3,61,0,0,0,67.2,24.0,0,0.0,0
4736.0,7,1,2,1,0,9,57.6,72.2,61,0,0,0,67.2,24.0,0,0.0,0
4737.0,7,1,2,1,0,9,56.9,72.2,62,0,0,0,67.1,24.0,0,0.0,0
4738.0,7,1,2,1,0,9,57.6,72.1,61,0,0,0,67.1,24.0,0,0.0,0
4739.0,7,1,2,1,0,9,58.3,72.0,60,0,0,0,67.1,24.0,0,0.0,0
4740.0,7,1,2,1,0,9,57.6,72.0,61,0,0,0,67.0,24.0,0,0.0,0
4741.0,7,1,2,1,0,9,57.6,71.9,61,0,0,0,67.0,24.0,0,0.0,0
4742.0,7,1,2,1,0,9,56.2,71.8,63,0,0,0,67.0,24.0,0,0.0,0
4743.0,7,1,2,1,0,9,56.9,71.7,62,0,0,0,66.9,24.0,0,0.0,0
4744.0,7,1,2,1,0,9,57.6,71.7,61,0,0,0,66.9,24.0,0,0.0,0
4745.0,7,1,2,1,0,9,57.6,71.6,61,0,0,0,66.9,24.0,0,0.0,0
4746.0,7,1,2,1,0,9,58.3,71.5,60,0,0,0,66.8,24.0,0,0.0,0
4747.0,7,1,2,1,0,9,56.9,71.4,62,0,0,0,66.8,24.0,0,0.0,0
4748.0,7,1,2,1,0,9,56.2,71.4,63,0,0,0,66.8,24.0,0,0.0,0
4749.0,7,1,2,1,0,9,55.6,71.3,64,0,0,0,66.7,24.0,0,0.0,0
4750.0,7,1,2,1,0,9,55.6,71.2,64,0,0,0,66.7,24.0,0,0.0,0
4751.0,7,1,2,1,0,9,56.2,71.1,63,0,0,0,66.7,24.0,0,0.0,0
4752.0,7,1,2,1,0,9,58.3,71.1,60,0,0,0,66.6,24.0,0,0.0,0
4753.0,7,1,2,1,0,9,58.3,71.0,60,0,0,0,66.6,24.0,0,0.0,0
4754.0,7,1,2,1,0,9,57.6,70.9,61,0,0,0,66.6,24.0,0,0.0,0
4755.0,7,1,2,1,0,9,56.9,70.9,62,0,0,0,66.5,24.0,0,0.0,0
4756.0,7,1,2,1,0,9,56.2,70.8,63,0,0,0,66.5,24.0,0,0.0,0
4757.0,7,2,1,1,0,8,56.2,70.7,63,0,0,0,73.3,24.0,0,0.0,0
4758.0,7,2,1,1,0,8,56.9,70.6,62,0,0,0,73.3,24.0,0,0.0,0
4759.0,7,2,1,1,0,8,57.6,70.6,61,0,0,0,73.3,24.0,0,0.0,0
4760.0,7,2,1,1,0,8,57.6,70.5,61,0,0,0,73.2,24.0,0,0.0,0
4761.0,7,2,1,1,0,8,58.3,70.4,60,0,0,0,73.2,24.0,0,0.0,0
4762.0,7,2,1,1,0,8,57.6,70.3,61,0,0,0,73.2,24.0,0,0.0,0
4763.0,7,2,1,1,0,8,57.6,70.3,61,0,0,0,73.1,24.0,0,0.0,0
4764.0,7,2,1,1,0,8,57.6,70.2,61,0,0,0,73.1,24.0,0,0.0,0
4765.0,7,2,1,1,0,8,58.3,70.1,60,0,0,0,73.1,24.0,0,0.0,0
4766.0,7,2,1,1,0,8,59.0,70.0,59,0,0,0,73.0,24.0,0,0.0,0
4767.0,7,2,1,1,0,8,59.0,70.0,59,0,0,0,73.0,24.0,0,0.0,0
4768.0,7,2,1,1,0,8,58.3,69.9,60,0,0,0,73.0,24.0,0,0.0,0
4769.0,7,2,1,1,0,8,58.3,69.8,60,0,0,0,72.9,24.0,0,0.0,0
4770.0,7,2,1,1,0,8,59.0,69.7,59,0,0,0,72.9,24.0,0,0.0,0
4771.0,7,2,1,1,0,8,59.7,69.6,58,0,0,0,72.9,24.0,0,0.0,0
4772.0,7,2,1,1,0,8,58.3,69.6,60,0,0,0,72.8,24.0,0,0.0,0
4773.0,7,2,1,1,0,8,58.3,69.5,60,0,0,0,72.8,24.0,0,0.0,0
4774.0,7,2,1,1,0,8,59.0,69.4,59,0,0,0,72.8,24.0,0,0.0,0
4775.0,7,2,1,1,0,8,59.0,69.3,59,0,0,0,72.7,24.0,0,0.0,0
4776.0,7,2,1,1,0,8,59.0,69.3,59,0,0,0,72.7,24.0,0,0.0,0
4777.0,7,2,1,1,0,8,59.0,69.2,59,0,0,0,72.7,24.0,0,0.0,0
4778.0,7,2,1,1,0,8,58.3,69.1,60,0,0,0,72.6,24.0,0,0.0,0
4779.0,7,2,1,1,0,8,58.3,69.0,60,0,0,0,72.6,24.0,0,0.0,0
4780.0,7,2,1,1,0,8,58.3,68.9,60,0,0,0,72.6,24.0,0,0.0,0
4781.0,7,2,1,1,0,8,58.3,68.9,60,0,0,0,72.5,24.0,0,0.0,0
4782.0,7,3,0,1,0,7,58.3,68.8,60,0,0,0,79.4,25.4,0,0.0,0
4783.0,7,3,0,1,0,7,57.6,68.7,61,0,0,0,79.4,25.3,0,0.0,0
4784.0,7,3,0,1,0,7,57.6,68.6,61,0,0,0,79.4,25.3,0,0.0,0
4785.0,7,3,0,1,0,7,58.3,68.5,60,0,0,0,79.3,25.2,0,0.0,0
4786.0,7,3,0,1,0,7,58.3,68.4,60,0,0,0,79.3,25.2,0,0.0,0
4787.0,7,3,0,1,0,7,58.3,68.4,60,0,0,0,79.3,25.1,0,0.0,0
4788.0,7,3,0,1,0,7,57.6,68.3,61,0,0,0,79.2,25.1,0,0.0,0
4789.0,7,3,0,1,0,7,57.6,68.2,61,0,0,0,79.2,25.0,0,0.0,0
4790.0,8,2,0,1,0,8,56.9,68.1,62,0,0,0,79.1,24.9,0,0.0,0
4791.0,8,2,0,1,0,8,56.2,68.0,63,0,0,0,79.1,24.9,0,0.0,0
4792.0,8,2,0,1,0,8,57.6,67.9,61,0,0,0,79.1,24.8,0,0.0,0
4793.0,8,2,0,1,0,8,57.6,67.9,61,0,0,0,79.0,24.8,0,0.0,0
4794.0,8,2,0,1,0,8,57.6,67.8,61,0,0,0,79.0,24.7,0,0.0,0
4795.0,9,1,0,1,0,9,57.6,67.7,61,0,0,0,79.0,24.7,0,0.0,0
4796.0,9,1,0,1,0,9,56.9,67.6,62,0,0,0,78.9,24.6,0,0.0,0
4797.0,9,1,0,1,0,9,56.9,67.5,62,0,0,0,78.9,24.6,0,0.0,0
4798.0,9,1,0,1,0,9,56.2,67.4,63,0,0,0,78.8,24.5,0,0.0,0
4799.0,9,1,0,1,0,9,56.2,67.3,63,0,0,0,78.8,24.5,0,0.0,0
4800.0,10,0,0,1,0,10,55.6,67.2,64,0,0,0,78.7,24.4,0,0.0,0
