time,active_uavs,spare_uavs,swapping_uavs,contingency_spares,failed_uavs,deployed_uavs,coverage_%,rolling_avg_%,cells_overdue,c2_violations,c3_alarms,c3_missed,avg_soc,min_soc,orphan_overdue,orphan_coverage_%,bridge_inserts
1.0,1,19,0,1,0,1,0.0,0.0,144,0,0,0,100.0,99.9,8,0.0,0
2.0,1,19,0,1,0,1,0.0,0.0,144,0,0,0,100.0,99.9,8,0.0,0
3.0,1,19,0,1,0,1,0.0,0.0,144,0,0,0,100.0,99.8,8,0.0,0
4.0,1,19,0,1,0,1,0.0,0.0,144,0,0,0,100.0,99.8,8,0.0,0
5.0,2,18,0,1,0,2,0.0,0.0,144,0,0,0,100.0,99.7,8,0.0,0
6.0,2,18,0,1,0,2,0.0,0.0,144,0,0,0,100.0,99.7,8,0.0,0
7.0,2,18,0,1,0,2,0.0,0.0,144,0,0,0,100.0,99.6,8,0.0,0
8.0,2,18,0,1,0,2,0.0,0.0,144,0,0,0,100.0,99.6,8,0.0,0
9.0,2,18,0,1,0,2,0.0,0.0,144,0,0,0,100.0,99.5,8,0.0,0
10.0,3,17,0,1,0,3,0.0,0.0,144,0,0,0,100.0,99.5,8,0.0,0
11.0,3,17,0,1,0,3,0.0,0.0,144,0,0,0,99.9,99.4,8,0.0,0
12.0,3,17,0,1,0,3,0.0,0.0,144,0,0,0,99.9,99.4,8,0.0,0
13.0,3,17,0,1,0,3,0.0,0.0,144,0,0,0,99.9,99.3,8,0.0,0
14.0,3,17,0,1,0,3,0.0,0.0,144,0,0,0,99.9,99.3,8,0.0,0
15.0,4,16,0,1,0,4,0.0,0.0,144,0,0,0,99.9,99.2,8,0.0,0
16.0,4,16,0,1,0,4,0.0,0.0,144,0,0,0,99.9,99.2,8,0.0,0
17.0,4,16,0,1,0,4,0.0,0.0,144,0,0,0,99.9,99.1,8,0.0,0
18.0,4,16,0,1,0,4,0.0,0.0,144,0,0,0,99.9,99.0,8,0.0,0
19.0,4,16,0,1,0,4,0.0,0.0,144,0,0,0,99.9,99.0,8,0.0,0
20.0,4,16,0,1,0,4,0.0,0.0,144,0,0,0,99.9,98.9,8,0.0,0
21.0,4,16,0,1,0,4,0.0,0.0,144,0,0,0,99.9,98.9,8,0.0,0
22.0,4,16,0,1,0,4,0.0,0.0,144,0,0,0,99.8,98.8,8,0.0,0
23.0,4,16,0,1,0,4,0.0,0.0,144,0,0,0,99.8,98.8,8,0.0,0
24.0,4,16,0,1,0,4,0.0,0.0,144,0,0,0,99.8,98.7,8,0.0,0
25.0,4,16,0,1,0,4,0.0,0.0,144,0,0,0,99.8,98.7,8,0.0,0
26.0,4,16,0,1,0,4,0.0,0.0,144,0,0,0,99.8,98.6,8,0.0,0
27.0,4,16,0,1,0,4,0.0,0.0,144,0,0,0,99.8,98.6,8,0.0,0
28.0,4,16,0,1,0,4,0.0,0.0,144,0,0,0,99.8,98.5,8,0.0,0
29.0,4,16,0,1,0,4,0.0,0.0,144,0,0,0,99.8,98.5,8,0.0,0
30.0,4,16,0,1,0,4,0.0,0.0,144,0,0,0,99.8,98.4,8,0.0,0
31.0,4,16,0,1,0,4,0.0,0.0,144,0,0,0,99.8,98.4,8,0.0,0
32.0,4,16,0,1,0,4,0.0,0.0,144,0,0,0,99.7,98.3,8,0.0,0
33.0,4,16,0,1,0,4,0.0,0.0,144,0,0,0,99.7,98.3,8,0.0,0
34.0,4,16,0,1,0,4,0.0,0.0,144,0,0,0,99.7,98.2,8,0.0,0
35.0,4,16,0,1,0,4,0.0,0.0,144,0,0,0,99.7,98.1,8,0.0,0
36.0,4,16,0,1,0,4,0.0,0.0,144,0,0,0,99.7,98.1,8,0.0,0
37.0,4,16,0,1,0,4,0.0,0.0,144,0,0,0,99.7,98.0,8,0.0,0
38.0,4,16,0,1,0,4,0.0,0.0,144,0,0,0,99.7,98.0,8,0.0,0
39.0,4,16,0,1,0,4,0.0,0.0,144,0,0,0,99.7,97.9,8,0.0,0
40.0,4,16,0,1,0,4,0.0,0.0,144,0,0,0,99.7,97.9,8,0.0,0
41.0,4,16,0,1,0,4,0.0,0.0,144,0,0,0,99.7,97.8,8,0.0,0
42.0,4,16,0,1,0,4,0.0,0.0,144,0,0,0,99.6,97.8,8,0.0,0
43.0,4,16,0,1,0,4,0.0,0.0,144,0,0,0,99.6,97.7,8,0.0,0
44.0,4,16,0,1,0,4,0.0,0.0,144,0,0,0,99.6,97.7,8,0.0,0
45.0,4,16,0,1,0,4,0.0,0.0,144,0,0,0,99.6,97.6,8,0.0,0
46.0,4,16,0,1,0,4,0.0,0.0,144,0,0,0,99.6,97.6,8,0.0,0
47.0,4,16,0,1,0,4,0.0,0.0,144,0,0,0,99.6,97.5,8,0.0,0
48.0,4,16,0,1,0,4,0.0,0.0,144,0,0,0,99.6,97.5,8,0.0,0
49.0,4,16,0,1,0,4,0.0,0.0,144,0,0,0,99.6,97.4,8,0.0,0
50.0,4,16,0,1,0,4,0.0,0.0,144,0,0,0,99.6,97.4,8,0.0,0
51.0,4,16,0,1,0,4,0.0,0.0,144,0,0,0,99.6,97.3,8,0.0,0
52.0,4,16,0,1,0,4,0.0,0.0,144,0,0,0,99.5,97.2,8,0.0,0
53.0,4,16,0,1,0,4,0.0,0.0,144,0,0,0,99.5,97.2,8,0.0,0
54.0,4,16,0,1,0,4,0.0,0.0,144,0,0,0,99.5,97.1,8,0.0,0
55.0,4,16,0,1,0,4,0.0,0.0,144,0,0,0,99.5,97.1,8,0.0,0
56.0,4,16,0,1,0,4,0.0,0.0,144,0,0,0,99.5,97.0,8,0.0,0
57.0,4,16,0,1,0,4,0.0,0.0,144,0,0,0,99.5,97.0,8,0.0,0
58.0,4,16,0,1,0,4,0.0,0.0,144,0,0,0,99.5,96.9,8,0.0,0
59.0,4,16,0,1,0,4,0.0,0.0,144,0,0,0,99.5,96.9,8,0.0,0
60.0,4,16,0,1,0,4,0.0,0.0,144,0,0,0,99.5,96.8,8,0.0,0
61.0,4,16,0,1,0,4,0.0,0.0,144,0,0,0,99.5,96.8,8,0.0,0
62.0,4,16,0,1,0,4,0.0,0.0,144,0,0,0,99.4,96.7,8,0.0,0
63.0,4,16,0,1,0,4,0.0,0.0,144,0,0,0,99.4,96.7,8,0.0,0
64.0,4,16,0,1,0,4,0.0,0.0,144,0,0,0,99.4,96.6,8,0.0,0
65.0,4,16,0,1,0,4,0.0,0.0,144,0,0,0,99.4,96.6,8,0.0,0
66.0,4,16,0,1,0,4,0.0,0.0,144,0,0,0,99.4,96.5,8,0.0,0
67.0,4,16,0,1,0,4,0.0,0.0,144,0,0,0,99.4,96.5,8,0.0,0
68.0,4,16,0,1,0,4,0.0,0.0,144,0,0,0,99.4,96.4,8,0.0,0
69.0,4,16,0,1,0,4,0.0,0.0,144,0,0,0,99.4,96.3,8,0.0,0
70.0,4,16,0,1,0,4,0.0,0.0,144,0,0,0,99.4,96.3,8,0.0,0
71.0,4,16,0,1,0,4,0.0,0.0,144,0,0,0,99.4,96.2,8,0.0,0
72.0,4,16,0,1,0,4,0.0,0.0,144,0,0,0,99.3,96.2,8,0.0,0
73.0,4,16,0,1,0,4,0.0,0.0,144,0,0,0,99.3,96.1,8,0.0,0
74.0,4,16,0,1,0,4,0.0,0.0,144,0,0,0,99.3,96.1,8,0.0,0
75.0,4,16,0,1,0,4,0.0,0.0,144,0,0,0,99.3,96.0,8,0.0,0
76.0,4,16,0,1,0,4,0.0,0.0,144,0,0,0,99.3,96.0,8,0.0,0
77.0,4,16,0,1,0,4,0.0,0.0,144,0,0,0,99.3,95.9,8,0.0,0
78.0,4,16,0,1,0,4,0.0,0.0,144,0,0,0,99.3,95.9,8,0.0,0
79.0,4,16,0,1,0,4,0.0,0.0,144,0,0,0,99.3,95.8,8,0.0,0
80.0,4,16,0,1,0,4,0.0,0.0,144,0,0,0,99.3,95.8,8,0.0,0
81.0,4,16,0,1,0,4,0.0,0.0,144,0,0,0,99.3,95.7,8,0.0,0
82.0,4,16,0,1,0,4,0.0,0.0,144,0,0,0,99.2,95.7,8,0.0,0
83.0,4,16,0,1,0,4,0.7,0.0,143,0,0,0,99.2,95.6,8,0.0,0
84.0,4,16,0,1,0,4,0.7,0.0,143,0,0,0,99.2,95.6,8,0.0,0
85.0,4,16,0,1,0,4,0.7,0.0,143,0,0,0,99.2,95.5,8,0.0,0
86.0,4,16,0,1,0,4,0.7,0.0,143,0,0,0,99.2,95.4,8,0.0,0
87.0,4,16,0,1,0,4,0.7,0.0,143,0,0,0,99.2,95.4,8,0.0,0
88.0,4,16,0,1,0,4,1.4,0.1,142,0,0,0,99.2,95.3,8,0.0,0
89.0,4,16,0,1,0,4,1.4,0.1,142,0,0,0,99.2,95.3,8,0.0,0
90.0,4,16,0,1,0,4,1.4,0.1,142,0,0,0,99.2,95.2,8,0.0,0
91.0,4,16,0,1,0,4,1.4,0.1,142,0,0,0,99.2,95.2,8,0.0,0
92.0,4,16,0,1,0,4,1.4,0.1,142,0,0,0,99.1,95.1,8,0.0,0
93.0,4,16,0,1,0,4,1.4,0.1,142,0,0,0,99.1,95.1,8,0.0,0
94.0,4,16,0,1,0,4,2.1,0.1,141,0,0,0,99.1,95.0,8,0.0,0
95.0,4,16,0,1,0,4,2.1,0.2,141,0,0,0,99.1,95.0,8,0.0,0
96.0,4,16,0,1,0,4,2.1,0.2,141,0,0,0,99.1,94.9,8,0.0,0
97.0,4,16,0,1,0,4,2.1,0.2,141,0,0,0,99.1,94.9,8,0.0,0
98.0,4,16,0,1,0,4,2.1,0.2,141,0,0,0,99.1,94.8,8,0.0,0
99.0,4,16,0,1,0,4,2.8,0.3,140,0,0,0,99.1,94.8,7,12.5,0
100.0,4,16,0,1,0,4,2.8,0.3,140,0,0,0,99.1,94.7,7,12.5,0
101.0,4,16,0,1,0,4,3.5,0.3,139,0,0,0,99.1,94.7,7,12.5,0
102.0,4,16,0,1,0,4,3.5,0.3,139,0,0,0,99.0,94.6,7,12.5,0
103.0,4,16,0,1,0,4,3.5,0.4,139,0,0,0,99.0,94.6,7,12.5,0
104.0,4,16,0,1,0,4,3.5,0.4,139,0,0,0,99.0,94.5,7,12.5,0
105.0,4,16,0,1,0,4,3.5,0.4,139,0,0,0,99.0,94.4,7,12.5,0
106.0,4,16,0,1,0,4,4.2,0.5,138,0,0,0,99.0,94.4,7,12.5,0
107.0,4,16,0,1,0,4,4.2,0.5,138,0,0,0,99.0,94.3,7,12.5,0
108.0,4,16,0,1,0,4,4.9,0.5,137,0,0,0,99.0,94.3,7,12.5,0
109.0,4,16,0,1,0,4,4.9,0.6,137,0,0,0,99.0,94.2,7,12.5,0
110.0,4,16,0,1,0,4,4.9,0.6,137,0,0,0,99.0,94.2,7,12.5,0
111.0,4,16,0,1,0,4,5.6,0.7,136,0,0,0,98.9,94.1,7,12.5,0
112.0,4,16,0,1,0,4,5.6,0.7,136,0,0,0,98.9,94.1,7,12.5,0
113.0,4,16,0,1,0,4,6.2,0.8,135,0,0,0,98.9,94.0,7,12.5,0
114.0,4,16,0,1,0,4,6.9,0.8,134,0,0,0,98.9,94.0,7,12.5,0
115.0,4,16,0,1,0,4,6.9,0.9,134,0,0,0,98.9,93.9,7,12.5,0
116.0,4,16,0,1,0,4,6.9,0.9,134,0,0,0,98.9,93.9,7,12.5,0
117.0,4,16,0,1,0,4,6.9,1.0,134,0,0,0,98.9,93.8,7,12.5,0
118.0,4,16,0,1,0,4,7.6,1.0,133,0,0,0,98.9,93.8,7,12.5,0
119.0,4,16,0,1,0,4,8.3,1.1,132,0,0,0,98.9,93.7,7,12.5,0
120.0,4,16,0,1,0,4,8.3,1.1,132,0,0,0,98.9,93.7,7,12.5,0
121.0,4,16,0,1,0,4,9.0,1.2,131,0,0,0,98.9,93.6,7,12.5,0
122.0,4,16,0,1,0,4,9.7,1.3,130,0,0,0,98.8,93.6,7,12.5,0
123.0,4,16,0,1,0,4,9.7,1.3,130,0,0,0,98.8,93.5,7,12.5,0
124.0,4,16,0,1,0,4,9.7,1.4,130,0,0,0,98.8,93.5,7,12.5,0
125.0,4,16,0,1,0,4,9.7,1.5,130,0,0,0,98.8,93.4,7,12.5,0
126.0,4,16,0,1,0,4,11.1,1.6,128,0,0,0,98.8,93.3,6,25.0,0
127.0,4,16,0,1,0,4,11.8,1.6,127,0,0,0,98.8,93.3,6,25.0,0
128.0,4,16,0,1,0,4,12.5,1.7,126,0,0,0,98.8,93.2,6,25.0,0
129.0,4,16,0,1,0,4,12.5,1.8,126,0,0,0,98.8,93.2,6,25.0,0
130.0,4,16,0,1,0,4,12.5,1.9,126,0,0,0,98.8,93.1,6,25.0,0
131.0,4,16,0,1,0,4,12.5,2.0,126,0,0,0,98.8,93.1,6,25.0,0
132.0,4,16,0,1,0,4,12.5,2.1,126,0,0,0,98.7,93.0,6,25.0,0
133.0,4,16,0,1,0,4,13.9,2.1,124,0,0,0,98.7,93.0,6,25.0,0
134.0,4,16,0,1,0,4,14.6,2.2,123,0,0,0,98.7,92.9,6,25.0,0
135.0,4,16,0,1,0,4,14.6,2.3,123,0,0,0,98.7,92.9,6,25.0,0
136.0,4,16,0,1,0,4,14.6,2.4,123,0,0,0,98.7,92.8,6,25.0,0
137.0,4,16,0,1,0,4,14.6,2.5,123,0,0,0,98.7,92.8,6,25.0,0
138.0,4,16,0,1,0,4,14.6,2.6,123,0,0,0,98.7,92.7,6,25.0,0
139.0,4,16,0,1,0,4,15.3,2.7,122,0,0,0,98.7,92.7,6,25.0,0
140.0,4,16,0,1,0,4,16.0,2.8,121,0,0,0,98.7,92.6,6,25.0,0
141.0,4,16,0,1,0,4,16.7,2.9,120,0,0,0,98.7,92.6,6,25.0,0
142.0,4,16,0,1,0,4,16.7,3.0,120,0,0,0,98.6,92.5,6,25.0,0
143.0,4,16,0,1,0,4,17.4,3.1,119,0,0,0,98.6,92.5,6,25.0,0
144.0,4,16,0,1,0,4,17.4,3.2,119,0,0,0,98.6,92.4,6,25.0,0
145.0,4,16,0,1,0,4,17.4,3.3,119,0,0,0,98.6,92.4,6,25.0,0
146.0,4,16,0,1,0,4,18.1,3.4,118,0,0,0,98.6,92.3,6,25.0,0
147.0,4,16,0,1,0,4,18.1,3.5,118,0,0,0,98.6,92.3,6,25.0,0
148.0,4,16,0,1,0,4,18.8,3.6,117,0,0,0,98.6,92.2,5,37.5,0
149.0,4,16,0,1,0,4,18.8,3.7,117,0,0,0,98.6,92.2,5,37.5,0
150.0,5,15,0,1,0,5,19.4,3.8,116,0,0,0,98.6,92.1,5,37.5,0
151.0,5,15,0,1,0,5,19.4,3.9,116,0,0,0,98.5,92.0,5,37.5,0
152.0,5,15,0,1,0,5,19.4,4.0,116,0,0,0,98.5,92.0,5,37.5,0
153.0,5,15,0,1,0,5,20.1,4.1,115,0,0,0,98.5,91.9,5,37.5,0
154.0,5,15,0,1,0,5,20.8,4.2,114,0,0,0,98.5,91.9,5,37.5,0
155.0,6,14,0,1,0,6,21.5,4.3,113,0,0,0,98.5,91.8,5,37.5,0
156.0,6,14,0,1,0,6,21.5,4.4,113,0,0,0,98.5,91.8,5,37.5,0
157.0,6,14,0,1,0,6,22.2,4.5,112,0,0,0,98.5,91.7,5,37.5,0
158.0,6,14,0,1,0,6,22.2,4.7,112,0,0,0,98.4,91.7,5,37.5,0
159.0,6,14,0,1,0,6,24.3,4.8,109,0,0,0,98.4,91.6,5,37.5,0
160.0,7,13,0,1,0,7,24.3,4.9,109,0,0,0,98.4,91.6,5,37.5,0
161.0,7,13,0,1,0,7,24.3,5.0,109,0,0,0,98.4,91.5,5,37.5,0
162.0,7,13,0,1,0,7,25.0,5.1,108,0,0,0,98.4,91.5,5,37.5,0
163.0,7,13,0,1,0,7,25.0,5.3,108,0,0,0,98.4,91.4,5,37.5,0
164.0,7,13,0,1,0,7,25.7,5.4,107,0,0,0,98.3,91.4,5,37.5,0
165.0,8,12,0,1,0,8,27.1,5.5,105,0,0,0,98.3,91.3,5,37.5,0
166.0,8,12,0,1,0,8,27.8,5.7,104,0,0,0,98.3,91.3,5,37.5,0
167.0,8,12,0,1,0,8,27.8,5.8,104,0,0,0,98.3,91.2,5,37.5,0
168.0,8,12,0,1,0,8,27.8,5.9,104,0,0,0,98.3,91.1,5,37.5,0
169.0,8,12,0,1,0,8,27.8,6.0,104,0,0,0,98.2,91.1,5,37.5,0
170.0,8,12,0,1,0,8,29.9,6.2,101,0,0,0,98.2,91.0,5,37.5,0
171.0,8,12,0,1,0,8,30.6,6.3,100,0,0,0,98.2,91.0,5,37.5,0
172.0,8,12,0,1,0,8,30.6,6.5,100,0,0,0,98.2,90.9,5,37.5,0
173.0,8,12,0,1,0,8,31.2,6.6,99,0,0,0,98.2,90.9,5,37.5,0
174.0,8,12,0,1,0,8,31.9,6.8,98,0,0,0,98.1,90.8,5,37.5,0
175.0,8,12,0,1,0,8,32.6,6.9,97,0,0,0,98.1,90.8,5,37.5,0
176.0,8,12,0,1,0,8,33.3,7.1,96,0,0,0,98.1,90.7,5,37.5,0
177.0,8,12,0,1,0,8,34.0,7.2,95,0,0,0,98.1,90.7,5,37.5,0
178.0,8,12,0,1,0,8,34.7,7.4,94,0,0,0,98.1,90.6,5,37.5,0
179.0,8,12,0,1,0,8,34.7,7.5,94,0,0,0,98.0,90.6,5,37.5,0
180.0,8,12,0,1,0,8,34.7,7.7,94,0,0,0,98.0,90.5,5,37.5,0
181.0,8,12,0,1,0,8,35.4,7.8,93,0,0,0,98.0,90.5,5,37.5,0
182.0,8,12,0,1,0,8,36.1,8.0,92,0,0,0,98.0,90.4,5,37.5,0
183.0,8,12,0,1,0,8,36.1,8.1,92,0,0,0,98.0,90.4,5,37.5,0
184.0,8,12,0,1,0,8,36.8,8.3,91,0,0,0,97.9,90.3,5,37.5,0
185.0,8,12,0,1,0,8,36.8,8.4,91,0,0,0,97.9,90.2,5,37.5,0
186.0,8,12,0,1,0,8,36.8,8.6,91,0,0,0,97.9,90.2,5,37.5,0
187.0,8,12,0,1,0,8,37.5,8.7,90,0,0,0,97.9,90.1,5,37.5,0
188.0,8,12,0,1,0,8,37.5,8.9,90,0,0,0,97.9,90.1,5,37.5,0
189.0,8,12,0,1,0,8,38.2,9.1,89,0,0,0,97.8,90.0,5,37.5,0
190.0,8,12,0,1,0,8,38.2,9.2,89,0,0,0,97.8,90.0,5,37.5,0
191.0,8,12,0,1,0,8,38.2,9.4,89,0,0,0,97.8,89.9,5,37.5,0
192.0,8,12,0,1,0,8,40.3,9.5,86,0,0,0,97.8,89.9,4,50.0,0
193.0,8,12,0,1,0,8,41.0,9.7,85,0,0,0,97.8,89.8,4,50.0,0
194.0,8,12,0,1,0,8,41.0,9.8,85,0,0,0,97.7,89.8,4,50.0,0
195.0,8,12,0,1,0,8,41.7,10.0,84,0,0,0,97.7,89.7,4,50.0,0
196.0,8,12,0,1,0,8,41.7,10.2,84,0,0,0,97.7,89.7,4,50.0,0
197.0,8,12,0,1,0,8,41.7,10.3,84,0,0,0,97.7,89.6,4,50.0,0
198.0,8,12,0,1,0,8,41.7,10.5,84,0,0,0,97.7,89.6,4,50.0,0
199.0,8,12,0,1,0,8,42.4,10.6,83,0,0,0,97.6,89.5,4,50.0,0
200.0,8,12,0,1,0,8,43.1,10.8,82,0,0,0,97.6,89.5,4,50.0,0
201.0,8,12,0,1,0,8,43.1,11.0,82,0,0,0,97.6,89.4,4,50.0,0
202.0,8,12,0,1,0,8,43.1,11.1,82,0,0,0,97.6,89.4,4,50.0,0
203.0,8,12,0,1,0,8,43.8,11.3,81,0,0,0,97.6,89.3,4,50.0,0
204.0,8,12,0,1,0,8,45.1,11.5,79,0,0,0,97.5,89.3,4,50.0,0
205.0,8,12,0,1,0,8,45.1,11.6,79,0,0,0,97.5,89.2,4,50.0,0
206.0,8,12,0,1,0,8,45.1,11.8,79,0,0,0,97.5,89.2,4,50.0,0
207.0,8,12,0,1,0,8,45.1,11.9,79,0,0,0,97.5,89.1,4,50.0,0
208.0,8,12,0,1,0,8,45.8,12.1,78,0,0,0,97.5,89.1,4,50.0,0
209.0,8,12,0,1,0,8,46.5,12.3,77,0,0,0,97.4,89.0,4,50.0,0
210.0,8,12,0,1,0,8,46.5,12.4,77,0,0,0,97.4,88.9,4,50.0,0
211.0,8,12,0,1,0,8,46.5,12.6,77,0,0,0,97.4,88.9,4,50.0,0
212.0,8,12,0,1,0,8,46.5,12.8,77,0,0,0,97.4,88.8,4,50.0,0
213.0,8,12,0,1,0,8,46.5,12.9,77,0,0,0,97.4,88.8,4,50.0,0
214.0,8,12,0,1,0,8,47.2,13.1,76,0,0,0,97.3,88.7,3,62.5,0
215.0,8,12,0,1,0,8,47.9,13.2,75,0,0,0,97.3,88.7,3,62.5,0
216.0,8,12,0,1,0,8,47.9,13.4,75,0,0,0,97.3,88.6,3,62.5,0
217.0,8,12,0,1,0,8,47.9,13.6,75,0,0,0,97.3,88.6,3,62.5,0
218.0,8,12,0,1,0,8,47.9,13.7,75,0,0,0,97.3,88.5,3,62.5,0
219.0,8,12,0,1,0,8,47.9,13.9,75,0,0,0,97.2,88.5,3,62.5,0
220.0,8,12,0,1,0,8,48.6,14.0,74,0,0,0,97.2,88.4,3,62.5,0
221.0,8,12,0,1,0,8,48.6,14.2,74,0,0,0,97.2,88.4,3,62.5,0
222.0,8,12,0,1,0,8,49.3,14.3,73,0,0,0,97.2,88.3,3,62.5,0
223.0,8,12,0,1,0,8,50.0,14.5,72,0,0,0,97.2,88.3,3,62.5,0
224.0,8,12,0,1,0,8,50.0,14.7,72,0,0,0,97.1,88.2,3,62.5,0
225.0,8,12,0,1,0,8,50.0,14.8,72,0,0,0,97.1,88.2,3,62.5,0
226.0,8,12,0,1,0,8,49.3,15.0,73,0,0,0,97.1,88.1,3,62.5,0
227.0,8,12,0,1,0,8,49.3,15.1,73,0,0,0,97.1,88.0,3,62.5,0
228.0,8,12,0,1,0,8,49.3,15.3,73,0,0,0,97.1,88.0,3,62.5,0
229.0,8,12,0,1,0,8,49.3,15.4,73,0,0,0,97.0,88.0,3,62.5,0
230.0,8,12,0,1,0,8,49.3,15.6,73,0,0,0,97.0,87.9,3,62.5,0
231.0,8,12,0,1,0,8,50.0,15.7,72,0,0,0,97.0,87.9,3,62.5,0
232.0,8,12,0,1,0,8,50.0,15.9,72,0,0,0,97.0,87.8,3,62.5,0
233.0,8,12,0,1,0,8,50.7,16.0,71,0,0,0,97.0,87.8,3,62.5,0
234.0,8,12,0,1,0,8,50.7,16.2,71,0,0,0,96.9,87.7,3,62.5,0
235.0,8,12,0,1,0,8,51.4,16.3,70,0,0,0,96.9,87.7,3,62.5,0
236.0,8,12,0,1,0,8,50.7,16.5,71,0,0,0,96.9,87.6,3,62.5,0
237.0,8,12,0,1,0,8,50.7,16.6,71,0,0,0,96.9,87.5,3,62.5,0
238.0,8,12,0,1,0,8,50.7,16.7,71,0,0,0,96.9,87.5,3,62.5,0
239.0,8,12,0,1,0,8,51.4,16.9,70,0,0,0,96.8,87.4,3,62.5,0
240.0,8,12,0,1,0,8,52.8,17.0,68,0,0,0,96.8,87.4,2,75.0,0
241.0,8,12,0,1,0,8,52.8,17.3,68,0,0,0,96.8,87.3,2,75.0,0
242.0,8,12,0,1,0,8,53.5,17.5,67,0,0,0,96.8,87.3,2,75.0,0
243.0,8,12,0,1,0,8,52.8,17.7,68,0,0,0,96.8,87.2,2,75.0,0
244.0,8,12,0,1,0,8,52.8,17.9,68,0,0,0,96.7,87.2,2,75.0,0
245.0,8,12,0,1,0,8,52.8,18.1,68,0,0,0,96.7,87.1,2,75.0,0
246.0,8,12,0,1,0,8,53.5,18.4,67,0,0,0,96.7,87.1,2,75.0,0
247.0,8,12,0,1,0,8,53.5,18.6,67,0,0,0,96.7,87.0,2,75.0,0
248.0,8,12,0,1,0,8,52.8,18.8,68,0,0,0,96.7,87.0,2,75.0,0
249.0,8,12,0,1,0,8,52.8,19.0,68,0,0,0,96.6,86.9,2,75.0,0
250.0,8,12,0,1,0,8,52.1,19.2,69,0,0,0,96.6,86.9,2,75.0,0
251.0,8,12,0,1,0,8,52.1,19.5,69,0,0,0,96.6,86.8,2,75.0,0
252.0,8,12,0,1,0,8,52.8,19.7,68,0,0,0,96.6,86.8,2,75.0,0
253.0,8,12,0,1,0,8,52.1,19.9,69,0,0,0,96.6,86.7,2,75.0,0
254.0,8,12,0,1,0,8,52.1,20.1,69,0,0,0,96.5,86.6,2,75.0,0
255.0,8,12,0,1,0,8,52.1,20.3,69,0,0,0,96.5,86.6,2,75.0,0
256.0,8,12,0,1,0,8,51.4,20.5,70,0,0,0,96.5,86.5,2,75.0,0
257.0,8,12,0,1,0,8,50.7,20.8,71,0,0,0,96.5,86.5,2,75.0,0
258.0,8,12,0,1,0,8,50.7,21.0,71,0,0,0,96.5,86.4,2,75.0,0
259.0,8,12,0,1,0,8,51.4,21.2,70,0,0,0,96.4,86.4,2,75.0,0
260.0,8,12,0,1,0,8,51.4,21.4,70,0,0,0,96.4,86.3,2,75.0,0
261.0,8,12,0,1,0,8,52.1,21.6,69,0,0,0,96.4,86.3,2,75.0,0
262.0,8,12,0,1,0,8,54.2,21.8,66,0,0,0,96.4,86.2,1,87.5,0
263.0,8,12,0,1,0,8,52.8,22.1,68,0,0,0,96.4,86.2,1,87.5,0
264.0,8,12,0,1,0,8,52.8,22.3,68,0,0,0,96.3,86.1,1,87.5,0
265.0,8,12,0,1,0,8,52.8,22.5,68,0,0,0,96.3,86.1,1,87.5,0
266.0,8,12,0,1,0,8,52.8,22.7,68,0,0,0,96.3,86.0,1,87.5,0
267.0,8,12,0,1,0,8,52.1,22.9,69,0,0,0,96.3,86.0,1,87.5,0
268.0,8,12,0,1,0,8,52.1,23.2,69,0,0,0,96.3,85.9,1,87.5,0
269.0,8,12,0,1,0,8,53.5,23.4,67,0,0,0,96.2,85.9,1,87.5,0
270.0,8,12,0,1,0,8,52.8,23.6,68,0,0,0,96.2,85.8,1,87.5,0
271.0,8,12,0,1,0,8,52.8,23.8,68,0,0,0,96.2,85.7,1,87.5,0
272.0,8,12,0,1,0,8,52.8,24.0,68,0,0,0,96.2,85.7,1,87.5,0
273.0,8,12,0,1,0,8,53.5,24.3,67,0,0,0,96.2,85.6,1,87.5,0
274.0,8,12,0,1,0,8,53.5,24.5,67,0,0,0,96.1,85.6,1,87.5,0
275.0,8,12,0,1,0,8,54.2,24.7,66,0,0,0,96.1,85.5,1,87.5,0
276.0,8,12,0,1,0,8,54.2,24.9,66,0,0,0,96.1,85.5,1,87.5,0
277.0,8,12,0,1,0,8,54.2,25.2,66,0,0,0,96.1,85.4,1,87.5,0
278.0,8,12,0,1,0,8,55.6,25.4,64,0,0,0,96.1,85.4,1,87.5,0
279.0,8,12,0,1,0,8,56.2,25.6,63,0,0,0,96.0,85.3,1,87.5,0
280.0,8,12,0,1,0,8,56.2,25.9,63,0,0,0,96.0,85.3,1,87.5,0
281.0,8,12,0,1,0,8,56.2,26.1,63,0,0,0,96.0,85.2,1,87.5,0
282.0,8,12,0,1,0,8,56.9,26.3,62,0,0,0,96.0,85.2,1,87.5,0
283.0,8,12,0,1,0,8,56.2,26.6,63,0,0,0,96.0,85.1,1,87.5,0
284.0,8,12,0,1,0,8,55.6,26.8,64,0,0,0,95.9,85.1,1,87.5,0
285.0,8,12,0,1,0,8,56.2,27.0,63,0,0,0,95.9,85.0,1,87.5,0
286.0,8,12,0,1,0,8,56.9,27.3,62,0,0,0,95.9,85.0,1,87.5,0
287.0,8,12,0,1,0,8,56.9,27.5,62,0,0,0,95.9,84.9,1,87.5,0
288.0,8,12,0,1,0,8,56.9,27.7,62,0,0,0,95.9,84.8,1,87.5,0
289.0,8,12,0,1,0,8,58.3,28.0,60,0,0,0,95.8,84.8,1,87.5,0
290.0,8,12,0,1,0,8,58.3,28.2,60,0,0,0,95.8,84.7,1,87.5,0
291.0,8,12,0,1,0,8,58.3,28.5,60,0,0,0,95.8,84.7,1,87.5,0
292.0,8,12,0,1,0,8,59.0,28.7,59,0,0,0,95.8,84.6,1,87.5,0
293.0,8,12,0,1,0,8,59.0,29.0,59,0,0,0,95.8,84.6,1,87.5,0
294.0,8,12,0,1,0,8,59.0,29.2,59,0,0,0,95.7,84.5,1,87.5,0
295.0,8,12,0,1,0,8,60.4,29.5,57,0,0,0,95.7,84.5,0,100.0,0
296.0,8,12,0,1,0,8,60.4,29.7,57,0,0,0,95.7,84.4,0,100.0,0
297.0,8,12,0,1,0,8,60.4,30.0,57,0,0,0,95.7,84.4,0,100.0,0
298.0,8,12,0,1,0,8,60.4,30.2,57,0,0,0,95.7,84.3,0,100.0,0
299.0,8,12,0,1,0,8,59.7,30.5,58,0,0,0,95.6,84.3,0,100.0,0
300.0,9,11,0,1,0,9,59.7,30.7,58,0,0,0,95.6,84.2,0,100.0,0
301.0,9,11,0,1,0,9,59.0,31.0,59,0,0,0,95.6,84.2,0,100.0,0
302.0,9,11,0,1,0,9,60.4,31.2,57,0,0,0,95.6,84.1,0,100.0,0
303.0,9,11,0,1,0,9,60.4,31.5,57,0,0,0,95.6,84.1,0,100.0,0
304.0,9,11,0,1,0,9,61.1,31.7,56,0,0,0,95.5,84.0,0,100.0,0
305.0,10,10,0,1,0,10,61.8,32.0,55,0,0,0,95.5,83.9,0,100.0,0
306.0,10,10,0,1,0,10,61.8,32.2,55,0,0,0,95.5,83.9,0,100.0,0
307.0,10,10,0,1,0,10,61.8,32.5,55,0,0,0,95.5,83.8,0,100.0,0
308.0,10,10,0,1,0,10,63.2,32.8,53,0,0,0,95.4,83.8,0,100.0,0
309.0,10,10,0,1,0,10,64.6,33.0,51,0,0,0,95.4,83.7,0,100.0,0
310.0,11,9,0,1,0,11,63.9,33.3,52,0,0,0,95.4,83.7,0,100.0,0
311.0,11,9,0,1,0,11,63.9,33.6,52,0,0,0,95.4,83.6,0,100.0,0
312.0,11,9,0,1,0,11,63.9,33.8,52,0,0,0,95.3,83.6,0,100.0,0
313.0,11,9,0,1,0,11,63.2,34.1,53,0,0,0,95.3,83.5,0,100.0,0
314.0,11,9,0,1,0,11,63.9,34.4,52,0,0,0,95.3,83.5,0,100.0,0
315.0,12,8,0,1,0,12,63.2,34.6,53,0,0,0,95.2,83.4,0,100.0,0
316.0,12,8,0,1,0,12,63.9,34.9,52,0,0,0,95.2,83.4,0,100.0,0
317.0,12,8,0,1,0,12,63.2,35.1,53,0,0,0,95.2,83.3,0,100.0,0
318.0,12,8,0,1,0,12,63.2,35.4,53,0,0,0,95.2,83.3,0,100.0,0
319.0,12,8,0,1,0,12,63.9,35.7,52,0,0,0,95.1,83.2,0,100.0,0
320.0,12,8,0,1,0,12,64.6,35.9,51,0,0,0,95.1,83.2,0,100.0,0
321.0,12,8,0,1,0,12,64.6,36.2,51,0,0,0,95.1,83.1,0,100.0,0
322.0,12,8,0,1,0,12,63.9,36.5,52,0,0,0,95.0,83.0,0,100.0,0
323.0,12,8,0,1,0,12,63.9,36.7,52,0,0,0,95.0,83.0,0,100.0,0
324.0,12,8,0,1,0,12,63.2,37.0,53,0,0,0,95.0,83.0,0,100.0,0
325.0,12,8,0,1,0,12,63.2,37.3,53,0,0,0,94.9,83.0,0,100.0,0
326.0,12,8,0,1,0,12,63.2,37.5,53,0,0,0,94.9,82.9,0,100.0,0
327.0,12,8,0,1,0,12,63.9,37.8,52,0,0,0,94.9,82.9,0,100.0,0
328.0,12,8,0,1,0,12,64.6,38.0,51,0,0,0,94.9,82.8,0,100.0,0
329.0,12,8,0,1,0,12,63.9,38.3,52,0,0,0,94.8,82.8,0,100.0,0
330.0,12,8,0,1,0,12,63.2,38.6,53,0,0,0,94.8,82.7,0,100.0,0
331.0,12,8,0,1,0,12,63.2,38.8,53,0,0,0,94.8,82.6,0,100.0,0
332.0,12,8,0,1,0,12,63.2,39.1,53,0,0,0,94.7,82.6,0,100.0,0
333.0,12,8,0,1,0,12,63.9,39.3,52,0,0,0,94.7,82.5,0,100.0,0
334.0,12,8,0,1,0,12,63.9,39.6,52,0,0,0,94.7,82.5,0,100.0,0
335.0,12,8,0,1,0,12,64.6,39.9,51,0,0,0,94.6,82.4,0,100.0,0
336.0,12,8,0,1,0,12,65.3,40.1,50,0,0,0,94.6,82.4,0,100.0,0
337.0,12,8,0,1,0,12,64.6,40.4,51,0,0,0,94.6,82.3,0,100.0,0
338.0,12,8,0,1,0,12,64.6,40.6,51,0,0,0,94.6,82.3,0,100.0,0
339.0,12,8,0,1,0,12,65.3,40.9,50,0,0,0,94.5,82.2,0,100.0,0
340.0,12,8,0,1,0,12,66.7,41.2,48,0,0,0,94.5,82.2,0,100.0,0
341.0,12,8,0,1,0,12,66.7,41.4,48,0,0,0,94.5,82.1,0,100.0,0
342.0,12,8,0,1,0,12,66.7,41.7,48,0,0,0,94.4,82.1,0,100.0,0
343.0,12,8,0,1,0,12,66.7,42.0,48,0,0,0,94.4,82.0,0,100.0,0
344.0,12,8,0,1,0,12,66.7,42.2,48,0,0,0,94.4,82.0,0,100.0,0
345.0,12,8,0,1,0,12,67.4,42.5,47,0,0,0,94.3,81.9,0,100.0,0
346.0,12,8,0,1,0,12,67.4,42.8,47,0,0,0,94.3,81.9,0,100.0,0
347.0,12,8,0,1,0,12,68.1,43.0,46,0,0,0,94.3,81.8,0,100.0,0
348.0,12,8,0,1,0,12,68.1,43.3,46,0,0,0,94.3,81.8,0,100.0,0
349.0,12,8,0,1,0,12,68.1,43.5,46,0,0,0,94.2,81.7,0,100.0,0
350.0,12,8,0,1,0,12,68.1,43.8,46,0,0,0,94.2,81.6,0,100.0,0
351.0,12,8,0,1,0,12,68.1,44.1,46,0,0,0,94.2,81.6,0,100.0,0
352.0,12,8,0,1,0,12,68.1,44.3,46,0,0,0,94.1,81.5,0,100.0,0
353.0,12,8,0,1,0,12,68.1,44.6,46,0,0,0,94.1,81.5,0,100.0,0
354.0,12,8,0,1,0,12,68.8,44.8,45,0,0,0,94.1,81.4,0,100.0,0
355.0,12,8,0,1,0,12,69.4,45.1,44,0,0,0,94.0,81.4,0,100.0,0
356.0,12,8,0,1,0,12,69.4,45.4,44,0,0,0,94.0,81.3,0,100.0,0
357.0,12,8,0,1,0,12,68.8,45.6,45,0,0,0,94.0,81.3,0,100.0,0
358.0,12,8,0,1,0,12,68.8,45.9,45,0,0,0,94.0,81.2,0,100.0,0
359.0,12,8,0,1,0,12,68.8,46.1,45,0,0,0,93.9,81.2,0,100.0,0
360.0,12,8,0,1,0,12,68.1,46.4,46,0,0,0,93.9,81.1,0,100.0,0
361.0,12,8,0,1,0,12,68.8,46.6,45,0,0,0,93.9,81.1,0,100.0,0
362.0,12,8,0,1,0,12,68.8,46.9,45,0,0,0,93.8,81.0,0,100.0,0
363.0,12,8,0,1,0,12,68.1,47.1,46,0,0,0,93.8,81.0,0,100.0,0
364.0,12,8,0,1,0,12,68.1,47.4,46,0,0,0,93.8,80.9,0,100.0,0
365.0,12,8,0,1,0,12,67.4,47.6,47,0,0,0,93.7,80.9,0,100.0,0
366.0,12,8,0,1,0,12,67.4,47.8,47,0,0,0,93.7,80.8,0,100.0,0
367.0,12,8,0,1,0,12,67.4,48.1,47,0,0,0,93.7,80.7,0,100.0,0
368.0,12,8,0,1,0,12,68.8,48.3,45,0,0,0,93.7,80.7,0,100.0,0
369.0,12,8,0,1,0,12,68.1,48.5,46,0,0,0,93.6,80.6,0,100.0,0
370.0,12,8,0,1,0,12,68.1,48.8,46,0,0,0,93.6,80.6,0,100.0,0
371.0,12,8,0,1,0,12,68.1,49.0,46,0,0,0,93.6,80.5,0,100.0,0
372.0,12,8,0,1,0,12,68.1,49.2,46,0,0,0,93.5,80.5,0,100.0,0
373.0,12,8,0,1,0,12,68.1,49.5,46,0,0,0,93.5,80.4,0,100.0,0
374.0,12,8,0,1,0,12,68.1,49.7,46,0,0,0,93.5,80.4,0,100.0,0
375.0,12,8,0,1,0,12,69.4,49.9,44,0,0,0,93.4,80.3,0,100.0,0
376.0,12,8,0,1,0,12,69.4,50.1,44,0,0,0,93.4,80.3,0,100.0,0
377.0,12,8,0,1,0,12,69.4,50.4,44,0,0,0,93.4,80.2,0,100.0,0
378.0,12,8,0,1,0,12,70.8,50.6,42,0,0,0,93.3,80.2,0,100.0,0
379.0,12,8,0,1,0,12,70.8,50.8,42,0,0,0,93.3,80.1,0,100.0,0
380.0,12,8,0,1,0,12,70.8,51.1,42,0,0,0,93.3,80.1,0,100.0,0
381.0,12,8,0,1,0,12,70.8,51.3,42,0,0,0,93.3,80.0,0,100.0,0
382.0,12,8,0,1,0,12,72.9,51.5,39,0,0,0,93.2,80.0,1,87.5,0
383.0,12,8,0,1,0,12,72.9,51.7,39,0,0,0,93.2,79.9,1,87.5,0
384.0,12,8,0,1,0,12,72.9,52.0,39,0,0,0,93.2,79.8,1,87.5,0
385.0,12,8,0,1,0,12,73.6,52.2,38,0,0,0,93.1,79.8,1,87.5,0
386.0,12,8,0,1,0,12,74.3,52.4,37,0,0,0,93.1,79.7,1,87.5,0
387.0,12,8,0,1,0,12,74.3,52.7,37,0,0,0,93.1,79.7,1,87.5,0
388.0,12,8,0,1,0,12,75.7,52.9,35,0,0,0,93.0,79.6,1,87.5,0
389.0,12,8,0,1,0,12,76.4,53.2,34,0,0,0,93.0,79.6,1,87.5,0
390.0,12,8,0,1,0,12,76.4,53.4,34,0,0,0,93.0,79.5,1,87.5,0
391.0,12,8,0,1,0,12,77.8,53.6,32,0,0,0,93.0,79.5,1,87.5,0
392.0,12,8,0,1,0,12,77.8,53.9,32,0,0,0,92.9,79.4,1,87.5,0
393.0,12,8,0,1,0,12,78.5,54.1,31,0,0,0,92.9,79.4,1,87.5,0
394.0,12,8,0,1,0,12,78.5,54.4,31,0,0,0,92.9,79.3,1,87.5,0
395.0,12,8,0,1,0,12,79.9,54.6,29,0,0,0,92.8,79.3,1,87.5,0
396.0,12,8,0,1,0,12,79.9,54.9,29,0,0,0,92.8,79.2,1,87.5,0
397.0,12,8,0,1,0,12,79.9,55.1,29,0,0,0,92.8,79.2,1,87.5,0
398.0,12,8,0,1,0,12,80.6,55.3,28,0,0,0,92.7,79.1,1,87.5,0
399.0,12,8,0,1,0,12,80.6,55.6,28,0,0,0,92.7,79.1,1,87.5,0
400.0,12,8,0,1,0,12,80.6,55.8,28,0,0,0,92.7,79.0,1,87.5,0
401.0,12,8,0,1,0,12,79.9,56.0,29,0,0,0,92.7,78.9,1,87.5,0
402.0,12,8,0,1,0,12,80.6,56.3,28,0,0,0,92.6,78.9,1,87.5,0
403.0,12,8,0,1,0,12,80.6,56.5,28,0,0,0,92.6,78.8,1,87.5,0
404.0,12,8,0,1,0,12,80.6,56.7,28,0,0,0,92.6,78.8,1,87.5,0
405.0,12,8,0,1,0,12,79.9,56.9,29,0,0,0,92.5,78.7,1,87.5,0
406.0,12,8,0,1,0,12,79.9,57.2,29,0,0,0,92.5,78.7,1,87.5,0
407.0,12,8,0,1,0,12,79.9,57.4,29,0,0,0,92.5,78.6,1,87.5,0
408.0,12,8,0,1,0,12,79.9,57.6,29,0,0,0,92.4,78.6,1,87.5,0
409.0,12,8,0,1,0,12,80.6,57.8,28,0,0,0,92.4,78.5,1,87.5,0
410.0,12,8,0,1,0,12,81.2,58.0,27,0,0,0,92.4,78.5,1,87.5,0
411.0,12,8,0,1,0,12,81.2,58.2,27,0,0,0,92.4,78.4,1,87.5,0
412.0,12,8,0,1,0,12,79.9,58.4,29,0,0,0,92.3,78.4,1,87.5,0
413.0,12,8,0,1,0,12,80.6,58.7,28,0,0,0,92.3,78.3,1,87.5,0
414.0,12,8,0,1,0,12,80.6,58.9,28,0,0,0,92.3,78.3,1,87.5,0
415.0,12,8,0,1,0,12,80.6,59.1,28,0,0,0,92.2,78.2,1,87.5,0
416.0,12,8,0,1,0,12,81.9,59.3,26,0,0,0,92.2,78.2,1,87.5,0
417.0,12,8,0,1,0,12,81.9,59.5,26,0,0,0,92.2,78.1,1,87.5,0
418.0,12,8,0,1,0,12,81.9,59.7,26,0,0,0,92.2,78.1,1,87.5,0
419.0,12,8,0,1,0,12,81.9,59.9,26,0,0,0,92.1,78.0,1,87.5,0
420.0,12,8,0,1,0,12,81.2,60.0,27,0,0,0,92.1,78.0,1,87.5,0
421.0,12,8,0,1,0,12,81.9,60.2,26,0,0,0,92.1,77.9,1,87.5,0
422.0,12,8,0,1,0,12,82.6,60.4,25,0,0,0,92.0,77.9,1,87.5,0
423.0,12,8,0,1,0,12,82.6,60.6,25,0,0,0,92.0,77.8,1,87.5,0
424.0,12,8,0,1,0,12,82.6,60.8,25,0,0,0,92.0,77.8,1,87.5,0
425.0,12,8,0,1,0,12,81.9,61.0,26,0,0,0,91.9,77.7,1,87.5,0
426.0,12,8,0,1,0,12,82.6,61.2,25,0,0,0,91.9,77.7,1,87.5,0
427.0,12,8,0,1,0,12,81.2,61.4,27,0,0,0,91.9,77.6,1,87.5,0
428.0,12,8,0,1,0,12,81.2,61.6,27,0,0,0,91.8,77.6,1,87.5,0
429.0,12,8,0,1,0,12,81.2,61.7,27,0,0,0,91.8,77.5,1,87.5,0
430.0,12,8,0,1,0,12,81.9,61.9,26,0,0,0,91.8,77.4,1,87.5,0
431.0,12,8,0,1,0,12,81.2,62.1,27,0,0,0,91.8,77.4,1,87.5,0
432.0,12,8,0,1,0,12,80.6,62.3,28,0,0,0,91.7,77.3,1,87.5,0
433.0,12,8,0,1,0,12,79.9,62.4,29,0,0,0,91.7,77.3,1,87.5,0
434.0,12,8,0,1,0,12,80.6,62.6,28,0,0,0,91.7,77.2,1,87.5,0
435.0,12,8,0,1,0,12,81.2,62.8,27,0,0,0,91.6,77.2,1,87.5,0
436.0,12,8,0,1,0,12,81.2,62.9,27,0,0,0,91.6,77.1,1,87.5,0
437.0,12,8,0,1,0,12,81.2,63.1,27,0,0,0,91.6,77.1,1,87.5,0
438.0,12,8,0,1,0,12,79.9,63.3,29,0,0,0,91.6,77.0,1,87.5,0
439.0,12,8,0,1,0,12,79.9,63.4,29,0,0,0,91.5,77.0,1,87.5,0
440.0,12,8,0,1,0,12,79.9,63.6,29,0,0,0,91.5,76.9,1,87.5,0
441.0,12,8,0,1,0,12,79.9,63.7,29,0,0,0,91.5,76.9,1,87.5,0
442.0,12,8,0,1,0,12,79.2,63.9,30,0,0,0,91.4,76.8,1,87.5,0
443.0,12,8,0,1,0,12,79.9,64.0,29,0,0,0,91.4,76.8,1,87.5,0
444.0,12,8,0,1,0,12,79.9,64.2,29,0,0,0,91.4,76.7,1,87.5,0
445.0,12,8,0,1,0,12,80.6,64.3,28,0,0,0,91.3,76.7,1,87.5,0
446.0,12,8,0,1,0,12,81.2,64.5,27,0,0,0,91.3,76.6,1,87.5,0
447.0,12,8,0,1,0,12,80.6,64.6,28,0,0,0,91.3,76.6,1,87.5,0
448.0,12,8,0,1,0,12,81.2,64.8,27,0,0,0,91.3,76.5,1,87.5,0
449.0,12,8,0,1,0,12,81.9,64.9,26,0,0,0,91.2,76.5,0,100.0,0
450.0,13,7,0,1,0,13,82.6,65.1,25,0,0,0,91.2,76.4,0,100.0,0
451.0,13,7,0,1,0,13,81.9,65.2,26,0,0,0,91.2,76.4,0,100.0,0
452.0,13,7,0,1,0,13,83.3,65.4,24,0,0,0,91.1,76.3,0,100.0,0
453.0,13,7,0,1,0,13,82.6,65.5,25,0,0,0,91.1,76.2,0,100.0,0
454.0,13,7,0,1,0,13,84.0,65.7,23,0,0,0,91.1,76.2,0,100.0,0
455.0,14,6,0,1,0,14,83.3,65.8,24,0,0,0,91.0,76.1,0,100.0,0
456.0,14,6,0,1,0,14,84.0,66.0,23,0,0,0,91.0,76.1,0,100.0,0
457.0,14,6,0,1,0,14,84.0,66.1,23,0,0,0,91.0,76.0,0,100.0,0
458.0,14,6,0,1,0,14,84.7,66.3,22,0,0,0,90.9,76.0,0,100.0,0
459.0,14,6,0,1,0,14,85.4,66.4,21,0,0,0,90.9,75.9,0,100.0,0
460.0,15,5,0,1,0,15,86.8,66.6,19,0,0,0,90.9,75.9,0,100.0,0
461.0,15,5,0,1,0,15,86.8,66.7,19,0,0,0,90.8,75.8,0,100.0,0
462.0,15,5,0,1,0,15,86.8,66.9,19,0,0,0,90.8,75.8,0,100.0,0
463.0,15,5,0,1,0,15,86.8,67.0,19,0,0,0,90.7,75.7,0,100.0,0
464.0,15,5,0,1,0,15,88.2,67.2,17,0,0,0,90.7,75.7,0,100.0,0
465.0,16,4,0,1,0,16,88.9,67.4,16,0,0,0,90.7,75.6,0,100.0,0
466.0,16,4,0,1,0,16,88.9,67.5,16,0,0,0,90.6,75.6,0,100.0,0
467.0,16,4,0,1,0,16,89.6,67.7,15,0,0,0,90.6,75.5,0,100.0,0
468.0,16,4,0,1,0,16,90.3,67.9,14,0,0,0,90.5,75.5,0,100.0,0
469.0,16,4,0,1,0,16,89.6,68.0,15,0,0,0,90.5,75.4,0,100.0,0
470.0,16,4,0,1,0,16,89.6,68.2,15,0,0,0,90.5,75.4,0,100.0,0
471.0,16,4,0,1,0,16,89.6,68.4,15,0,0,0,90.4,75.3,0,100.0,0
472.0,16,4,0,1,0,16,89.6,68.5,15,0,0,0,90.4,75.3,0,100.0,0
473.0,16,4,0,1,0,16,89.6,68.7,15,0,0,0,90.3,75.2,0,100.0,0
474.0,16,4,0,1,0,16,88.9,68.9,16,0,0,0,90.3,75.2,0,100.0,0
475.0,16,4,0,1,0,16,88.9,69.0,16,0,0,0,90.3,75.1,0,100.0,0
476.0,16,4,0,1,0,16,88.9,69.2,16,0,0,0,90.2,75.0,0,100.0,0
477.0,16,4,0,1,0,16,88.9,69.3,16,0,0,0,90.2,75.0,0,100.0,0
478.0,16,4,0,1,0,16,88.9,69.5,16,0,0,0,90.1,74.9,0,100.0,0
479.0,16,4,0,1,0,16,88.9,69.6,16,0,0,0,90.1,74.9,0,100.0,0
480.0,16,4,0,1,0,16,89.6,69.8,15,0,0,0,90.1,74.8,0,100.0,0
481.0,16,4,0,1,0,16,88.9,69.9,16,0,0,0,90.0,74.8,0,100.0,0
482.0,16,4,0,1,0,16,88.9,70.1,16,0,0,0,90.0,74.7,0,100.0,0
483.0,16,4,0,1,0,16,89.6,70.2,15,0,0,0,89.9,74.7,0,100.0,0
484.0,16,4,0,1,0,16,90.3,70.4,14,0,0,0,89.9,74.6,0,100.0,0
485.0,16,4,0,1,0,16,91.0,70.6,13,0,0,0,89.9,74.6,0,100.0,0
486.0,16,4,0,1,0,16,91.7,70.7,12,0,0,0,89.8,74.5,0,100.0,0
487.0,16,4,0,1,0,16,91.7,70.9,12,0,0,0,89.8,74.5,0,100.0,0
488.0,16,4,0,1,0,16,91.7,71.0,12,0,0,0,89.7,74.4,0,100.0,0
489.0,16,4,0,1,0,16,91.7,71.2,12,0,0,0,89.7,74.4,0,100.0,0
490.0,16,4,0,1,0,16,91.7,71.4,12,0,0,0,89.7,74.3,0,100.0,0
491.0,16,4,0,1,0,16,91.7,71.5,12,0,0,0,89.6,74.3,0,100.0,0
492.0,16,4,0,1,0,16,91.7,71.7,12,0,0,0,89.6,74.2,0,100.0,0
493.0,16,4,0,1,0,16,91.7,71.9,12,0,0,0,89.5,74.1,0,100.0,0
494.0,16,4,0,1,0,16,91.7,72.0,12,0,0,0,89.5,74.1,0,100.0,0
495.0,16,4,0,1,0,16,91.7,72.2,12,0,0,0,89.5,74.0,0,100.0,0
496.0,16,4,0,1,0,16,91.7,72.4,12,0,0,0,89.4,74.0,0,100.0,0
497.0,16,4,0,1,0,16,91.7,72.5,12,0,0,0,89.4,73.9,0,100.0,0
498.0,16,4,0,1,0,16,91.7,72.7,12,0,0,0,89.3,73.9,0,100.0,0
499.0,16,4,0,1,0,16,91.7,72.9,12,0,0,0,89.3,73.8,0,100.0,0
500.0,16,4,0,1,0,16,91.7,73.0,12,0,0,0,89.3,73.8,0,100.0,0
501.0,16,4,0,1,0,16,92.4,73.2,11,0,0,0,89.2,73.7,0,100.0,0
502.0,16,4,0,1,0,16,92.4,73.4,11,0,0,0,89.2,73.7,0,100.0,0
503.0,16,4,0,1,0,16,92.4,73.5,11,0,0,0,89.1,73.6,0,100.0,0
504.0,16,4,0,1,0,16,92.4,73.7,11,0,0,0,89.1,73.6,0,100.0,0
505.0,16,4,0,1,0,16,92.4,73.9,11,0,0,0,89.1,73.5,0,100.0,0
506.0,16,4,0,1,0,16,91.7,74.0,12,0,0,0,89.0,73.5,0,100.0,0
507.0,16,4,0,1,0,16,91.7,74.2,12,0,0,0,89.0,73.4,0,100.0,0
508.0,16,4,0,1,0,16,92.4,74.4,11,0,0,0,88.9,73.4,0,100.0,0
509.0,16,4,0,1,0,16,92.4,74.5,11,0,0,0,88.9,73.3,0,100.0,0
510.0,16,4,0,1,0,16,91.7,74.7,12,0,0,0,88.9,73.2,0,100.0,0
511.0,16,4,0,1,0,16,91.7,74.8,12,0,0,0,88.8,73.2,0,100.0,0
512.0,16,4,0,1,0,16,92.4,75.0,11,0,0,0,88.8,73.1,0,100.0,0
513.0,16,4,0,1,0,16,92.4,75.2,11,0,0,0,88.7,73.1,0,100.0,0
514.0,16,4,0,1,0,16,92.4,75.3,11,0,0,0,88.7,73.0,0,100.0,0
515.0,16,4,0,1,0,16,92.4,75.5,11,0,0,0,88.7,73.0,0,100.0,0
516.0,16,4,0,1,0,16,92.4,75.6,11,0,0,0,88.6,72.9,0,100.0,0
517.0,16,4,0,1,0,16,92.4,75.8,11,0,0,0,88.6,72.9,0,100.0,0
518.0,16,4,0,1,0,16,92.4,76.0,11,0,0,0,88.5,72.8,0,100.0,0
519.0,16,4,0,1,0,16,92.4,76.1,11,0,0,0,88.5,72.8,0,100.0,0
520.0,16,4,0,1,0,16,92.4,76.3,11,0,0,0,88.5,72.7,0,100.0,0
521.0,16,4,0,1,0,16,92.4,76.4,11,0,0,0,88.4,72.7,0,100.0,0
522.0,16,4,0,1,0,16,91.7,76.6,12,0,0,0,88.4,72.6,0,100.0,0
523.0,16,4,0,1,0,16,91.7,76.7,12,0,0,0,88.3,72.6,0,100.0,0
524.0,16,4,0,1,0,16,91.7,76.9,12,0,0,0,88.3,72.5,0,100.0,0
525.0,16,4,0,1,0,16,91.7,77.0,12,0,0,0,88.3,72.5,0,100.0,0
526.0,16,4,0,1,0,16,91.0,77.1,13,0,0,0,88.2,72.4,0,100.0,0
527.0,16,4,0,1,0,16,91.0,77.3,13,0,0,0,88.2,72.4,0,100.0,0
528.0,16,4,0,1,0,16,90.3,77.4,14,0,0,0,88.1,72.3,0,100.0,0
529.0,16,4,0,1,0,16,90.3,77.6,14,0,0,0,88.1,72.3,0,100.0,0
530.0,16,4,0,1,0,16,90.3,77.7,14,0,0,0,88.1,72.2,0,100.0,0
531.0,16,4,0,1,0,16,91.0,77.8,13,0,0,0,88.0,72.2,0,100.0,0
532.0,16,4,0,1,0,16,91.0,78.0,13,0,0,0,88.0,72.1,0,100.0,0
533.0,16,4,0,1,0,16,90.3,78.1,14,0,0,0,87.9,72.1,0,100.0,0
534.0,16,4,0,1,0,16,90.3,78.2,14,0,0,0,87.9,72.0,0,100.0,0
535.0,16,4,0,1,0,16,88.9,78.3,16,0,0,0,87.9,71.9,0,100.0,0
536.0,16,4,0,1,0,16,88.9,78.5,16,0,0,0,87.8,71.9,0,100.0,0
537.0,16,4,0,1,0,16,88.2,78.6,17,0,0,0,87.8,71.8,0,100.0,0
538.0,16,4,0,1,0,16,88.9,78.7,16,0,0,0,87.7,71.8,0,100.0,0
539.0,16,4,0,1,0,16,88.2,78.8,17,0,0,0,87.7,71.7,0,100.0,0
540.0,16,4,0,1,0,16,87.5,78.9,18,0,0,0,87.7,71.7,0,100.0,0
541.0,16,4,0,1,0,16,87.5,79.0,18,0,0,0,87.6,71.6,0,100.0,0
542.0,16,4,0,1,0,16,86.8,79.2,19,0,0,0,87.6,71.6,0,100.0,0
543.0,16,4,0,1,0,16,86.1,79.3,20,0,0,0,87.5,71.5,0,100.0,0
544.0,16,4,0,1,0,16,86.1,79.4,20,0,0,0,87.5,71.5,0,100.0,0
545.0,16,4,0,1,0,16,86.1,79.5,20,0,0,0,87.5,71.4,0,100.0,0
546.0,16,4,0,1,0,16,85.4,79.6,21,0,0,0,87.4,71.4,0,100.0,0
547.0,16,4,0,1,0,16,86.1,79.7,20,0,0,0,87.4,71.3,0,100.0,0
548.0,16,4,0,1,0,16,86.8,79.8,19,0,0,0,87.3,71.3,0,100.0,0
549.0,16,4,0,1,0,16,86.1,79.9,20,0,0,0,87.3,71.2,0,100.0,0
550.0,16,4,0,1,0,16,84.7,79.9,22,0,0,0,87.3,71.2,0,100.0,0
551.0,16,4,0,1,0,16,85.4,80.0,21,0,0,0,87.2,71.1,0,100.0,0
552.0,16,4,0,1,0,16,85.4,80.1,21,0,0,0,87.2,71.0,0,100.0,0
553.0,16,4,0,1,0,16,84.7,80.2,22,0,0,0,87.1,71.0,0,100.0,0
554.0,16,4,0,1,0,16,84.7,80.3,22,0,0,0,87.1,71.0,0,100.0,0
555.0,16,4,0,1,0,16,84.7,80.4,22,0,0,0,87.1,70.9,0,100.0,0
556.0,16,4,0,1,0,16,86.1,80.5,20,0,0,0,87.0,70.9,0,100.0,0
557.0,16,4,0,1,0,16,86.1,80.6,20,0,0,0,87.0,70.8,0,100.0,0
558.0,16,4,0,1,0,16,86.8,80.7,19,0,0,0,87.0,70.8,0,100.0,0
559.0,16,4,0,1,0,16,86.8,80.8,19,0,0,0,86.9,70.7,0,100.0,0
560.0,16,4,0,1,0,16,86.8,80.9,19,0,0,0,86.9,70.7,0,100.0,0
561.0,16,4,0,1,0,16,86.1,81.0,20,0,0,0,86.8,70.6,0,100.0,0
562.0,16,4,0,1,0,16,85.4,81.0,21,0,0,0,86.8,70.5,0,100.0,0
563.0,16,4,0,1,0,16,85.4,81.1,21,0,0,0,86.8,70.5,0,100.0,0
564.0,16,4,0,1,0,16,84.0,81.2,23,0,0,0,86.7,70.4,0,100.0,0
565.0,16,4,0,1,0,16,84.0,81.3,23,0,0,0,86.7,70.4,0,100.0,0
566.0,16,4,0,1,0,16,84.0,81.4,23,0,0,0,86.6,70.3,0,100.0,0
567.0,16,4,0,1,0,16,84.0,81.5,23,0,0,0,86.6,70.3,0,100.0,0
568.0,16,4,0,1,0,16,84.0,81.6,23,0,0,0,86.6,70.2,0,100.0,0
569.0,16,4,0,1,0,16,83.3,81.6,24,0,0,0,86.5,70.2,0,100.0,0
570.0,16,4,0,1,0,16,82.6,81.7,25,0,0,0,86.5,70.1,0,100.0,0
571.0,16,4,0,1,0,16,82.6,81.8,25,0,0,0,86.4,70.1,0,100.0,0
572.0,16,4,0,1,0,16,82.6,81.9,25,0,0,0,86.4,70.0,0,100.0,0
573.0,16,4,0,1,0,16,82.6,82.0,25,0,0,0,86.4,70.0,0,100.0,0
574.0,16,4,0,1,0,16,82.6,82.0,25,0,0,0,86.3,69.9,0,100.0,0
575.0,16,4,0,1,0,16,82.6,82.1,25,0,0,0,86.3,69.9,0,100.0,0
576.0,16,4,0,1,0,16,82.6,82.2,25,0,0,0,86.2,69.8,0,100.0,0
577.0,16,4,0,1,0,16,81.9,82.3,26,0,0,0,86.2,69.8,0,100.0,0
578.0,16,4,0,1,0,16,81.2,82.3,27,0,0,0,86.2,69.7,0,100.0,0
579.0,16,4,0,1,0,16,80.6,82.4,28,0,0,0,86.1,69.6,0,100.0,0
580.0,16,4,0,1,0,16,80.6,82.4,28,0,0,0,86.1,69.6,0,100.0,0
581.0,16,4,0,1,0,16,80.6,82.5,28,0,0,0,86.0,69.5,0,100.0,0
582.0,16,4,0,1,0,16,79.9,82.6,29,0,0,0,86.0,69.5,0,100.0,0
583.0,16,4,0,1,0,16,79.2,82.6,30,0,0,0,86.0,69.4,0,100.0,0
584.0,16,4,0,1,0,16,77.8,82.7,32,0,0,0,85.9,69.4,0,100.0,0
585.0,16,4,0,1,0,16,78.5,82.7,31,0,0,0,85.9,69.3,0,100.0,0
586.0,16,4,0,1,0,16,78.5,82.8,31,0,0,0,85.8,69.3,0,100.0,0
587.0,16,4,0,1,0,16,78.5,82.8,31,0,0,0,85.8,69.2,0,100.0,0
588.0,16,4,0,1,0,16,78.5,82.8,31,0,0,0,85.8,69.2,0,100.0,0
589.0,16,4,0,1,0,16,78.5,82.9,31,0,0,0,85.7,69.1,0,100.0,0
590.0,16,4,0,1,0,16,78.5,82.9,31,0,0,0,85.7,69.1,0,100.0,0
591.0,16,4,0,1,0,16,77.8,83.0,32,0,0,0,85.6,69.0,0,100.0,0
592.0,16,4,0,1,0,16,78.5,83.0,31,0,0,0,85.6,69.0,0,100.0,0
593.0,16,4,0,1,0,16,78.5,83.1,31,0,0,0,85.6,68.9,0,100.0,0
594.0,16,4,0,1,0,16,78.5,83.1,31,0,0,0,85.5,68.9,0,100.0,0
595.0,16,4,0,1,0,16,79.2,83.1,30,0,0,0,85.5,68.8,0,100.0,0
596.0,16,4,0,1,0,16,79.2,83.2,30,0,0,0,85.4,68.7,0,100.0,0
597.0,16,4,0,1,0,16,79.2,83.2,30,0,0,0,85.4,68.7,0,100.0,0
598.0,16,4,0,1,0,16,79.2,83.3,30,0,0,0,85.4,68.6,0,100.0,0
599.0,16,4,0,1,0,16,79.2,83.3,30,0,0,0,85.3,68.6,0,100.0,0
600.0,16,4,0,1,0,16,79.9,83.4,29,0,0,0,85.3,68.5,0,100.0,0
601.0,16,4,0,1,0,16,80.6,83.4,28,0,0,0,85.2,68.5,0,100.0,0
602.0,16,4,0,1,0,16,81.2,83.5,27,0,0,0,85.2,68.4,0,100.0,0
603.0,16,4,0,1,0,16,81.2,83.5,27,0,0,0,85.2,68.4,0,100.0,0
604.0,16,4,0,1,0,16,81.2,83.6,27,0,0,0,85.1,68.3,0,100.0,0
605.0,16,4,0,1,0,16,81.2,83.6,27,0,0,0,85.1,68.3,0,100.0,0
606.0,16,4,0,1,0,16,81.9,83.7,26,0,0,0,85.0,68.2,0,100.0,0
607.0,16,4,0,1,0,16,81.9,83.7,26,0,0,0,85.0,68.2,0,100.0,0
608.0,16,4,0,1,0,16,82.6,83.8,25,0,0,0,85.0,68.1,0,100.0,0
609.0,16,4,0,1,0,16,81.9,83.9,26,0,0,0,84.9,68.1,0,100.0,0
610.0,16,4,0,1,0,16,81.9,83.9,26,0,0,0,84.9,68.0,0,100.0,0
611.0,16,4,0,1,0,16,81.9,84.0,26,0,0,0,84.8,68.0,0,100.0,0
612.0,16,4,0,1,0,16,81.9,84.0,26,0,0,0,84.8,67.9,0,100.0,0
613.0,16,4,0,1,0,16,81.9,84.1,26,0,0,0,84.8,67.8,0,100.0,0
614.0,16,4,0,1,0,16,81.9,84.1,26,0,0,0,84.7,67.8,0,100.0,0
615.0,16,4,0,1,0,16,83.3,84.2,24,0,0,0,84.7,67.7,0,100.0,0
616.0,16,4,0,1,0,16,83.3,84.3,24,0,0,0,84.6,67.7,0,100.0,0
617.0,16,4,0,1,0,16,83.3,84.3,24,0,0,0,84.6,67.6,0,100.0,0
618.0,16,4,0,1,0,16,83.3,84.4,24,0,0,0,84.6,67.6,0,100.0,0
619.0,16,4,0,1,0,16,83.3,84.4,24,0,0,0,84.5,67.5,0,100.0,0
620.0,16,4,0,1,0,16,82.6,84.5,25,0,0,0,84.5,67.5,0,100.0,0
621.0,16,4,0,1,0,16,82.6,84.5,25,0,0,0,84.4,67.4,0,100.0,0
622.0,16,4,0,1,0,16,84.0,84.6,23,0,0,0,84.4,67.4,0,100.0,0
623.0,16,4,0,1,0,16,84.0,84.6,23,0,0,0,84.4,67.3,0,100.0,0
624.0,16,4,0,1,0,16,84.0,84.7,23,0,0,0,84.3,67.3,0,100.0,0
625.0,16,4,0,1,0,16,84.7,84.7,22,0,0,0,84.3,67.2,0,100.0,0
626.0,16,4,0,1,0,16,84.7,84.8,22,0,0,0,84.2,67.2,0,100.0,0
627.0,16,4,0,1,0,16,84.7,84.8,22,0,0,0,84.2,67.1,0,100.0,0
628.0,16,4,0,1,0,16,85.4,84.8,21,0,0,0,84.2,67.1,0,100.0,0
629.0,16,4,0,1,0,16,86.8,84.9,19,0,0,0,84.1,67.0,0,100.0,0
630.0,16,4,0,1,0,16,86.8,84.9,19,0,0,0,84.1,67.0,0,100.0,0
631.0,16,4,0,1,0,16,86.8,85.0,19,0,0,0,84.0,66.9,0,100.0,0
632.0,16,4,0,1,0,16,86.8,85.0,19,0,0,0,84.0,66.8,0,100.0,0
633.0,16,4,0,1,0,16,86.8,85.0,19,0,0,0,84.0,66.8,0,100.0,0
634.0,16,4,0,1,0,16,86.8,85.1,19,0,0,0,83.9,66.7,0,100.0,0
635.0,16,4,0,1,0,16,87.5,85.1,18,0,0,0,83.9,66.7,0,100.0,0
636.0,16,4,0,1,0,16,88.2,85.1,17,0,0,0,83.8,66.6,0,100.0,0
637.0,16,4,0,1,0,16,88.2,85.2,17,0,0,0,83.8,66.6,0,100.0,0
638.0,16,4,0,1,0,16,88.2,85.2,17,0,0,0,83.8,66.5,0,100.0,0
639.0,16,4,0,1,0,16,88.2,85.2,17,0,0,0,83.7,66.5,1,87.5,0
640.0,16,4,0,1,0,16,88.2,85.3,17,0,0,0,83.7,66.4,1,87.5,0
641.0,16,4,0,1,0,16,88.2,85.3,17,0,0,0,83.6,66.4,1,87.5,0
642.0,16,4,0,1,0,16,89.6,85.3,15,0,0,0,83.6,66.3,1,87.5,0
643.0,16,4,0,1,0,16,90.3,85.4,14,0,0,0,83.6,66.3,1,87.5,0
644.0,16,4,0,1,0,16,90.3,85.4,14,0,0,0,83.5,66.2,1,87.5,0
645.0,16,4,0,1,0,16,89.6,85.5,15,0,0,0,83.5,66.2,1,87.5,0
646.0,16,4,0,1,0,16,89.6,85.5,15,0,0,0,83.4,66.1,1,87.5,0
647.0,16,4,0,1,0,16,89.6,85.5,15,0,0,0,83.4,66.1,1,87.5,0
648.0,16,4,0,1,0,16,89.6,85.6,15,0,0,0,83.4,66.0,1,87.5,0
649.0,16,4,0,1,0,16,91.0,85.6,13,0,0,0,83.3,66.0,1,87.5,0
650.0,16,4,0,1,0,16,91.0,85.7,13,0,0,0,83.3,66.0,1,87.5,0
651.0,16,4,0,1,0,16,91.0,85.7,13,0,0,0,83.2,65.9,1,87.5,0
652.0,16,4,0,1,0,16,91.7,85.8,12,0,0,0,83.2,65.9,1,87.5,0
653.0,16,4,0,1,0,16,91.7,85.8,12,0,0,0,83.2,65.8,1,87.5,0
654.0,16,4,0,1,0,16,91.7,85.8,12,0,0,0,83.1,65.8,1,87.5,0
655.0,16,4,0,1,0,16,92.4,85.9,11,0,0,0,83.1,65.7,1,87.5,0
656.0,16,4,0,1,0,16,93.1,85.9,10,0,0,0,83.0,65.7,1,87.5,0
657.0,16,4,0,1,0,16,93.1,86.0,10,0,0,0,83.0,65.6,1,87.5,0
658.0,16,4,0,1,0,16,93.1,86.0,10,0,0,0,83.0,65.5,1,87.5,0
659.0,16,4,0,1,0,16,93.1,86.1,10,0,0,0,82.9,65.5,1,87.5,0
660.0,16,4,0,1,0,16,93.1,86.1,10,0,0,0,82.9,65.4,1,87.5,0
661.0,16,4,0,1,0,16,93.1,86.2,10,0,0,0,82.8,65.4,1,87.5,0
662.0,16,4,0,1,0,16,93.8,86.2,9,0,0,0,82.8,65.3,1,87.5,0
663.0,16,4,0,1,0,16,93.8,86.3,9,0,0,0,82.8,65.3,1,87.5,0
664.0,16,4,0,1,0,16,93.8,86.3,9,0,0,0,82.7,65.2,1,87.5,0
665.0,16,4,0,1,0,16,93.8,86.4,9,0,0,0,82.7,65.2,1,87.5,0
666.0,16,4,0,1,0,16,93.8,86.4,9,0,0,0,82.6,65.1,1,87.5,0
667.0,16,4,0,1,0,16,93.8,86.5,9,0,0,0,82.6,65.1,1,87.5,0
668.0,16,4,0,1,0,16,93.8,86.5,9,0,0,0,82.6,65.0,1,87.5,0
669.0,16,4,0,1,0,16,93.8,86.6,9,0,0,0,82.5,65.0,1,87.5,0
670.0,16,4,0,1,0,16,93.8,86.6,9,0,0,0,82.5,64.9,1,87.5,0
671.0,16,4,0,1,0,16,93.1,86.7,10,0,0,0,82.4,64.9,1,87.5,0
672.0,16,4,0,1,0,16,93.1,86.7,10,0,0,0,82.4,64.8,1,87.5,0
673.0,16,4,0,1,0,16,92.4,86.8,11,0,0,0,82.4,64.8,1,87.5,0
674.0,16,4,0,1,0,16,93.1,86.8,10,0,0,0,82.3,64.7,1,87.5,0
675.0,16,4,0,1,0,16,93.8,86.9,9,0,0,0,82.3,64.6,1,87.5,0
676.0,16,4,0,1,0,16,93.8,86.9,9,0,0,0,82.2,64.6,1,87.5,0
677.0,16,4,0,1,0,16,93.8,87.0,9,0,0,0,82.2,64.5,1,87.5,0
678.0,16,4,0,1,0,16,93.8,87.0,9,0,0,0,82.2,64.5,1,87.5,0
679.0,16,4,0,1,0,16,93.8,87.1,9,0,0,0,82.1,64.4,1,87.5,0
680.0,16,4,0,1,0,16,93.8,87.2,9,0,0,0,82.1,64.4,1,87.5,0
681.0,16,4,0,1,0,16,93.8,87.2,9,0,0,0,82.0,64.3,1,87.5,0
682.0,16,4,0,1,0,16,94.4,87.3,8,0,0,0,82.0,64.3,1,87.5,0
683.0,16,4,0,1,0,16,94.4,87.3,8,0,0,0,82.0,64.2,1,87.5,0
684.0,16,4,0,1,0,16,94.4,87.4,8,0,0,0,81.9,64.2,1,87.5,0
685.0,16,4,0,1,0,16,94.4,87.5,8,0,0,0,81.9,64.1,1,87.5,0
686.0,16,4,0,1,0,16,94.4,87.5,8,0,0,0,81.8,64.1,1,87.5,0
687.0,16,4,0,1,0,16,94.4,87.6,8,0,0,0,81.8,64.0,1,87.5,0
688.0,16,4,0,1,0,16,94.4,87.6,8,0,0,0,81.8,64.0,1,87.5,0
689.0,16,4,0,1,0,16,95.1,87.7,7,0,0,0,81.7,63.9,1,87.5,0
690.0,16,4,0,1,0,16,95.1,87.7,7,0,0,0,81.7,63.9,1,87.5,0
691.0,16,4,0,1,0,16,95.8,87.8,6,0,0,0,81.7,63.8,1,87.5,0
692.0,16,4,0,1,0,16,95.8,87.8,6,0,0,0,81.6,63.7,1,87.5,0
693.0,16,4,0,1,0,16,95.8,87.9,6,0,0,0,81.6,63.7,1,87.5,0
694.0,16,4,0,1,0,16,95.8,87.9,6,0,0,0,81.5,63.6,1,87.5,0
695.0,16,4,0,1,0,16,95.8,88.0,6,0,0,0,81.5,63.6,1,87.5,0
696.0,16,4,0,1,0,16,95.8,88.0,6,0,0,0,81.5,63.5,1,87.5,0
697.0,16,4,0,1,0,16,96.5,88.1,5,0,0,0,81.4,63.5,1,87.5,0
698.0,16,4,0,1,0,16,96.5,88.1,5,0,0,0,81.4,63.4,1,87.5,0
699.0,16,4,0,1,0,16,95.1,88.2,7,0,0,0,81.3,63.4,1,87.5,0
700.0,16,4,0,1,0,16,94.4,88.2,8,0,0,0,81.3,63.3,1,87.5,0
701.0,16,4,0,1,0,16,94.4,88.2,8,0,0,0,81.3,63.3,1,87.5,0
702.0,16,4,0,1,0,16,94.4,88.3,8,0,0,0,81.2,63.2,1,87.5,0
703.0,16,4,0,1,0,16,94.4,88.3,8,0,0,0,81.2,63.2,1,87.5,0
704.0,16,4,0,1,0,16,94.4,88.3,8,0,0,0,81.1,63.1,1,87.5,0
705.0,16,4,0,1,0,16,94.4,88.4,8,0,0,0,81.1,63.1,1,87.5,0
706.0,16,4,0,1,0,16,95.1,88.4,7,0,0,0,81.1,63.0,0,100.0,0
707.0,16,4,0,1,0,16,95.1,88.4,7,0,0,0,81.0,63.0,0,100.0,0
708.0,16,4,0,1,0,16,95.1,88.4,7,0,0,0,81.0,62.9,0,100.0,0
709.0,16,4,0,1,0,16,95.8,88.5,6,0,0,0,80.9,62.8,0,100.0,0
710.0,16,4,0,1,0,16,95.8,88.5,6,0,0,0,80.9,62.8,0,100.0,0
711.0,16,4,0,1,0,16,95.8,88.5,6,0,0,0,80.8,62.7,0,100.0,0
712.0,16,4,0,1,0,16,96.5,88.5,5,0,0,0,80.8,62.7,0,100.0,0
713.0,16,4,0,1,0,16,96.5,88.6,5,0,0,0,80.8,62.6,0,100.0,0
714.0,16,4,0,1,0,16,96.5,88.6,5,0,0,0,80.7,62.6,0,100.0,0
715.0,16,4,0,1,0,16,96.5,88.6,5,0,0,0,80.7,62.5,0,100.0,0
716.0,16,4,0,1,0,16,97.2,88.7,4,0,0,0,80.6,62.5,0,100.0,0
717.0,16,4,0,1,0,16,97.2,88.7,4,0,0,0,80.6,62.4,0,100.0,0
718.0,16,4,0,1,0,16,97.2,88.7,4,0,0,0,80.6,62.4,0,100.0,0
719.0,16,4,0,1,0,16,97.2,88.8,4,0,0,0,80.5,62.3,0,100.0,0
720.0,16,4,0,1,0,16,97.2,88.8,4,0,0,0,80.5,62.3,0,100.0,0
721.0,16,4,0,1,0,16,97.2,88.8,4,0,0,0,80.5,62.2,0,100.0,0
722.0,16,4,0,1,0,16,97.2,88.9,4,0,0,0,80.4,62.2,0,100.0,0
723.0,16,4,0,1,0,16,97.2,88.9,4,0,0,0,80.4,62.1,0,100.0,0
724.0,16,4,0,1,0,16,97.2,88.9,4,0,0,0,80.3,62.1,0,100.0,0
725.0,16,4,0,1,0,16,97.2,89.0,4,0,0,0,80.3,62.0,0,100.0,0
726.0,16,4,0,1,0,16,97.2,89.0,4,0,0,0,80.2,61.9,0,100.0,0
727.0,16,4,0,1,0,16,97.2,89.0,4,0,0,0,80.2,61.9,0,100.0,0
728.0,16,4,0,1,0,16,97.2,89.0,4,0,0,0,80.2,61.8,0,100.0,0
729.0,16,4,0,1,0,16,97.2,89.1,4,0,0,0,80.1,61.8,0,100.0,0
730.0,16,4,0,1,0,16,97.2,89.1,4,0,0,0,80.1,61.7,0,100.0,0
731.0,16,4,0,1,0,16,97.2,89.1,4,0,0,0,80.0,61.7,0,100.0,0
732.0,16,4,0,1,0,16,97.2,89.1,4,0,0,0,80.0,61.6,0,100.0,0
733.0,16,4,0,1,0,16,97.2,89.1,4,0,0,0,80.0,61.6,0,100.0,0
734.0,16,4,0,1,0,16,97.2,89.2,4,0,0,0,79.9,61.5,0,100.0,0
735.0,16,4,0,1,0,16,97.2,89.2,4,0,0,0,79.9,61.5,0,100.0,0
736.0,16,4,0,1,0,16,97.2,89.2,4,0,0,0,79.9,61.5,0,100.0,0
737.0,16,4,0,1,0,16,96.5,89.2,5,0,0,0,79.8,61.4,0,100.0,0
738.0,16,4,0,1,0,16,96.5,89.3,5,0,0,0,79.8,61.3,0,100.0,0
739.0,16,4,0,1,0,16,96.5,89.3,5,0,0,0,79.7,61.3,0,100.0,0
740.0,16,4,0,1,0,16,96.5,89.3,5,0,0,0,79.7,61.2,0,100.0,0
741.0,16,4,0,1,0,16,96.5,89.3,5,0,0,0,79.7,61.2,0,100.0,0
742.0,16,4,0,1,0,16,96.5,89.3,5,0,0,0,79.6,61.1,0,100.0,0
743.0,16,4,0,1,0,16,96.5,89.3,5,0,0,0,79.6,61.1,0,100.0,0
744.0,16,4,0,1,0,16,96.5,89.4,5,0,0,0,79.5,61.0,0,100.0,0
745.0,16,4,0,1,0,16,96.5,89.4,5,0,0,0,79.5,61.0,0,100.0,0
746.0,16,4,0,1,0,16,96.5,89.4,5,0,0,0,79.5,60.9,0,100.0,0
747.0,16,4,0,1,0,16,96.5,89.4,5,0,0,0,79.4,60.9,0,100.0,0
748.0,16,4,0,1,0,16,96.5,89.4,5,0,0,0,79.4,60.8,0,100.0,0
749.0,16,4,0,1,0,16,96.5,89.5,5,0,0,0,79.3,60.8,0,100.0,0
750.0,16,4,0,1,0,16,96.5,89.5,5,0,0,0,79.3,60.7,0,100.0,0
751.0,16,4,0,1,0,16,96.5,89.5,5,0,0,0,79.3,60.7,0,100.0,0
752.0,16,4,0,1,0,16,96.5,89.5,5,0,0,0,79.2,60.6,0,100.0,0
753.0,16,4,0,1,0,16,96.5,89.5,5,0,0,0,79.2,60.6,0,100.0,0
754.0,16,4,0,1,0,16,96.5,89.5,5,0,0,0,79.1,60.5,0,100.0,0
755.0,16,4,0,1,0,16,95.8,89.6,6,0,0,0,79.1,60.4,0,100.0,0
756.0,16,4,0,1,0,16,95.8,89.6,6,0,0,0,79.1,60.4,0,100.0,0
757.0,16,4,0,1,0,16,95.8,89.6,6,0,0,0,79.0,60.3,0,100.0,0
758.0,16,4,0,1,0,16,95.8,89.6,6,0,0,0,79.0,60.3,0,100.0,0
759.0,16,4,0,1,0,16,95.8,89.6,6,0,0,0,78.9,60.2,0,100.0,0
760.0,16,4,0,1,0,16,95.8,89.6,6,0,0,0,78.9,60.2,0,100.0,0
761.0,16,4,0,1,0,16,96.5,89.7,5,0,0,0,78.9,60.1,0,100.0,0
762.0,16,4,0,1,0,16,96.5,89.7,5,0,0,0,78.8,60.1,0,100.0,0
763.0,16,4,0,1,0,16,97.2,89.7,4,0,0,0,78.8,60.0,0,100.0,0
764.0,16,4,0,1,0,16,97.2,89.7,4,0,0,0,78.7,60.0,0,100.0,0
765.0,16,4,0,1,0,16,96.5,89.7,5,0,0,0,78.7,59.9,0,100.0,0
766.0,16,4,0,1,0,16,96.5,89.8,5,0,0,0,78.7,59.9,0,100.0,0
767.0,16,4,0,1,0,16,97.2,89.8,4,0,0,0,78.6,59.8,0,100.0,0
768.0,16,4,0,1,0,16,97.9,89.8,3,0,0,0,78.6,59.8,0,100.0,0
769.0,16,4,0,1,0,16,97.9,89.9,3,0,0,0,78.5,59.7,0,100.0,0
770.0,16,4,0,1,0,16,97.9,89.9,3,0,0,0,78.5,59.7,0,100.0,0
771.0,16,4,0,1,0,16,97.9,89.9,3,0,0,0,78.5,59.6,0,100.0,0
772.0,16,4,0,1,0,16,97.9,89.9,3,0,0,0,78.4,59.6,0,100.0,0
773.0,16,4,0,1,0,16,98.6,90.0,2,0,0,0,78.4,59.5,0,100.0,0
774.0,16,4,0,1,0,16,98.6,90.0,2,0,0,0,78.3,59.5,0,100.0,0
775.0,16,4,0,1,0,16,98.6,90.1,2,0,0,0,78.3,59.4,0,100.0,0
776.0,16,4,0,1,0,16,98.6,90.1,2,0,0,0,78.3,59.4,0,100.0,0
777.0,16,4,0,1,0,16,98.6,90.1,2,0,0,0,78.2,59.3,0,100.0,0
778.0,16,4,0,1,0,16,97.9,90.2,3,0,0,0,78.2,59.2,0,100.0,0
779.0,16,4,0,1,0,16,97.9,90.2,3,0,0,0,78.1,59.2,0,100.0,0
780.0,16,4,0,1,0,16,97.9,90.3,3,0,0,0,78.1,59.1,0,100.0,0
781.0,16,4,0,1,0,16,97.9,90.3,3,0,0,0,78.1,59.1,0,100.0,0
782.0,16,4,0,1,0,16,97.9,90.3,3,0,0,0,78.0,59.0,0,100.0,0
783.0,16,4,0,1,0,16,97.2,90.4,4,0,0,0,78.0,59.0,0,100.0,0
784.0,16,4,0,1,0,16,96.5,90.4,5,0,0,0,77.9,58.9,0,100.0,0
785.0,16,4,0,1,0,16,95.8,90.5,6,0,0,0,77.9,58.9,0,100.0,0
786.0,16,4,0,1,0,16,95.1,90.5,7,0,0,0,77.9,58.8,0,100.0,0
787.0,16,4,0,1,0,16,95.1,90.6,7,0,0,0,77.8,58.8,0,100.0,0
788.0,16,4,0,1,0,16,95.1,90.6,7,0,0,0,77.8,58.7,0,100.0,0
789.0,16,4,0,1,0,16,95.8,90.6,6,0,0,0,77.7,58.7,0,100.0,0
790.0,16,4,0,1,0,16,95.1,90.7,7,0,0,0,77.7,58.6,0,100.0,0
791.0,16,4,0,1,0,16,95.8,90.7,6,0,0,0,77.7,58.6,0,100.0,0
792.0,16,4,0,1,0,16,95.8,90.8,6,0,0,0,77.6,58.5,0,100.0,0
793.0,16,4,0,1,0,16,95.8,90.8,6,0,0,0,77.6,58.5,0,100.0,0
794.0,16,4,0,1,0,16,95.1,90.9,7,0,0,0,77.6,58.4,0,100.0,0
795.0,16,4,0,1,0,16,95.8,90.9,6,0,0,0,77.5,58.4,0,100.0,0
796.0,16,4,0,1,0,16,95.1,90.9,7,0,0,0,77.5,58.3,0,100.0,0
797.0,16,4,0,1,0,16,95.1,91.0,7,0,0,0,77.4,58.3,0,100.0,0
798.0,16,4,0,1,0,16,95.1,91.0,7,0,0,0,77.4,58.2,0,100.0,0
799.0,16,4,0,1,0,16,95.1,91.0,7,0,0,0,77.4,58.2,0,100.0,0
800.0,16,4,0,1,0,16,94.4,91.1,8,0,0,0,77.3,58.1,0,100.0,0
801.0,16,4,0,1,0,16,94.4,91.1,8,0,0,0,77.3,58.0,0,100.0,0
802.0,16,4,0,1,0,16,94.4,91.1,8,0,0,0,77.2,58.0,0,100.0,0
803.0,16,4,0,1,0,16,94.4,91.2,8,0,0,0,77.2,57.9,0,100.0,0
804.0,16,4,0,1,0,16,94.4,91.2,8,0,0,0,77.2,57.9,0,100.0,0
805.0,16,4,0,1,0,16,94.4,91.3,8,0,0,0,77.1,57.8,0,100.0,0
806.0,16,4,0,1,0,16,94.4,91.3,8,0,0,0,77.1,57.8,0,100.0,0
807.0,16,4,0,1,0,16,94.4,91.4,8,0,0,0,77.0,57.7,0,100.0,0
808.0,16,4,0,1,0,16,94.4,91.4,8,0,0,0,77.0,57.7,0,100.0,0
809.0,16,4,0,1,0,16,95.1,91.4,7,0,0,0,77.0,57.6,0,100.0,0
810.0,16,4,0,1,0,16,95.1,91.5,7,0,0,0,76.9,57.6,0,100.0,0
811.0,16,4,0,1,0,16,95.1,91.6,7,0,0,0,76.9,57.5,0,100.0,0
812.0,16,4,0,1,0,16,95.1,91.6,7,0,0,0,76.8,57.5,0,100.0,0
813.0,16,4,0,1,0,16,95.1,91.7,7,0,0,0,76.8,57.4,0,100.0,0
814.0,16,4,0,1,0,16,95.1,91.7,7,0,0,0,76.8,57.4,0,100.0,0
815.0,16,4,0,1,0,16,95.1,91.8,7,0,0,0,76.7,57.3,0,100.0,0
816.0,16,4,0,1,0,16,95.1,91.8,7,0,0,0,76.7,57.3,0,100.0,0
817.0,16,4,0,1,0,16,95.1,91.9,7,0,0,0,76.6,57.2,0,100.0,0
818.0,16,4,0,1,0,16,94.4,91.9,8,0,0,0,76.6,57.1,0,100.0,0
819.0,16,4,0,1,0,16,94.4,92.0,8,0,0,0,76.6,57.1,0,100.0,0
820.0,16,4,0,1,0,16,94.4,92.0,8,0,0,0,76.5,57.0,0,100.0,0
821.0,16,4,0,1,0,16,94.4,92.1,8,0,0,0,76.5,57.0,0,100.0,0
822.0,16,4,0,1,0,16,93.8,92.2,9,0,0,0,76.4,56.9,0,100.0,0
823.0,16,4,0,1,0,16,93.8,92.2,9,0,0,0,76.4,56.9,0,100.0,0
824.0,16,4,0,1,0,16,93.8,92.3,9,0,0,0,76.4,56.8,0,100.0,0
825.0,16,4,0,1,0,16,93.1,92.3,10,0,0,0,76.3,56.8,0,100.0,0
826.0,16,4,0,1,0,16,92.4,92.4,11,0,0,0,76.3,56.7,0,100.0,0
827.0,16,4,0,1,0,16,92.4,92.5,11,0,0,0,76.2,56.7,0,100.0,0
828.0,16,4,0,1,0,16,92.4,92.5,11,0,0,0,76.2,56.6,0,100.0,0
829.0,16,4,0,1,0,16,91.7,92.6,12,0,0,0,76.2,56.6,0,100.0,0
830.0,16,4,0,1,0,16,91.7,92.6,12,0,0,0,76.1,56.5,0,100.0,0
831.0,16,4,0,1,0,16,91.7,92.7,12,0,0,0,76.1,56.5,0,100.0,0
832.0,16,4,0,1,0,16,91.0,92.7,13,0,0,0,76.0,56.4,0,100.0,0
833.0,16,4,0,1,0,16,90.3,92.8,14,0,0,0,76.0,56.4,0,100.0,0
834.0,16,4,0,1,0,16,90.3,92.8,14,0,0,0,76.0,56.3,0,100.0,0
835.0,16,4,0,1,0,16,91.0,92.9,13,0,0,0,75.9,56.2,0,100.0,0
836.0,16,4,0,1,0,16,91.0,92.9,13,0,0,0,75.9,56.2,0,100.0,0
837.0,16,4,0,1,0,16,91.0,93.0,13,0,0,0,75.8,56.1,0,100.0,0
838.0,16,4,0,1,0,16,91.0,93.0,13,0,0,0,75.8,56.1,0,100.0,0
839.0,16,4,0,1,0,16,89.6,93.1,15,0,0,0,75.8,56.0,0,100.0,0
840.0,16,4,0,1,0,16,89.6,93.1,15,0,0,0,75.7,56.0,0,100.0,0
841.0,16,4,0,1,0,16,90.3,93.2,14,0,0,0,75.7,55.9,0,100.0,0
842.0,16,4,0,1,0,16,90.3,93.2,14,0,0,0,75.6,55.9,0,100.0,0
843.0,16,4,0,1,0,16,90.3,93.2,14,0,0,0,75.6,55.8,0,100.0,0
844.0,16,4,0,1,0,16,90.3,93.3,14,0,0,0,75.6,55.8,0,100.0,0
845.0,16,4,0,1,0,16,89.6,93.3,15,0,0,0,75.5,55.7,0,100.0,0
846.0,16,4,0,1,0,16,89.6,93.3,15,0,0,0,75.5,55.7,0,100.0,0
847.0,16,4,0,1,0,16,89.6,93.4,15,0,0,0,75.4,55.6,0,100.0,0
848.0,16,4,0,1,0,16,90.3,93.4,14,0,0,0,75.4,55.6,0,100.0,0
849.0,16,4,0,1,0,16,89.6,93.4,15,0,0,0,75.4,55.5,0,100.0,0
850.0,16,4,0,1,0,16,89.6,93.5,15,0,0,0,75.3,55.5,0,100.0,0
851.0,16,4,0,1,0,16,89.6,93.5,15,0,0,0,75.3,55.4,0,100.0,0
852.0,16,4,0,1,0,16,88.9,93.5,16,0,0,0,75.2,55.4,0,100.0,0
853.0,16,4,0,1,0,16,88.9,93.6,16,0,0,0,75.2,55.3,0,100.0,0
854.0,16,4,0,1,0,16,88.9,93.6,16,0,0,0,75.2,55.3,0,100.0,0
855.0,16,4,0,1,0,16,89.6,93.6,15,0,0,0,75.1,55.2,0,100.0,0
856.0,16,4,0,1,0,16,89.6,93.6,15,0,0,0,75.1,55.2,0,100.0,0
857.0,16,4,0,1,0,16,89.6,93.7,15,0,0,0,75.0,55.1,0,100.0,0
858.0,16,4,0,1,0,16,89.6,93.7,15,0,0,0,75.0,55.1,0,100.0,0
859.0,16,4,0,1,0,16,89.6,93.7,15,0,0,0,75.0,55.0,0,100.0,0
860.0,16,4,0,1,0,16,89.6,93.7,15,0,0,0,74.9,55.0,0,100.0,0
861.0,16,4,0,1,0,16,89.6,93.8,15,0,0,0,74.9,54.9,0,100.0,0
862.0,16,4,0,1,0,16,89.6,93.8,15,0,0,0,74.8,54.8,0,100.0,0
863.0,16,4,0,1,0,16,89.6,93.8,15,0,0,0,74.8,54.8,0,100.0,0
864.0,16,4,0,1,0,16,89.6,93.8,15,0,0,0,74.8,54.7,0,100.0,0
865.0,16,4,0,1,0,16,89.6,93.9,15,0,0,0,74.7,54.7,0,100.0,0
866.0,16,4,0,1,0,16,89.6,93.9,15,0,0,0,74.7,54.6,0,100.0,0
867.0,16,4,0,1,0,16,89.6,93.9,15,0,0,0,74.6,54.6,0,100.0,0
868.0,16,4,0,1,0,16,90.3,93.9,14,0,0,0,74.6,54.5,0,100.0,0
869.0,16,4,0,1,0,16,90.3,93.9,14,0,0,0,74.6,54.5,0,100.0,0
870.0,16,4,0,1,0,16,90.3,93.9,14,0,0,0,74.5,54.4,0,100.0,0
871.0,16,4,0,1,0,16,89.6,94.0,15,0,0,0,74.5,54.4,0,100.0,0
872.0,16,4,0,1,0,16,90.3,94.0,14,0,0,0,74.4,54.3,0,100.0,0
873.0,16,4,0,1,0,16,90.3,94.0,14,0,0,0,74.4,54.3,0,100.0,0
874.0,16,4,0,1,0,16,90.3,94.0,14,0,0,0,74.4,54.2,0,100.0,0
875.0,16,4,0,1,0,16,91.0,94.0,13,0,0,0,74.3,54.2,0,100.0,0
876.0,16,4,0,1,0,16,91.0,94.0,13,0,0,0,74.3,54.1,0,100.0,0
877.0,16,4,0,1,0,16,90.3,94.0,14,0,0,0,74.2,54.1,0,100.0,0
878.0,16,4,0,1,0,16,91.0,94.1,13,0,0,0,74.2,54.0,0,100.0,0
879.0,16,4,0,1,0,16,91.0,94.1,13,0,0,0,74.2,54.0,0,100.0,0
880.0,16,4,0,1,0,16,91.0,94.1,13,0,0,0,74.1,53.9,0,100.0,0
881.0,16,4,0,1,0,16,91.0,94.1,13,0,0,0,74.1,53.9,0,100.0,0
882.0,16,4,0,1,0,16,91.7,94.1,12,0,0,0,74.0,53.8,0,100.0,0
883.0,16,4,0,1,0,16,91.7,94.1,12,0,0,0,74.0,53.8,0,100.0,0
884.0,16,4,0,1,0,16,91.7,94.1,12,0,0,0,74.0,53.7,0,100.0,0
885.0,16,4,0,1,0,16,91.7,94.1,12,0,0,0,73.9,53.7,0,100.0,0
886.0,16,4,0,1,0,16,91.7,94.1,12,0,0,0,73.9,53.6,0,100.0,0
887.0,16,4,0,1,0,16,91.7,94.1,12,0,0,0,73.8,53.5,0,100.0,0
888.0,16,4,0,1,0,16,92.4,94.1,11,0,0,0,73.8,53.5,0,100.0,0
889.0,16,4,0,1,0,16,92.4,94.1,11,0,0,0,73.8,53.4,0,100.0,0
890.0,16,4,0,1,0,16,93.1,94.2,10,0,0,0,73.7,53.4,0,100.0,0
891.0,16,4,0,1,0,16,93.8,94.2,9,0,0,0,73.7,53.3,0,100.0,0
892.0,16,4,0,1,0,16,93.8,94.2,9,0,0,0,73.6,53.3,0,100.0,0
893.0,16,4,0,1,0,16,93.8,94.2,9,0,0,0,73.6,53.2,0,100.0,0
894.0,16,4,0,1,0,16,93.8,94.2,9,0,0,0,73.6,53.2,0,100.0,0
895.0,16,4,0,1,0,16,94.4,94.2,8,0,0,0,73.5,53.1,0,100.0,0
896.0,16,4,0,1,0,16,94.4,94.2,8,0,0,0,73.5,53.1,0,100.0,0
897.0,16,4,0,1,0,16,94.4,94.2,8,0,0,0,73.4,53.0,0,100.0,0
898.0,16,4,0,1,0,16,94.4,94.2,8,0,0,0,73.4,53.0,0,100.0,0
899.0,16,4,0,1,0,16,93.8,94.2,9,0,0,0,73.4,52.9,0,100.0,0
900.0,16,4,0,1,0,16,93.1,94.2,10,0,0,0,73.3,52.9,0,100.0,0
901.0,16,4,0,1,0,16,93.1,94.2,10,0,0,0,73.3,52.8,0,100.0,0
902.0,16,4,0,1,0,16,93.1,94.2,10,0,0,0,73.2,52.8,0,100.0,0
903.0,16,4,0,1,0,16,93.8,94.2,9,0,0,0,73.2,52.7,0,100.0,0
904.0,16,4,0,1,0,16,93.8,94.2,9,0,0,0,73.2,52.7,0,100.0,0
905.0,16,4,0,1,0,16,93.8,94.2,9,0,0,0,73.1,52.6,0,100.0,0
906.0,16,4,0,1,0,16,93.8,94.2,9,0,0,0,73.1,52.5,0,100.0,0
907.0,16,4,0,1,0,16,93.8,94.2,9,0,0,0,73.0,52.5,0,100.0,0
908.0,16,4,0,1,0,16,94.4,94.2,8,0,0,0,73.0,52.4,0,100.0,0
909.0,16,4,0,1,0,16,94.4,94.2,8,0,0,0,73.0,52.4,0,100.0,0
910.0,16,4,0,1,0,16,94.4,94.2,8,0,0,0,72.9,52.3,0,100.0,0
911.0,16,4,0,1,0,16,94.4,94.2,8,0,0,0,72.9,52.3,0,100.0,0
912.0,16,4,0,1,0,16,94.4,94.2,8,0,0,0,72.8,52.2,0,100.0,0
913.0,16,4,0,1,0,16,93.8,94.2,9,0,0,0,72.8,52.2,0,100.0,0
914.0,16,4,0,1,0,16,93.8,94.3,9,0,0,0,72.8,52.1,0,100.0,0
915.0,16,4,0,1,0,16,93.8,94.3,9,0,0,0,72.7,52.1,0,100.0,0
916.0,16,4,0,1,0,16,94.4,94.3,8,0,0,0,72.7,52.0,0,100.0,0
917.0,16,4,0,1,0,16,94.4,94.3,8,0,0,0,72.6,52.0,0,100.0,0
918.0,16,4,0,1,0,16,94.4,94.3,8,0,0,0,72.6,51.9,0,100.0,0
919.0,16,4,0,1,0,16,94.4,94.3,8,0,0,0,72.6,51.9,0,100.0,0
920.0,16,4,0,1,0,16,94.4,94.3,8,0,0,0,72.5,51.8,0,100.0,0
921.0,16,4,0,1,0,16,95.1,94.3,7,0,0,0,72.5,51.8,0,100.0,0
922.0,16,4,0,1,0,16,95.1,94.3,7,0,0,0,72.5,51.7,0,100.0,0
923.0,16,4,0,1,0,16,95.1,94.3,7,0,0,0,72.4,51.6,0,100.0,0
924.0,16,4,0,1,0,16,95.1,94.3,7,0,0,0,72.4,51.6,0,100.0,0
925.0,16,4,0,1,0,16,95.1,94.3,7,0,0,0,72.3,51.5,0,100.0,0
926.0,16,4,0,1,0,16,95.1,94.3,7,0,0,0,72.3,51.5,0,100.0,0
927.0,16,4,0,1,0,16,95.1,94.3,7,0,0,0,72.3,51.4,0,100.0,0
928.0,16,4,0,1,0,16,95.1,94.3,7,0,0,0,72.2,51.4,0,100.0,0
929.0,16,4,0,1,0,16,95.1,94.3,7,0,0,0,72.2,51.3,0,100.0,0
930.0,16,4,0,1,0,16,95.1,94.3,7,0,0,0,72.1,51.3,0,100.0,0
931.0,16,4,0,1,0,16,95.1,94.3,7,0,0,0,72.1,51.2,0,100.0,0
932.0,16,4,0,1,0,16,95.1,94.3,7,0,0,0,72.1,51.2,0,100.0,0
933.0,16,4,0,1,0,16,95.1,94.3,7,0,0,0,72.0,51.1,0,100.0,0
934.0,16,4,0,1,0,16,95.1,94.3,7,0,0,0,72.0,51.1,0,100.0,0
935.0,16,4,0,1,0,16,94.4,94.3,8,0,0,0,71.9,51.0,0,100.0,0
936.0,16,4,0,1,0,16,94.4,94.3,8,0,0,0,71.9,51.0,0,100.0,0
937.0,16,4,0,1,0,16,93.8,94.3,9,0,0,0,71.9,50.9,0,100.0,0
938.0,16,4,0,1,0,16,93.8,94.2,9,0,0,0,71.8,50.9,0,100.0,0
939.0,16,4,0,1,0,16,93.8,94.2,9,0,0,0,71.8,50.8,0,100.0,0
940.0,16,4,0,1,0,16,93.8,94.2,9,0,0,0,71.7,50.7,0,100.0,0
941.0,16,4,0,1,0,16,94.4,94.2,8,0,0,0,71.7,50.7,0,100.0,0
942.0,16,4,0,1,0,16,94.4,94.2,8,0,0,0,71.7,50.6,0,100.0,0
943.0,16,4,0,1,0,16,94.4,94.2,8,0,0,0,71.6,50.6,0,100.0,0
944.0,16,4,0,1,0,16,94.4,94.2,8,0,0,0,71.6,50.5,0,100.0,0
945.0,16,4,0,1,0,16,94.4,94.2,8,0,0,0,71.5,50.5,0,100.0,0
946.0,16,4,0,1,0,16,94.4,94.2,8,0,0,0,71.5,50.4,0,100.0,0
947.0,16,4,0,1,0,16,94.4,94.2,8,0,0,0,71.5,50.4,0,100.0,0
948.0,16,4,0,1,0,16,94.4,94.2,8,0,0,0,71.4,50.3,0,100.0,0
949.0,16,4,0,1,0,16,94.4,94.2,8,0,0,0,71.4,50.3,0,100.0,0
950.0,16,4,0,1,0,16,94.4,94.2,8,0,0,0,71.3,50.2,0,100.0,0
951.0,16,4,0,1,0,16,95.1,94.2,7,0,0,0,71.3,50.2,0,100.0,0
952.0,16,4,0,1,0,16,95.1,94.2,7,0,0,0,71.3,50.1,0,100.0,0
953.0,16,4,0,1,0,16,95.1,94.2,7,0,0,0,71.2,50.1,0,100.0,0
954.0,16,4,0,1,0,16,95.1,94.2,7,0,0,0,71.2,50.0,0,100.0,0
955.0,16,4,0,1,0,16,95.1,94.2,7,0,0,0,71.1,50.0,0,100.0,0
956.0,16,4,0,1,0,16,95.1,94.2,7,0,0,0,71.1,49.9,0,100.0,0
957.0,16,4,0,1,0,16,95.1,94.2,7,0,0,0,71.1,49.8,0,100.0,0
958.0,16,4,0,1,0,16,95.8,94.2,6,0,0,0,71.0,49.8,0,100.0,0
959.0,16,4,0,1,0,16,95.8,94.2,6,0,0,0,71.0,49.7,0,100.0,0
960.0,16,4,0,1,0,16,95.8,94.2,6,0,0,0,70.9,49.7,0,100.0,0
961.0,16,4,0,1,0,16,95.1,94.1,7,0,0,0,70.9,49.6,0,100.0,0
962.0,16,4,0,1,0,16,95.1,94.1,7,0,0,0,70.8,49.6,0,100.0,0
963.0,16,4,0,1,0,16,95.8,94.1,6,0,0,0,70.8,49.5,0,100.0,0
964.0,16,4,0,1,0,16,95.8,94.1,6,0,0,0,70.8,49.5,0,100.0,0
965.0,16,4,0,1,0,16,96.5,94.1,5,0,0,0,70.7,49.4,0,100.0,0
966.0,16,4,0,1,0,16,96.5,94.1,5,0,0,0,70.7,49.4,0,100.0,0
967.0,16,4,0,1,0,16,97.2,94.1,4,0,0,0,70.7,49.3,0,100.0,0
968.0,16,4,0,1,0,16,97.2,94.1,4,0,0,0,70.6,49.3,0,100.0,0
969.0,16,4,0,1,0,16,97.2,94.1,4,0,0,0,70.6,49.2,0,100.0,0
970.0,16,4,0,1,0,16,97.2,94.1,4,0,0,0,70.5,49.2,0,100.0,0
971.0,16,4,0,1,0,16,97.2,94.1,4,0,0,0,70.5,49.1,0,100.0,0
972.0,16,4,0,1,0,16,97.2,94.1,4,0,0,0,70.5,49.1,0,100.0,0
973.0,16,4,0,1,0,16,97.2,94.1,4,0,0,0,70.4,49.1,0,100.0,0
974.0,16,4,0,1,0,16,97.2,94.1,4,0,0,0,70.4,49.0,0,100.0,0
975.0,16,4,0,1,0,16,97.2,94.1,4,0,0,0,70.3,49.0,0,100.0,0
976.0,16,4,0,1,0,16,97.2,94.1,4,0,0,0,70.3,48.9,0,100.0,0
977.0,16,4,0,1,0,16,97.2,94.1,4,0,0,0,70.3,48.9,0,100.0,0
978.0,16,4,0,1,0,16,97.2,94.1,4,0,0,0,70.2,48.8,0,100.0,0
979.0,16,4,0,1,0,16,97.2,94.1,4,0,0,0,70.2,48.8,0,100.0,0
980.0,16,4,0,1,0,16,97.2,94.1,4,0,0,0,70.1,48.7,0,100.0,0
981.0,16,4,0,1,0,16,97.9,94.1,3,0,0,0,70.1,48.7,0,100.0,0
982.0,16,4,0,1,0,16,97.9,94.1,3,0,0,0,70.1,48.6,0,100.0,0
983.0,16,4,0,1,0,16,97.9,94.1,3,0,0,0,70.0,48.5,0,100.0,0
984.0,16,4,0,1,0,16,97.9,94.2,3,0,0,0,70.0,48.5,0,100.0,0
985.0,16,4,0,1,0,16,97.9,94.2,3,0,0,0,69.9,48.4,0,100.0,0
986.0,16,4,0,1,0,16,97.9,94.2,3,0,0,0,69.9,48.4,0,100.0,0
987.0,16,4,0,1,0,16,97.9,94.2,3,0,0,0,69.9,48.3,0,100.0,0
988.0,16,4,0,1,0,16,97.9,94.2,3,0,0,0,69.8,48.3,0,100.0,0
989.0,16,4,0,1,0,16,97.9,94.2,3,0,0,0,69.8,48.2,0,100.0,0
990.0,16,4,0,1,0,16,97.9,94.2,3,0,0,0,69.7,48.2,0,100.0,0
991.0,16,4,0,1,0,16,97.9,94.2,3,0,0,0,69.7,48.1,0,100.0,0
992.0,16,4,0,1,0,16,97.9,94.2,3,0,0,0,69.7,48.1,0,100.0,0
993.0,16,4,0,1,0,16,97.9,94.2,3,0,0,0,69.6,48.0,0,100.0,0
994.0,16,4,0,1,0,16,96.5,94.2,5,0,0,0,69.6,48.0,0,100.0,0
995.0,16,4,0,1,0,16,96.5,94.2,5,0,0,0,69.5,47.9,0,100.0,0
996.0,16,4,0,1,0,16,96.5,94.2,5,0,0,0,69.5,47.9,0,100.0,0
997.0,16,4,0,1,0,16,96.5,94.2,5,0,0,0,69.5,47.8,0,100.0,0
998.0,16,4,0,1,0,16,96.5,94.2,5,0,0,0,69.4,47.8,0,100.0,0
999.0,16,4,0,1,0,16,96.5,94.2,5,0,0,0,69.4,47.7,0,100.0,0
1000.0,16,4,0,1,0,16,96.5,94.2,5,0,0,0,69.3,47.6,0,100.0,0
1001.0,16,4,0,1,0,16,96.5,94.2,5,0,0,0,69.3,47.6,0,100.0,0
1002.0,16,4,0,1,0,16,96.5,94.2,5,0,0,0,69.3,47.5,0,100.0,0
1003.0,16,4,0,1,0,16,96.5,94.2,5,0,0,0,69.2,47.5,0,100.0,0
1004.0,16,4,0,1,0,16,96.5,94.2,5,0,0,0,69.2,47.4,0,100.0,0
1005.0,16,4,0,1,0,16,96.5,94.2,5,0,0,0,69.1,47.4,0,100.0,0
1006.0,16,4,0,1,0,16,96.5,94.2,5,0,0,0,69.1,47.3,0,100.0,0
1007.0,16,4,0,1,0,16,97.2,94.2,4,0,0,0,69.1,47.3,0,100.0,0
1008.0,16,4,0,1,0,16,97.2,94.2,4,0,0,0,69.0,47.2,0,100.0,0
1009.0,16,4,0,1,0,16,97.2,94.2,4,0,0,0,69.0,47.2,0,100.0,0
1010.0,16,4,0,1,0,16,97.2,94.2,4,0,0,0,68.9,47.1,0,100.0,0
1011.0,16,4,0,1,0,16,97.2,94.2,4,0,0,0,68.9,47.1,0,100.0,0
1012.0,16,4,0,1,0,16,97.2,94.2,4,0,0,0,68.9,47.0,0,100.0,0
1013.0,16,4,0,1,0,16,97.2,94.2,4,0,0,0,68.8,47.0,0,100.0,0
1014.0,16,4,0,1,0,16,96.5,94.2,5,0,0,0,68.8,46.9,0,100.0,0
1015.0,16,4,0,1,0,16,97.2,94.2,4,0,0,0,68.7,46.9,0,100.0,0
1016.0,16,4,0,1,0,16,97.2,94.2,4,0,0,0,68.7,46.8,0,100.0,0
1017.0,16,4,0,1,0,16,97.2,94.2,4,0,0,0,68.7,46.7,0,100.0,0
1018.0,16,4,0,1,0,16,97.2,94.2,4,0,0,0,68.6,46.7,0,100.0,0
1019.0,16,4,0,1,0,16,96.5,94.2,5,0,0,0,68.6,46.6,0,100.0,0
1020.0,16,4,0,1,0,16,96.5,94.2,5,0,0,0,68.5,46.6,0,100.0,0
1021.0,16,4,0,1,0,16,95.8,94.1,6,0,0,0,68.5,46.5,0,100.0,0
1022.0,16,4,0,1,0,16,95.8,94.1,6,0,0,0,68.5,46.5,0,100.0,0
1023.0,16,4,0,1,0,16,95.8,94.1,6,0,0,0,68.4,46.4,0,100.0,0
1024.0,16,4,0,1,0,16,95.8,94.1,6,0,0,0,68.4,46.4,0,100.0,0
1025.0,16,4,0,1,0,16,95.8,94.1,6,0,0,0,68.3,46.3,0,100.0,0
1026.0,16,4,0,1,0,16,95.8,94.1,6,0,0,0,68.3,46.3,0,100.0,0
1027.0,16,4,0,1,0,16,95.1,94.1,7,0,0,0,68.3,46.2,0,100.0,0
1028.0,16,4,0,1,0,16,94.4,94.1,8,0,0,0,68.2,46.2,0,100.0,0
1029.0,16,4,0,1,0,16,94.4,94.1,8,0,0,0,68.2,46.1,0,100.0,0
1030.0,16,4,0,1,0,16,94.4,94.1,8,0,0,0,68.1,46.1,0,100.0,0
1031.0,16,4,0,1,0,16,94.4,94.1,8,0,0,0,68.1,46.0,0,100.0,0
1032.0,16,4,0,1,0,16,94.4,94.1,8,0,0,0,68.1,46.0,0,100.0,0
1033.0,16,4,0,1,0,16,93.8,94.1,9,0,0,0,68.0,45.9,0,100.0,0
1034.0,16,4,0,1,0,16,93.8,94.1,9,0,0,0,68.0,45.8,0,100.0,0
1035.0,16,4,0,1,0,16,93.8,94.1,9,0,0,0,67.9,45.8,0,100.0,0
1036.0,16,4,0,1,0,16,93.8,94.1,9,0,0,0,67.9,45.7,0,100.0,0
1037.0,16,4,0,1,0,16,93.8,94.1,9,0,0,0,67.9,45.7,0,100.0,0
1038.0,16,4,0,1,0,16,93.1,94.1,10,0,0,0,67.8,45.6,0,100.0,0
1039.0,16,4,0,1,0,16,93.1,94.1,10,0,0,0,67.8,45.6,0,100.0,0
1040.0,16,4,0,1,0,16,93.8,94.1,9,0,0,0,67.7,45.5,0,100.0,0
1041.0,16,4,0,1,0,16,93.8,94.1,9,0,0,0,67.7,45.5,0,100.0,0
1042.0,16,4,0,1,0,16,93.1,94.0,10,0,0,0,67.7,45.4,0,100.0,0
1043.0,16,4,0,1,0,16,93.1,94.0,10,0,0,0,67.6,45.4,0,100.0,0
1044.0,16,4,0,1,0,16,92.4,94.0,11,0,0,0,67.6,45.3,0,100.0,0
1045.0,16,4,0,1,0,16,92.4,94.0,11,0,0,0,67.5,45.3,0,100.0,0
1046.0,16,4,0,1,0,16,92.4,94.0,11,0,0,0,67.5,45.2,0,100.0,0
1047.0,16,4,0,1,0,16,92.4,94.0,11,0,0,0,67.5,45.2,0,100.0,0
1048.0,16,4,0,1,0,16,91.0,94.0,13,0,0,0,67.4,45.1,0,100.0,0
1049.0,16,4,0,1,0,16,91.0,94.0,13,0,0,0,67.4,45.1,0,100.0,0
1050.0,16,4,0,1,0,16,91.0,94.0,13,0,0,0,67.4,45.0,0,100.0,0
1051.0,16,4,0,1,0,16,91.0,93.9,13,0,0,0,67.3,44.9,0,100.0,0
1052.0,16,4,0,1,0,16,91.0,93.9,13,0,0,0,67.3,44.9,0,100.0,0
1053.0,16,4,0,1,0,16,91.0,93.9,13,0,0,0,67.2,44.8,0,100.0,0
1054.0,16,4,0,1,0,16,91.7,93.9,12,0,0,0,67.2,44.8,0,100.0,0
1055.0,16,4,0,1,0,16,91.0,93.9,13,0,0,0,67.2,44.7,0,100.0,0
1056.0,16,4,0,1,0,16,91.0,93.9,13,0,0,0,67.1,44.7,0,100.0,0
1057.0,16,4,0,1,0,16,90.3,93.8,14,0,0,0,67.1,44.6,0,100.0,0
1058.0,16,4,0,1,0,16,89.6,93.8,15,0,0,0,67.0,44.6,0,100.0,0
1059.0,16,4,0,1,0,16,89.6,93.8,15,0,0,0,67.0,44.6,0,100.0,0
1060.0,16,4,0,1,0,16,89.6,93.8,15,0,0,0,67.0,44.5,0,100.0,0
1061.0,16,4,0,1,0,16,89.6,93.8,15,0,0,0,66.9,44.5,0,100.0,0
1062.0,16,4,0,1,0,16,88.9,93.7,16,0,0,0,66.9,44.4,0,100.0,0
1063.0,16,4,0,1,0,16,88.9,93.7,16,0,0,0,66.8,44.3,0,100.0,0
1064.0,16,4,0,1,0,16,88.9,93.7,16,0,0,0,66.8,44.3,0,100.0,0
1065.0,16,4,0,1,0,16,88.2,93.7,17,0,0,0,66.8,44.2,0,100.0,0
1066.0,16,4,0,1,0,16,88.9,93.7,16,0,0,0,66.7,44.2,0,100.0,0
1067.0,16,4,0,1,0,16,89.6,93.6,15,0,0,0,66.7,44.1,0,100.0,0
1068.0,16,4,0,1,0,16,90.3,93.6,14,0,0,0,66.6,44.1,0,100.0,0
1069.0,16,4,0,1,0,16,89.6,93.6,15,0,0,0,66.6,44.0,0,100.0,0
1070.0,16,4,0,1,0,16,89.6,93.6,15,0,0,0,66.6,44.0,0,100.0,0
1071.0,16,4,0,1,0,16,89.6,93.6,15,0,0,0,66.5,43.9,0,100.0,0
1072.0,16,4,0,1,0,16,87.5,93.6,18,0,0,0,66.5,43.9,0,100.0,0
1073.0,16,4,0,1,0,16,87.5,93.6,18,0,0,0,66.4,43.8,0,100.0,0
1074.0,16,4,0,1,0,16,89.6,93.6,15,0,0,0,66.4,43.8,0,100.0,0
1075.0,16,4,0,1,0,16,88.9,93.6,16,0,0,0,66.4,43.7,0,100.0,0
1076.0,16,4,0,1,0,16,88.2,93.6,17,0,0,0,66.3,43.7,0,100.0,0
1077.0,16,4,0,1,0,16,88.2,93.6,17,0,0,0,66.3,43.6,0,100.0,0
1078.0,16,4,0,1,0,16,88.2,93.5,17,0,0,0,66.2,43.6,0,100.0,0
1079.0,16,4,0,1,0,16,88.2,93.5,17,0,0,0,66.2,43.5,0,100.0,0
1080.0,16,4,0,1,0,16,87.5,93.5,18,0,0,0,66.2,43.4,0,100.0,0
1081.0,16,4,0,1,0,16,88.9,93.5,16,0,0,0,66.1,43.4,0,100.0,0
1082.0,16,4,0,1,0,16,88.2,93.5,17,0,0,0,66.1,43.3,0,100.0,0
1083.0,16,4,0,1,0,16,88.9,93.5,16,0,0,0,66.0,43.3,0,100.0,0
1084.0,16,4,0,1,0,16,88.9,93.5,16,0,0,0,66.0,43.2,0,100.0,0
1085.0,16,4,0,1,0,16,88.2,93.5,17,0,0,0,66.0,43.2,0,100.0,0
1086.0,16,4,0,1,0,16,88.2,93.5,17,0,0,0,65.9,43.1,0,100.0,0
1087.0,16,4,0,1,0,16,88.2,93.5,17,0,0,0,65.9,43.1,0,100.0,0
1088.0,16,4,0,1,0,16,88.9,93.5,16,0,0,0,65.8,43.0,0,100.0,0
1089.0,16,4,0,1,0,16,88.2,93.5,17,0,0,0,65.8,43.0,0,100.0,0
1090.0,16,4,0,1,0,16,88.2,93.5,17,0,0,0,65.8,42.9,0,100.0,0
1091.0,16,4,0,1,0,16,88.2,93.5,17,0,0,0,65.7,42.9,0,100.0,0
1092.0,16,4,0,1,0,16,87.5,93.5,18,0,0,0,65.7,42.8,0,100.0,0
1093.0,16,4,0,1,0,16,86.8,93.4,19,0,0,0,65.6,42.8,0,100.0,0
1094.0,16,4,0,1,0,16,87.5,93.4,18,0,0,0,65.6,42.7,0,100.0,0
1095.0,16,4,0,1,0,16,88.2,93.4,17,0,0,0,65.6,42.7,0,100.0,0
1096.0,16,4,0,1,0,16,88.2,93.4,17,0,0,0,65.5,42.6,0,100.0,0
1097.0,16,4,0,1,0,16,88.2,93.4,17,0,0,0,65.5,42.6,0,100.0,0
1098.0,16,4,0,1,0,16,88.2,93.4,17,0,0,0,65.4,42.5,0,100.0,0
1099.0,16,4,0,1,0,16,86.8,93.4,19,0,0,0,65.4,42.5,0,100.0,0
1100.0,16,4,0,1,0,16,86.8,93.4,19,0,0,0,65.4,42.4,0,100.0,0
1101.0,16,4,0,1,0,16,88.2,93.4,17,0,0,0,65.3,42.4,0,100.0,0
1102.0,16,4,0,1,0,16,88.2,93.4,17,0,0,0,65.3,42.3,0,100.0,0
1103.0,16,4,0,1,0,16,88.2,93.4,17,0,0,0,65.2,42.2,0,100.0,0
1104.0,16,4,0,1,0,16,88.2,93.4,17,0,0,0,65.2,42.2,0,100.0,0
1105.0,16,4,0,1,0,16,88.9,93.4,16,0,0,0,65.2,42.1,0,100.0,0
1106.0,16,4,0,1,0,16,88.9,93.4,16,0,0,0,65.1,42.1,0,100.0,0
1107.0,16,4,0,1,0,16,88.2,93.4,17,0,0,0,65.1,42.0,0,100.0,0
1108.0,16,4,0,1,0,16,89.6,93.4,15,0,0,0,65.0,42.0,0,100.0,0
1109.0,16,4,0,1,0,16,89.6,93.4,15,0,0,0,65.0,41.9,0,100.0,0
1110.0,16,4,0,1,0,16,89.6,93.4,15,0,0,0,65.0,41.9,0,100.0,0
1111.0,16,4,0,1,0,16,88.9,93.3,16,0,0,0,64.9,41.8,0,100.0,0
1112.0,16,4,0,1,0,16,88.9,93.3,16,0,0,0,64.9,41.8,0,100.0,0
1113.0,16,4,0,1,0,16,88.9,93.3,16,0,0,0,64.8,41.7,0,100.0,0
1114.0,16,4,0,1,0,16,89.6,93.3,15,0,0,0,64.8,41.7,0,100.0,0
1115.0,16,4,0,1,0,16,90.3,93.3,14,0,0,0,64.8,41.6,0,100.0,0
1116.0,16,4,0,1,0,16,90.3,93.3,14,0,0,0,64.7,41.6,0,100.0,0
1117.0,16,4,0,1,0,16,90.3,93.3,14,0,0,0,64.7,41.5,0,100.0,0
1118.0,16,4,0,1,0,16,90.3,93.3,14,0,0,0,64.6,41.5,0,100.0,0
1119.0,16,4,0,1,0,16,91.0,93.3,13,0,0,0,64.6,41.4,0,100.0,0
1120.0,16,4,0,1,0,16,91.0,93.3,13,0,0,0,64.6,41.4,0,100.0,0
1121.0,16,4,0,1,0,16,92.4,93.3,11,0,0,0,64.5,41.3,0,100.0,0
1122.0,16,4,0,1,0,16,92.4,93.3,11,0,0,0,64.5,41.3,0,100.0,0
1123.0,16,4,0,1,0,16,92.4,93.3,11,0,0,0,64.4,41.2,0,100.0,0
1124.0,17,3,0,1,0,17,92.4,93.3,11,0,0,0,64.4,41.2,0,100.0,0
1125.0,17,3,0,1,0,17,92.4,93.3,11,0,0,0,64.4,41.1,0,100.0,0
1126.0,18,2,0,1,0,18,92.4,93.3,11,0,0,0,64.3,41.0,0,100.0,0
1127.0,18,2,0,1,0,18,93.1,93.4,10,0,0,0,64.3,41.0,0,100.0,0
1128.0,18,2,0,1,0,18,93.8,93.4,9,0,0,0,64.2,40.9,0,100.0,0
1129.0,18,2,0,1,0,18,93.8,93.4,9,0,0,0,64.2,40.9,0,100.0,0
1130.0,18,2,0,1,0,18,93.8,93.4,9,0,0,0,64.1,40.8,0,100.0,0
1131.0,18,2,0,1,0,18,93.8,93.4,9,0,0,0,64.1,40.8,0,100.0,0
1132.0,18,2,0,1,0,18,93.8,93.4,9,0,0,0,64.0,40.7,0,100.0,0
1133.0,18,2,0,1,0,18,93.8,93.4,9,0,0,0,64.0,40.7,0,100.0,0
1134.0,18,2,0,1,0,18,93.8,93.4,9,0,0,0,64.0,40.6,0,100.0,0
1135.0,18,2,0,1,0,18,93.8,93.4,9,0,0,0,63.9,40.6,0,100.0,0
1136.0,18,2,0,1,0,18,93.8,93.4,9,0,0,0,63.9,40.5,0,100.0,0
1137.0,18,2,0,1,0,18,93.8,93.4,9,0,0,0,63.8,40.5,0,100.0,0
1138.0,18,2,0,1,0,18,93.8,93.4,9,0,0,0,63.8,40.4,0,100.0,0
1139.0,18,2,0,1,0,18,93.8,93.4,9,0,0,0,63.7,40.4,0,100.0,0
1140.0,18,2,0,1,0,18,93.8,93.4,9,0,0,0,63.7,40.3,0,100.0,0
1141.0,18,2,0,1,0,18,94.4,93.4,8,0,0,0,63.6,40.3,0,100.0,0
1142.0,18,2,0,1,0,18,94.4,93.4,8,0,0,0,63.6,40.2,0,100.0,0
1143.0,18,2,0,1,0,18,94.4,93.4,8,0,0,0,63.6,40.1,0,100.0,0
1144.0,18,2,0,1,0,18,94.4,93.4,8,0,0,0,63.5,40.1,0,100.0,0
1145.0,18,2,0,1,0,18,95.1,93.4,7,0,0,0,63.5,40.0,0,100.0,0
1146.0,18,2,0,1,0,18,95.1,93.4,7,0,0,0,63.4,40.0,0,100.0,0
1147.0,19,1,0,1,0,19,95.1,93.4,7,0,0,0,63.4,39.9,0,100.0,0
1148.0,19,1,0,1,0,19,95.1,93.4,7,0,0,0,63.3,39.9,0,100.0,0
1149.0,19,1,0,1,0,19,95.1,93.4,7,0,0,0,63.3,39.8,0,100.0,0
1150.0,19,1,0,1,0,19,95.1,93.4,7,0,0,0,63.2,39.8,0,100.0,0
1151.0,19,1,0,1,0,19,94.4,93.4,8,0,0,0,63.2,39.7,0,100.0,0
1152.0,19,1,0,1,0,19,94.4,93.4,8,0,0,0,63.1,39.7,0,100.0,0
1153.0,19,1,0,1,0,19,94.4,93.4,8,0,0,0,63.1,39.6,0,100.0,0
1154.0,19,1,0,1,0,19,94.4,93.4,8,0,0,0,63.0,39.6,0,100.0,0
1155.0,19,1,0,1,0,19,94.4,93.4,8,0,0,0,63.0,39.5,0,100.0,0
1156.0,19,1,0,1,0,19,94.4,93.4,8,0,0,0,62.9,39.5,0,100.0,0
1157.0,19,1,0,1,0,19,95.1,93.4,7,0,0,0,62.9,39.4,0,100.0,0
1158.0,19,1,0,1,0,19,95.1,93.4,7,0,0,0,62.8,39.4,0,100.0,0
1159.0,19,1,0,1,0,19,95.1,93.4,7,0,0,0,62.8,39.3,0,100.0,0
1160.0,20,0,0,1,0,20,95.1,93.4,7,0,0,0,62.8,39.3,0,100.0,0
1161.0,20,0,0,1,0,20,95.8,93.4,6,0,0,0,62.7,39.2,0,100.0,0
1162.0,20,0,0,1,0,20,95.8,93.4,6,0,0,0,62.7,39.1,0,100.0,0
1163.0,20,0,0,1,0,20,95.8,93.4,6,0,0,0,62.6,39.1,0,100.0,0
1164.0,20,0,0,1,0,20,95.8,93.4,6,0,0,0,62.6,39.0,0,100.0,0
1165.0,20,0,0,1,0,20,96.5,93.4,5,0,0,0,62.5,39.0,0,100.0,0
1166.0,20,0,0,1,0,20,96.5,93.4,5,0,0,0,62.5,38.9,0,100.0,0
1167.0,20,0,0,1,0,20,96.5,93.4,5,0,0,0,62.4,38.9,0,100.0,0
1168.0,20,0,0,1,0,20,96.5,93.5,5,0,0,0,62.4,38.8,0,100.0,0
1169.0,20,0,0,1,0,20,96.5,93.5,5,0,0,0,62.3,38.8,0,100.0,0
1170.0,20,0,0,1,0,20,96.5,93.5,5,0,0,0,62.3,38.7,0,100.0,0
1171.0,20,0,0,1,0,20,96.5,93.5,5,0,0,0,62.2,38.7,0,100.0,0
1172.0,20,0,0,1,0,20,96.5,93.5,5,0,0,0,62.2,38.6,0,100.0,0
1173.0,20,0,0,1,0,20,96.5,93.5,5,0,0,0,62.1,38.6,0,100.0,0
1174.0,20,0,0,1,0,20,96.5,93.5,5,0,0,0,62.1,38.5,0,100.0,0
1175.0,20,0,0,1,0,20,96.5,93.5,5,0,0,0,62.0,38.5,0,100.0,0
1176.0,20,0,0,1,0,20,96.5,93.5,5,0,0,0,62.0,38.4,0,100.0,0
1177.0,20,0,0,1,0,20,96.5,93.5,5,0,0,0,61.9,38.4,0,100.0,0
1178.0,20,0,0,1,0,20,96.5,93.5,5,0,0,0,61.9,38.3,0,100.0,0
1179.0,20,0,0,1,0,20,96.5,93.5,5,0,0,0,61.8,38.3,0,100.0,0
1180.0,20,0,0,1,0,20,96.5,93.6,5,0,0,0,61.8,38.2,0,100.0,0
1181.0,20,0,0,1,0,20,96.5,93.6,5,0,0,0,61.7,38.2,0,100.0,0
1182.0,20,0,0,1,0,20,96.5,93.6,5,0,0,0,61.7,38.1,0,100.0,0
1183.0,20,0,0,1,0,20,96.5,93.6,5,0,0,0,61.6,38.1,0,100.0,0
1184.0,20,0,0,1,0,20,96.5,93.6,5,0,0,0,61.6,38.0,0,100.0,0
1185.0,20,0,0,1,0,20,96.5,93.6,5,0,0,0,61.5,38.0,0,100.0,0
1186.0,20,0,0,1,0,20,96.5,93.6,5,0,0,0,61.5,37.9,0,100.0,0
1187.0,20,0,0,1,0,20,96.5,93.6,5,0,0,0,61.4,37.8,0,100.0,0
1188.0,20,0,0,1,0,20,96.5,93.6,5,0,0,0,61.4,37.8,0,100.0,0
1189.0,20,0,0,1,0,20,95.8,93.6,6,0,0,0,61.3,37.7,0,100.0,0
1190.0,20,0,0,1,0,20,95.8,93.6,6,0,0,0,61.3,37.7,0,100.0,0
1191.0,20,0,0,1,0,20,96.5,93.6,5,0,0,0,61.2,37.6,0,100.0,0
1192.0,20,0,0,1,0,20,96.5,93.6,5,0,0,0,61.2,37.6,0,100.0,0
1193.0,20,0,0,1,0,20,96.5,93.7,5,0,0,0,61.1,37.5,0,100.0,0
1194.0,20,0,0,1,0,20,96.5,93.7,5,0,0,0,61.1,37.5,0,100.0,0
1195.0,20,0,0,1,0,20,96.5,93.7,5,0,0,0,61.0,37.4,0,100.0,0
1196.0,20,0,0,1,0,20,96.5,93.7,5,0,0,0,61.0,37.4,0,100.0,0
1197.0,20,0,0,1,0,20,96.5,93.7,5,0,0,0,60.9,37.3,0,100.0,0
1198.0,20,0,0,1,0,20,96.5,93.7,5,0,0,0,60.9,37.3,0,100.0,0
1199.0,20,0,0,1,0,20,96.5,93.7,5,0,0,0,60.8,37.2,0,100.0,0
1200.0,20,0,0,1,0,20,96.5,93.7,5,0,0,0,60.8,37.2,0,100.0,0
1201.0,20,0,0,1,0,20,96.5,93.7,5,0,0,0,60.7,37.1,0,100.0,0
1202.0,20,0,0,1,0,20,96.5,93.7,5,0,0,0,60.7,37.1,0,100.0,0
1203.0,20,0,0,1,0,20,97.2,93.7,4,0,0,0,60.6,37.0,0,100.0,0
1204.0,20,0,0,1,0,20,97.2,93.7,4,0,0,0,60.6,37.0,0,100.0,0
1205.0,20,0,0,1,0,20,96.5,93.7,5,0,0,0,60.5,36.9,0,100.0,0
1206.0,20,0,0,1,0,20,95.8,93.7,6,0,0,0,60.5,36.9,0,100.0,0
1207.0,20,0,0,1,0,20,96.5,93.7,5,0,0,0,60.4,36.8,0,100.0,0
1208.0,20,0,0,1,0,20,96.5,93.7,5,0,0,0,60.4,36.8,0,100.0,0
1209.0,20,0,0,1,0,20,96.5,93.7,5,0,0,0,60.3,36.7,0,100.0,0
1210.0,20,0,0,1,0,20,96.5,93.7,5,0,0,0,60.3,36.7,0,100.0,0
1211.0,20,0,0,1,0,20,96.5,93.7,5,0,0,0,60.2,36.6,0,100.0,0
1212.0,20,0,0,1,0,20,96.5,93.7,5,0,0,0,60.2,36.6,0,100.0,0
1213.0,20,0,0,1,0,20,95.8,93.7,6,0,0,0,60.1,36.5,0,100.0,0
1214.0,20,0,0,1,0,20,95.8,93.7,6,0,0,0,60.1,36.4,0,100.0,0
1215.0,20,0,0,1,0,20,95.8,93.7,6,0,0,0,60.0,36.4,0,100.0,0
1216.0,20,0,0,1,0,20,95.8,93.7,6,0,0,0,60.0,36.3,0,100.0,0
1217.0,20,0,0,1,0,20,95.8,93.7,6,0,0,0,59.9,36.3,0,100.0,0
1218.0,20,0,0,1,0,20,96.5,93.7,5,0,0,0,59.9,36.2,0,100.0,0
1219.0,20,0,0,1,0,20,96.5,93.7,5,0,0,0,59.8,36.2,0,100.0,0
1220.0,20,0,0,1,0,20,96.5,93.6,5,0,0,0,59.8,36.1,0,100.0,0
1221.0,20,0,0,1,0,20,97.2,93.6,4,0,0,0,59.7,36.1,0,100.0,0
1222.0,20,0,0,1,0,20,97.2,93.6,4,0,0,0,59.7,36.0,0,100.0,0
1223.0,20,0,0,1,0,20,97.2,93.6,4,0,0,0,59.6,36.0,0,100.0,0
1224.0,20,0,0,1,0,20,97.2,93.6,4,0,0,0,59.6,35.9,0,100.0,0
1225.0,20,0,0,1,0,20,97.2,93.6,4,0,0,0,59.5,35.9,0,100.0,0
1226.0,20,0,0,1,0,20,97.2,93.6,4,0,0,0,59.5,35.8,0,100.0,0
1227.0,20,0,0,1,0,20,97.2,93.6,4,0,0,0,59.4,35.8,0,100.0,0
1228.0,20,0,0,1,0,20,97.2,93.6,4,0,0,0,59.4,35.7,0,100.0,0
1229.0,20,0,0,1,0,20,97.2,93.6,4,0,0,0,59.3,35.7,0,100.0,0
1230.0,20,0,0,1,0,20,97.2,93.6,4,0,0,0,59.3,35.6,0,100.0,0
1231.0,20,0,0,1,0,20,97.2,93.6,4,0,0,0,59.2,35.5,0,100.0,0
1232.0,20,0,0,1,0,20,97.2,93.6,4,0,0,0,59.2,35.5,0,100.0,0
1233.0,20,0,0,1,0,20,96.5,93.6,5,0,0,0,59.1,35.4,0,100.0,0
1234.0,20,0,0,1,0,20,96.5,93.6,5,0,0,0,59.1,35.4,0,100.0,0
1235.0,20,0,0,1,0,20,96.5,93.6,5,0,0,0,59.0,35.3,0,100.0,0
1236.0,20,0,0,1,0,20,96.5,93.6,5,0,0,0,59.0,35.3,0,100.0,0
1237.0,20,0,0,1,0,20,96.5,93.6,5,0,0,0,58.9,35.2,0,100.0,0
1238.0,20,0,0,1,0,20,96.5,93.6,5,0,0,0,58.9,35.2,0,100.0,0
1239.0,20,0,0,1,0,20,96.5,93.6,5,0,0,0,58.8,35.1,0,100.0,0
1240.0,20,0,0,1,0,20,96.5,93.6,5,0,0,0,58.8,35.1,0,100.0,0
1241.0,20,0,0,1,0,20,96.5,93.6,5,0,0,0,58.7,35.0,0,100.0,0
1242.0,20,0,0,1,0,20,96.5,93.6,5,0,0,0,58.7,35.0,0,100.0,0
1243.0,20,0,0,1,0,20,96.5,93.6,5,0,0,0,58.6,34.9,0,100.0,0
1244.0,20,0,0,1,0,20,96.5,93.6,5,0,0,0,58.6,34.9,0,100.0,0
1245.0,20,0,0,1,0,20,96.5,93.6,5,0,0,0,58.5,34.8,0,100.0,0
1246.0,20,0,0,1,0,20,96.5,93.6,5,0,0,0,58.5,34.8,0,100.0,0
1247.0,20,0,0,1,0,20,97.2,93.6,4,0,0,0,58.4,34.7,0,100.0,0
1248.0,20,0,0,1,0,20,97.2,93.6,4,0,0,0,58.4,34.6,0,100.0,0
1249.0,20,0,0,1,0,20,97.2,93.6,4,0,0,0,58.3,34.6,0,100.0,0
1250.0,20,0,0,1,0,20,97.2,93.6,4,0,0,0,58.3,34.5,0,100.0,0
1251.0,20,0,0,1,0,20,97.2,93.6,4,0,0,0,58.2,34.5,0,100.0,0
1252.0,20,0,0,1,0,20,96.5,93.6,5,0,0,0,58.2,34.4,0,100.0,0
1253.0,20,0,0,1,0,20,96.5,93.6,5,0,0,0,58.1,34.4,0,100.0,0
1254.0,20,0,0,1,0,20,96.5,93.6,5,0,0,0,58.1,34.3,0,100.0,0
1255.0,20,0,0,1,0,20,97.2,93.6,4,0,0,0,58.0,34.3,0,100.0,0
1256.0,20,0,0,1,0,20,97.2,93.6,4,0,0,0,58.0,34.2,0,100.0,0
1257.0,20,0,0,1,0,20,97.2,93.6,4,0,0,0,57.9,34.2,0,100.0,0
1258.0,20,0,0,1,0,20,97.2,93.6,4,0,0,0,57.9,34.1,0,100.0,0
1259.0,20,0,0,1,0,20,97.2,93.6,4,0,0,0,57.8,34.1,0,100.0,0
1260.0,20,0,0,1,0,20,96.5,93.6,5,0,0,0,57.8,34.0,0,100.0,0
1261.0,20,0,0,1,0,20,96.5,93.6,5,0,0,0,57.7,34.0,0,100.0,0
1262.0,20,0,0,1,0,20,96.5,93.6,5,0,0,0,57.7,33.9,0,100.0,0
1263.0,20,0,0,1,0,20,95.8,93.6,6,0,0,0,57.6,33.9,0,100.0,0
1264.0,20,0,0,1,0,20,95.8,93.6,6,0,0,0,57.6,33.8,0,100.0,0
1265.0,20,0,0,1,0,20,95.8,93.6,6,0,0,0,57.5,33.7,0,100.0,0
1266.0,20,0,0,1,0,20,95.1,93.6,7,0,0,0,57.5,33.7,0,100.0,0
1267.0,20,0,0,1,0,20,95.1,93.6,7,0,0,0,57.4,33.6,0,100.0,0
1268.0,20,0,0,1,0,20,95.1,93.6,7,0,0,0,57.4,33.6,0,100.0,0
1269.0,20,0,0,1,0,20,95.1,93.6,7,0,0,0,57.3,33.5,0,100.0,0
1270.0,20,0,0,1,0,20,94.4,93.6,8,0,0,0,57.3,33.5,0,100.0,0
1271.0,20,0,0,1,0,20,93.8,93.6,9,0,0,0,57.2,33.4,0,100.0,0
1272.0,20,0,0,1,0,20,93.8,93.6,9,0,0,0,57.2,33.4,0,100.0,0
1273.0,20,0,0,1,0,20,93.8,93.6,9,0,0,0,57.1,33.3,0,100.0,0
1274.0,20,0,0,1,0,20,93.8,93.6,9,0,0,0,57.1,33.3,0,100.0,0
1275.0,20,0,0,1,0,20,93.1,93.6,10,0,0,0,57.0,33.2,0,100.0,0
1276.0,20,0,0,1,0,20,93.1,93.6,10,0,0,0,57.0,33.2,0,100.0,0
1277.0,20,0,0,1,0,20,91.7,93.6,12,0,0,0,56.9,33.1,0,100.0,0
1278.0,20,0,0,1,0,20,91.7,93.6,12,0,0,0,56.9,33.1,0,100.0,0
1279.0,20,0,0,1,0,20,91.7,93.6,12,0,0,0,56.8,33.0,0,100.0,0
1280.0,20,0,0,1,0,20,91.7,93.6,12,0,0,0,56.8,33.0,0,100.0,0
1281.0,20,0,0,1,0,20,91.7,93.6,12,0,0,0,56.7,32.9,0,100.0,0
1282.0,20,0,0,1,0,20,91.7,93.6,12,0,0,0,56.7,32.8,0,100.0,0
1283.0,20,0,0,1,0,20,91.0,93.6,13,0,0,0,56.6,32.8,0,100.0,0
1284.0,20,0,0,1,0,20,91.0,93.5,13,0,0,0,56.6,32.7,0,100.0,0
1285.0,20,0,0,1,0,20,91.0,93.5,13,0,0,0,56.5,32.7,0,100.0,0
1286.0,20,0,0,1,0,20,91.0,93.5,13,0,0,0,56.5,32.6,0,100.0,0
1287.0,20,0,0,1,0,20,91.0,93.5,13,0,0,0,56.4,32.6,0,100.0,0
1288.0,20,0,0,1,0,20,91.7,93.5,12,0,0,0,56.4,32.5,0,100.0,0
1289.0,20,0,0,1,0,20,91.7,93.5,12,0,0,0,56.3,32.5,0,100.0,0
1290.0,20,0,0,1,0,20,91.7,93.5,12,0,0,0,56.3,32.4,0,100.0,0
1291.0,20,0,0,1,0,20,92.4,93.5,11,0,0,0,56.2,32.4,0,100.0,0
1292.0,20,0,0,1,0,20,92.4,93.5,11,0,0,0,56.2,32.3,0,100.0,0
1293.0,20,0,0,1,0,20,92.4,93.6,11,0,0,0,56.1,32.3,0,100.0,0
1294.0,20,0,0,1,0,20,93.1,93.6,10,0,0,0,56.1,32.2,0,100.0,0
1295.0,20,0,0,1,0,20,93.1,93.6,10,0,0,0,56.0,32.2,0,100.0,0
1296.0,20,0,0,1,0,20,93.1,93.6,10,0,0,0,56.0,32.1,0,100.0,0
1297.0,20,0,0,1,0,20,93.1,93.6,10,0,0,0,55.9,32.1,0,100.0,0
1298.0,20,0,0,1,0,20,93.1,93.6,10,0,0,0,55.9,32.1,0,100.0,0
1299.0,20,0,0,1,0,20,93.1,93.6,10,0,0,0,55.8,32.0,0,100.0,0
1300.0,20,0,0,1,0,20,93.1,93.6,10,0,0,0,55.8,32.0,0,100.0,0
1301.0,20,0,0,1,0,20,93.1,93.6,10,0,0,0,55.7,31.9,0,100.0,0
1302.0,20,0,0,1,0,20,93.1,93.7,10,0,0,0,55.7,31.9,0,100.0,0
1303.0,20,0,0,1,0,20,93.1,93.7,10,0,0,0,55.6,31.8,0,100.0,0
1304.0,20,0,0,1,0,20,92.4,93.7,11,0,0,0,55.6,31.8,0,100.0,0
1305.0,20,0,0,1,0,20,91.0,93.7,13,0,0,0,55.5,31.7,0,100.0,0
1306.0,20,0,0,1,0,20,91.0,93.7,13,0,0,0,55.5,31.7,0,100.0,0
1307.0,20,0,0,1,0,20,91.7,93.7,12,0,0,0,55.4,31.6,0,100.0,0
1308.0,20,0,0,1,0,20,91.0,93.7,13,0,0,0,55.4,31.5,0,100.0,0
1309.0,20,0,0,1,0,20,91.0,93.7,13,0,0,0,55.3,31.5,0,100.0,0
1310.0,20,0,0,1,0,20,91.0,93.7,13,0,0,0,55.3,31.4,0,100.0,0
1311.0,20,0,0,1,0,20,90.3,93.7,14,0,0,0,55.2,31.4,0,100.0,0
1312.0,20,0,0,1,0,20,88.9,93.7,16,0,0,0,55.2,31.3,0,100.0,0
1313.0,20,0,0,1,0,20,88.9,93.8,16,0,0,0,55.1,31.3,0,100.0,0
1314.0,20,0,0,1,0,20,89.6,93.8,15,0,0,0,55.1,31.2,0,100.0,0
1315.0,20,0,0,1,0,20,89.6,93.8,15,0,0,0,55.0,31.2,0,100.0,0
1316.0,20,0,0,1,0,20,89.6,93.8,15,0,0,0,55.0,31.1,0,100.0,0
1317.0,20,0,0,1,0,20,89.6,93.8,15,0,0,0,54.9,31.1,0,100.0,0
1318.0,20,0,0,1,0,20,88.2,93.8,17,0,0,0,54.9,31.0,0,100.0,0
1319.0,20,0,0,1,0,20,87.5,93.8,18,0,0,0,54.8,31.0,0,100.0,0
1320.0,20,0,0,1,0,20,87.5,93.8,18,0,0,0,54.8,30.9,0,100.0,0
1321.0,20,0,0,1,0,20,88.2,93.8,17,0,0,0,54.7,30.9,0,100.0,0
1322.0,20,0,0,1,0,20,87.5,93.8,18,0,0,0,54.7,30.8,0,100.0,0
1323.0,20,0,0,1,0,20,88.2,93.8,17,0,0,0,54.6,30.8,0,100.0,0
1324.0,20,0,0,1,0,20,88.2,93.8,17,0,0,0,54.6,30.7,0,100.0,0
1325.0,20,0,0,1,0,20,86.1,93.7,20,0,0,0,54.5,30.6,0,100.0,0
1326.0,20,0,0,1,0,20,85.4,93.7,21,0,0,0,54.5,30.6,0,100.0,0
1327.0,20,0,0,1,0,20,86.1,93.7,20,0,0,0,54.4,30.5,0,100.0,0
1328.0,20,0,0,1,0,20,86.1,93.7,20,0,0,0,54.4,30.5,0,100.0,0
1329.0,20,0,0,1,0,20,86.1,93.7,20,0,0,0,54.3,30.4,0,100.0,0
1330.0,20,0,0,1,0,20,85.4,93.7,21,0,0,0,54.3,30.4,0,100.0,0
1331.0,20,0,0,1,0,20,85.4,93.7,21,0,0,0,54.2,30.3,0,100.0,0
1332.0,20,0,0,1,0,20,84.7,93.7,22,0,0,0,54.2,30.3,0,100.0,0
1333.0,20,0,0,1,0,20,84.7,93.7,22,0,0,0,54.1,30.2,0,100.0,0
1334.0,20,0,0,1,0,20,85.4,93.7,21,0,0,0,54.1,30.2,0,100.0,0
1335.0,20,0,0,1,0,20,85.4,93.6,21,0,0,0,54.0,30.1,0,100.0,0
1336.0,20,0,0,1,0,20,85.4,93.6,21,0,0,0,54.0,30.1,0,100.0,0
1337.0,20,0,0,1,0,20,84.7,93.6,22,0,0,0,53.9,30.0,0,100.0,0
1338.0,20,0,0,1,0,20,84.7,93.6,22,0,0,0,53.9,30.0,0,100.0,0
1339.0,20,0,0,1,0,20,84.7,93.6,22,0,0,0,53.8,29.9,0,100.0,0
1340.0,20,0,0,1,0,20,84.7,93.6,22,0,0,0,53.8,29.9,0,100.0,0
1341.0,20,0,0,1,0,20,85.4,93.6,21,0,0,0,53.7,29.8,0,100.0,0
1342.0,20,0,0,1,0,20,85.4,93.6,21,0,0,0,53.7,29.7,0,100.0,0
1343.0,20,0,0,1,0,20,86.1,93.6,20,0,0,0,53.6,29.7,0,100.0,0
1344.0,20,0,0,1,0,20,85.4,93.5,21,0,0,0,53.6,29.6,0,100.0,0
1345.0,20,0,0,1,0,20,84.7,93.5,22,0,0,0,53.5,29.6,0,100.0,0
1346.0,20,0,0,1,0,20,84.7,93.5,22,0,0,0,53.5,29.5,0,100.0,0
1347.0,20,0,0,1,0,20,84.0,93.5,23,0,0,0,53.4,29.5,0,100.0,0
1348.0,20,0,0,1,0,20,84.7,93.5,22,0,0,0,53.4,29.4,0,100.0,0
1349.0,20,0,0,1,0,20,84.7,93.4,22,0,0,0,53.3,29.4,0,100.0,0
1350.0,20,0,0,1,0,20,84.7,93.4,22,0,0,0,53.3,29.3,0,100.0,0
1351.0,20,0,0,1,0,20,84.7,93.4,22,0,0,0,53.2,29.3,0,100.0,0
1352.0,20,0,0,1,0,20,84.7,93.4,22,0,0,0,53.2,29.2,0,100.0,0
1353.0,20,0,0,1,0,20,86.1,93.4,20,0,0,0,53.1,29.2,0,100.0,0
1354.0,20,0,0,1,0,20,86.8,93.4,19,0,0,0,53.1,29.1,0,100.0,0
1355.0,20,0,0,1,0,20,86.8,93.4,19,0,0,0,53.0,29.1,0,100.0,0
1356.0,20,0,0,1,0,20,86.8,93.3,19,0,0,0,53.0,29.0,0,100.0,0
1357.0,20,0,0,1,0,20,87.5,93.3,18,0,0,0,52.9,29.0,0,100.0,0
1358.0,20,0,0,1,0,20,87.5,93.3,18,0,0,0,52.9,28.9,0,100.0,0
1359.0,20,0,0,1,0,20,87.5,93.3,18,0,0,0,52.8,28.9,0,100.0,0
1360.0,20,0,0,1,0,20,87.5,93.3,18,0,0,0,52.8,28.8,0,100.0,0
1361.0,20,0,0,1,0,20,88.2,93.3,17,0,0,0,52.7,28.7,0,100.0,0
1362.0,20,0,0,1,0,20,88.2,93.3,17,0,0,0,52.7,28.7,0,100.0,0
1363.0,20,0,0,1,0,20,89.6,93.2,15,0,0,0,52.6,28.6,0,100.0,0
1364.0,20,0,0,1,0,20,90.3,93.2,14,0,0,0,52.6,28.6,0,100.0,0
1365.0,20,0,0,1,0,20,91.0,93.2,13,0,0,0,52.5,28.5,0,100.0,0
1366.0,20,0,0,1,0,20,91.0,93.2,13,0,0,0,52.5,28.5,0,100.0,0
1367.0,20,0,0,1,0,20,91.0,93.2,13,0,0,0,52.4,28.4,0,100.0,0
1368.0,20,0,0,1,0,20,91.0,93.2,13,0,0,0,52.4,28.4,0,100.0,0
1369.0,20,0,0,1,0,20,91.0,93.2,13,0,0,0,52.3,28.3,0,100.0,0
1370.0,20,0,0,1,0,20,91.0,93.2,13,0,0,0,52.3,28.3,0,100.0,0
1371.0,20,0,0,1,0,20,91.0,93.2,13,0,0,0,52.2,28.2,0,100.0,0
1372.0,20,0,0,1,0,20,91.0,93.2,13,0,0,0,52.2,28.2,0,100.0,0
1373.0,20,0,0,1,0,20,91.7,93.1,12,0,0,0,52.1,28.1,0,100.0,0
1374.0,20,0,0,1,0,20,92.4,93.1,11,0,0,0,52.1,28.1,0,100.0,0
1375.0,20,0,0,1,0,20,92.4,93.1,11,0,0,0,52.0,28.0,0,100.0,0
1376.0,20,0,0,1,0,20,93.1,93.1,10,0,0,0,52.0,28.0,0,100.0,0
1377.0,20,0,0,1,0,20,93.1,93.1,10,0,0,0,51.9,27.9,0,100.0,0
1378.0,20,0,0,1,0,20,93.1,93.1,10,0,0,0,51.9,27.8,0,100.0,0
1379.0,20,0,0,1,0,20,93.1,93.1,10,0,0,0,51.8,27.8,0,100.0,0
1380.0,20,0,0,1,0,20,93.8,93.1,9,0,0,0,51.8,27.7,0,100.0,0
1381.0,20,0,0,1,0,20,93.8,93.1,9,0,0,0,51.7,27.7,0,100.0,0
1382.0,20,0,0,1,0,20,93.8,93.1,9,0,0,0,51.7,27.6,0,100.0,0
1383.0,20,0,0,1,0,20,94.4,93.1,8,0,0,0,51.6,27.6,0,100.0,0
1384.0,20,0,0,1,0,20,95.1,93.1,7,0,0,0,51.6,27.5,0,100.0,0
1385.0,20,0,0,1,0,20,95.1,93.1,7,0,0,0,51.5,27.5,0,100.0,0
1386.0,20,0,0,1,0,20,95.1,93.1,7,0,0,0,51.5,27.4,0,100.0,0
1387.0,20,0,0,1,0,20,95.1,93.1,7,0,0,0,51.4,27.4,0,100.0,0
1388.0,20,0,0,1,0,20,95.1,93.1,7,0,0,0,51.4,27.3,0,100.0,0
1389.0,20,0,0,1,0,20,95.1,93.1,7,0,0,0,51.3,27.3,0,100.0,0
1390.0,20,0,0,1,0,20,95.1,93.1,7,0,0,0,51.3,27.2,0,100.0,0
1391.0,20,0,0,1,0,20,95.8,93.1,6,0,0,0,51.2,27.2,0,100.0,0
1392.0,20,0,0,1,0,20,95.1,93.1,7,0,0,0,51.2,27.1,0,100.0,0
1393.0,20,0,0,1,0,20,95.1,93.1,7,0,0,0,51.1,27.1,0,100.0,0
1394.0,20,0,0,1,0,20,94.4,93.1,8,0,0,0,51.1,27.0,0,100.0,0
1395.0,20,0,0,1,0,20,94.4,93.1,8,0,0,0,51.0,26.9,0,100.0,0
1396.0,20,0,0,1,0,20,95.1,93.1,7,0,0,0,51.0,26.9,0,100.0,0
1397.0,20,0,0,1,0,20,95.1,93.1,7,0,0,0,50.9,26.8,0,100.0,0
1398.0,20,0,0,1,0,20,95.1,93.1,7,0,0,0,50.9,26.8,0,100.0,0
1399.0,20,0,0,1,0,20,95.1,93.1,7,0,0,0,50.8,26.7,0,100.0,0
1400.0,20,0,0,1,0,20,95.1,93.1,7,0,0,0,50.8,26.7,0,100.0,0
1401.0,20,0,0,1,0,20,95.8,93.1,6,0,0,0,50.7,26.6,0,100.0,0
1402.0,20,0,0,1,0,20,95.8,93.1,6,0,0,0,50.7,26.6,0,100.0,0
1403.0,20,0,0,1,0,20,95.8,93.1,6,0,0,0,50.6,26.5,0,100.0,0
1404.0,20,0,0,1,0,20,95.8,93.1,6,0,0,0,50.6,26.5,0,100.0,0
1405.0,20,0,0,1,0,20,95.8,93.1,6,0,0,0,50.5,26.4,0,100.0,0
1406.0,20,0,0,1,0,20,95.8,93.1,6,0,0,0,50.5,26.4,0,100.0,0
1407.0,20,0,0,1,0,20,95.8,93.1,6,0,0,0,50.4,26.3,0,100.0,0
1408.0,20,0,0,1,0,20,95.8,93.1,6,0,0,0,50.4,26.3,0,100.0,0
1409.0,20,0,0,1,0,20,95.8,93.1,6,0,0,0,50.3,26.2,0,100.0,0
1410.0,20,0,0,1,0,20,95.8,93.1,6,0,0,0,50.3,26.2,0,100.0,0
1411.0,20,0,0,1,0,20,95.8,93.1,6,0,0,0,50.2,26.1,0,100.0,0
1412.0,20,0,0,1,0,20,95.8,93.1,6,0,0,0,50.2,26.0,0,100.0,0
1413.0,20,0,0,1,0,20,95.1,93.1,7,0,0,0,50.1,26.0,0,100.0,0
1414.0,20,0,0,1,0,20,95.1,93.1,7,0,0,0,50.1,25.9,0,100.0,0
1415.0,20,0,0,1,0,20,95.1,93.1,7,0,0,0,50.0,25.9,0,100.0,0
1416.0,20,0,0,1,0,20,95.1,93.1,7,0,0,0,50.0,25.8,0,100.0,0
1417.0,20,0,0,1,0,20,95.1,93.1,7,0,0,0,49.9,25.8,0,100.0,0
1418.0,20,0,0,1,0,20,95.1,93.1,7,0,0,0,49.9,25.7,0,100.0,0
1419.0,20,0,0,1,0,20,95.1,93.1,7,0,0,0,49.8,25.7,0,100.0,0
1420.0,20,0,0,1,0,20,95.1,93.1,7,0,0,0,49.8,25.6,0,100.0,0
1421.0,20,0,0,1,0,20,95.1,93.1,7,0,0,0,49.7,25.6,0,100.0,0
1422.0,20,0,0,1,0,20,95.1,93.1,7,0,0,0,49.7,25.5,0,100.0,0
1423.0,20,0,0,1,0,20,94.4,93.0,8,0,0,0,49.6,25.5,0,100.0,0
1424.0,20,0,0,1,0,20,94.4,93.0,8,0,0,0,49.6,25.4,0,100.0,0
1425.0,20,0,0,1,0,20,95.1,93.0,7,0,0,0,49.5,25.4,0,100.0,0
1426.0,20,0,0,1,0,20,94.4,93.0,8,0,0,0,49.5,25.3,0,100.0,0
1427.0,20,0,0,1,0,20,95.1,93.0,7,0,0,0,49.4,25.3,0,100.0,0
1428.0,20,0,0,1,0,20,95.1,93.0,7,0,0,0,49.4,25.2,0,100.0,0
1429.0,20,0,0,1,0,20,95.1,93.0,7,0,0,0,49.3,25.1,0,100.0,0
1430.0,20,0,0,1,0,20,95.1,93.0,7,0,0,0,49.3,25.1,0,100.0,0
1431.0,20,0,0,1,0,20,95.1,93.0,7,0,0,0,49.2,25.0,0,100.0,0
1432.0,20,0,0,1,0,20,95.1,93.0,7,0,0,0,49.2,25.0,0,100.0,0
1433.0,20,0,0,1,0,20,95.1,93.0,7,0,0,0,49.1,24.9,0,100.0,0
1434.0,20,0,0,1,0,20,95.1,93.0,7,0,0,0,49.1,24.9,0,100.0,0
1435.0,20,0,0,1,0,20,95.1,93.0,7,0,0,0,49.0,24.8,0,100.0,0
1436.0,20,0,0,1,0,20,95.8,93.0,6,0,0,0,49.0,24.8,0,100.0,0
1437.0,20,0,0,1,0,20,95.8,93.0,6,0,0,0,48.9,24.7,0,100.0,0
1438.0,20,0,0,1,0,20,95.8,93.0,6,0,0,0,48.9,24.7,0,100.0,0
1439.0,20,0,0,1,0,20,95.8,93.0,6,0,0,0,48.8,24.6,0,100.0,0
1440.0,20,0,0,1,0,20,95.8,93.0,6,0,0,0,48.8,24.6,0,100.0,0
1441.0,20,0,0,1,0,20,96.5,93.0,5,0,0,0,48.7,24.5,0,100.0,0
1442.0,20,0,0,1,0,20,96.5,93.0,5,0,0,0,48.7,24.5,0,100.0,0
1443.0,20,0,0,1,0,20,97.2,93.0,4,0,0,0,48.6,24.4,0,100.0,0
1444.0,20,0,0,1,0,20,97.2,93.0,4,0,0,0,48.6,24.4,0,100.0,0
1445.0,20,0,0,1,0,20,97.2,93.0,4,0,0,0,48.5,24.3,0,100.0,0
1446.0,20,0,0,1,0,20,97.2,93.0,4,0,0,0,48.5,24.2,0,100.0,0
1447.0,20,0,0,1,0,20,97.2,93.0,4,0,0,0,48.4,24.2,0,100.0,0
1448.0,20,0,0,1,0,20,96.5,93.0,5,0,0,0,48.4,24.1,0,100.0,0
1449.0,19,0,1,1,0,20,96.5,93.0,5,0,0,0,48.3,24.1,0,100.0,0
1450.0,19,0,1,1,0,20,96.5,93.0,5,0,0,0,48.3,24.0,0,100.0,0
1451.0,19,0,1,1,0,20,96.5,93.0,5,0,0,0,48.2,24.0,0,100.0,0
1452.0,19,0,1,1,0,20,96.5,93.0,5,0,0,0,48.2,23.9,0,100.0,0
1453.0,19,0,1,1,0,20,96.5,93.0,5,0,0,0,48.2,23.9,0,100.0,0
1454.0,19,0,1,1,0,20,95.8,93.0,6,0,0,0,48.1,23.8,0,100.0,0
1455.0,19,0,1,1,0,20,95.8,93.0,6,0,0,0,48.1,23.8,0,100.0,0
1456.0,19,0,1,1,0,20,96.5,93.0,5,0,0,0,48.0,23.7,0,100.0,0
1457.0,19,0,1,1,0,20,96.5,93.0,5,0,0,0,48.0,23.7,0,100.0,0
1458.0,19,0,1,1,0,20,95.8,93.0,6,0,0,0,47.9,23.6,0,100.0,0
1459.0,19,0,1,1,0,20,95.8,93.0,6,0,0,0,47.9,23.6,0,100.0,0
1460.0,19,0,1,1,0,20,95.8,93.0,6,0,0,0,47.8,23.5,0,100.0,0
1461.0,18,0,2,1,0,20,96.5,93.0,5,0,0,0,47.8,23.5,0,100.0,0
1462.0,18,0,2,1,0,20,96.5,93.0,5,0,0,0,47.7,23.5,0,100.0,0
1463.0,18,0,2,1,0,20,95.8,93.0,6,0,0,0,47.7,23.5,0,100.0,0
1464.0,18,0,2,1,0,20,95.8,93.0,6,0,0,0,47.6,23.5,0,100.0,0
1465.0,18,0,2,1,0,20,95.8,92.9,6,0,0,0,47.6,23.5,0,100.0,0
1466.0,18,0,2,1,0,20,95.8,92.9,6,0,0,0,47.6,23.5,0,100.0,0
1467.0,18,0,2,1,0,20,95.8,92.9,6,0,0,0,47.5,23.4,0,100.0,0
1468.0,18,0,2,1,0,20,95.8,92.9,6,0,0,0,47.5,23.4,0,100.0,0
1469.0,18,0,2,1,0,20,95.8,92.9,6,0,0,0,47.4,23.3,0,100.0,0
1470.0,18,0,2,1,0,20,95.1,92.9,7,0,0,0,47.4,23.3,0,100.0,0
1471.0,18,0,2,1,0,20,95.1,92.9,7,0,0,0,47.3,23.2,0,100.0,0
1472.0,18,0,2,1,0,20,95.8,92.9,6,0,0,0,47.3,23.2,0,100.0,0
1473.0,18,0,2,1,0,20,95.8,92.9,6,0,0,0,47.2,23.1,0,100.0,0
1474.0,17,0,3,1,0,20,95.8,92.9,6,0,0,0,47.2,23.1,0,100.0,0
1475.0,17,0,3,1,0,20,95.8,92.9,6,0,0,0,47.1,23.0,0,100.0,0
1476.0,17,0,3,1,0,20,95.8,92.9,6,0,0,0,47.1,23.0,0,100.0,0
1477.0,17,0,3,1,0,20,95.8,92.9,6,0,0,0,47.1,22.9,0,100.0,0
1478.0,17,0,3,1,0,20,95.8,92.9,6,0,0,0,47.0,22.8,0,100.0,0
1479.0,17,0,3,1,0,20,95.8,92.9,6,0,0,0,47.0,22.8,0,100.0,0
1480.0,17,0,3,1,0,20,95.8,92.9,6,0,0,0,46.9,22.7,0,100.0,0
1481.0,17,0,3,1,0,20,95.8,92.9,6,0,0,0,46.9,22.7,0,100.0,0
1482.0,16,0,4,1,0,20,95.8,92.9,6,0,0,0,46.8,22.7,0,100.0,0
1483.0,16,0,4,1,0,20,96.5,92.9,5,0,0,0,46.8,22.7,0,100.0,0
1484.0,16,0,4,1,0,20,96.5,92.9,5,0,0,0,46.8,22.7,0,100.0,0
1485.0,16,0,4,1,0,20,95.8,92.9,6,0,0,0,46.7,22.7,0,100.0,0
1486.0,16,0,4,1,0,20,95.1,92.9,7,0,0,0,46.7,22.7,0,100.0,0
1487.0,16,0,4,1,0,20,95.1,92.9,7,0,0,0,46.6,22.7,0,100.0,0
1488.0,16,0,4,1,0,20,95.1,92.8,7,0,0,0,46.6,22.7,0,100.0,0
1489.0,16,0,4,1,0,20,95.1,92.8,7,0,0,0,46.6,22.7,0,100.0,0
1490.0,16,0,4,1,0,20,95.1,92.8,7,0,0,0,46.5,22.7,0,100.0,0
1491.0,16,0,4,1,0,20,95.1,92.8,7,0,0,0,46.5,22.7,0,100.0,0
1492.0,16,0,4,1,0,20,95.1,92.8,7,0,0,0,46.5,22.7,0,100.0,0
1493.0,16,0,4,1,0,20,94.4,92.8,8,0,0,0,46.4,22.7,0,100.0,0
1494.0,16,0,4,1,0,20,94.4,92.8,8,0,0,0,46.4,22.7,0,100.0,0
1495.0,16,0,4,1,0,20,95.1,92.8,7,0,0,0,46.3,22.7,0,100.0,0
1496.0,16,0,4,1,0,20,95.8,92.8,6,0,0,0,46.3,22.7,0,100.0,0
1497.0,16,0,4,1,0,20,95.8,92.8,6,0,0,0,46.3,22.7,0,100.0,0
1498.0,16,0,4,1,0,20,95.8,92.8,6,0,0,0,46.2,22.7,0,100.0,0
1499.0,16,0,4,1,0,20,95.8,92.8,6,0,0,0,46.2,22.7,0,100.0,0
1500.0,16,0,4,1,0,20,95.8,92.8,6,0,0,0,46.1,22.7,0,100.0,0
1501.0,16,0,4,1,0,20,95.1,92.8,7,0,0,0,46.1,22.7,0,100.0,0
1502.0,16,0,4,1,0,20,95.1,92.8,7,0,0,0,46.1,22.7,0,100.0,0
1503.0,16,0,4,1,0,20,95.1,92.7,7,0,0,0,46.0,22.7,0,100.0,0
1504.0,16,0,4,1,0,20,95.8,92.7,6,0,0,0,46.0,22.7,0,100.0,0
1505.0,16,0,4,1,0,20,95.8,92.7,6,0,0,0,45.9,22.7,0,100.0,0
1506.0,16,0,4,1,0,20,95.8,92.8,6,0,0,0,45.9,22.7,0,100.0,0
1507.0,16,0,4,1,0,20,95.8,92.8,6,0,0,0,45.9,22.7,0,100.0,0
1508.0,16,0,4,1,0,20,96.5,92.8,5,0,0,0,45.8,22.7,0,100.0,0
1509.0,16,1,3,1,0,19,96.5,92.8,5,0,0,0,49.4,22.7,0,100.0,0
1510.0,17,0,3,1,0,20,96.5,92.8,5,0,0,0,49.3,22.7,0,100.0,0
1511.0,17,0,3,1,0,20,95.8,92.8,6,0,0,0,49.3,22.7,0,100.0,0
1512.0,17,0,3,1,0,20,95.1,92.8,7,0,0,0,49.2,22.7,0,100.0,0
1513.0,17,0,3,1,0,20,95.1,92.8,7,0,0,0,49.2,22.7,0,100.0,0
1514.0,17,0,3,1,0,20,95.1,92.8,7,0,0,0,49.2,22.7,0,100.0,0
1515.0,17,0,3,1,0,20,95.1,92.8,7,0,0,0,49.1,22.7,0,100.0,0
1516.0,17,0,3,1,0,20,95.1,92.8,7,0,0,0,49.1,22.7,0,100.0,0
1517.0,17,0,3,1,0,20,95.1,92.8,7,0,0,0,49.0,22.7,0,100.0,0
1518.0,17,0,3,1,0,20,95.1,92.8,7,0,0,0,49.0,22.7,0,100.0,0
1519.0,17,0,3,1,0,20,95.1,92.9,7,0,0,0,48.9,22.7,0,100.0,0
1520.0,17,0,3,1,0,20,94.4,92.9,8,0,0,0,48.9,22.7,0,100.0,0
1521.0,17,1,2,1,0,19,93.8,92.9,9,0,0,0,52.5,22.7,0,100.0,0
1522.0,18,0,2,1,0,20,93.1,92.9,10,0,0,0,52.5,22.7,0,100.0,0
1523.0,18,0,2,1,0,20,93.1,92.9,10,0,0,0,52.4,22.7,0,100.0,0
1524.0,18,0,2,1,0,20,93.1,92.9,10,0,0,0,52.4,22.7,0,100.0,0
1525.0,18,0,2,1,0,20,93.1,92.9,10,0,0,0,52.3,22.7,0,100.0,0
1526.0,18,0,2,1,0,20,93.1,92.9,10,0,0,0,52.3,22.7,0,100.0,0
1527.0,18,0,2,1,0,20,93.1,92.9,10,0,0,0,52.2,22.7,0,100.0,0
1528.0,18,0,2,1,0,20,93.1,92.9,10,0,0,0,52.2,22.7,0,100.0,0
1529.0,18,0,2,1,0,20,93.1,92.9,10,0,0,0,52.1,22.7,0,100.0,0
1530.0,18,0,2,1,0,20,93.1,92.9,10,0,0,0,52.1,22.7,0,100.0,0
1531.0,18,0,2,1,0,20,93.1,93.0,10,0,0,0,52.1,22.7,0,100.0,0
1532.0,18,0,2,1,0,20,93.1,93.0,10,0,0,0,52.0,22.7,0,100.0,0
1533.0,18,0,2,1,0,20,92.4,93.0,11,0,0,0,52.0,22.7,0,100.0,0
1534.0,18,1,1,1,0,19,92.4,93.0,11,0,0,0,55.6,22.7,0,100.0,0
1535.0,19,0,1,1,0,20,92.4,92.9,11,0,0,0,55.5,22.7,0,100.0,0
1536.0,19,0,1,1,0,20,92.4,92.9,11,0,0,0,55.5,22.7,0,100.0,0
1537.0,19,0,1,1,0,20,92.4,92.9,11,0,0,0,55.4,22.7,0,100.0,0
1538.0,19,0,1,1,0,20,92.4,92.9,11,0,0,0,55.4,22.7,0,100.0,0
1539.0,19,0,1,1,0,20,91.7,92.9,12,0,0,0,55.3,22.7,0,100.0,0
1540.0,19,0,1,1,0,20,91.7,92.9,12,0,0,0,55.3,22.7,0,100.0,0
1541.0,19,0,1,1,0,20,91.7,92.9,12,0,0,0,55.2,22.7,0,100.0,0
1542.0,19,1,0,1,0,19,92.4,92.9,11,0,0,0,58.9,27.3,0,100.0,0
1543.0,20,0,0,1,0,20,91.7,92.9,12,0,0,0,58.8,27.2,0,100.0,0
1544.0,20,0,0,1,0,20,91.7,92.9,12,0,0,0,58.8,27.2,0,100.0,0
1545.0,20,0,0,1,0,20,91.7,92.9,12,0,0,0,58.7,27.1,0,100.0,0
1546.0,20,0,0,1,0,20,91.7,92.9,12,0,0,0,58.7,27.1,0,100.0,0
1547.0,20,0,0,1,0,20,91.7,92.9,12,0,0,0,58.6,27.0,0,100.0,0
1548.0,20,0,0,1,0,20,92.4,92.9,11,0,0,0,58.6,27.0,0,100.0,0
1549.0,20,0,0,1,0,20,91.7,92.9,12,0,0,0,58.5,26.9,0,100.0,0
1550.0,20,0,0,1,0,20,91.7,92.9,12,0,0,0,58.5,26.9,0,100.0,0
1551.0,20,0,0,1,0,20,91.0,92.9,13,0,0,0,58.4,26.8,0,100.0,0
1552.0,20,0,0,1,0,20,91.0,92.9,13,0,0,0,58.4,26.8,0,100.0,0
1553.0,20,0,0,1,0,20,91.0,92.9,13,0,0,0,58.3,26.7,0,100.0,0
1554.0,20,0,0,1,0,20,91.0,93.0,13,0,0,0,58.3,26.7,0,100.0,0
1555.0,20,0,0,1,0,20,91.0,93.0,13,0,0,0,58.2,26.6,0,100.0,0
1556.0,20,0,0,1,0,20,91.0,93.0,13,0,0,0,58.2,26.6,0,100.0,0
1557.0,20,0,0,1,0,20,90.3,93.0,14,0,0,0,58.1,26.5,0,100.0,0
1558.0,20,0,0,1,0,20,90.3,93.0,14,0,0,0,58.1,26.5,0,100.0,0
1559.0,20,0,0,1,0,20,89.6,93.0,15,0,0,0,58.0,26.4,0,100.0,0
1560.0,20,0,0,1,0,20,89.6,93.0,15,0,0,0,58.0,26.3,0,100.0,0
1561.0,20,0,0,1,0,20,89.6,93.0,15,0,0,0,57.9,26.3,0,100.0,0
1562.0,20,0,0,1,0,20,89.6,93.0,15,0,0,0,57.9,26.2,0,100.0,0
1563.0,20,0,0,1,0,20,89.6,93.0,15,0,0,0,57.8,26.2,0,100.0,0
1564.0,20,0,0,1,0,20,89.6,93.0,15,0,0,0,57.8,26.1,0,100.0,0
1565.0,20,0,0,1,0,20,88.2,93.0,17,0,0,0,57.7,26.1,0,100.0,0
1566.0,20,0,0,1,0,20,87.5,93.0,18,0,0,0,57.7,26.0,0,100.0,0
1567.0,20,0,0,1,0,20,88.2,93.0,17,0,0,0,57.6,26.0,0,100.0,0
1568.0,20,0,0,1,0,20,88.2,93.1,17,0,0,0,57.6,25.9,0,100.0,0
1569.0,20,0,0,1,0,20,88.2,93.1,17,0,0,0,57.5,25.9,0,100.0,0
1570.0,20,0,0,1,0,20,88.2,93.1,17,0,0,0,57.5,25.8,0,100.0,0
1571.0,20,0,0,1,0,20,88.2,93.1,17,0,0,0,57.4,25.8,0,100.0,0
1572.0,20,0,0,1,0,20,86.8,93.1,19,0,0,0,57.4,25.7,0,100.0,0
1573.0,20,0,0,1,0,20,86.1,93.1,20,0,0,0,57.3,25.7,0,100.0,0
1574.0,20,0,0,1,0,20,86.1,93.1,20,0,0,0,57.3,25.6,0,100.0,0
1575.0,20,0,0,1,0,20,86.1,93.1,20,0,0,0,57.2,25.6,0,100.0,0
1576.0,20,0,0,1,0,20,85.4,93.1,21,0,0,0,57.2,25.5,0,100.0,0
1577.0,20,0,0,1,0,20,85.4,93.1,21,0,0,0,57.1,25.4,0,100.0,0
1578.0,20,0,0,1,0,20,85.4,93.1,21,0,0,0,57.1,25.4,0,100.0,0
1579.0,20,0,0,1,0,20,84.7,93.1,22,0,0,0,57.0,25.3,0,100.0,0
1580.0,20,0,0,1,0,20,84.0,93.1,23,0,0,0,57.0,25.3,0,100.0,0
1581.0,20,0,0,1,0,20,84.0,93.1,23,0,0,0,56.9,25.2,0,100.0,0
1582.0,20,0,0,1,0,20,84.0,93.1,23,0,0,0,56.9,25.2,1,87.5,0
1583.0,20,0,0,1,0,20,84.0,93.1,23,0,0,0,56.8,25.1,1,87.5,0
1584.0,20,0,0,1,0,20,84.0,93.1,23,0,0,0,56.8,25.1,1,87.5,0
1585.0,20,0,0,1,0,20,84.0,93.1,23,0,0,0,56.7,25.0,1,87.5,0
1586.0,20,0,0,1,0,20,81.9,93.1,26,0,0,0,56.7,25.0,1,87.5,0
1587.0,20,0,0,1,0,20,80.6,93.1,28,0,0,0,56.6,24.9,1,87.5,0
1588.0,20,0,0,1,0,20,80.6,93.0,28,0,0,0,56.6,24.9,1,87.5,0
1589.0,20,0,0,1,0,20,80.6,93.0,28,0,0,0,56.5,24.8,1,87.5,0
1590.0,20,0,0,1,0,20,80.6,93.0,28,0,0,0,56.5,24.8,1,87.5,0
1591.0,20,0,0,1,0,20,79.2,93.0,30,0,0,0,56.4,24.7,1,87.5,0
1592.0,20,0,0,1,0,20,78.5,93.0,31,0,0,0,56.4,24.7,1,87.5,0
1593.0,20,0,0,1,0,20,77.1,92.9,33,0,0,0,56.3,24.6,1,87.5,0
1594.0,20,0,0,1,0,20,77.8,92.9,32,0,0,0,56.3,24.5,1,87.5,0
1595.0,20,0,0,1,0,20,77.8,92.8,32,0,0,0,56.2,24.5,1,87.5,0
1596.0,20,0,0,1,0,20,77.8,92.8,32,0,0,0,56.2,24.4,1,87.5,0
1597.0,20,0,0,1,0,20,77.8,92.8,32,0,0,0,56.1,24.4,1,87.5,0
1598.0,20,0,0,1,0,20,78.5,92.7,31,0,0,0,56.1,24.3,1,87.5,0
1599.0,20,0,0,1,0,20,79.2,92.7,30,0,0,0,56.0,24.3,1,87.5,0
1600.0,20,0,0,1,0,20,79.2,92.7,30,0,0,0,56.0,24.2,1,87.5,0
1601.0,20,0,0,1,0,20,79.9,92.6,29,0,0,0,55.9,24.2,0,100.0,0
1602.0,20,0,0,1,0,20,79.9,92.6,29,0,0,0,55.9,24.1,0,100.0,0
1603.0,20,0,0,1,0,20,79.9,92.5,29,0,0,0,55.8,24.1,1,87.5,0
1604.0,20,0,0,1,0,20,81.2,92.5,27,0,0,0,55.8,24.0,1,87.5,0
1605.0,20,0,0,1,0,20,81.2,92.5,27,0,0,0,55.7,24.0,1,87.5,0
1606.0,20,0,0,1,0,20,81.9,92.4,26,0,0,0,55.7,23.9,1,87.5,0
1607.0,20,0,0,1,0,20,82.6,92.4,25,0,0,0,55.6,23.9,1,87.5,0
1608.0,20,0,0,1,0,20,81.9,92.4,26,0,0,0,55.6,23.8,1,87.5,0
1609.0,20,0,0,1,0,20,81.2,92.3,27,0,0,0,55.5,23.8,1,87.5,0
1610.0,20,0,0,1,0,20,81.2,92.3,27,0,0,0,55.5,23.7,1,87.5,0
1611.0,19,0,1,1,0,20,81.2,92.2,27,0,0,0,55.4,23.6,1,87.5,0
1612.0,19,0,1,1,0,20,81.2,92.2,27,0,0,0,55.4,23.6,1,87.5,0
1613.0,19,0,1,1,0,20,81.2,92.2,27,0,0,0,55.3,23.5,1,87.5,0
1614.0,19,0,1,1,0,20,81.2,92.1,27,0,0,0,55.3,23.5,1,87.5,0
1615.0,19,0,1,1,0,20,81.2,92.1,27,0,0,0,55.2,23.4,1,87.5,0
1616.0,19,0,1,1,0,20,81.2,92.0,27,0,0,0,55.2,23.4,1,87.5,0
1617.0,19,0,1,1,0,20,81.2,92.0,27,0,0,0,55.1,23.3,1,87.5,0
1618.0,19,0,1,1,0,20,80.6,91.9,28,0,0,0,55.1,23.3,1,87.5,0
1619.0,19,0,1,1,0,20,80.6,91.9,28,0,0,0,55.0,23.2,1,87.5,0
1620.0,18,0,2,1,0,20,80.6,91.8,28,0,0,0,55.0,23.2,1,87.5,0
1621.0,18,0,2,1,0,20,80.6,91.7,28,0,0,0,55.0,23.1,1,87.5,0
1622.0,18,0,2,1,0,20,80.6,91.7,28,0,0,0,54.9,23.1,1,87.5,0
1623.0,18,0,2,1,0,20,80.6,91.6,28,0,0,0,54.9,23.0,1,87.5,0
1624.0,18,0,2,1,0,20,80.6,91.6,28,0,0,0,54.8,23.0,1,87.5,0
1625.0,18,0,2,1,0,20,79.9,91.5,29,0,0,0,54.8,22.9,1,87.5,0
1626.0,17,0,3,1,0,20,79.9,91.4,29,0,0,0,54.7,22.9,1,87.5,0
1627.0,17,0,3,1,0,20,79.9,91.4,29,0,0,0,54.7,22.9,1,87.5,0
1628.0,17,0,3,1,0,20,79.9,91.3,29,0,0,0,54.6,22.9,1,87.5,0
1629.0,17,0,3,1,0,20,79.9,91.3,29,0,0,0,54.6,22.9,1,87.5,0
1630.0,17,0,3,1,0,20,79.9,91.2,29,0,0,0,54.6,22.9,1,87.5,0
1631.0,17,0,3,1,0,20,79.9,91.1,29,0,0,0,54.5,22.9,1,87.5,0
1632.0,17,0,3,1,0,20,79.9,91.1,29,0,0,0,54.5,22.9,1,87.5,0
1633.0,17,0,3,1,0,20,79.9,91.0,29,0,0,0,54.4,22.9,1,87.5,0
1634.0,17,0,3,1,0,20,80.6,90.9,28,0,0,0,54.4,22.8,1,87.5,0
1635.0,17,0,3,1,0,20,80.6,90.9,28,0,0,0,54.3,22.8,1,87.5,0
1636.0,17,0,3,1,0,20,80.6,90.8,28,0,0,0,54.3,22.7,1,87.5,0
1637.0,16,0,4,1,0,20,80.6,90.8,28,0,0,0,54.3,22.7,1,87.5,0
1638.0,16,0,4,1,0,20,80.6,90.7,28,0,0,0,54.2,22.7,1,87.5,0
1639.0,16,0,4,1,0,20,81.2,90.6,27,0,0,0,54.2,22.7,1,87.5,0
1640.0,16,0,4,1,0,20,81.2,90.6,27,0,0,0,54.1,22.7,1,87.5,0
1641.0,16,0,4,1,0,20,81.9,90.5,26,0,0,0,54.1,22.7,1,87.5,0
1642.0,16,0,4,1,0,20,81.9,90.5,26,0,0,0,54.1,22.7,1,87.5,0
1643.0,16,0,4,1,0,20,81.9,90.4,26,0,0,0,54.0,22.7,1,87.5,0
1644.0,16,0,4,1,0,20,82.6,90.4,25,0,0,0,54.0,22.7,1,87.5,0
1645.0,16,0,4,1,0,20,83.3,90.3,24,0,0,0,53.9,22.7,1,87.5,0
1646.0,16,0,4,1,0,20,83.3,90.3,24,0,0,0,53.9,22.7,1,87.5,0
1647.0,16,0,4,1,0,20,83.3,90.2,24,0,0,0,53.9,22.7,1,87.5,0
1648.0,16,0,4,1,0,20,83.3,90.1,24,0,0,0,53.8,22.7,1,87.5,0
1649.0,16,0,4,1,0,20,82.6,90.1,25,0,0,0,53.8,22.7,1,87.5,0
1650.0,16,0,4,1,0,20,82.6,90.0,25,0,0,0,53.7,22.7,1,87.5,0
1651.0,16,0,4,1,0,20,82.6,90.0,25,0,0,0,53.7,22.7,1,87.5,0
1652.0,16,0,4,1,0,20,83.3,89.9,24,0,0,0,53.7,22.7,1,87.5,0
1653.0,16,0,4,1,0,20,83.3,89.9,24,0,0,0,53.6,22.7,1,87.5,0
1654.0,16,0,4,1,0,20,83.3,89.8,24,0,0,0,53.6,22.7,1,87.5,0
1655.0,16,0,4,1,0,20,84.0,89.8,23,0,0,0,53.5,22.7,1,87.5,0
1656.0,16,0,4,1,0,20,84.0,89.7,23,0,0,0,53.5,22.7,1,87.5,0
1657.0,16,0,4,1,0,20,84.0,89.7,23,0,0,0,53.5,22.7,1,87.5,0
1658.0,16,0,4,1,0,20,84.0,89.6,23,0,0,0,53.4,22.7,1,87.5,0
1659.0,16,0,4,1,0,20,82.6,89.6,25,0,0,0,53.4,22.7,1,87.5,0
1660.0,16,0,4,1,0,20,82.6,89.5,25,0,0,0,53.3,22.7,1,87.5,0
1661.0,16,0,4,1,0,20,83.3,89.5,24,0,0,0,53.3,22.7,1,87.5,0
1662.0,16,0,4,1,0,20,83.3,89.4,24,0,0,0,53.3,22.7,1,87.5,0
1663.0,16,0,4,1,0,20,83.3,89.4,24,0,0,0,53.2,22.7,1,87.5,0
1664.0,16,0,4,1,0,20,84.0,89.4,23,0,0,0,53.2,22.7,1,87.5,0
1665.0,16,0,4,1,0,20,84.0,89.3,23,0,0,0,53.1,22.7,1,87.5,0
1666.0,16,0,4,1,0,20,82.6,89.3,25,0,0,0,53.1,22.7,1,87.5,0
1667.0,16,0,4,1,0,20,81.9,89.2,26,0,0,0,53.1,22.7,1,87.5,0
1668.0,16,0,4,1,0,20,83.3,89.2,24,0,0,0,53.0,22.7,2,75.0,0
1669.0,16,0,4,1,0,20,82.6,89.1,25,0,0,0,53.0,22.7,2,75.0,0
1670.0,16,0,4,1,0,20,83.3,89.1,24,0,0,0,52.9,22.7,1,87.5,0
1671.0,16,1,3,1,0,19,83.3,89.0,24,0,0,0,56.5,22.7,1,87.5,0
1672.0,17,0,3,1,0,20,81.9,88.9,26,0,0,0,56.5,22.7,1,87.5,0
1673.0,17,0,3,1,0,20,80.6,88.9,28,0,0,0,56.4,22.7,1,87.5,0
1674.0,17,0,3,1,0,20,81.2,88.8,27,0,0,0,56.4,22.7,1,87.5,0
1675.0,17,0,3,1,0,20,81.9,88.8,26,0,0,0,56.4,22.7,1,87.5,0
1676.0,17,0,3,1,0,20,82.6,88.7,25,0,0,0,56.3,22.7,0,100.0,0
1677.0,17,0,3,1,0,20,81.9,88.7,26,0,0,0,56.3,22.7,0,100.0,0
1678.0,17,0,3,1,0,20,81.9,88.6,26,0,0,0,56.2,22.7,0,100.0,0
1679.0,17,0,3,1,0,20,81.9,88.5,26,0,0,0,56.2,22.7,0,100.0,0
1680.0,17,1,2,1,0,19,81.9,88.5,26,0,0,0,59.8,22.7,0,100.0,0
1681.0,18,0,2,1,0,20,81.2,88.4,27,0,0,0,59.7,22.7,0,100.0,0
1682.0,18,0,2,1,0,20,81.9,88.4,26,0,0,0,59.7,22.7,0,100.0,0
1683.0,18,0,2,1,0,20,81.9,88.3,26,0,0,0,59.7,22.7,0,100.0,0
1684.0,18,0,2,1,0,20,81.9,88.2,26,0,0,0,59.6,22.7,0,100.0,0
1685.0,18,0,2,1,0,20,81.9,88.2,26,0,0,0,59.6,22.7,0,100.0,0
1686.0,18,1,1,1,0,19,81.9,88.1,26,0,0,0,63.2,22.7,0,100.0,0
1687.0,19,0,1,1,0,20,81.9,88.0,26,0,0,0,63.1,22.7,0,100.0,0
1688.0,19,0,1,1,0,20,81.9,88.0,26,0,0,0,63.1,22.7,0,100.0,0
1689.0,19,0,1,1,0,20,81.9,87.9,26,0,0,0,63.0,22.7,0,100.0,0
1690.0,19,0,1,1,0,20,81.9,87.9,26,0,0,0,63.0,22.7,0,100.0,0
1691.0,19,0,1,1,0,20,82.6,87.8,25,0,0,0,62.9,22.7,0,100.0,0
1692.0,19,0,1,1,0,20,82.6,87.7,25,0,0,0,62.9,22.7,0,100.0,0
1693.0,19,0,1,1,0,20,83.3,87.7,24,0,0,0,62.9,22.7,0,100.0,0
1694.0,19,0,1,1,0,20,82.6,87.6,25,0,0,0,62.8,22.7,0,100.0,0
1695.0,19,0,1,1,0,20,83.3,87.6,24,0,0,0,62.8,22.7,0,100.0,0
1696.0,19,0,1,1,0,20,83.3,87.5,24,0,0,0,62.7,22.7,0,100.0,0
1697.0,19,1,0,1,0,19,82.6,87.5,25,0,0,0,66.3,26.7,0,100.0,0
1698.0,19,1,0,1,0,19,81.9,87.4,26,0,0,0,66.3,26.7,0,100.0,0
1699.0,19,1,0,1,0,19,81.9,87.4,26,0,0,0,66.3,26.6,0,100.0,0
1700.0,19,1,0,1,0,19,81.9,87.3,26,0,0,0,66.2,26.6,0,100.0,0
1701.0,19,1,0,1,0,19,81.9,87.2,26,0,0,0,66.2,26.5,0,100.0,0
1702.0,19,1,0,1,0,19,81.9,87.2,26,0,0,0,66.1,26.5,0,100.0,0
1703.0,19,1,0,1,0,19,83.3,87.1,24,0,0,0,66.1,26.4,0,100.0,0
1704.0,19,1,0,1,0,19,83.3,87.1,24,0,0,0,66.0,26.4,0,100.0,0
1705.0,19,1,0,1,0,19,83.3,87.0,24,0,0,0,66.0,26.3,0,100.0,0
1706.0,19,1,0,1,0,19,84.0,87.0,23,0,0,0,65.9,26.3,0,100.0,0
1707.0,19,1,0,1,0,19,83.3,86.9,24,0,0,0,65.9,26.2,0,100.0,0
1708.0,19,1,0,1,0,19,84.0,86.9,23,0,0,0,65.8,26.2,0,100.0,0
1709.0,19,1,0,1,0,19,84.0,86.8,23,0,0,0,65.8,26.1,0,100.0,0
1710.0,19,1,0,1,0,19,84.0,86.8,23,0,0,0,65.7,26.1,0,100.0,0
1711.0,19,1,0,1,0,19,83.3,86.7,24,0,0,0,65.7,26.0,0,100.0,0
1712.0,19,1,0,1,0,19,83.3,86.7,24,0,0,0,65.6,26.0,0,100.0,0
1713.0,19,1,0,1,0,19,81.9,86.6,26,0,0,0,65.6,25.9,0,100.0,0
1714.0,19,1,0,1,0,19,81.9,86.6,26,0,0,0,65.5,25.9,0,100.0,0
1715.0,19,1,0,1,0,19,81.9,86.5,26,0,0,0,65.5,25.8,0,100.0,0
1716.0,19,1,0,1,0,19,81.2,86.4,27,0,0,0,65.5,25.7,0,100.0,0
1717.0,19,1,0,1,0,19,81.2,86.4,27,0,0,0,65.4,25.7,0,100.0,0
1718.0,19,1,0,1,0,19,81.2,86.3,27,0,0,0,65.4,25.6,0,100.0,0
1719.0,19,1,0,1,0,19,81.2,86.3,27,0,0,0,65.3,25.6,1,87.5,0
1720.0,19,1,0,1,0,19,81.2,86.2,27,0,0,0,65.3,25.5,1,87.5,0
1721.0,19,1,0,1,0,19,80.6,86.1,28,0,0,0,65.2,25.5,1,87.5,0
1722.0,19,1,0,1,0,19,80.6,86.1,28,0,0,0,65.2,25.4,1,87.5,0
1723.0,19,1,0,1,0,19,79.9,86.0,29,0,0,0,65.1,25.4,1,87.5,0
1724.0,19,1,0,1,0,19,79.9,85.9,29,0,0,0,65.1,25.3,1,87.5,0
1725.0,19,1,0,1,0,19,80.6,85.9,28,0,0,0,65.0,25.3,1,87.5,0
1726.0,19,1,0,1,0,19,81.2,85.8,27,0,0,0,65.0,25.2,1,87.5,0
1727.0,19,1,0,1,0,19,81.2,85.8,27,0,0,0,64.9,25.2,1,87.5,0
1728.0,19,1,0,1,0,19,81.9,85.7,26,0,0,0,64.9,25.1,1,87.5,0
1729.0,19,1,0,1,0,19,81.9,85.6,26,0,0,0,64.8,25.1,1,87.5,0
1730.0,19,1,0,1,0,19,81.9,85.6,26,0,0,0,64.8,25.0,1,87.5,0
1731.0,19,1,0,1,0,19,81.9,85.5,26,0,0,0,64.7,25.0,1,87.5,0
1732.0,19,1,0,1,0,19,81.9,85.5,26,0,0,0,64.7,24.9,1,87.5,0
1733.0,19,1,0,1,0,19,81.9,85.4,26,0,0,0,64.6,24.8,1,87.5,0
1734.0,19,0,1,1,0,20,81.9,85.4,26,0,0,0,64.6,24.8,1,87.5,0
1735.0,19,0,1,1,0,20,82.6,85.3,25,0,0,0,64.5,24.8,1,87.5,0
1736.0,19,0,1,1,0,20,82.6,85.3,25,0,0,0,64.5,24.8,1,87.5,0
1737.0,18,0,2,1,0,20,82.6,85.2,25,0,0,0,64.5,24.8,1,87.5,0
1738.0,18,0,2,1,0,20,81.9,85.2,26,0,0,0,64.4,24.8,1,87.5,0
1739.0,18,0,2,1,0,20,82.6,85.1,25,0,0,0,64.4,24.8,1,87.5,0
1740.0,18,0,2,1,0,20,82.6,85.0,25,0,0,0,64.3,24.8,1,87.5,0
1741.0,18,0,2,1,0,20,81.9,85.0,26,0,0,0,64.3,24.8,1,87.5,0
1742.0,18,0,2,1,0,20,81.9,84.9,26,0,0,0,64.2,24.8,1,87.5,0
1743.0,18,0,2,1,0,20,81.9,84.9,26,0,0,0,64.2,24.7,1,87.5,0
1744.0,18,0,2,1,0,20,81.9,84.8,26,0,0,0,64.1,24.7,1,87.5,0
1745.0,18,0,2,1,0,20,82.6,84.8,25,0,0,0,64.1,24.6,1,87.5,0
1746.0,18,0,2,1,0,20,82.6,84.7,25,0,0,0,64.1,24.6,1,87.5,0
1747.0,18,0,2,1,0,20,82.6,84.7,25,0,0,0,64.0,24.5,1,87.5,0
1748.0,18,0,2,1,0,20,82.6,84.6,25,0,0,0,64.0,24.5,1,87.5,0
1749.0,18,0,2,1,0,20,82.6,84.5,25,0,0,0,63.9,24.4,1,87.5,0
1750.0,18,0,2,1,0,20,83.3,84.5,24,0,0,0,63.9,24.4,1,87.5,0
1751.0,18,0,2,1,0,20,82.6,84.4,25,0,0,0,63.8,24.3,1,87.5,0
1752.0,18,0,2,1,0,20,83.3,84.4,24,0,0,0,63.8,24.3,1,87.5,0
1753.0,18,0,2,1,0,20,83.3,84.3,24,0,0,0,63.7,24.2,1,87.5,0
1754.0,18,0,2,1,0,20,84.0,84.3,23,0,0,0,63.7,24.2,1,87.5,0
1755.0,18,0,2,1,0,20,84.0,84.2,23,0,0,0,63.6,24.1,1,87.5,0
1756.0,18,0,2,1,0,20,84.0,84.2,23,0,0,0,63.6,24.1,1,87.5,0
1757.0,18,0,2,1,0,20,84.7,84.1,22,0,0,0,63.6,24.0,1,87.5,0
1758.0,18,0,2,1,0,20,84.7,84.1,22,0,0,0,63.5,24.0,1,87.5,0
1759.0,18,0,2,1,0,20,84.7,84.1,22,0,0,0,63.5,23.9,1,87.5,0
1760.0,18,0,2,1,0,20,84.7,84.0,22,0,0,0,63.4,23.8,1,87.5,0
1761.0,18,0,2,1,0,20,85.4,84.0,21,0,0,0,63.4,23.8,1,87.5,0
1762.0,18,0,2,1,0,20,84.7,84.0,22,0,0,0,63.3,23.7,1,87.5,0
1763.0,18,0,2,1,0,20,84.7,83.9,22,0,0,0,63.3,23.7,1,87.5,0
1764.0,18,0,2,1,0,20,84.7,83.9,22,0,0,0,63.2,23.6,1,87.5,0
1765.0,18,0,2,1,0,20,85.4,83.9,21,0,0,0,63.2,23.6,1,87.5,0
1766.0,18,0,2,1,0,20,85.4,83.8,21,0,0,0,63.1,23.5,1,87.5,0
1767.0,18,0,2,1,0,20,85.4,83.8,21,0,0,0,63.1,23.5,1,87.5,0
1768.0,18,0,2,1,0,20,86.1,83.8,20,0,0,0,63.1,23.4,0,100.0,0
1769.0,18,0,2,1,0,20,86.8,83.7,19,0,0,0,63.0,23.4,0,100.0,0
1770.0,18,0,2,1,0,20,86.8,83.7,19,0,0,0,63.0,23.3,0,100.0,0
1771.0,17,0,3,1,0,20,86.8,83.7,19,0,0,0,62.9,23.3,0,100.0,0
1772.0,17,0,3,1,0,20,87.5,83.7,18,0,0,0,62.9,23.2,0,100.0,0
1773.0,17,0,3,1,0,20,87.5,83.6,18,0,0,0,62.8,23.2,0,100.0,0
1774.0,17,0,3,1,0,20,87.5,83.6,18,0,0,0,62.8,23.1,0,100.0,0
1775.0,17,0,3,1,0,20,88.2,83.6,17,0,0,0,62.7,23.1,0,100.0,0
1776.0,17,0,3,1,0,20,88.2,83.6,17,0,0,0,62.7,23.0,0,100.0,0
1777.0,17,0,3,1,0,20,88.2,83.6,17,0,0,0,62.7,22.9,0,100.0,0
1778.0,17,0,3,1,0,20,88.9,83.6,16,0,0,0,62.6,22.9,0,100.0,0
1779.0,17,0,3,1,0,20,89.6,83.5,15,0,0,0,62.6,22.8,0,100.0,0
1780.0,17,0,3,1,0,20,89.6,83.5,15,0,0,0,62.5,22.8,0,100.0,0
1781.0,17,0,3,1,0,20,89.6,83.5,15,0,0,0,62.5,22.7,0,100.0,0
1782.0,17,0,3,1,0,20,90.3,83.5,14,0,0,0,62.5,22.7,0,100.0,0
1783.0,17,0,3,1,0,20,90.3,83.5,14,0,0,0,62.4,22.6,0,100.0,0
1784.0,16,0,4,1,0,20,91.0,83.5,13,0,0,0,62.4,22.6,0,100.0,0
1785.0,16,0,4,1,0,20,91.0,83.5,13,0,0,0,62.3,22.6,0,100.0,0
1786.0,16,0,4,1,0,20,91.0,83.5,13,0,0,0,62.3,22.6,0,100.0,0
1787.0,16,0,4,1,0,20,90.3,83.5,14,0,0,0,62.3,22.6,0,100.0,0
1788.0,16,0,4,1,0,20,89.6,83.5,15,0,0,0,62.2,22.6,0,100.0,0
1789.0,16,0,4,1,0,20,89.6,83.5,15,0,0,0,62.2,22.6,0,100.0,0
1790.0,16,0,4,1,0,20,91.0,83.5,13,0,0,0,62.1,22.6,0,100.0,0
1791.0,16,0,4,1,0,20,91.0,83.5,13,0,0,0,62.1,22.6,0,100.0,0
1792.0,16,0,4,1,0,20,91.0,83.5,13,0,0,0,62.1,22.6,0,100.0,0
1793.0,16,0,4,1,0,20,91.7,83.5,12,0,0,0,62.0,22.6,0,100.0,0
1794.0,16,1,3,1,0,19,91.7,83.5,12,0,0,0,65.6,22.6,0,100.0,0
1795.0,16,1,3,1,0,19,91.0,83.5,13,0,0,0,65.5,22.6,0,100.0,0
1796.0,16,1,3,1,0,19,91.0,83.5,13,0,0,0,65.5,22.6,0,100.0,0
1797.0,16,2,2,1,0,18,90.3,83.5,14,0,0,0,69.0,22.6,0,100.0,0
1798.0,16,2,2,1,0,18,91.0,83.5,13,0,0,0,69.0,22.6,0,100.0,0
1799.0,16,2,2,1,0,18,90.3,83.5,14,0,0,0,68.9,22.6,0,100.0,0
1800.0,16,2,2,0,1,18,90.3,83.5,14,0,0,0,68.9,22.6,0,100.0,0
1801.0,16,2,2,0,1,18,89.6,83.5,15,0,0,0,68.8,22.6,0,100.0,0
1802.0,16,2,2,0,1,18,90.3,83.5,14,0,0,0,68.8,22.6,0,100.0,0
1803.0,16,2,2,0,1,18,90.3,83.5,14,0,0,0,68.7,22.6,0,100.0,0
1804.0,16,2,2,0,1,18,90.3,83.5,14,0,0,0,68.7,22.6,0,100.0,0
1805.0,16,2,2,0,1,18,89.6,83.5,15,0,0,0,68.7,22.6,0,100.0,0
1806.0,16,2,2,0,1,18,89.6,83.5,15,0,0,0,68.6,22.6,0,100.0,0
1807.0,16,2,2,0,1,18,89.6,83.5,15,0,0,0,68.6,22.6,0,100.0,0
1808.0,16,2,2,0,1,18,88.9,83.5,16,0,0,0,68.5,22.6,0,100.0,0
1809.0,16,2,2,0,1,18,90.3,83.5,14,0,0,0,68.5,22.6,0,100.0,0
1810.0,16,2,2,0,1,18,90.3,83.5,14,0,0,0,68.5,22.6,0,100.0,0
1811.0,16,2,2,0,1,18,90.3,83.5,14,0,0,0,68.4,22.6,0,100.0,0
1812.0,16,2,2,0,1,18,88.9,83.6,16,0,0,0,68.4,22.6,0,100.0,0
1813.0,16,2,2,0,1,18,88.9,83.6,16,0,0,0,68.3,22.6,0,100.0,0
1814.0,16,2,2,0,1,18,88.9,83.6,16,0,0,0,68.3,22.6,0,100.0,0
1815.0,16,2,2,0,1,18,88.9,83.6,16,0,0,0,68.3,22.6,0,100.0,0
1816.0,16,2,2,0,1,18,88.9,83.6,16,0,0,0,68.2,22.6,0,100.0,0
1817.0,16,2,2,0,1,18,88.2,83.6,17,0,0,0,68.2,22.6,0,100.0,0
1818.0,16,2,2,0,1,18,86.8,83.6,19,0,0,0,68.1,22.6,0,100.0,0
1819.0,16,2,2,0,1,18,86.8,83.6,19,0,0,0,68.1,22.6,0,100.0,0
1820.0,16,2,2,0,1,18,86.8,83.6,19,0,0,0,68.1,22.6,0,100.0,0
1821.0,16,2,2,0,1,18,86.8,83.7,19,0,0,0,68.0,22.6,0,100.0,0
1822.0,16,2,2,0,1,18,86.1,83.7,20,0,0,0,68.0,22.6,1,87.5,0
1823.0,16,2,2,0,1,18,86.1,83.7,20,0,0,0,67.9,22.6,1,87.5,0
1824.0,16,2,2,0,1,18,86.1,83.7,20,0,0,0,67.9,22.6,1,87.5,0
1825.0,16,2,2,0,1,18,85.4,83.7,21,0,0,0,67.9,22.6,1,87.5,0
1826.0,16,2,2,0,1,18,85.4,83.7,21,0,0,0,67.8,22.6,1,87.5,0
1827.0,16,2,2,0,1,18,83.3,83.7,24,0,0,0,67.8,22.6,1,87.5,0
1828.0,16,2,2,0,1,18,83.3,83.7,24,0,0,0,67.7,22.6,1,87.5,0
1829.0,16,2,2,0,1,18,83.3,83.7,24,0,0,0,67.7,22.6,1,87.5,0
1830.0,16,2,2,0,1,18,82.6,83.7,25,0,0,0,67.7,22.6,1,87.5,0
1831.0,16,3,1,0,1,17,81.9,83.8,26,0,0,0,71.3,22.6,1,87.5,0
1832.0,16,3,1,0,1,17,81.9,83.8,26,0,0,0,71.2,22.6,1,87.5,0
1833.0,16,3,1,0,1,17,82.6,83.8,25,0,0,0,71.2,22.6,1,87.5,0
1834.0,16,3,1,0,1,17,82.6,83.8,25,0,0,0,71.1,22.6,1,87.5,0
1835.0,16,3,1,0,1,17,82.6,83.8,25,0,0,0,71.1,22.6,1,87.5,0
1836.0,16,3,1,0,1,17,81.9,83.8,26,0,0,0,71.1,22.6,1,87.5,0
1837.0,16,3,1,0,1,17,82.6,83.9,25,0,0,0,71.0,22.6,1,87.5,0
1838.0,16,3,1,0,1,17,82.6,83.9,25,0,0,0,71.0,22.6,1,87.5,0
1839.0,16,3,1,0,1,17,83.3,83.9,24,0,0,0,70.9,22.6,1,87.5,0
1840.0,16,3,1,0,1,17,83.3,83.9,24,0,0,0,70.9,22.6,1,87.5,0
1841.0,16,3,1,0,1,17,82.6,83.9,25,0,0,0,70.9,22.6,1,87.5,0
1842.0,16,3,1,0,1,17,82.6,83.9,25,0,0,0,70.8,22.6,1,87.5,0
1843.0,16,3,1,0,1,17,83.3,84.0,24,0,0,0,70.8,22.6,1,87.5,0
1844.0,16,4,0,0,1,16,83.3,84.0,24,0,0,0,74.4,27.4,1,87.5,0
1845.0,16,4,0,0,1,16,83.3,84.0,24,0,0,0,74.4,27.3,1,87.5,0
1846.0,16,4,0,0,1,16,84.0,84.0,23,0,0,0,74.4,27.3,1,87.5,0
1847.0,16,4,0,0,1,16,84.0,84.0,23,0,0,0,74.3,27.2,1,87.5,0
1848.0,16,4,0,0,1,16,84.0,84.0,23,0,0,0,74.3,27.1,1,87.5,0
1849.0,16,4,0,0,1,16,83.3,84.0,24,0,0,0,74.2,27.1,1,87.5,0
1850.0,16,4,0,0,1,16,83.3,84.0,24,0,0,0,74.2,27.0,1,87.5,0
1851.0,16,4,0,0,1,16,83.3,84.0,24,0,0,0,74.2,27.0,1,87.5,0
1852.0,16,4,0,0,1,16,84.0,84.0,23,0,0,0,74.1,26.9,1,87.5,0
1853.0,16,4,0,0,1,16,84.0,84.0,23,0,0,0,74.1,26.9,1,87.5,0
1854.0,16,4,0,0,1,16,84.0,84.1,23,0,0,0,74.0,26.8,1,87.5,0
1855.0,16,4,0,0,1,16,84.0,84.1,23,0,0,0,74.0,26.8,1,87.5,0
1856.0,16,4,0,0,1,16,83.3,84.1,24,0,0,0,74.0,26.7,1,87.5,0
1857.0,16,4,0,0,1,16,83.3,84.1,24,0,0,0,73.9,26.7,1,87.5,0
1858.0,16,4,0,0,1,16,82.6,84.1,25,0,0,0,73.9,26.6,1,87.5,0
1859.0,16,4,0,0,1,16,83.3,84.1,24,0,0,0,73.8,26.6,1,87.5,0
1860.0,16,4,0,0,1,16,83.3,84.1,24,0,0,0,73.8,26.5,2,75.0,1
1861.0,16,4,0,0,1,16,83.3,84.1,24,0,0,0,73.7,26.5,2,75.0,0
1862.0,16,4,0,0,1,16,84.0,84.1,23,0,0,0,73.7,26.4,2,75.0,0
1863.0,16,4,0,0,1,16,84.0,84.2,23,0,0,0,73.7,26.4,2,75.0,0
1864.0,16,4,0,0,1,16,84.7,84.2,22,0,0,0,73.6,26.3,2,75.0,0
1865.0,16,4,0,0,1,16,84.7,84.2,22,0,0,0,73.6,26.2,2,75.0,0
1866.0,16,4,0,0,1,16,84.7,84.2,22,0,0,0,73.6,26.2,2,75.0,0
1867.0,16,4,0,0,1,16,84.7,84.2,22,0,0,0,73.5,26.1,2,75.0,0
1868.0,16,4,0,0,1,16,84.7,84.3,22,0,0,0,73.5,26.1,2,75.0,0
1869.0,16,4,0,0,1,16,86.1,84.3,20,0,0,0,73.4,26.0,2,75.0,0
1870.0,16,4,0,0,1,16,87.5,84.3,18,0,0,0,73.4,26.0,2,75.0,0
1871.0,16,4,0,0,1,16,87.5,84.3,18,0,0,0,73.4,25.9,2,75.0,0
1872.0,16,4,0,0,1,16,88.9,84.4,16,0,0,0,73.3,25.9,1,87.5,0
1873.0,16,4,0,0,1,16,88.9,84.4,16,0,0,0,73.3,25.8,1,87.5,0
1874.0,16,4,0,0,1,16,88.9,84.5,16,0,0,0,73.2,25.8,1,87.5,0
1875.0,16,4,0,0,1,16,88.2,84.5,17,0,0,0,73.2,25.7,1,87.5,0
1876.0,16,4,0,0,1,16,88.9,84.5,16,0,0,0,73.2,25.7,1,87.5,0
1877.0,16,4,0,0,1,16,89.6,84.6,15,0,0,0,73.1,25.6,1,87.5,0
1878.0,16,4,0,0,1,16,89.6,84.6,15,0,0,0,73.1,25.6,1,87.5,0
1879.0,16,4,0,0,1,16,89.6,84.6,15,0,0,0,73.0,25.5,1,87.5,0
1880.0,16,4,0,0,1,16,89.6,84.7,15,0,0,0,73.0,25.5,1,87.5,0
1881.0,16,4,0,0,1,16,89.6,84.7,15,0,0,0,73.0,25.4,1,87.5,0
1882.0,16,4,0,0,1,16,88.9,84.7,16,0,0,0,72.9,25.4,1,87.5,0
1883.0,16,4,0,0,1,16,88.9,84.8,16,0,0,0,72.9,25.3,1,87.5,0
1884.0,16,4,0,0,1,16,88.9,84.8,16,0,0,0,72.8,25.2,1,87.5,0
1885.0,16,4,0,0,1,16,89.6,84.8,15,0,0,0,72.8,25.2,1,87.5,0
1886.0,16,4,0,0,1,16,89.6,84.8,15,0,0,0,72.8,25.1,1,87.5,0
1887.0,16,4,0,0,1,16,89.6,84.9,15,0,0,0,72.7,25.1,1,87.5,0
1888.0,16,4,0,0,1,16,89.6,84.9,15,0,0,0,72.7,25.0,1,87.5,0
1889.0,16,4,0,0,1,16,89.6,84.9,15,0,0,0,72.6,25.0,1,87.5,0
1890.0,16,4,0,0,1,16,89.6,84.9,15,0,0,0,72.6,24.9,1,87.5,0
1891.0,16,4,0,0,1,16,89.6,85.0,15,0,0,0,72.6,24.9,1,87.5,0
1892.0,16,4,0,0,1,16,90.3,85.0,14,0,0,0,72.5,24.8,1,87.5,0
1893.0,16,4,0,0,1,16,91.0,85.0,13,0,0,0,72.5,24.8,1,87.5,0
1894.0,16,4,0,0,1,16,91.0,85.1,13,0,0,0,72.4,24.7,1,87.5,0
1895.0,16,4,0,0,1,16,91.0,85.1,13,0,0,0,72.4,24.7,1,87.5,0
1896.0,16,3,1,0,1,17,91.0,85.1,13,0,0,0,72.4,24.6,1,87.5,0
1897.0,16,3,1,0,1,17,91.0,85.2,13,0,0,0,72.3,24.6,1,87.5,0
1898.0,16,3,1,0,1,17,91.7,85.2,12,0,0,0,72.3,24.5,1,87.5,0
1899.0,16,3,1,0,1,17,92.4,85.2,11,0,0,0,72.2,24.5,1,87.5,0
1900.0,16,3,1,0,1,17,93.8,85.3,9,0,0,0,72.2,24.4,1,87.5,0
1901.0,16,3,1,0,1,17,93.8,85.3,9,0,0,0,72.2,24.3,1,87.5,0
1902.0,16,3,1,0,1,17,93.8,85.4,9,0,0,0,72.1,24.3,1,87.5,0
1903.0,16,3,1,0,1,17,93.8,85.4,9,0,0,0,72.1,24.2,1,87.5,0
1904.0,16,3,1,0,1,17,93.8,85.4,9,0,0,0,72.0,24.2,1,87.5,0
1905.0,16,3,1,0,1,17,93.8,85.5,9,0,0,0,72.0,24.1,1,87.5,0
1906.0,16,3,1,0,1,17,93.8,85.5,9,0,0,0,72.0,24.1,1,87.5,0
1907.0,16,3,1,0,1,17,95.1,85.6,7,0,0,0,71.9,24.0,1,87.5,0
1908.0,16,2,2,0,1,18,95.1,85.6,7,0,0,0,71.9,24.0,1,87.5,0
1909.0,16,2,2,0,1,18,95.1,85.7,7,0,0,0,71.8,23.9,1,87.5,0
1910.0,16,1,3,0,1,19,95.1,85.7,7,0,0,0,71.8,23.9,1,87.5,0
1911.0,16,0,4,0,1,20,95.1,85.8,7,0,0,0,71.8,23.8,1,87.5,0
1912.0,16,0,4,0,1,20,95.1,85.8,7,0,0,0,71.7,23.8,1,87.5,0
1913.0,16,0,4,0,1,20,94.4,85.9,8,0,0,0,71.7,23.8,1,87.5,0
1914.0,16,0,4,0,1,20,93.8,86.0,9,0,0,0,71.6,23.8,1,87.5,0
1915.0,16,0,4,0,1,20,93.8,86.0,9,0,0,0,71.6,23.8,1,87.5,0
1916.0,16,0,4,0,1,20,93.1,86.0,10,0,0,0,71.6,23.8,1,87.5,0
1917.0,16,0,4,0,1,20,93.1,86.1,10,0,0,0,71.5,23.8,1,87.5,0
1918.0,16,0,4,0,1,20,93.1,86.1,10,0,0,0,71.5,23.8,1,87.5,0
1919.0,16,0,4,0,1,20,93.1,86.2,10,0,0,0,71.4,23.8,1,87.5,0
1920.0,16,0,4,0,1,20,92.4,86.2,11,0,0,0,71.4,23.8,1,87.5,0
1921.0,16,0,4,0,1,20,91.7,86.3,12,0,0,0,71.4,23.8,1,87.5,0
1922.0,16,0,4,0,1,20,91.7,86.3,12,0,0,0,71.3,23.8,1,87.5,0
1923.0,16,0,4,0,1,20,91.0,86.3,13,0,0,0,71.3,23.8,1,87.5,0
1924.0,16,0,4,0,1,20,89.6,86.4,15,0,0,0,71.2,23.8,1,87.5,0
1925.0,16,0,4,0,1,20,89.6,86.4,15,0,0,0,71.2,23.8,1,87.5,0
1926.0,16,0,4,0,1,20,89.6,86.4,15,0,0,0,71.2,23.8,1,87.5,0
1927.0,16,0,4,0,1,20,90.3,86.5,14,0,0,0,71.1,23.8,0,100.0,0
1928.0,16,0,4,0,1,20,88.9,86.5,16,0,0,0,71.1,23.8,0,100.0,0
1929.0,16,0,4,0,1,20,88.9,86.5,16,0,0,0,71.0,23.8,0,100.0,0
1930.0,16,0,4,0,1,20,88.9,86.6,16,0,0,0,71.0,23.8,0,100.0,0
1931.0,16,0,4,0,1,20,87.5,86.6,18,0,0,0,71.0,23.8,0,100.0,0
1932.0,16,0,4,0,1,20,87.5,86.6,18,0,0,0,70.9,23.8,0,100.0,0
1933.0,16,0,4,0,1,20,87.5,86.6,18,0,0,0,70.9,23.8,0,100.0,0
1934.0,16,0,4,0,1,20,86.8,86.6,19,0,0,0,70.8,23.8,0,100.0,0
1935.0,16,0,4,0,1,20,86.1,86.7,20,0,0,0,70.8,23.8,0,100.0,0
1936.0,16,0,4,0,1,20,86.1,86.7,20,0,0,0,70.8,23.8,0,100.0,0
1937.0,16,0,4,0,1,20,86.1,86.7,20,0,0,0,70.7,23.8,0,100.0,0
1938.0,16,0,4,0,1,20,86.1,86.7,20,0,0,0,70.7,23.8,0,100.0,0
1939.0,16,0,4,0,1,20,86.1,86.7,20,0,0,0,70.6,23.8,0,100.0,0
1940.0,16,0,4,0,1,20,86.1,86.7,20,0,0,0,70.6,23.8,0,100.0,0
1941.0,16,0,4,0,1,20,85.4,86.7,21,0,0,0,70.6,23.8,0,100.0,0
1942.0,16,0,4,0,1,20,85.4,86.8,21,0,0,0,70.5,23.8,0,100.0,0
1943.0,16,0,4,0,1,20,86.1,86.8,20,0,0,0,70.5,23.8,0,100.0,0
1944.0,16,0,4,0,1,20,86.1,86.8,20,0,0,0,70.4,23.8,0,100.0,0
1945.0,16,0,4,0,1,20,86.8,86.8,19,0,0,0,70.4,23.8,0,100.0,0
1946.0,16,0,4,0,1,20,86.8,86.8,19,0,0,0,70.4,23.8,0,100.0,0
1947.0,16,0,4,0,1,20,86.8,86.8,19,0,0,0,70.3,23.8,0,100.0,0
1948.0,16,0,4,0,1,20,86.8,86.8,19,0,0,0,70.3,23.8,0,100.0,0
1949.0,16,0,4,0,1,20,86.1,86.8,20,0,0,0,70.2,23.8,0,100.0,0
1950.0,16,0,4,0,1,20,86.1,86.9,20,0,0,0,70.2,23.8,0,100.0,1
1951.0,16,0,4,0,1,20,86.8,86.9,19,0,0,0,70.2,23.8,0,100.0,0
1952.0,16,0,4,0,1,20,86.8,86.9,19,0,0,0,70.1,23.8,0,100.0,0
1953.0,16,0,4,0,1,20,86.8,86.9,19,0,0,0,70.1,23.8,0,100.0,0
1954.0,16,0,4,0,1,20,87.5,86.9,18,0,0,0,70.0,23.8,0,100.0,0
1955.0,16,0,4,0,1,20,87.5,86.9,18,0,0,0,70.0,23.8,0,100.0,0
1956.0,16,1,3,0,1,19,86.8,87.0,19,0,0,0,73.5,23.8,0,100.0,0
1957.0,16,1,3,0,1,19,86.8,87.0,19,0,0,0,73.5,23.8,0,100.0,0
1958.0,16,1,3,0,1,19,87.5,87.0,18,0,0,0,73.5,23.8,0,100.0,0
1959.0,16,1,3,0,1,19,87.5,87.0,18,0,0,0,73.4,23.8,0,100.0,0
1960.0,16,1,3,0,1,19,88.2,87.1,17,0,0,0,73.4,23.8,0,100.0,0
1961.0,16,1,3,0,1,19,88.9,87.1,16,0,0,0,73.3,23.8,0,100.0,0
1962.0,16,1,3,0,1,19,88.2,87.1,17,0,0,0,73.3,23.8,0,100.0,0
1963.0,16,1,3,0,1,19,86.1,87.2,20,0,0,0,73.3,23.8,0,100.0,0
1964.0,16,1,3,0,1,19,86.1,87.2,20,0,0,0,73.2,23.8,0,100.0,0
1965.0,16,1,3,0,1,19,86.1,87.2,20,0,0,0,73.2,23.8,0,100.0,0
1966.0,16,1,3,0,1,19,86.1,87.2,20,0,0,0,73.1,23.8,0,100.0,0
1967.0,16,1,3,0,1,19,86.1,87.3,20,0,0,0,73.1,23.8,0,100.0,0
1968.0,16,2,2,0,1,18,86.1,87.3,20,0,0,0,76.7,23.8,0,100.0,0
1969.0,16,2,2,0,1,18,85.4,87.3,21,0,0,0,76.6,23.8,0,100.0,0
1970.0,16,3,1,0,1,17,83.3,87.3,24,0,0,0,80.2,23.8,0,100.0,0
1971.0,16,4,0,0,1,16,83.3,87.3,24,0,0,0,83.8,55.4,0,100.0,0
1972.0,16,4,0,0,1,16,82.6,87.3,25,0,0,0,83.8,55.4,0,100.0,0
1973.0,16,4,0,0,1,16,82.6,87.3,25,0,0,0,83.7,55.4,0,100.0,0
1974.0,16,4,0,0,1,16,81.2,87.3,27,0,0,0,83.7,55.3,0,100.0,0
1975.0,16,4,0,0,1,16,81.9,87.3,26,0,0,0,83.7,55.3,0,100.0,0
1976.0,16,4,0,0,1,16,80.6,87.3,28,0,0,0,83.6,55.2,0,100.0,0
1977.0,16,4,0,0,1,16,79.9,87.3,29,0,0,0,83.6,55.1,0,100.0,0
1978.0,16,4,0,0,1,16,79.9,87.3,29,0,0,0,83.5,55.1,0,100.0,0
1979.0,16,4,0,0,1,16,79.9,87.3,29,0,0,0,83.5,55.0,0,100.0,0
1980.0,16,4,0,0,1,16,79.2,87.2,30,0,0,0,83.5,55.0,0,100.0,1
1981.0,16,4,0,0,1,16,79.2,87.2,30,0,0,0,83.4,54.9,0,100.0,0
1982.0,16,4,0,0,1,16,79.9,87.2,29,0,0,0,83.4,54.9,0,100.0,0
1983.0,16,4,0,0,1,16,78.5,87.2,31,0,0,0,83.3,54.8,0,100.0,0
1984.0,16,4,0,0,1,16,78.5,87.2,31,0,0,0,83.3,54.8,0,100.0,0
1985.0,16,4,0,0,1,16,78.5,87.2,31,0,0,0,83.3,54.7,0,100.0,0
1986.0,16,4,0,0,1,16,78.5,87.2,31,0,0,0,83.2,54.7,0,100.0,0
1987.0,16,4,0,0,1,16,77.8,87.1,32,0,0,0,83.2,54.6,0,100.0,0
1988.0,16,4,0,0,1,16,77.8,87.1,32,0,0,0,83.1,54.6,0,100.0,0
1989.0,16,4,0,0,1,16,77.8,87.1,32,0,0,0,83.1,54.5,0,100.0,0
1990.0,16,4,0,0,1,16,76.4,87.1,34,0,0,0,83.1,54.5,0,100.0,0
1991.0,16,4,0,0,1,16,75.7,87.0,35,0,0,0,83.0,54.4,0,100.0,0
1992.0,16,4,0,0,1,16,75.7,87.0,35,0,0,0,83.0,54.4,0,100.0,0
1993.0,16,4,0,0,1,16,75.7,87.0,35,0,0,0,82.9,54.3,0,100.0,0
1994.0,16,4,0,0,1,16,75.7,86.9,35,0,0,0,82.9,54.2,0,100.0,0
1995.0,16,4,0,0,1,16,75.0,86.9,36,0,0,0,82.9,54.2,0,100.0,0
1996.0,16,4,0,0,1,16,74.3,86.9,37,0,0,0,82.8,54.1,0,100.0,0
1997.0,16,4,0,0,1,16,72.9,86.8,39,0,0,0,82.8,54.1,0,100.0,0
1998.0,16,4,0,0,1,16,72.9,86.8,39,0,0,0,82.7,54.0,0,100.0,0
1999.0,16,4,0,0,1,16,72.2,86.7,40,0,0,0,82.7,54.0,0,100.0,0
2000.0,16,4,0,0,1,16,71.5,86.7,41,0,0,0,82.7,53.9,0,100.0,0
2001.0,16,4,0,0,1,16,70.8,86.6,42,0,0,0,82.6,53.9,0,100.0,0
2002.0,16,4,0,0,1,16,71.5,86.5,41,0,0,0,82.6,53.8,0,100.0,0
2003.0,16,4,0,0,1,16,70.1,86.5,43,0,0,0,82.5,53.8,0,100.0,0
2004.0,16,4,0,0,1,16,70.1,86.4,43,0,0,0,82.5,53.7,0,100.0,0
2005.0,16,4,0,0,1,16,69.4,86.4,44,0,0,0,82.5,53.7,0,100.0,0
2006.0,16,4,0,0,1,16,69.4,86.3,44,0,0,0,82.4,53.6,0,100.0,0
2007.0,16,4,0,0,1,16,69.4,86.2,44,0,0,0,82.4,53.6,0,100.0,0
2008.0,16,4,0,0,1,16,70.8,86.2,42,0,0,0,82.3,53.5,0,100.0,0
2009.0,16,4,0,0,1,16,69.4,86.1,44,0,0,0,82.3,53.5,0,100.0,0
2010.0,16,4,0,0,1,16,69.4,86.0,44,0,0,0,82.3,53.4,0,100.0,1
2011.0,16,4,0,0,1,16,69.4,85.9,44,0,0,0,82.2,53.3,0,100.0,0
2012.0,16,4,0,0,1,16,69.4,85.9,44,0,0,0,82.2,53.3,0,100.0,0
2013.0,16,4,0,0,1,16,69.4,85.8,44,0,0,0,82.1,53.2,0,100.0,0
2014.0,16,4,0,0,1,16,69.4,85.7,44,0,0,0,82.1,53.2,1,87.5,0
2015.0,16,4,0,0,1,16,69.4,85.6,44,0,0,0,82.1,53.1,1,87.5,0
2016.0,16,4,0,0,1,16,70.1,85.6,43,0,0,0,82.0,53.1,1,87.5,0
2017.0,16,4,0,0,1,16,70.1,85.5,43,0,0,0,82.0,53.0,1,87.5,0
2018.0,16,4,0,0,1,16,70.8,85.4,42,0,0,0,81.9,53.0,1,87.5,0
2019.0,16,4,0,0,1,16,70.1,85.3,43,0,0,0,81.9,52.9,1,87.5,0
2020.0,16,4,0,0,1,16,69.4,85.2,44,0,0,0,81.9,52.9,1,87.5,0
2021.0,16,4,0,0,1,16,69.4,85.2,44,0,0,0,81.8,52.8,1,87.5,0
2022.0,16,4,0,0,1,16,70.1,85.1,43,0,0,0,81.8,52.8,1,87.5,0
2023.0,16,4,0,0,1,16,70.8,85.0,42,0,0,0,81.7,52.7,1,87.5,0
2024.0,16,4,0,0,1,16,70.8,84.9,42,0,0,0,81.7,52.7,1,87.5,0
2025.0,16,4,0,0,1,16,70.8,84.8,42,0,0,0,81.7,52.6,1,87.5,0
2026.0,16,4,0,0,1,16,70.8,84.7,42,0,0,0,81.6,52.6,1,87.5,0
2027.0,16,4,0,0,1,16,71.5,84.7,41,0,0,0,81.6,52.5,1,87.5,0
2028.0,16,4,0,0,1,16,71.5,84.6,41,0,0,0,81.5,52.5,1,87.5,0
2029.0,16,4,0,0,1,16,71.5,84.5,41,0,0,0,81.5,52.4,1,87.5,0
2030.0,16,4,0,0,1,16,71.5,84.4,41,0,0,0,81.5,52.4,1,87.5,0
2031.0,16,4,0,0,1,16,72.2,84.4,40,0,0,0,81.4,52.3,1,87.5,0
2032.0,16,4,0,0,1,16,72.9,84.3,39,0,0,0,81.4,52.3,1,87.5,0
2033.0,16,4,0,0,1,16,73.6,84.2,38,0,0,0,81.3,52.2,1,87.5,0
2034.0,16,4,0,0,1,16,73.6,84.1,38,0,0,0,81.3,52.1,1,87.5,0
2035.0,16,4,0,0,1,16,73.6,84.1,38,0,0,0,81.3,52.1,1,87.5,0
2036.0,16,4,0,0,1,16,73.6,84.0,38,0,0,0,81.2,52.0,1,87.5,0
2037.0,16,4,0,0,1,16,73.6,83.9,38,0,0,0,81.2,52.0,1,87.5,0
2038.0,16,4,0,0,1,16,75.0,83.9,36,0,0,0,81.1,51.9,1,87.5,0
2039.0,16,4,0,0,1,16,75.0,83.8,36,0,0,0,81.1,51.9,1,87.5,0
2040.0,16,4,0,0,1,16,75.0,83.7,36,0,0,0,81.1,51.8,1,87.5,0
2041.0,16,4,0,0,1,16,75.0,83.7,36,0,0,0,81.0,51.8,1,87.5,0
2042.0,16,4,0,0,1,16,75.0,83.6,36,0,0,0,81.0,51.7,1,87.5,0
2043.0,16,4,0,0,1,16,75.0,83.5,36,0,0,0,80.9,51.7,1,87.5,0
2044.0,16,4,0,0,1,16,75.7,83.5,35,0,0,0,80.9,51.6,1,87.5,0
2045.0,16,4,0,0,1,16,76.4,83.4,34,0,0,0,80.9,51.6,1,87.5,0
2046.0,16,4,0,0,1,16,76.4,83.4,34,0,0,0,80.8,51.5,1,87.5,0
2047.0,16,4,0,0,1,16,75.7,83.3,35,0,0,0,80.8,51.5,1,87.5,0
2048.0,16,4,0,0,1,16,75.7,83.3,35,0,0,0,80.7,51.4,1,87.5,0
2049.0,16,4,0,0,1,16,76.4,83.2,34,0,0,0,80.7,51.4,1,87.5,0
2050.0,16,4,0,0,1,16,77.1,83.1,33,0,0,0,80.7,51.3,1,87.5,0
2051.0,16,4,0,0,1,16,77.8,83.1,32,0,0,0,80.6,51.3,1,87.5,0
2052.0,16,4,0,0,1,16,79.9,83.1,29,0,0,0,80.6,51.2,1,87.5,0
2053.0,16,4,0,0,1,16,79.9,83.0,29,0,0,0,80.5,51.2,1,87.5,0
2054.0,16,4,0,0,1,16,79.9,83.0,29,0,0,0,80.5,51.1,1,87.5,0
2055.0,16,4,0,0,1,16,79.9,82.9,29,0,0,0,80.5,51.1,1,87.5,0
2056.0,16,4,0,0,1,16,79.9,82.9,29,0,0,0,80.4,51.0,1,87.5,0
2057.0,16,4,0,0,1,16,79.2,82.9,30,0,0,0,80.4,50.9,1,87.5,0
2058.0,16,4,0,0,1,16,79.9,82.8,29,0,0,0,80.3,50.9,1,87.5,0
2059.0,16,4,0,0,1,16,80.6,82.8,28,0,0,0,80.3,50.8,1,87.5,0
2060.0,16,4,0,0,1,16,80.6,82.8,28,0,0,0,80.3,50.8,1,87.5,0
2061.0,16,4,0,0,1,16,79.9,82.8,29,0,0,0,80.2,50.7,1,87.5,0
2062.0,16,4,0,0,1,16,79.9,82.7,29,0,0,0,80.2,50.7,2,75.0,0
2063.0,16,4,0,0,1,16,79.9,82.7,29,0,0,0,80.1,50.6,2,75.0,0
2064.0,16,4,0,0,1,16,79.2,82.7,30,0,0,0,80.1,50.6,2,75.0,0
2065.0,16,4,0,0,1,16,80.6,82.7,28,0,0,0,80.1,50.5,2,75.0,0
2066.0,16,4,0,0,1,16,80.6,82.6,28,0,0,0,80.0,50.5,2,75.0,0
2067.0,16,4,0,0,1,16,80.6,82.6,28,0,0,0,80.0,50.4,2,75.0,0
2068.0,16,4,0,0,1,16,80.6,82.6,28,0,0,0,79.9,50.4,2,75.0,0
2069.0,16,4,0,0,1,16,79.9,82.6,29,0,0,0,79.9,50.3,2,75.0,0
2070.0,16,4,0,0,1,16,79.9,82.6,29,0,0,0,79.9,50.3,2,75.0,0
2071.0,16,4,0,0,1,16,80.6,82.6,28,0,0,0,79.8,50.2,2,75.0,0
2072.0,16,4,0,0,1,16,80.6,82.6,28,0,0,0,79.8,50.2,2,75.0,0
2073.0,16,4,0,0,1,16,80.6,82.6,28,0,0,0,79.7,50.1,2,75.0,0
2074.0,16,4,0,0,1,16,80.6,82.6,28,0,0,0,79.7,50.0,2,75.0,0
2075.0,16,4,0,0,1,16,81.2,82.5,27,0,0,0,79.7,50.0,2,75.0,0
2076.0,16,4,0,0,1,16,81.2,82.5,27,0,0,0,79.6,49.9,2,75.0,0
2077.0,16,4,0,0,1,16,81.2,82.5,27,0,0,0,79.6,49.9,2,75.0,0
2078.0,16,4,0,0,1,16,82.6,82.5,25,0,0,0,79.5,49.8,2,75.0,0
2079.0,16,4,0,0,1,16,83.3,82.5,24,0,0,0,79.5,49.8,2,75.0,0
2080.0,16,4,0,0,1,16,83.3,82.5,24,0,0,0,79.5,49.7,2,75.0,0
2081.0,16,4,0,0,1,16,84.0,82.5,23,0,0,0,79.4,49.7,1,87.5,0
2082.0,16,4,0,0,1,16,85.4,82.6,21,0,0,0,79.4,49.6,1,87.5,0
2083.0,16,4,0,0,1,16,85.4,82.6,21,0,0,0,79.3,49.6,1,87.5,0
2084.0,16,4,0,0,1,16,85.4,82.6,21,0,0,0,79.3,49.5,1,87.5,0
2085.0,16,4,0,0,1,16,85.4,82.6,21,0,0,0,79.3,49.5,1,87.5,0
2086.0,16,4,0,0,1,16,86.1,82.6,20,0,0,0,79.2,49.4,1,87.5,0
2087.0,16,4,0,0,1,16,86.8,82.6,19,0,0,0,79.2,49.4,1,87.5,0
2088.0,16,4,0,0,1,16,87.5,82.6,18,0,0,0,79.1,49.3,1,87.5,0
2089.0,16,4,0,0,1,16,87.5,82.6,18,0,0,0,79.1,49.3,1,87.5,0
2090.0,16,4,0,0,1,16,87.5,82.7,18,0,0,0,79.1,49.2,1,87.5,0
2091.0,16,4,0,0,1,16,88.2,82.7,17,0,0,0,79.0,49.1,1,87.5,0
2092.0,16,4,0,0,1,16,88.9,82.7,16,0,0,0,79.0,49.1,1,87.5,0
2093.0,16,4,0,0,1,16,88.9,82.7,16,0,0,0,78.9,49.0,1,87.5,0
2094.0,16,4,0,0,1,16,88.9,82.7,16,0,0,0,78.9,49.0,0,100.0,0
2095.0,16,4,0,0,1,16,88.2,82.8,17,0,0,0,78.9,48.9,0,100.0,0
2096.0,16,4,0,0,1,16,88.2,82.8,17,0,0,0,78.8,48.9,0,100.0,0
2097.0,16,4,0,0,1,16,88.2,82.8,17,0,0,0,78.8,48.8,0,100.0,0
2098.0,16,4,0,0,1,16,88.2,82.8,17,0,0,0,78.7,48.8,0,100.0,0
2099.0,16,4,0,0,1,16,88.9,82.8,16,0,0,0,78.7,48.7,0,100.0,0
2100.0,16,4,0,0,1,16,88.9,82.9,16,0,0,0,78.7,48.7,0,100.0,0
2101.0,16,4,0,0,1,16,88.9,82.9,16,0,0,0,78.6,48.6,0,100.0,0
2102.0,16,4,0,0,1,16,88.9,82.9,16,0,0,0,78.6,48.6,0,100.0,0
2103.0,16,4,0,0,1,16,88.9,82.9,16,0,0,0,78.5,48.5,0,100.0,0
2104.0,16,4,0,0,1,16,88.9,82.9,16,0,0,0,78.5,48.5,0,100.0,0
2105.0,16,4,0,0,1,16,87.5,83.0,18,0,0,0,78.5,48.4,0,100.0,0
2106.0,16,4,0,0,1,16,87.5,83.0,18,0,0,0,78.4,48.4,0,100.0,0
2107.0,16,4,0,0,1,16,87.5,83.0,18,0,0,0,78.4,48.3,0,100.0,0
2108.0,16,4,0,0,1,16,87.5,83.0,18,0,0,0,78.3,48.2,0,100.0,0
2109.0,16,4,0,0,1,16,87.5,83.0,18,0,0,0,78.3,48.2,0,100.0,0
2110.0,16,4,0,0,1,16,87.5,83.0,18,0,0,0,78.3,48.2,0,100.0,0
2111.0,16,4,0,0,1,16,87.5,83.0,18,0,0,0,78.2,48.1,0,100.0,0
2112.0,16,4,0,0,1,16,88.2,83.0,17,0,0,0,78.2,48.1,0,100.0,0
2113.0,16,4,0,0,1,16,88.2,83.0,17,0,0,0,78.1,48.0,0,100.0,0
2114.0,16,4,0,0,1,16,88.2,83.0,17,0,0,0,78.1,48.0,0,100.0,0
2115.0,16,4,0,0,1,16,88.2,83.0,17,0,0,0,78.1,47.9,0,100.0,0
2116.0,16,4,0,0,1,16,88.2,83.0,17,0,0,0,78.0,47.9,0,100.0,0
2117.0,16,4,0,0,1,16,88.2,83.0,17,0,0,0,78.0,47.8,1,87.5,0
2118.0,16,4,0,0,1,16,88.2,83.0,17,0,0,0,77.9,47.8,1,87.5,0
2119.0,16,4,0,0,1,16,88.9,83.0,16,0,0,0,77.9,47.7,1,87.5,0
2120.0,16,4,0,0,1,16,89.6,83.0,15,0,0,0,77.9,47.7,1,87.5,0
2121.0,16,4,0,0,1,16,89.6,83.0,15,0,0,0,77.8,47.6,1,87.5,0
2122.0,16,4,0,0,1,16,89.6,83.0,15,0,0,0,77.8,47.6,1,87.5,0
2123.0,16,4,0,0,1,16,89.6,83.0,15,0,0,0,77.7,47.5,1,87.5,0
2124.0,16,4,0,0,1,16,89.6,83.0,15,0,0,0,77.7,47.5,1,87.5,0
2125.0,16,4,0,0,1,16,89.6,83.0,15,0,0,0,77.7,47.4,1,87.5,0
2126.0,16,4,0,0,1,16,89.6,83.0,15,0,0,0,77.6,47.4,1,87.5,0
2127.0,16,4,0,0,1,16,89.6,83.0,15,0,0,0,77.6,47.3,1,87.5,0
2128.0,16,4,0,0,1,16,89.6,83.0,15,0,0,0,77.5,47.2,1,87.5,0
2129.0,16,4,0,0,1,16,89.6,83.0,15,0,0,0,77.5,47.2,1,87.5,0
2130.0,16,4,0,0,1,16,89.6,83.0,15,0,0,0,77.5,47.1,1,87.5,0
2131.0,16,4,0,0,1,16,88.9,83.0,16,0,0,0,77.4,47.1,1,87.5,0
2132.0,16,4,0,0,1,16,88.9,83.0,16,0,0,0,77.4,47.0,1,87.5,0
2133.0,16,4,0,0,1,16,88.2,83.0,17,0,0,0,77.3,47.0,1,87.5,0
2134.0,16,4,0,0,1,16,88.2,82.9,17,0,0,0,77.3,46.9,1,87.5,0
2135.0,16,4,0,0,1,16,88.9,82.9,16,0,0,0,77.3,46.9,1,87.5,0
2136.0,16,4,0,0,1,16,88.9,82.9,16,0,0,0,77.2,46.8,1,87.5,0
2137.0,16,4,0,0,1,16,88.9,82.9,16,0,0,0,77.2,46.8,1,87.5,0
2138.0,16,4,0,0,1,16,88.9,82.9,16,0,0,0,77.1,46.7,1,87.5,0
2139.0,16,4,0,0,1,16,89.6,82.9,15,0,0,0,77.1,46.7,1,87.5,0
2140.0,16,4,0,0,1,16,91.0,82.9,13,0,0,0,77.1,46.6,1,87.5,0
2141.0,16,4,0,0,1,16,91.0,82.9,13,0,0,0,77.0,46.6,1,87.5,0
2142.0,16,4,0,0,1,16,91.0,82.9,13,0,0,0,77.0,46.5,1,87.5,0
2143.0,16,4,0,0,1,16,90.3,82.8,14,0,0,0,76.9,46.5,1,87.5,0
2144.0,16,4,0,0,1,16,90.3,82.8,14,0,0,0,76.9,46.4,1,87.5,0
2145.0,16,4,0,0,1,16,91.0,82.8,13,0,0,0,76.9,46.3,1,87.5,0
2146.0,16,4,0,0,1,16,91.7,82.8,12,0,0,0,76.8,46.3,1,87.5,0
2147.0,16,4,0,0,1,16,91.7,82.8,12,0,0,0,76.8,46.2,1,87.5,0
2148.0,16,4,0,0,1,16,91.7,82.8,12,0,0,0,76.7,46.2,1,87.5,0
2149.0,16,4,0,0,1,16,92.4,82.8,11,0,0,0,76.7,46.1,1,87.5,0
2150.0,16,4,0,0,1,16,92.4,82.8,11,0,0,0,76.7,46.1,1,87.5,0
2151.0,16,4,0,0,1,16,92.4,82.7,11,0,0,0,76.6,46.0,1,87.5,0
2152.0,16,4,0,0,1,16,93.1,82.7,10,0,0,0,76.6,46.0,1,87.5,0
2153.0,16,4,0,0,1,16,93.1,82.7,10,0,0,0,76.5,45.9,1,87.5,0
2154.0,16,4,0,0,1,16,93.8,82.7,9,0,0,0,76.5,45.9,1,87.5,0
2155.0,16,4,0,0,1,16,93.8,82.7,9,0,0,0,76.5,45.8,1,87.5,0
2156.0,16,4,0,0,1,16,94.4,82.7,8,0,0,0,76.4,45.8,1,87.5,0
2157.0,16,4,0,0,1,16,94.4,82.7,8,0,0,0,76.4,45.7,1,87.5,0
2158.0,16,4,0,0,1,16,94.4,82.8,8,0,0,0,76.3,45.7,1,87.5,0
2159.0,16,4,0,0,1,16,93.8,82.8,9,0,0,0,76.3,45.6,1,87.5,0
2160.0,16,4,0,0,1,16,93.1,82.8,10,0,0,0,76.3,45.6,1,87.5,1
2161.0,16,4,0,0,1,16,93.1,82.8,10,0,0,0,76.2,45.5,1,87.5,0
2162.0,16,4,0,0,1,16,93.1,82.8,10,0,0,0,76.2,45.4,1,87.5,0
2163.0,16,4,0,0,1,16,93.1,82.8,10,0,0,0,76.2,45.4,1,87.5,0
2164.0,16,4,0,0,1,16,93.1,82.8,10,0,0,0,76.1,45.3,1,87.5,0
2165.0,16,4,0,0,1,16,92.4,82.8,11,0,0,0,76.1,45.3,1,87.5,0
2166.0,16,4,0,0,1,16,91.7,82.8,12,0,0,0,76.0,45.2,1,87.5,0
2167.0,16,4,0,0,1,16,91.7,82.8,12,0,0,0,76.0,45.2,1,87.5,0
2168.0,16,4,0,0,1,16,91.7,82.8,12,0,0,0,76.0,45.1,1,87.5,0
2169.0,16,4,0,0,1,16,91.7,82.8,12,0,0,0,75.9,45.1,1,87.5,0
2170.0,16,4,0,0,1,16,91.7,82.9,12,0,0,0,75.9,45.0,1,87.5,0
2171.0,16,4,0,0,1,16,91.7,82.9,12,0,0,0,75.8,45.0,1,87.5,0
2172.0,16,4,0,0,1,16,91.7,82.9,12,0,0,0,75.8,44.9,1,87.5,0
2173.0,16,4,0,0,1,16,91.7,82.9,12,0,0,0,75.8,44.9,1,87.5,0
2174.0,16,4,0,0,1,16,91.7,82.9,12,0,0,0,75.7,44.8,1,87.5,0
2175.0,16,4,0,0,1,16,91.7,82.9,12,0,0,0,75.7,44.8,1,87.5,0
2176.0,16,4,0,0,1,16,92.4,83.0,11,0,0,0,75.6,44.7,1,87.5,0
2177.0,16,4,0,0,1,16,92.4,83.0,11,0,0,0,75.6,44.7,1,87.5,0
2178.0,16,4,0,0,1,16,92.4,83.0,11,0,0,0,75.6,44.6,1,87.5,0
2179.0,16,4,0,0,1,16,92.4,83.1,11,0,0,0,75.5,44.6,1,87.5,0
2180.0,16,4,0,0,1,16,92.4,83.1,11,0,0,0,75.5,44.5,1,87.5,0
2181.0,16,4,0,0,1,16,91.7,83.1,12,0,0,0,75.4,44.4,1,87.5,0
2182.0,16,4,0,0,1,16,92.4,83.1,11,0,0,0,75.4,44.4,1,87.5,0
2183.0,16,4,0,0,1,16,92.4,83.2,11,0,0,0,75.4,44.3,1,87.5,0
2184.0,16,4,0,0,1,16,92.4,83.2,11,0,0,0,75.3,44.3,1,87.5,0
2185.0,16,4,0,0,1,16,92.4,83.2,11,0,0,0,75.3,44.2,1,87.5,0
2186.0,16,4,0,0,1,16,91.7,83.2,12,0,0,0,75.2,44.2,1,87.5,0
2187.0,16,4,0,0,1,16,91.7,83.2,12,0,0,0,75.2,44.1,1,87.5,0
2188.0,16,4,0,0,1,16,91.7,83.3,12,0,0,0,75.2,44.1,1,87.5,0
2189.0,16,4,0,0,1,16,91.7,83.3,12,0,0,0,75.1,44.0,1,87.5,0
2190.0,16,4,0,0,1,16,91.7,83.3,12,0,0,0,75.1,44.0,1,87.5,0
2191.0,16,4,0,0,1,16,91.7,83.3,12,0,0,0,75.0,43.9,1,87.5,0
2192.0,16,4,0,0,1,16,92.4,83.4,11,0,0,0,75.0,43.9,0,100.0,0
2193.0,16,4,0,0,1,16,92.4,83.4,11,0,0,0,75.0,43.8,0,100.0,0
2194.0,16,4,0,0,1,16,92.4,83.4,11,0,0,0,74.9,43.8,0,100.0,0
2195.0,16,4,0,0,1,16,92.4,83.4,11,0,0,0,74.9,43.7,0,100.0,0
2196.0,16,4,0,0,1,16,92.4,83.4,11,0,0,0,74.8,43.7,0,100.0,0
2197.0,16,4,0,0,1,16,93.1,83.5,10,0,0,0,74.8,43.6,0,100.0,0
2198.0,16,4,0,0,1,16,93.8,83.5,9,0,0,0,74.8,43.5,0,100.0,0
2199.0,16,4,0,0,1,16,93.1,83.5,10,0,0,0,74.7,43.5,0,100.0,0
2200.0,16,4,0,0,1,16,93.1,83.5,10,0,0,0,74.7,43.4,0,100.0,0
2201.0,16,4,0,0,1,16,93.1,83.6,10,0,0,0,74.6,43.4,0,100.0,0
2202.0,16,4,0,0,1,16,93.1,83.6,10,0,0,0,74.6,43.3,0,100.0,0
2203.0,16,4,0,0,1,16,93.1,83.6,10,0,0,0,74.6,43.3,0,100.0,0
2204.0,16,4,0,0,1,16,93.1,83.6,10,0,0,0,74.5,43.2,0,100.0,0
2205.0,16,4,0,0,1,16,92.4,83.7,11,0,0,0,74.5,43.2,0,100.0,0
2206.0,16,4,0,0,1,16,92.4,83.7,11,0,0,0,74.4,43.1,0,100.0,0
2207.0,16,4,0,0,1,16,92.4,83.7,11,0,0,0,74.4,43.1,0,100.0,0
2208.0,16,4,0,0,1,16,92.4,83.7,11,0,0,0,74.4,43.0,0,100.0,0
2209.0,16,4,0,0,1,16,92.4,83.8,11,0,0,0,74.3,43.0,0,100.0,0
2210.0,16,4,0,0,1,16,92.4,83.8,11,0,0,0,74.3,42.9,0,100.0,0
2211.0,16,4,0,0,1,16,91.0,83.8,13,0,0,0,74.3,42.9,0,100.0,0
2212.0,16,4,0,0,1,16,90.3,83.9,14,0,0,0,74.2,42.8,0,100.0,0
2213.0,16,4,0,0,1,16,90.3,83.9,14,0,0,0,74.2,42.8,0,100.0,0
2214.0,16,4,0,0,1,16,90.3,83.9,14,0,0,0,74.1,42.7,0,100.0,0
2215.0,16,4,0,0,1,16,89.6,84.0,15,0,0,0,74.1,42.7,0,100.0,0
2216.0,16,4,0,0,1,16,89.6,84.0,15,0,0,0,74.1,42.6,0,100.0,0
2217.0,16,4,0,0,1,16,88.9,84.0,16,0,0,0,74.0,42.6,0,100.0,0
2218.0,16,4,0,0,1,16,88.9,84.1,16,0,0,0,74.0,42.5,0,100.0,0
2219.0,16,4,0,0,1,16,88.9,84.1,16,0,0,0,73.9,42.5,0,100.0,0
2220.0,16,4,0,0,1,16,88.9,84.2,16,0,0,0,73.9,42.4,0,100.0,0
2221.0,16,4,0,0,1,16,88.9,84.2,16,0,0,0,73.8,42.3,0,100.0,0
2222.0,16,4,0,0,1,16,88.9,84.2,16,0,0,0,73.8,42.3,0,100.0,0
2223.0,16,4,0,0,1,16,89.6,84.3,15,0,0,0,73.8,42.2,0,100.0,0
2224.0,16,4,0,0,1,16,89.6,84.3,15,0,0,0,73.7,42.2,0,100.0,0
2225.0,16,4,0,0,1,16,89.6,84.4,15,0,0,0,73.7,42.1,0,100.0,0
2226.0,16,4,0,0,1,16,88.9,84.4,16,0,0,0,73.6,42.1,0,100.0,0
2227.0,16,4,0,0,1,16,88.9,84.5,16,0,0,0,73.6,42.0,0,100.0,0
2228.0,16,4,0,0,1,16,88.9,84.5,16,0,0,0,73.6,42.0,0,100.0,0
2229.0,16,4,0,0,1,16,88.9,84.6,16,0,0,0,73.5,41.9,0,100.0,0
2230.0,16,4,0,0,1,16,88.9,84.6,16,0,0,0,73.5,41.9,0,100.0,0
2231.0,16,4,0,0,1,16,88.9,84.7,16,0,0,0,73.5,41.8,0,100.0,0
2232.0,17,3,0,0,1,17,88.9,84.7,16,0,0,0,73.4,41.8,0,100.0,0
2233.0,17,3,0,0,1,17,88.2,84.8,17,0,0,0,73.4,41.7,0,100.0,0
2234.0,17,3,0,0,1,17,88.2,84.8,17,0,0,0,73.3,41.7,0,100.0,0
2235.0,17,3,0,0,1,17,88.2,84.9,17,0,0,0,73.3,41.6,0,100.0,0
2236.0,17,3,0,0,1,17,87.5,84.9,18,0,0,0,73.2,41.6,0,100.0,0
2237.0,17,3,0,0,1,17,87.5,85.0,18,0,0,0,73.2,41.5,0,100.0,0
2238.0,17,3,0,0,1,17,87.5,85.1,18,0,0,0,73.2,41.4,0,100.0,0
2239.0,17,3,0,0,1,17,86.8,85.1,19,0,0,0,73.1,41.4,0,100.0,0
2240.0,17,3,0,0,1,17,86.8,85.2,19,0,0,0,73.1,41.3,0,100.0,0
2241.0,17,3,0,0,1,17,86.8,85.3,19,0,0,0,73.0,41.3,0,100.0,0
2242.0,17,3,0,0,1,17,86.1,85.3,20,0,0,0,73.0,41.2,0,100.0,0
2243.0,17,3,0,0,1,17,86.1,85.4,20,0,0,0,72.9,41.2,0,100.0,0
2244.0,17,3,0,0,1,17,86.8,85.4,19,0,0,0,72.9,41.1,0,100.0,0
2245.0,17,3,0,0,1,17,86.8,85.5,19,0,0,0,72.9,41.1,0,100.0,0
2246.0,17,3,0,0,1,17,86.8,85.6,19,0,0,0,72.8,41.0,0,100.0,0
2247.0,18,2,0,0,1,18,86.8,85.7,19,0,0,0,72.8,41.0,0,100.0,0
2248.0,18,2,0,0,1,18,86.8,85.7,19,0,0,0,72.7,40.9,0,100.0,0
2249.0,18,2,0,0,1,18,86.8,85.8,19,0,0,0,72.7,40.9,0,100.0,0
2250.0,18,2,0,0,1,18,86.8,85.9,19,0,0,0,72.6,40.8,0,100.0,0
2251.0,18,2,0,0,1,18,86.8,85.9,19,0,0,0,72.6,40.8,0,100.0,0
2252.0,18,2,0,0,1,18,85.4,86.0,21,0,0,0,72.5,40.7,0,100.0,0
2253.0,18,2,0,0,1,18,85.4,86.1,21,0,0,0,72.5,40.7,0,100.0,0
2254.0,18,2,0,0,1,18,85.4,86.1,21,0,0,0,72.5,40.6,0,100.0,0
2255.0,18,2,0,0,1,18,85.4,86.2,21,0,0,0,72.4,40.5,0,100.0,0
2256.0,18,2,0,0,1,18,85.4,86.3,21,0,0,0,72.4,40.5,0,100.0,0
2257.0,18,2,0,0,1,18,84.7,86.3,22,0,0,0,72.3,40.4,0,100.0,0
2258.0,18,2,0,0,1,18,84.0,86.4,23,0,0,0,72.3,40.4,0,100.0,0
2259.0,18,2,0,0,1,18,82.6,86.4,25,0,0,0,72.2,40.3,0,100.0,0
2260.0,18,2,0,0,1,18,82.6,86.5,25,0,0,0,72.2,40.3,0,100.0,0
2261.0,18,2,0,0,1,18,83.3,86.6,24,0,0,0,72.1,40.2,0,100.0,0
2262.0,18,2,0,0,1,18,83.3,86.6,24,0,0,0,72.1,40.2,0,100.0,0
2263.0,18,2,0,0,1,18,84.0,86.7,23,0,0,0,72.1,40.1,0,100.0,0
2264.0,18,2,0,0,1,18,84.0,86.7,23,0,0,0,72.0,40.1,0,100.0,0
2265.0,18,2,0,0,1,18,82.6,86.8,25,0,0,0,72.0,40.0,0,100.0,0
2266.0,18,2,0,0,1,18,82.6,86.8,25,0,0,0,71.9,40.0,0,100.0,0
2267.0,18,2,0,0,1,18,83.3,86.9,24,0,0,0,71.9,39.9,0,100.0,0
2268.0,18,2,0,0,1,18,83.3,86.9,24,0,0,0,71.8,39.9,0,100.0,0
2269.0,18,2,0,0,1,18,84.7,87.0,22,0,0,0,71.8,39.8,0,100.0,0
2270.0,18,2,0,0,1,18,84.7,87.0,22,0,0,0,71.7,39.8,0,100.0,0
2271.0,18,2,0,0,1,18,85.4,87.1,21,0,0,0,71.7,39.7,1,87.5,0
2272.0,18,2,0,0,1,18,85.4,87.1,21,0,0,0,71.6,39.7,1,87.5,0
2273.0,18,2,0,0,1,18,85.4,87.2,21,0,0,0,71.6,39.6,1,87.5,0
2274.0,18,2,0,0,1,18,85.4,87.2,21,0,0,0,71.6,39.6,1,87.5,0
2275.0,18,2,0,0,1,18,85.4,87.3,21,0,0,0,71.5,39.5,1,87.5,0
2276.0,18,2,0,0,1,18,84.7,87.3,22,0,0,0,71.5,39.5,0,100.0,0
2277.0,18,2,0,0,1,18,84.7,87.4,22,0,0,0,71.4,39.4,0,100.0,0
2278.0,19,1,0,0,1,19,85.4,87.4,21,0,0,0,71.4,39.3,0,100.0,0
2279.0,19,1,0,0,1,19,84.0,87.5,23,0,0,0,71.3,39.3,0,100.0,0
2280.0,19,1,0,0,1,19,84.0,87.5,23,0,0,0,71.3,39.2,0,100.0,0
2281.0,19,1,0,0,1,19,84.7,87.5,22,0,0,0,71.2,39.2,0,100.0,0
2282.0,19,1,0,0,1,19,84.7,87.6,22,0,0,0,71.2,39.1,0,100.0,0
2283.0,19,1,0,0,1,19,82.6,87.6,25,0,0,0,71.1,39.1,0,100.0,0
2284.0,19,1,0,0,1,19,83.3,87.6,24,0,0,0,71.1,39.0,0,100.0,0
2285.0,19,1,0,0,1,19,84.0,87.7,23,0,0,0,71.0,39.0,0,100.0,0
2286.0,19,1,0,0,1,19,84.0,87.7,23,0,0,0,71.0,38.9,0,100.0,0
2287.0,19,1,0,0,1,19,84.0,87.7,23,0,0,0,71.0,38.9,0,100.0,0
2288.0,19,1,0,0,1,19,84.7,87.8,22,0,0,0,70.9,38.8,0,100.0,0
2289.0,19,1,0,0,1,19,83.3,87.8,24,0,0,0,70.9,38.8,0,100.0,0
2290.0,19,1,0,0,1,19,84.0,87.8,23,0,0,0,70.8,38.7,0,100.0,0
2291.0,19,1,0,0,1,19,84.0,87.9,23,0,0,0,70.8,38.7,0,100.0,0
2292.0,19,1,0,0,1,19,85.4,87.9,21,0,0,0,70.7,38.6,0,100.0,0
2293.0,20,0,0,0,1,20,84.7,87.9,22,0,0,0,70.7,38.6,0,100.0,0
2294.0,20,0,0,0,1,20,84.7,87.9,22,0,0,0,70.6,38.5,0,100.0,0
2295.0,20,0,0,0,1,20,85.4,87.9,21,0,0,0,70.6,38.5,0,100.0,0
2296.0,20,0,0,0,1,20,84.7,88.0,22,0,0,0,70.5,38.4,0,100.0,0
2297.0,20,0,0,0,1,20,85.4,88.0,21,0,0,0,70.5,38.4,0,100.0,0
2298.0,20,0,0,0,1,20,84.7,88.0,22,0,0,0,70.4,38.3,0,100.0,0
2299.0,20,0,0,0,1,20,85.4,88.0,21,0,0,0,70.4,38.3,0,100.0,0
2300.0,20,0,0,0,1,20,85.4,88.1,21,0,0,0,70.3,38.2,0,100.0,0
2301.0,20,0,0,0,1,20,84.7,88.1,22,0,0,0,70.3,38.1,0,100.0,0
2302.0,20,0,0,0,1,20,84.7,88.1,22,0,0,0,70.2,38.1,0,100.0,0
2303.0,20,0,0,0,1,20,84.7,88.1,22,0,0,0,70.2,38.0,0,100.0,0
2304.0,20,0,0,0,1,20,85.4,88.1,21,0,0,0,70.1,38.0,0,100.0,0
2305.0,20,0,0,0,1,20,86.1,88.2,20,0,0,0,70.1,37.9,0,100.0,0
2306.0,20,0,0,0,1,20,86.8,88.2,19,0,0,0,70.0,37.9,0,100.0,0
2307.0,20,0,0,0,1,20,86.8,88.2,19,0,0,0,70.0,37.8,0,100.0,0
2308.0,20,0,0,0,1,20,86.8,88.2,19,0,0,0,69.9,37.8,0,100.0,0
2309.0,20,0,0,0,1,20,86.1,88.3,20,0,0,0,69.9,37.7,0,100.0,0
2310.0,20,0,0,0,1,20,86.1,88.3,20,0,0,0,69.8,37.7,0,100.0,0
2311.0,20,0,0,0,1,20,86.1,88.3,20,0,0,0,69.8,37.6,0,100.0,0
2312.0,20,0,0,0,1,20,86.1,88.3,20,0,0,0,69.7,37.6,0,100.0,0
2313.0,20,0,0,0,1,20,86.1,88.4,20,0,0,0,69.7,37.5,0,100.0,0
2314.0,20,0,0,0,1,20,86.1,88.4,20,0,0,0,69.6,37.5,0,100.0,0
2315.0,20,0,0,0,1,20,85.4,88.4,21,0,0,0,69.6,37.4,0,100.0,0
2316.0,20,0,0,0,1,20,85.4,88.4,21,0,0,0,69.5,37.4,0,100.0,0
2317.0,20,0,0,0,1,20,86.1,88.4,20,0,0,0,69.5,37.3,0,100.0,0
2318.0,20,0,0,0,1,20,86.8,88.5,19,0,0,0,69.4,37.2,0,100.0,0
2319.0,20,0,0,0,1,20,87.5,88.5,18,0,0,0,69.4,37.2,1,87.5,0
2320.0,20,0,0,0,1,20,87.5,88.5,18,0,0,0,69.3,37.1,1,87.5,0
2321.0,20,0,0,0,1,20,87.5,88.5,18,0,0,0,69.3,37.1,1,87.5,0
2322.0,20,0,0,0,1,20,87.5,88.5,18,0,0,0,69.2,37.0,1,87.5,0
2323.0,20,0,0,0,1,20,87.5,88.5,18,0,0,0,69.2,37.0,1,87.5,0
2324.0,20,0,0,0,1,20,87.5,88.5,18,0,0,0,69.1,36.9,1,87.5,0
2325.0,20,0,0,0,1,20,87.5,88.5,18,0,0,0,69.1,36.9,1,87.5,0
2326.0,20,0,0,0,1,20,88.2,88.6,17,0,0,0,69.0,36.8,1,87.5,0
2327.0,20,0,0,0,1,20,87.5,88.6,18,0,0,0,69.0,36.8,1,87.5,0
2328.0,20,0,0,0,1,20,87.5,88.6,18,0,0,0,68.9,36.7,1,87.5,0
2329.0,20,0,0,0,1,20,86.8,88.6,19,0,0,0,68.9,36.7,1,87.5,0
2330.0,20,0,0,0,1,20,87.5,88.6,18,0,0,0,68.8,36.6,1,87.5,0
2331.0,20,0,0,0,1,20,88.2,88.6,17,0,0,0,68.8,36.6,1,87.5,0
2332.0,20,0,0,0,1,20,88.9,88.6,16,0,0,0,68.7,36.5,1,87.5,0
2333.0,20,0,0,0,1,20,88.9,88.6,16,0,0,0,68.7,36.5,1,87.5,0
2334.0,20,0,0,0,1,20,88.2,88.6,17,0,0,0,68.6,36.4,1,87.5,0
2335.0,20,0,0,0,1,20,88.2,88.6,17,0,0,0,68.6,36.3,1,87.5,0
2336.0,20,0,0,0,1,20,88.2,88.6,17,0,0,0,68.5,36.3,1,87.5,0
2337.0,20,0,0,0,1,20,88.2,88.6,17,0,0,0,68.5,36.2,1,87.5,0
2338.0,20,0,0,0,1,20,88.2,88.6,17,0,0,0,68.4,36.2,1,87.5,0
2339.0,20,0,0,0,1,20,88.9,88.6,16,0,0,0,68.4,36.1,1,87.5,0
2340.0,20,0,0,0,1,20,88.9,88.6,16,0,0,0,68.3,36.1,1,87.5,0
2341.0,20,0,0,0,1,20,88.9,88.6,16,0,0,0,68.3,36.0,1,87.5,0
2342.0,20,0,0,0,1,20,88.9,88.6,16,0,0,0,68.2,36.0,1,87.5,0
2343.0,20,0,0,0,1,20,88.9,88.6,16,0,0,0,68.2,35.9,1,87.5,0
2344.0,20,0,0,0,1,20,88.9,88.6,16,0,0,0,68.1,35.9,1,87.5,0
2345.0,20,0,0,0,1,20,88.9,88.6,16,0,0,0,68.1,35.8,1,87.5,0
2346.0,20,0,0,0,1,20,88.9,88.6,16,0,0,0,68.0,35.8,1,87.5,0
2347.0,20,0,0,0,1,20,88.9,88.6,16,0,0,0,68.0,35.7,1,87.5,0
2348.0,20,0,0,0,1,20,88.9,88.6,16,0,0,0,67.9,35.7,1,87.5,0
2349.0,20,0,0,0,1,20,88.9,88.6,16,0,0,0,67.9,35.6,1,87.5,0
2350.0,20,0,0,0,1,20,88.9,88.6,16,0,0,0,67.8,35.6,1,87.5,0
2351.0,20,0,0,0,1,20,88.9,88.6,16,0,0,0,67.8,35.6,1,87.5,0
2352.0,20,0,0,0,1,20,90.3,88.6,14,0,0,0,67.7,35.5,0,100.0,0
2353.0,20,0,0,0,1,20,90.3,88.6,14,0,0,0,67.7,35.5,0,100.0,0
2354.0,20,0,0,0,1,20,90.3,88.6,14,0,0,0,67.6,35.4,0,100.0,0
2355.0,20,0,0,0,1,20,90.3,88.6,14,0,0,0,67.6,35.3,0,100.0,0
2356.0,20,0,0,0,1,20,90.3,88.6,14,0,0,0,67.5,35.3,0,100.0,0
2357.0,20,0,0,0,1,20,91.0,88.6,13,0,0,0,67.5,35.2,0,100.0,0
2358.0,20,0,0,0,1,20,91.0,88.7,13,0,0,0,67.4,35.2,0,100.0,0
2359.0,20,0,0,0,1,20,91.0,88.7,13,0,0,0,67.4,35.1,0,100.0,0
2360.0,20,0,0,0,1,20,91.0,88.7,13,0,0,0,67.3,35.1,0,100.0,0
2361.0,20,0,0,0,1,20,91.0,88.7,13,0,0,0,67.3,35.0,0,100.0,0
2362.0,20,0,0,0,1,20,91.0,88.7,13,0,0,0,67.2,35.0,0,100.0,0
2363.0,20,0,0,0,1,20,91.0,88.7,13,0,0,0,67.2,34.9,0,100.0,0
2364.0,20,0,0,0,1,20,91.0,88.7,13,0,0,0,67.1,34.9,0,100.0,0
2365.0,20,0,0,0,1,20,91.0,88.7,13,0,0,0,67.1,34.8,0,100.0,0
2366.0,20,0,0,0,1,20,91.0,88.7,13,0,0,0,67.0,34.8,0,100.0,0
2367.0,20,0,0,0,1,20,91.0,88.7,13,0,0,0,67.0,34.7,0,100.0,0
2368.0,20,0,0,0,1,20,91.0,88.7,13,0,0,0,66.9,34.7,0,100.0,0
2369.0,20,0,0,0,1,20,91.0,88.7,13,0,0,0,66.9,34.6,0,100.0,0
2370.0,20,0,0,0,1,20,91.0,88.7,13,0,0,0,66.8,34.6,0,100.0,0
2371.0,20,0,0,0,1,20,91.0,88.7,13,0,0,0,66.8,34.5,0,100.0,0
2372.0,20,0,0,0,1,20,90.3,88.7,14,0,0,0,66.7,34.4,0,100.0,0
2373.0,20,0,0,0,1,20,90.3,88.8,14,0,0,0,66.7,34.4,0,100.0,0
2374.0,20,0,0,0,1,20,90.3,88.8,14,0,0,0,66.6,34.3,0,100.0,0
2375.0,20,0,0,0,1,20,90.3,88.8,14,0,0,0,66.6,34.3,0,100.0,0
2376.0,20,0,0,0,1,20,90.3,88.8,14,0,0,0,66.5,34.2,0,100.0,0
2377.0,20,0,0,0,1,20,90.3,88.8,14,0,0,0,66.5,34.2,0,100.0,0
2378.0,20,0,0,0,1,20,89.6,88.8,15,0,0,0,66.4,34.1,0,100.0,0
2379.0,20,0,0,0,1,20,89.6,88.8,15,0,0,0,66.4,34.1,0,100.0,0
2380.0,20,0,0,0,1,20,90.3,88.8,14,0,0,0,66.3,34.0,0,100.0,0
2381.0,20,0,0,0,1,20,90.3,88.8,14,0,0,0,66.3,34.0,0,100.0,0
2382.0,20,0,0,0,1,20,90.3,88.8,14,0,0,0,66.2,33.9,1,87.5,0
2383.0,20,0,0,0,1,20,89.6,88.8,15,0,0,0,66.2,33.9,1,87.5,0
2384.0,20,0,0,0,1,20,88.2,88.8,17,0,0,0,66.1,33.8,1,87.5,0
2385.0,20,0,0,0,1,20,89.6,88.8,15,0,0,0,66.1,33.8,1,87.5,0
2386.0,20,0,0,0,1,20,89.6,88.7,15,0,0,0,66.0,33.7,1,87.5,0
2387.0,20,0,0,0,1,20,90.3,88.7,14,0,0,0,66.0,33.7,1,87.5,0
2388.0,20,0,0,0,1,20,91.0,88.7,13,0,0,0,65.9,33.6,1,87.5,0
2389.0,20,0,0,0,1,20,91.7,88.7,12,0,0,0,65.9,33.5,1,87.5,0
2390.0,20,0,0,0,1,20,91.7,88.7,12,0,0,0,65.8,33.5,1,87.5,0
2391.0,20,0,0,0,1,20,91.0,88.7,13,0,0,0,65.8,33.4,1,87.5,0
2392.0,20,0,0,0,1,20,91.0,88.7,13,0,0,0,65.7,33.4,1,87.5,0
2393.0,20,0,0,0,1,20,90.3,88.7,14,0,0,0,65.7,33.3,1,87.5,0
2394.0,20,0,0,0,1,20,90.3,88.7,14,0,0,0,65.6,33.3,1,87.5,0
2395.0,20,0,0,0,1,20,90.3,88.7,14,0,0,0,65.6,33.2,1,87.5,0
2396.0,20,0,0,0,1,20,91.0,88.7,13,0,0,0,65.5,33.2,1,87.5,0
2397.0,20,0,0,0,1,20,91.0,88.6,13,0,0,0,65.5,33.1,1,87.5,0
2398.0,20,0,0,0,1,20,91.0,88.6,13,0,0,0,65.4,33.1,1,87.5,0
2399.0,20,0,0,0,1,20,88.9,88.6,16,0,0,0,65.4,33.0,1,87.5,0
2400.0,20,0,0,0,1,20,90.3,88.6,14,0,0,0,65.3,33.0,1,87.5,0
2401.0,20,0,0,0,1,20,89.6,88.6,15,0,0,0,65.3,32.9,1,87.5,0
2402.0,20,0,0,0,1,20,89.6,88.6,15,0,0,0,65.2,32.9,1,87.5,0
2403.0,20,0,0,0,1,20,89.6,88.6,15,0,0,0,65.2,32.8,1,87.5,0
2404.0,20,0,0,0,1,20,88.9,88.5,16,0,0,0,65.1,32.8,1,87.5,0
2405.0,20,0,0,0,1,20,88.2,88.5,17,0,0,0,65.1,32.7,1,87.5,0
2406.0,20,0,0,0,1,20,88.2,88.5,17,0,0,0,65.0,32.7,1,87.5,0
2407.0,20,0,0,0,1,20,88.2,88.5,17,0,0,0,65.0,32.6,1,87.5,0
2408.0,20,0,0,0,1,20,88.2,88.5,17,0,0,0,64.9,32.5,1,87.5,0
2409.0,20,0,0,0,1,20,88.2,88.5,17,0,0,0,64.9,32.5,1,87.5,0
2410.0,20,0,0,0,1,20,87.5,88.4,18,0,0,0,64.8,32.4,1,87.5,0
2411.0,20,0,0,0,1,20,87.5,88.4,18,0,0,0,64.8,32.4,1,87.5,0
2412.0,20,0,0,0,1,20,87.5,88.4,18,0,0,0,64.7,32.3,1,87.5,0
2413.0,20,0,0,0,1,20,87.5,88.4,18,0,0,0,64.7,32.3,1,87.5,0
2414.0,20,0,0,0,1,20,87.5,88.4,18,0,0,0,64.6,32.2,1,87.5,0
2415.0,20,0,0,0,1,20,88.2,88.4,17,0,0,0,64.6,32.2,1,87.5,0
2416.0,20,0,0,0,1,20,87.5,88.3,18,0,0,0,64.5,32.1,1,87.5,0
2417.0,20,0,0,0,1,20,87.5,88.3,18,0,0,0,64.5,32.1,1,87.5,0
2418.0,20,0,0,0,1,20,87.5,88.3,18,0,0,0,64.4,32.0,1,87.5,0
2419.0,20,0,0,0,1,20,87.5,88.3,18,0,0,0,64.4,32.0,1,87.5,0
2420.0,20,0,0,0,1,20,87.5,88.3,18,0,0,0,64.3,31.9,1,87.5,0
2421.0,20,0,0,0,1,20,88.2,88.2,17,0,0,0,64.3,31.9,1,87.5,0
2422.0,20,0,0,0,1,20,88.2,88.2,17,0,0,0,64.2,31.8,1,87.5,0
2423.0,20,0,0,0,1,20,87.5,88.2,18,0,0,0,64.2,31.8,1,87.5,0
2424.0,20,0,0,0,1,20,87.5,88.2,18,0,0,0,64.1,31.7,1,87.5,0
2425.0,20,0,0,0,1,20,88.9,88.2,16,0,0,0,64.1,31.6,1,87.5,0
2426.0,20,0,0,0,1,20,88.9,88.2,16,0,0,0,64.0,31.6,1,87.5,0
2427.0,20,0,0,0,1,20,89.6,88.2,15,0,0,0,64.0,31.5,1,87.5,0
2428.0,20,0,0,0,1,20,90.3,88.2,14,0,0,0,63.9,31.5,1,87.5,0
2429.0,20,0,0,0,1,20,89.6,88.1,15,0,0,0,63.9,31.4,1,87.5,0
2430.0,20,0,0,0,1,20,89.6,88.1,15,0,0,0,63.8,31.4,1,87.5,0
2431.0,20,0,0,0,1,20,90.3,88.1,14,0,0,0,63.8,31.3,1,87.5,0
2432.0,20,0,0,0,1,20,91.0,88.1,13,0,0,0,63.7,31.3,1,87.5,0
2433.0,20,0,0,0,1,20,91.7,88.1,12,0,0,0,63.7,31.2,1,87.5,0
2434.0,20,0,0,0,1,20,92.4,88.1,11,0,0,0,63.6,31.2,1,87.5,0
2435.0,20,0,0,0,1,20,92.4,88.1,11,0,0,0,63.6,31.1,1,87.5,0
2436.0,20,0,0,0,1,20,92.4,88.1,11,0,0,0,63.5,31.1,1,87.5,0
2437.0,20,0,0,0,1,20,92.4,88.1,11,0,0,0,63.5,31.0,1,87.5,0
2438.0,20,0,0,0,1,20,93.1,88.1,10,0,0,0,63.4,31.0,1,87.5,0
2439.0,20,0,0,0,1,20,93.1,88.1,10,0,0,0,63.4,30.9,1,87.5,0
2440.0,20,0,0,0,1,20,93.1,88.1,10,0,0,0,63.3,30.9,1,87.5,0
2441.0,20,0,0,0,1,20,93.1,88.1,10,0,0,0,63.3,30.8,1,87.5,0
2442.0,20,0,0,0,1,20,93.1,88.1,10,0,0,0,63.2,30.7,1,87.5,0
2443.0,20,0,0,0,1,20,92.4,88.1,11,0,0,0,63.2,30.7,1,87.5,0
2444.0,20,0,0,0,1,20,92.4,88.1,11,0,0,0,63.1,30.6,1,87.5,0
2445.0,20,0,0,0,1,20,92.4,88.1,11,0,0,0,63.1,30.6,1,87.5,0
2446.0,20,0,0,0,1,20,92.4,88.1,11,0,0,0,63.0,30.5,1,87.5,0
2447.0,20,0,0,0,1,20,92.4,88.1,11,0,0,0,63.0,30.5,1,87.5,0
2448.0,20,0,0,0,1,20,92.4,88.1,11,0,0,0,62.9,30.4,1,87.5,0
2449.0,20,0,0,0,1,20,92.4,88.1,11,0,0,0,62.9,30.4,1,87.5,0
2450.0,20,0,0,0,1,20,92.4,88.1,11,0,0,0,62.8,30.3,1,87.5,0
2451.0,20,0,0,0,1,20,91.7,88.1,12,0,0,0,62.8,30.3,1,87.5,0
2452.0,20,0,0,0,1,20,91.7,88.1,12,0,0,0,62.7,30.2,1,87.5,0
2453.0,20,0,0,0,1,20,91.7,88.1,12,0,0,0,62.7,30.2,1,87.5,0
2454.0,20,0,0,0,1,20,91.0,88.1,13,0,0,0,62.6,30.1,1,87.5,0
2455.0,20,0,0,0,1,20,91.0,88.1,13,0,0,0,62.6,30.1,1,87.5,0
2456.0,20,0,0,0,1,20,91.0,88.1,13,0,0,0,62.5,30.0,1,87.5,0
2457.0,20,0,0,0,1,20,91.0,88.1,13,0,0,0,62.5,30.0,1,87.5,0
2458.0,20,0,0,0,1,20,91.7,88.2,12,0,0,0,62.4,29.9,0,100.0,0
2459.0,20,0,0,0,1,20,91.7,88.2,12,0,0,0,62.4,29.9,0,100.0,0
2460.0,20,0,0,0,1,20,92.4,88.2,11,0,0,0,62.3,29.8,0,100.0,0
2461.0,20,0,0,0,1,20,91.7,88.2,12,0,0,0,62.3,29.8,0,100.0,0
2462.0,20,0,0,0,1,20,91.7,88.2,12,0,0,0,62.2,29.7,0,100.0,0
2463.0,20,0,0,0,1,20,91.7,88.2,12,0,0,0,62.2,29.7,0,100.0,0
2464.0,20,0,0,0,1,20,91.7,88.2,12,0,0,0,62.1,29.6,0,100.0,0
2465.0,20,0,0,0,1,20,91.7,88.2,12,0,0,0,62.1,29.5,0,100.0,0
2466.0,20,0,0,0,1,20,91.0,88.2,13,0,0,0,62.0,29.5,0,100.0,0
2467.0,20,0,0,0,1,20,91.0,88.2,13,0,0,0,62.0,29.4,0,100.0,0
2468.0,20,0,0,0,1,20,91.0,88.3,13,0,0,0,61.9,29.4,0,100.0,0
2469.0,20,0,0,0,1,20,91.0,88.3,13,0,0,0,61.9,29.3,0,100.0,0
2470.0,20,0,0,0,1,20,91.0,88.3,13,0,0,0,61.8,29.3,0,100.0,0
2471.0,20,0,0,0,1,20,91.0,88.3,13,0,0,0,61.8,29.2,0,100.0,0
2472.0,20,0,0,0,1,20,91.0,88.3,13,0,0,0,61.7,29.2,0,100.0,0
2473.0,20,0,0,0,1,20,91.7,88.3,12,0,0,0,61.7,29.1,0,100.0,0
2474.0,20,0,0,0,1,20,91.0,88.3,13,0,0,0,61.6,29.1,0,100.0,0
2475.0,20,0,0,0,1,20,91.0,88.3,13,0,0,0,61.6,29.0,0,100.0,0
2476.0,20,0,0,0,1,20,91.7,88.3,12,0,0,0,61.5,29.0,0,100.0,0
2477.0,20,0,0,0,1,20,91.7,88.4,12,0,0,0,61.5,28.9,0,100.0,0
2478.0,20,0,0,0,1,20,92.4,88.4,11,0,0,0,61.4,28.9,0,100.0,0
2479.0,20,0,0,0,1,20,92.4,88.4,11,0,0,0,61.4,28.8,0,100.0,0
2480.0,20,0,0,0,1,20,92.4,88.4,11,0,0,0,61.3,28.8,0,100.0,0
2481.0,20,0,0,0,1,20,92.4,88.5,11,0,0,0,61.3,28.7,0,100.0,0
2482.0,20,0,0,0,1,20,92.4,88.5,11,0,0,0,61.2,28.6,0,100.0,0
2483.0,20,0,0,0,1,20,93.1,88.5,10,0,0,0,61.2,28.6,0,100.0,0
2484.0,20,0,0,0,1,20,93.1,88.5,10,0,0,0,61.1,28.5,0,100.0,0
2485.0,20,0,0,0,1,20,93.8,88.6,9,0,0,0,61.1,28.5,0,100.0,0
2486.0,20,0,0,0,1,20,93.8,88.6,9,0,0,0,61.0,28.4,0,100.0,0
2487.0,20,0,0,0,1,20,93.8,88.6,9,0,0,0,61.0,28.4,0,100.0,0
2488.0,20,0,0,0,1,20,93.8,88.7,9,0,0,0,60.9,28.3,0,100.0,0
2489.0,20,0,0,0,1,20,93.8,88.7,9,0,0,0,60.9,28.3,0,100.0,0
2490.0,20,0,0,0,1,20,93.1,88.7,10,0,0,0,60.8,28.2,0,100.0,0
2491.0,20,0,0,0,1,20,93.1,88.7,10,0,0,0,60.8,28.2,0,100.0,0
2492.0,20,0,0,0,1,20,93.1,88.8,10,0,0,0,60.7,28.1,0,100.0,0
2493.0,20,0,0,0,1,20,93.1,88.8,10,0,0,0,60.7,28.1,0,100.0,0
2494.0,20,0,0,0,1,20,93.1,88.8,10,0,0,0,60.7,28.0,0,100.0,0
2495.0,20,0,0,0,1,20,93.1,88.9,10,0,0,0,60.6,28.0,0,100.0,0
2496.0,20,0,0,0,1,20,93.1,88.9,10,0,0,0,60.6,27.9,0,100.0,0
2497.0,20,0,0,0,1,20,93.1,88.9,10,0,0,0,60.5,27.9,0,100.0,0
2498.0,20,0,0,0,1,20,93.1,89.0,10,0,0,0,60.5,27.8,0,100.0,0
2499.0,20,0,0,0,1,20,91.7,89.0,12,0,0,0,60.4,27.7,0,100.0,0
2500.0,20,0,0,0,1,20,91.7,89.0,12,0,0,0,60.3,27.7,0,100.0,0
2501.0,20,0,0,0,1,20,91.7,89.1,12,0,0,0,60.3,27.6,0,100.0,0
2502.0,20,0,0,0,1,20,91.0,89.1,13,0,0,0,60.2,27.6,0,100.0,0
2503.0,20,0,0,0,1,20,89.6,89.1,15,0,0,0,60.2,27.5,0,100.0,0
2504.0,20,0,0,0,1,20,89.6,89.2,15,0,0,0,60.1,27.5,0,100.0,0
2505.0,20,0,0,0,1,20,88.2,89.2,17,0,0,0,60.1,27.4,0,100.0,0
2506.0,20,0,0,0,1,20,88.2,89.2,17,0,0,0,60.0,27.4,0,100.0,0
2507.0,20,0,0,0,1,20,88.9,89.2,16,0,0,0,60.0,27.3,0,100.0,0
2508.0,20,0,0,0,1,20,87.5,89.2,18,0,0,0,60.0,27.3,0,100.0,0
2509.0,20,0,0,0,1,20,87.5,89.3,18,0,0,0,59.9,27.2,0,100.0,0
2510.0,20,0,0,0,1,20,87.5,89.3,18,0,0,0,59.8,27.2,0,100.0,0
2511.0,20,0,0,0,1,20,87.5,89.3,18,0,0,0,59.8,27.1,0,100.0,0
2512.0,20,0,0,0,1,20,86.8,89.3,19,0,0,0,59.7,27.1,0,100.0,0
2513.0,20,0,0,0,1,20,86.8,89.3,19,0,0,0,59.7,27.0,0,100.0,0
2514.0,20,0,0,0,1,20,86.8,89.3,19,0,0,0,59.7,27.0,0,100.0,0
2515.0,20,0,0,0,1,20,85.4,89.3,21,0,0,0,59.6,26.9,0,100.0,0
2516.0,20,0,0,0,1,20,85.4,89.3,21,0,0,0,59.6,26.8,0,100.0,0
2517.0,20,0,0,0,1,20,85.4,89.3,21,0,0,0,59.5,26.8,0,100.0,0
2518.0,20,0,0,0,1,20,85.4,89.3,21,0,0,0,59.5,26.7,0,100.0,0
2519.0,20,0,0,0,1,20,84.7,89.3,22,0,0,0,59.4,26.7,0,100.0,0
2520.0,20,0,0,0,1,20,85.4,89.3,21,0,0,0,59.3,26.6,0,100.0,0
2521.0,20,0,0,0,1,20,85.4,89.3,21,0,0,0,59.3,26.6,0,100.0,0
2522.0,20,0,0,0,1,20,85.4,89.3,21,0,0,0,59.3,26.5,0,100.0,0
2523.0,20,0,0,0,1,20,85.4,89.3,21,0,0,0,59.2,26.5,0,100.0,0
2524.0,20,0,0,0,1,20,85.4,89.3,21,0,0,0,59.2,26.4,0,100.0,0
2525.0,20,0,0,0,1,20,84.7,89.3,22,0,0,0,59.1,26.4,0,100.0,0
2526.0,20,0,0,0,1,20,84.7,89.3,22,0,0,0,59.1,26.3,0,100.0,0
2527.0,20,0,0,0,1,20,83.3,89.3,24,0,0,0,59.0,26.3,0,100.0,0
2528.0,20,0,0,0,1,20,83.3,89.3,24,0,0,0,59.0,26.2,0,100.0,0
2529.0,20,0,0,0,1,20,81.9,89.3,26,0,0,0,58.9,26.2,0,100.0,0
2530.0,20,0,0,0,1,20,83.3,89.3,24,0,0,0,58.9,26.1,0,100.0,0
2531.0,20,0,0,0,1,20,83.3,89.3,24,0,0,0,58.8,26.1,0,100.0,0
2532.0,20,0,0,0,1,20,84.0,89.3,23,0,0,0,58.8,26.0,0,100.0,0
2533.0,20,0,0,0,1,20,83.3,89.3,24,0,0,0,58.7,25.9,0,100.0,0
2534.0,20,0,0,0,1,20,83.3,89.3,24,0,0,0,58.7,25.9,0,100.0,0
2535.0,20,0,0,0,1,20,82.6,89.3,25,0,0,0,58.6,25.8,0,100.0,0
2536.0,20,0,0,0,1,20,82.6,89.3,25,0,0,0,58.6,25.8,0,100.0,0
2537.0,20,0,0,0,1,20,83.3,89.3,24,0,0,0,58.5,25.7,0,100.0,0
2538.0,20,0,0,0,1,20,83.3,89.3,24,0,0,0,58.5,25.7,0,100.0,0
2539.0,20,0,0,0,1,20,83.3,89.3,24,0,0,0,58.4,25.6,0,100.0,0
2540.0,20,0,0,0,1,20,83.3,89.2,24,0,0,0,58.4,25.6,0,100.0,0
2541.0,20,0,0,0,1,20,82.6,89.2,25,0,0,0,58.3,25.5,0,100.0,0
2542.0,20,0,0,0,1,20,82.6,89.2,25,0,0,0,58.3,25.5,0,100.0,0
2543.0,20,0,0,0,1,20,81.9,89.2,26,0,0,0,58.2,25.4,0,100.0,0
2544.0,20,0,0,0,1,20,81.9,89.2,26,0,0,0,58.2,25.4,0,100.0,0
2545.0,20,0,0,0,1,20,82.6,89.2,25,0,0,0,58.1,25.3,0,100.0,0
2546.0,20,0,0,0,1,20,82.6,89.2,25,0,0,0,58.1,25.3,0,100.0,0
2547.0,20,0,0,0,1,20,82.6,89.2,25,0,0,0,58.0,25.2,0,100.0,0
2548.0,20,0,0,0,1,20,82.6,89.1,25,0,0,0,58.0,25.2,0,100.0,0
2549.0,20,0,0,0,1,20,82.6,89.1,25,0,0,0,57.9,25.1,0,100.0,0
2550.0,20,0,0,0,1,20,81.9,89.1,26,0,0,0,57.9,25.0,0,100.0,0
2551.0,19,0,1,0,1,20,81.9,89.1,26,0,0,0,57.8,25.0,0,100.0,0
2552.0,19,0,1,0,1,20,82.6,89.1,25,0,0,0,57.8,24.9,0,100.0,0
2553.0,19,0,1,0,1,20,83.3,89.1,24,0,0,0,57.7,24.9,0,100.0,0
2554.0,19,0,1,0,1,20,83.3,89.0,24,0,0,0,57.7,24.8,0,100.0,0
2555.0,19,0,1,0,1,20,82.6,89.0,25,0,0,0,57.6,24.8,0,100.0,0
2556.0,19,0,1,0,1,20,81.9,89.0,26,0,0,0,57.6,24.7,0,100.0,0
2557.0,19,0,1,0,1,20,81.9,89.0,26,0,0,0,57.5,24.7,0,100.0,0
2558.0,19,0,1,0,1,20,81.9,89.0,26,0,0,0,57.5,24.6,0,100.0,0
2559.0,19,0,1,0,1,20,82.6,89.0,25,0,0,0,57.4,24.6,0,100.0,0
2560.0,19,0,1,0,1,20,83.3,88.9,24,0,0,0,57.4,24.5,0,100.0,0
2561.0,19,0,1,0,1,20,82.6,88.9,25,0,0,0,57.3,24.5,0,100.0,0
2562.0,19,0,1,0,1,20,83.3,88.9,24,0,0,0,57.3,24.4,0,100.0,0
2563.0,19,0,1,0,1,20,83.3,88.9,24,0,0,0,57.2,24.4,0,100.0,0
2564.0,19,0,1,0,1,20,83.3,88.9,24,0,0,0,57.2,24.3,0,100.0,0
2565.0,19,0,1,0,1,20,83.3,88.9,24,0,0,0,57.1,24.3,0,100.0,0
2566.0,19,0,1,0,1,20,84.0,88.8,23,0,0,0,57.1,24.2,0,100.0,0
2567.0,19,0,1,0,1,20,84.7,88.8,22,0,0,0,57.0,24.1,0,100.0,0
2568.0,19,0,1,0,1,20,84.7,88.8,22,0,0,0,57.0,24.1,0,100.0,0
2569.0,19,0,1,0,1,20,84.7,88.8,22,0,0,0,57.0,24.0,0,100.0,0
2570.0,19,0,1,0,1,20,84.7,88.8,22,0,0,0,56.9,24.0,0,100.0,0
2571.0,19,0,1,0,1,20,84.7,88.8,22,0,0,0,56.9,23.9,0,100.0,0
2572.0,19,0,1,0,1,20,85.4,88.8,21,0,0,0,56.8,23.9,0,100.0,0
2573.0,19,0,1,0,1,20,86.1,88.8,20,0,0,0,56.8,23.8,0,100.0,0
2574.0,19,0,1,0,1,20,86.1,88.7,20,0,0,0,56.7,23.8,0,100.0,0
2575.0,19,0,1,0,1,20,86.1,88.7,20,0,0,0,56.7,23.7,0,100.0,0
2576.0,19,0,1,0,1,20,86.1,88.7,20,0,0,0,56.6,23.7,0,100.0,0
2577.0,19,0,1,0,1,20,86.1,88.7,20,0,0,0,56.6,23.6,0,100.0,0
2578.0,19,0,1,0,1,20,86.1,88.7,20,0,0,0,56.5,23.6,0,100.0,0
2579.0,18,0,2,0,1,20,86.8,88.7,19,0,0,0,56.5,23.5,0,100.0,0
2580.0,18,0,2,0,1,20,87.5,88.7,18,0,0,0,56.4,23.5,0,100.0,0
2581.0,18,0,2,0,1,20,86.8,88.7,19,0,0,0,56.4,23.4,0,100.0,0
2582.0,18,0,2,0,1,20,86.8,88.7,19,0,0,0,56.3,23.4,0,100.0,0
2583.0,17,0,3,0,1,20,86.8,88.7,19,0,0,0,56.3,23.3,0,100.0,0
2584.0,17,0,3,0,1,20,86.8,88.7,19,0,0,0,56.3,23.3,0,100.0,0
2585.0,17,0,3,0,1,20,87.5,88.7,18,0,0,0,56.2,23.3,0,100.0,0
2586.0,17,0,3,0,1,20,87.5,88.7,18,0,0,0,56.2,23.3,0,100.0,0
2587.0,17,0,3,0,1,20,86.8,88.6,19,0,0,0,56.1,23.3,0,100.0,0
2588.0,17,0,3,0,1,20,87.5,88.6,18,0,0,0,56.1,23.3,0,100.0,0
2589.0,17,0,3,0,1,20,88.9,88.6,16,0,0,0,56.0,23.3,0,100.0,0
2590.0,17,0,3,0,1,20,88.9,88.6,16,0,0,0,56.0,23.3,0,100.0,0
2591.0,17,0,3,0,1,20,88.9,88.6,16,0,0,0,56.0,23.3,0,100.0,0
2592.0,17,0,3,0,1,20,89.6,88.6,15,0,0,0,55.9,23.3,0,100.0,0
2593.0,17,0,3,0,1,20,89.6,88.6,15,0,0,0,55.9,23.3,0,100.0,0
2594.0,17,0,3,0,1,20,89.6,88.6,15,0,0,0,55.8,23.3,0,100.0,0
2595.0,17,0,3,0,1,20,90.3,88.6,14,0,0,0,55.8,23.3,0,100.0,0
2596.0,17,0,3,0,1,20,90.3,88.6,14,0,0,0,55.7,23.3,0,100.0,0
2597.0,17,0,3,0,1,20,91.0,88.6,13,0,0,0,55.7,23.3,0,100.0,0
2598.0,17,0,3,0,1,20,91.0,88.6,13,0,0,0,55.7,23.3,0,100.0,0
2599.0,17,0,3,0,1,20,91.0,88.6,13,0,0,0,55.6,23.3,0,100.0,0
2600.0,17,0,3,0,1,20,91.0,88.6,13,0,0,0,55.6,23.3,0,100.0,0
2601.0,17,0,3,0,1,20,91.7,88.6,12,0,0,0,55.5,23.3,0,100.0,0
2602.0,17,0,3,0,1,20,91.7,88.6,12,0,0,0,55.5,23.3,0,100.0,0
2603.0,17,0,3,0,1,20,91.7,88.6,12,0,0,0,55.4,23.3,0,100.0,0
2604.0,17,0,3,0,1,20,91.0,88.6,13,0,0,0,55.4,23.3,0,100.0,0
2605.0,17,0,3,0,1,20,91.0,88.6,13,0,0,0,55.4,23.3,0,100.0,0
2606.0,17,0,3,0,1,20,91.0,88.6,13,0,0,0,55.3,23.3,0,100.0,0
2607.0,17,0,3,0,1,20,91.0,88.6,13,0,0,0,55.3,23.3,0,100.0,0
2608.0,17,0,3,0,1,20,91.7,88.6,12,0,0,0,55.2,23.3,0,100.0,0
2609.0,17,0,3,0,1,20,91.7,88.6,12,0,0,0,55.2,23.3,0,100.0,0
2610.0,17,0,3,0,1,20,92.4,88.6,11,0,0,0,55.2,23.3,0,100.0,0
2611.0,17,1,2,0,1,19,92.4,88.7,11,0,0,0,58.7,23.3,0,100.0,0
2612.0,17,1,2,0,1,19,92.4,88.7,11,0,0,0,58.6,23.3,0,100.0,0
2613.0,17,1,2,0,1,19,92.4,88.7,11,0,0,0,58.6,23.3,0,100.0,0
2614.0,17,1,2,0,1,19,92.4,88.7,11,0,0,0,58.5,23.3,0,100.0,0
2615.0,17,1,2,0,1,19,92.4,88.7,11,0,0,0,58.5,23.3,0,100.0,0
2616.0,17,1,2,0,1,19,91.7,88.7,12,0,0,0,58.5,23.3,0,100.0,0
2617.0,17,1,2,0,1,19,91.0,88.7,13,0,0,0,58.4,23.3,0,100.0,0
2618.0,17,0,3,0,1,20,91.0,88.7,13,0,0,0,58.4,23.3,0,100.0,0
2619.0,17,0,3,0,1,20,91.7,88.7,12,0,0,0,58.3,23.3,0,100.0,0
2620.0,17,0,3,0,1,20,92.4,88.7,11,0,0,0,58.3,23.3,0,100.0,0
2621.0,17,0,3,0,1,20,91.7,88.7,12,0,0,0,58.2,23.3,0,100.0,0
2622.0,17,0,3,0,1,20,91.0,88.7,13,0,0,0,58.2,23.3,0,100.0,0
2623.0,17,0,3,0,1,20,91.7,88.7,12,0,0,0,58.2,23.3,0,100.0,0
2624.0,17,0,3,0,1,20,91.7,88.8,12,0,0,0,58.1,23.3,0,100.0,0
2625.0,17,0,3,0,1,20,92.4,88.8,11,0,0,0,58.1,23.3,0,100.0,0
2626.0,17,0,3,0,1,20,92.4,88.8,11,0,0,0,58.0,23.3,0,100.0,0
2627.0,17,0,3,0,1,20,92.4,88.8,11,0,0,0,58.0,23.3,0,100.0,0
2628.0,17,0,3,0,1,20,92.4,88.8,11,0,0,0,57.9,23.3,0,100.0,0
2629.0,17,0,3,0,1,20,91.7,88.8,12,0,0,0,57.9,23.3,0,100.0,0
2630.0,17,0,3,0,1,20,92.4,88.8,11,0,0,0,57.9,23.3,0,100.0,0
2631.0,17,0,3,0,1,20,93.1,88.8,10,0,0,0,57.8,23.3,0,100.0,0
2632.0,17,0,3,0,1,20,93.1,88.8,10,0,0,0,57.8,23.3,0,100.0,0
2633.0,17,0,3,0,1,20,93.1,88.8,10,0,0,0,57.7,23.3,0,100.0,0
2634.0,17,0,3,0,1,20,93.1,88.8,10,0,0,0,57.7,23.3,0,100.0,0
2635.0,17,0,3,0,1,20,93.8,88.8,9,0,0,0,57.7,23.3,0,100.0,0
2636.0,17,0,3,0,1,20,93.8,88.9,9,0,0,0,57.6,23.3,0,100.0,0
2637.0,17,0,3,0,1,20,93.8,88.9,9,0,0,0,57.6,23.3,0,100.0,0
2638.0,17,0,3,0,1,20,93.8,88.9,9,0,0,0,57.5,23.3,0,100.0,0
2639.0,17,1,2,0,1,19,93.8,88.9,9,0,0,0,61.0,23.3,0,100.0,0
2640.0,17,1,2,0,1,19,94.4,88.9,8,0,0,0,61.0,23.3,0,100.0,0
2641.0,17,1,2,0,1,19,94.4,88.9,8,0,0,0,61.0,23.3,0,100.0,0
2642.0,17,1,2,0,1,19,94.4,89.0,8,0,0,0,60.9,23.3,0,100.0,0
2643.0,17,2,1,0,1,18,94.4,89.0,8,0,0,0,64.5,23.5,0,100.0,0
2644.0,17,2,1,0,1,18,94.4,89.0,8,0,0,0,64.5,23.5,0,100.0,0
2645.0,17,2,1,0,1,18,94.4,89.0,8,0,0,0,64.4,23.5,0,100.0,0
2646.0,17,2,1,0,1,18,94.4,89.1,8,0,0,0,64.4,23.5,0,100.0,0
2647.0,17,2,1,0,1,18,94.4,89.1,8,0,0,0,64.4,23.5,0,100.0,0
2648.0,17,2,1,0,1,18,94.4,89.1,8,0,0,0,64.3,23.5,0,100.0,0
2649.0,17,2,1,0,1,18,93.8,89.1,9,0,0,0,64.3,23.5,0,100.0,0
2650.0,17,2,1,0,1,18,93.8,89.2,9,0,0,0,64.2,23.5,0,100.0,0
2651.0,17,2,1,0,1,18,93.8,89.2,9,0,0,0,64.2,23.5,0,100.0,0
2652.0,17,2,1,0,1,18,92.4,89.2,11,0,0,0,64.1,23.5,0,100.0,0
2653.0,17,2,1,0,1,18,92.4,89.2,11,0,0,0,64.1,23.5,0,100.0,0
2654.0,17,2,1,0,1,18,90.3,89.2,14,0,0,0,64.1,23.5,0,100.0,0
2655.0,17,2,1,0,1,18,90.3,89.2,14,0,0,0,64.0,23.5,0,100.0,0
2656.0,17,2,1,0,1,18,91.0,89.3,13,0,0,0,64.0,23.5,0,100.0,0
2657.0,17,2,1,0,1,18,91.0,89.3,13,0,0,0,63.9,23.5,0,100.0,0
2658.0,17,2,1,0,1,18,91.0,89.3,13,0,0,0,63.9,23.5,0,100.0,0
2659.0,17,2,1,0,1,18,91.7,89.3,12,0,0,0,63.9,23.5,0,100.0,0
2660.0,17,2,1,0,1,18,91.0,89.3,13,0,0,0,63.8,23.5,0,100.0,0
2661.0,17,2,1,0,1,18,91.0,89.3,13,0,0,0,63.8,23.5,0,100.0,0
2662.0,17,2,1,0,1,18,91.0,89.3,13,0,0,0,63.7,23.5,0,100.0,0
2663.0,17,2,1,0,1,18,91.0,89.4,13,0,0,0,63.7,23.5,0,100.0,0
2664.0,17,2,1,0,1,18,91.0,89.4,13,0,0,0,63.6,23.5,0,100.0,0
2665.0,17,2,1,0,1,18,91.0,89.4,13,0,0,0,63.6,23.5,0,100.0,0
2666.0,17,2,1,0,1,18,91.0,89.4,13,0,0,0,63.6,23.5,0,100.0,0
2667.0,17,2,1,0,1,18,90.3,89.4,14,0,0,0,63.5,23.5,0,100.0,0
2668.0,17,2,1,0,1,18,90.3,89.4,14,0,0,0,63.5,23.5,0,100.0,0
2669.0,17,2,1,0,1,18,90.3,89.4,14,0,0,0,63.4,23.5,0,100.0,0
2670.0,17,2,1,0,1,18,90.3,89.4,14,0,0,0,63.4,23.5,0,100.0,0
2671.0,17,2,1,0,1,18,90.3,89.4,14,0,0,0,63.3,23.5,0,100.0,0
2672.0,17,2,1,0,1,18,90.3,89.4,14,0,0,0,63.3,23.5,0,100.0,0
2673.0,17,2,1,0,1,18,90.3,89.4,14,0,0,0,63.3,23.5,0,100.0,0
2674.0,17,2,1,0,1,18,90.3,89.4,14,0,0,0,63.2,23.5,0,100.0,0
2675.0,17,2,1,0,1,18,90.3,89.4,14,0,0,0,63.2,23.5,0,100.0,0
2676.0,17,2,1,0,1,18,89.6,89.4,15,0,0,0,63.1,23.5,0,100.0,0
2677.0,17,2,1,0,1,18,89.6,89.3,15,0,0,0,63.1,23.5,0,100.0,0
2678.0,17,3,0,0,1,17,90.3,89.3,14,0,0,0,66.7,38.7,0,100.0,0
2679.0,17,3,0,0,1,17,90.3,89.3,14,0,0,0,66.6,38.7,0,100.0,0
2680.0,17,3,0,0,1,17,90.3,89.3,14,0,0,0,66.6,38.6,0,100.0,0
2681.0,17,3,0,0,1,17,90.3,89.3,14,0,0,0,66.6,38.6,1,87.5,0
2682.0,17,3,0,0,1,17,90.3,89.3,14,0,0,0,66.5,38.5,1,87.5,0
2683.0,17,3,0,0,1,17,89.6,89.3,15,0,0,0,66.5,38.5,1,87.5,0
2684.0,17,3,0,0,1,17,89.6,89.3,15,0,0,0,66.4,38.4,1,87.5,0
2685.0,17,3,0,0,1,17,90.3,89.3,14,0,0,0,66.4,38.4,1,87.5,0
2686.0,17,3,0,0,1,17,90.3,89.3,14,0,0,0,66.4,38.3,1,87.5,0
2687.0,17,3,0,0,1,17,90.3,89.2,14,0,0,0,66.3,38.3,1,87.5,0
2688.0,17,3,0,0,1,17,89.6,89.2,15,0,0,0,66.3,38.2,1,87.5,0
2689.0,17,3,0,0,1,17,89.6,89.2,15,0,0,0,66.2,38.2,1,87.5,0
2690.0,17,3,0,0,1,17,89.6,89.2,15,0,0,0,66.2,38.1,1,87.5,0
2691.0,17,3,0,0,1,17,89.6,89.2,15,0,0,0,66.1,38.1,1,87.5,0
2692.0,17,3,0,0,1,17,89.6,89.2,15,0,0,0,66.1,38.0,1,87.5,0
2693.0,17,3,0,0,1,17,89.6,89.2,15,0,0,0,66.1,38.0,1,87.5,0
2694.0,17,3,0,0,1,17,89.6,89.2,15,0,0,0,66.0,38.0,1,87.5,0
2695.0,17,3,0,0,1,17,89.6,89.2,15,0,0,0,66.0,37.9,1,87.5,0
2696.0,17,3,0,0,1,17,89.6,89.2,15,0,0,0,65.9,37.9,1,87.5,0
2697.0,17,3,0,0,1,17,88.9,89.2,16,0,0,0,65.9,37.8,1,87.5,0
2698.0,17,3,0,0,1,17,88.9,89.1,16,0,0,0,65.8,37.8,1,87.5,0
2699.0,17,3,0,0,1,17,90.3,89.1,14,0,0,0,65.8,37.7,0,100.0,0
2700.0,17,3,0,0,1,17,91.0,89.1,13,0,0,0,65.8,37.7,0,100.0,0
2701.0,17,3,0,0,1,17,91.0,89.1,13,0,0,0,65.7,37.6,0,100.0,0
2702.0,17,3,0,0,1,17,91.0,89.1,13,0,0,0,65.7,37.5,0,100.0,0
2703.0,17,3,0,0,1,17,90.3,89.1,14,0,0,0,65.6,37.5,0,100.0,0
2704.0,17,3,0,0,1,17,90.3,89.1,14,0,0,0,65.6,37.4,0,100.0,0
2705.0,17,3,0,0,1,17,90.3,89.1,14,0,0,0,65.5,37.4,0,100.0,0
2706.0,17,3,0,0,1,17,90.3,89.1,14,0,0,0,65.5,37.3,0,100.0,0
2707.0,17,3,0,0,1,17,90.3,89.1,14,0,0,0,65.5,37.3,0,100.0,0
2708.0,17,3,0,0,1,17,90.3,89.1,14,0,0,0,65.4,37.2,0,100.0,0
2709.0,17,3,0,0,1,17,90.3,89.1,14,0,0,0,65.4,37.2,0,100.0,0
2710.0,17,3,0,0,1,17,89.6,89.1,15,0,0,0,65.3,37.1,0,100.0,0
2711.0,17,3,0,0,1,17,89.6,89.1,15,0,0,0,65.3,37.1,0,100.0,0
2712.0,17,3,0,0,1,17,89.6,89.1,15,0,0,0,65.3,37.0,0,100.0,0
2713.0,17,3,0,0,1,17,89.6,89.1,15,0,0,0,65.2,37.0,0,100.0,0
2714.0,17,3,0,0,1,17,89.6,89.1,15,0,0,0,65.2,36.9,0,100.0,0
2715.0,17,3,0,0,1,17,89.6,89.1,15,0,0,0,65.1,36.9,0,100.0,0
2716.0,17,3,0,0,1,17,88.9,89.0,16,0,0,0,65.1,36.8,0,100.0,0
2717.0,17,3,0,0,1,17,88.9,89.0,16,0,0,0,65.0,36.8,0,100.0,0
2718.0,17,3,0,0,1,17,88.9,89.0,16,0,0,0,65.0,36.7,0,100.0,0
2719.0,17,3,0,0,1,17,88.9,89.0,16,0,0,0,65.0,36.6,0,100.0,0
2720.0,17,3,0,0,1,17,88.9,89.0,16,0,0,0,64.9,36.6,0,100.0,0
2721.0,17,3,0,0,1,17,89.6,89.0,15,0,0,0,64.9,36.5,0,100.0,0
2722.0,17,3,0,0,1,17,89.6,89.0,15,0,0,0,64.8,36.5,0,100.0,0
2723.0,17,3,0,0,1,17,89.6,89.0,15,0,0,0,64.8,36.4,0,100.0,0
2724.0,17,3,0,0,1,17,89.6,88.9,15,0,0,0,64.8,36.4,0,100.0,0
2725.0,17,3,0,0,1,17,88.9,88.9,16,0,0,0,64.7,36.3,0,100.0,0
2726.0,17,3,0,0,1,17,88.9,88.9,16,0,0,0,64.7,36.3,0,100.0,0
2727.0,17,3,0,0,1,17,89.6,88.9,15,0,0,0,64.6,36.2,0,100.0,0
2728.0,17,3,0,0,1,17,89.6,88.9,15,0,0,0,64.6,36.2,0,100.0,0
2729.0,17,3,0,0,1,17,89.6,88.8,15,0,0,0,64.5,36.1,0,100.0,0
2730.0,17,3,0,0,1,17,89.6,88.8,15,0,0,0,64.5,36.1,0,100.0,0
2731.0,17,3,0,0,1,17,89.6,88.8,15,0,0,0,64.5,36.0,0,100.0,0
2732.0,17,3,0,0,1,17,89.6,88.8,15,0,0,0,64.4,36.0,0,100.0,0
2733.0,17,3,0,0,1,17,89.6,88.8,15,0,0,0,64.4,35.9,0,100.0,0
2734.0,17,3,0,0,1,17,90.3,88.8,14,0,0,0,64.3,35.9,0,100.0,0
2735.0,17,3,0,0,1,17,89.6,88.8,15,0,0,0,64.3,35.8,0,100.0,0
2736.0,17,3,0,0,1,17,89.6,88.8,15,0,0,0,64.2,35.7,1,87.5,0
2737.0,17,3,0,0,1,17,90.3,88.7,14,0,0,0,64.2,35.7,1,87.5,0
2738.0,17,3,0,0,1,17,89.6,88.7,15,0,0,0,64.2,35.6,1,87.5,0
2739.0,17,3,0,0,1,17,88.9,88.7,16,0,0,0,64.1,35.6,1,87.5,0
2740.0,17,3,0,0,1,17,89.6,88.7,15,0,0,0,64.1,35.5,1,87.5,0
2741.0,17,3,0,0,1,17,89.6,88.7,15,0,0,0,64.0,35.5,1,87.5,0
2742.0,17,3,0,0,1,17,89.6,88.7,15,0,0,0,64.0,35.4,1,87.5,0
2743.0,17,3,0,0,1,17,89.6,88.7,15,0,0,0,63.9,35.4,1,87.5,0
2744.0,17,3,0,0,1,17,89.6,88.7,15,0,0,0,63.9,35.3,1,87.5,0
2745.0,17,3,0,0,1,17,88.2,88.7,17,0,0,0,63.9,35.3,1,87.5,0
2746.0,17,3,0,0,1,17,88.2,88.7,17,0,0,0,63.8,35.2,1,87.5,0
2747.0,17,3,0,0,1,17,88.2,88.7,17,0,0,0,63.8,35.2,1,87.5,0
2748.0,17,3,0,0,1,17,88.2,88.7,17,0,0,0,63.7,35.1,1,87.5,0
2749.0,17,3,0,0,1,17,88.9,88.7,16,0,0,0,63.7,35.1,1,87.5,0
2750.0,17,3,0,0,1,17,88.9,88.7,16,0,0,0,63.6,35.0,1,87.5,0
2751.0,17,3,0,0,1,17,88.9,88.7,16,0,0,0,63.6,35.0,1,87.5,0
2752.0,17,3,0,0,1,17,86.8,88.7,19,0,0,0,63.6,34.9,1,87.5,0
2753.0,17,3,0,0,1,17,86.8,88.7,19,0,0,0,63.5,34.8,1,87.5,0
2754.0,17,3,0,0,1,17,87.5,88.7,18,0,0,0,63.5,34.8,1,87.5,0
2755.0,17,3,0,0,1,17,88.9,88.7,16,0,0,0,63.4,34.7,1,87.5,0
2756.0,17,3,0,0,1,17,88.9,88.7,16,0,0,0,63.4,34.7,1,87.5,0
2757.0,18,2,0,0,1,18,88.9,88.8,16,0,0,0,63.3,34.6,1,87.5,0
2758.0,18,2,0,0,1,18,87.5,88.8,18,0,0,0,63.3,34.6,1,87.5,0
2759.0,18,2,0,0,1,18,86.8,88.8,19,0,0,0,63.3,34.5,1,87.5,0
2760.0,18,2,0,0,1,18,86.8,88.8,19,0,0,0,63.2,34.5,1,87.5,0
2761.0,18,2,0,0,1,18,86.8,88.8,19,0,0,0,63.2,34.4,1,87.5,0
2762.0,18,2,0,0,1,18,86.8,88.8,19,0,0,0,63.1,34.4,1,87.5,0
2763.0,18,2,0,0,1,18,86.8,88.8,19,0,0,0,63.1,34.3,1,87.5,0
2764.0,18,2,0,0,1,18,86.1,88.8,20,0,0,0,63.0,34.3,1,87.5,0
2765.0,18,2,0,0,1,18,84.7,88.8,22,0,0,0,63.0,34.2,1,87.5,0
2766.0,18,2,0,0,1,18,84.7,88.8,22,0,0,0,62.9,34.2,1,87.5,0
2767.0,18,2,0,0,1,18,84.0,88.8,23,0,0,0,62.9,34.1,1,87.5,0
2768.0,18,2,0,0,1,18,84.0,88.8,23,0,0,0,62.9,34.1,1,87.5,0
2769.0,18,2,0,0,1,18,84.0,88.8,23,0,0,0,62.8,34.0,1,87.5,0
2770.0,18,2,0,0,1,18,84.7,88.8,22,0,0,0,62.8,33.9,1,87.5,0
2771.0,18,2,0,0,1,18,84.0,88.8,23,0,0,0,62.7,33.9,1,87.5,0
2772.0,18,2,0,0,1,18,84.0,88.8,23,0,0,0,62.7,33.8,1,87.5,0
2773.0,18,2,0,0,1,18,83.3,88.8,24,0,0,0,62.6,33.8,1,87.5,0
2774.0,18,2,0,0,1,18,82.6,88.8,25,0,0,0,62.6,33.7,1,87.5,0
2775.0,18,2,0,0,1,18,83.3,88.8,24,0,0,0,62.5,33.7,1,87.5,0
2776.0,18,2,0,0,1,18,83.3,88.8,24,0,0,0,62.5,33.6,1,87.5,0
2777.0,18,2,0,0,1,18,83.3,88.8,24,0,0,0,62.4,33.6,1,87.5,0
2778.0,18,2,0,0,1,18,83.3,88.8,24,0,0,0,62.4,33.5,1,87.5,0
2779.0,18,2,0,0,1,18,81.9,88.8,26,0,0,0,62.4,33.5,1,87.5,0
2780.0,18,2,0,0,1,18,81.2,88.8,27,0,0,0,62.3,33.4,1,87.5,0
2781.0,18,2,0,0,1,18,81.2,88.8,27,0,0,0,62.3,33.4,1,87.5,0
2782.0,18,2,0,0,1,18,81.2,88.8,27,0,0,0,62.2,33.3,1,87.5,0
2783.0,18,2,0,0,1,18,80.6,88.8,28,0,0,0,62.2,33.3,1,87.5,0
2784.0,19,1,0,0,1,19,81.2,88.8,27,0,0,0,62.1,33.2,1,87.5,0
2785.0,19,1,0,0,1,19,81.9,88.8,26,0,0,0,62.1,33.2,1,87.5,0
2786.0,19,1,0,0,1,19,81.9,88.8,26,0,0,0,62.0,33.1,1,87.5,0
2787.0,19,1,0,0,1,19,81.9,88.8,26,0,0,0,62.0,33.1,1,87.5,0
2788.0,19,1,0,0,1,19,81.9,88.8,26,0,0,0,61.9,33.0,1,87.5,0
2789.0,19,1,0,0,1,19,81.9,88.8,26,0,0,0,61.9,33.0,1,87.5,0
2790.0,19,1,0,0,1,19,81.2,88.8,27,0,0,0,61.8,32.9,1,87.5,0
2791.0,19,1,0,0,1,19,81.9,88.8,26,0,0,0,61.8,32.9,1,87.5,0
2792.0,19,1,0,0,1,19,82.6,88.8,25,0,0,0,61.8,32.8,1,87.5,0
2793.0,19,1,0,0,1,19,81.2,88.8,27,0,0,0,61.7,32.7,1,87.5,0
2794.0,19,1,0,0,1,19,81.9,88.8,26,0,0,0,61.7,32.7,1,87.5,0
2795.0,19,1,0,0,1,19,82.6,88.8,25,0,0,0,61.6,32.6,1,87.5,0
2796.0,19,1,0,0,1,19,82.6,88.8,25,0,0,0,61.6,32.6,1,87.5,0
2797.0,19,1,0,0,1,19,81.9,88.8,26,0,0,0,61.5,32.5,1,87.5,0
2798.0,20,0,0,0,1,20,81.2,88.8,27,0,0,0,61.5,32.5,1,87.5,0
2799.0,20,0,0,0,1,20,81.9,88.8,26,0,0,0,61.4,32.4,1,87.5,0
2800.0,20,0,0,0,1,20,81.9,88.7,26,0,0,0,61.4,32.4,1,87.5,0
2801.0,20,0,0,0,1,20,81.2,88.7,27,0,0,0,61.3,32.3,1,87.5,0
2802.0,20,0,0,0,1,20,82.6,88.7,25,0,0,0,61.3,32.3,1,87.5,0
2803.0,20,0,0,0,1,20,84.0,88.7,23,0,0,0,61.2,32.2,0,100.0,0
2804.0,20,0,0,0,1,20,83.3,88.7,24,0,0,0,61.2,32.2,0,100.0,0
2805.0,20,0,0,0,1,20,83.3,88.7,24,0,0,0,61.1,32.1,0,100.0,0
2806.0,20,0,0,0,1,20,84.0,88.7,23,0,0,0,61.1,32.1,0,100.0,0
2807.0,20,0,0,0,1,20,84.0,88.7,23,0,0,0,61.0,32.0,0,100.0,0
2808.0,20,0,0,0,1,20,84.0,88.7,23,0,0,0,61.0,32.0,0,100.0,0
2809.0,20,0,0,0,1,20,84.7,88.7,22,0,0,0,60.9,31.9,0,100.0,0
2810.0,20,0,0,0,1,20,84.7,88.7,22,0,0,0,60.9,31.9,0,100.0,0
2811.0,20,0,0,0,1,20,84.0,88.7,23,0,0,0,60.8,31.8,0,100.0,0
2812.0,20,0,0,0,1,20,84.7,88.7,22,0,0,0,60.8,31.7,0,100.0,0
2813.0,20,0,0,0,1,20,84.7,88.7,22,0,0,0,60.7,31.7,0,100.0,0
2814.0,20,0,0,0,1,20,84.7,88.7,22,0,0,0,60.7,31.6,0,100.0,0
2815.0,20,0,0,0,1,20,84.7,88.7,22,0,0,0,60.6,31.6,0,100.0,0
2816.0,20,0,0,0,1,20,85.4,88.7,21,0,0,0,60.6,31.5,0,100.0,0
2817.0,20,0,0,0,1,20,85.4,88.7,21,0,0,0,60.5,31.5,0,100.0,0
2818.0,20,0,0,0,1,20,85.4,88.7,21,0,0,0,60.5,31.4,0,100.0,0
2819.0,20,0,0,0,1,20,86.1,88.7,20,0,0,0,60.4,31.4,0,100.0,0
2820.0,20,0,0,0,1,20,86.1,88.7,20,0,0,0,60.4,31.3,0,100.0,0
2821.0,20,0,0,0,1,20,86.1,88.7,20,0,0,0,60.3,31.3,0,100.0,0
2822.0,20,0,0,0,1,20,86.8,88.7,19,0,0,0,60.3,31.2,0,100.0,0
2823.0,20,0,0,0,1,20,87.5,88.7,18,0,0,0,60.2,31.2,0,100.0,0
2824.0,20,0,0,0,1,20,87.5,88.7,18,0,0,0,60.2,31.1,0,100.0,0
2825.0,20,0,0,0,1,20,87.5,88.7,18,0,0,0,60.1,31.1,0,100.0,0
2826.0,20,0,0,0,1,20,87.5,88.7,18,0,0,0,60.1,31.0,0,100.0,0
2827.0,20,0,0,0,1,20,87.5,88.7,18,0,0,0,60.0,31.0,0,100.0,0
2828.0,20,0,0,0,1,20,87.5,88.7,18,0,0,0,60.0,30.9,0,100.0,0
2829.0,20,0,0,0,1,20,88.2,88.7,17,0,0,0,59.9,30.8,0,100.0,0
2830.0,20,0,0,0,1,20,88.2,88.7,17,0,0,0,59.9,30.8,0,100.0,0
2831.0,20,0,0,0,1,20,88.9,88.7,16,0,0,0,59.8,30.7,0,100.0,0
2832.0,20,0,0,0,1,20,89.6,88.7,15,0,0,0,59.8,30.7,0,100.0,0
2833.0,20,0,0,0,1,20,89.6,88.7,15,0,0,0,59.7,30.6,0,100.0,0
2834.0,20,0,0,0,1,20,89.6,88.7,15,0,0,0,59.7,30.6,0,100.0,0
2835.0,20,0,0,0,1,20,89.6,88.7,15,0,0,0,59.6,30.5,0,100.0,0
2836.0,20,0,0,0,1,20,89.6,88.7,15,0,0,0,59.6,30.5,0,100.0,0
2837.0,20,0,0,0,1,20,90.3,88.7,14,0,0,0,59.5,30.4,0,100.0,0
2838.0,20,0,0,0,1,20,90.3,88.7,14,0,0,0,59.5,30.4,0,100.0,0
2839.0,20,0,0,0,1,20,91.0,88.7,13,0,0,0,59.4,30.3,0,100.0,0
2840.0,20,0,0,0,1,20,91.0,88.7,13,0,0,0,59.4,30.3,0,100.0,0
2841.0,20,0,0,0,1,20,91.0,88.7,13,0,0,0,59.3,30.2,0,100.0,0
2842.0,20,0,0,0,1,20,91.0,88.7,13,0,0,0,59.3,30.2,0,100.0,0
2843.0,20,0,0,0,1,20,91.0,88.7,13,0,0,0,59.2,30.1,0,100.0,0
2844.0,20,0,0,0,1,20,91.7,88.7,12,0,0,0,59.2,30.1,0,100.0,0
2845.0,20,0,0,0,1,20,91.0,88.7,13,0,0,0,59.1,30.0,0,100.0,0
2846.0,20,0,0,0,1,20,91.0,88.7,13,0,0,0,59.1,30.0,0,100.0,0
2847.0,20,0,0,0,1,20,91.0,88.7,13,0,0,0,59.0,29.9,0,100.0,0
2848.0,20,0,0,0,1,20,91.0,88.7,13,0,0,0,59.0,29.9,0,100.0,0
2849.0,20,0,0,0,1,20,91.0,88.7,13,0,0,0,58.9,29.8,0,100.0,0
2850.0,20,0,0,0,1,20,91.7,88.7,12,0,0,0,58.9,29.8,0,100.0,0
2851.0,20,0,0,0,1,20,91.7,88.7,12,0,0,0,58.8,29.7,0,100.0,0
2852.0,20,0,0,0,1,20,91.7,88.7,12,0,0,0,58.8,29.7,0,100.0,0
2853.0,20,0,0,0,1,20,91.7,88.7,12,0,0,0,58.7,29.6,0,100.0,0
2854.0,20,0,0,0,1,20,92.4,88.7,11,0,0,0,58.7,29.5,0,100.0,0
2855.0,20,0,0,0,1,20,92.4,88.7,11,0,0,0,58.6,29.5,0,100.0,0
2856.0,20,0,0,0,1,20,92.4,88.7,11,0,0,0,58.6,29.4,0,100.0,0
2857.0,20,0,0,0,1,20,93.1,88.7,10,0,0,0,58.5,29.4,0,100.0,0
2858.0,20,0,0,0,1,20,93.1,88.7,10,0,0,0,58.5,29.3,0,100.0,0
2859.0,20,0,0,0,1,20,93.8,88.7,9,0,0,0,58.4,29.3,0,100.0,0
2860.0,20,0,0,0,1,20,93.8,88.7,9,0,0,0,58.4,29.2,0,100.0,0
2861.0,20,0,0,0,1,20,93.8,88.7,9,0,0,0,58.3,29.2,0,100.0,0
2862.0,20,0,0,0,1,20,93.8,88.7,9,0,0,0,58.3,29.1,0,100.0,0
2863.0,20,0,0,0,1,20,93.8,88.7,9,0,0,0,58.2,29.1,0,100.0,0
2864.0,20,0,0,0,1,20,93.8,88.7,9,0,0,0,58.2,29.0,0,100.0,0
2865.0,20,0,0,0,1,20,94.4,88.7,8,0,0,0,58.1,29.0,0,100.0,0
2866.0,20,0,0,0,1,20,94.4,88.8,8,0,0,0,58.1,28.9,0,100.0,0
2867.0,20,0,0,0,1,20,94.4,88.8,8,0,0,0,58.0,28.9,0,100.0,0
2868.0,20,0,0,0,1,20,94.4,88.8,8,0,0,0,58.0,28.8,0,100.0,0
2869.0,20,0,0,0,1,20,94.4,88.8,8,0,0,0,57.9,28.8,0,100.0,0
2870.0,20,0,0,0,1,20,95.8,88.8,6,0,0,0,57.9,28.7,0,100.0,0
2871.0,20,0,0,0,1,20,96.5,88.8,5,0,0,0,57.8,28.6,0,100.0,0
2872.0,20,0,0,0,1,20,95.1,88.8,7,0,0,0,57.8,28.6,0,100.0,0
2873.0,20,0,0,0,1,20,95.1,88.8,7,0,0,0,57.7,28.5,0,100.0,0
2874.0,20,0,0,0,1,20,95.1,88.8,7,0,0,0,57.7,28.5,0,100.0,0
2875.0,20,0,0,0,1,20,95.1,88.8,7,0,0,0,57.6,28.4,0,100.0,0
2876.0,20,0,0,0,1,20,95.1,88.8,7,0,0,0,57.6,28.4,0,100.0,0
2877.0,20,0,0,0,1,20,95.1,88.9,7,0,0,0,57.5,28.3,0,100.0,0
2878.0,20,0,0,0,1,20,94.4,88.9,8,0,0,0,57.5,28.3,0,100.0,0
2879.0,20,0,0,0,1,20,95.1,88.9,7,0,0,0,57.4,28.2,0,100.0,0
2880.0,20,0,0,0,1,20,95.1,88.9,7,0,0,0,57.4,28.2,0,100.0,0
2881.0,20,0,0,0,1,20,95.1,88.9,7,0,0,0,57.3,28.1,0,100.0,0
2882.0,20,0,0,0,1,20,95.8,88.9,6,0,0,0,57.3,28.1,0,100.0,0
2883.0,20,0,0,0,1,20,95.8,88.9,6,0,0,0,57.2,28.0,0,100.0,0
2884.0,20,0,0,0,1,20,95.8,88.9,6,0,0,0,57.2,28.0,0,100.0,0
2885.0,20,0,0,0,1,20,95.8,88.9,6,0,0,0,57.1,27.9,0,100.0,0
2886.0,20,0,0,0,1,20,95.1,88.9,7,0,0,0,57.1,27.9,0,100.0,0
2887.0,20,0,0,0,1,20,95.1,88.9,7,0,0,0,57.0,27.8,0,100.0,0
2888.0,20,0,0,0,1,20,95.1,88.9,7,0,0,0,57.0,27.7,0,100.0,0
2889.0,20,0,0,0,1,20,95.1,88.9,7,0,0,0,56.9,27.7,0,100.0,0
2890.0,20,0,0,0,1,20,95.8,88.9,6,0,0,0,56.9,27.6,0,100.0,0
2891.0,20,0,0,0,1,20,95.8,88.9,6,0,0,0,56.8,27.6,0,100.0,0
2892.0,20,0,0,0,1,20,95.8,88.9,6,0,0,0,56.8,27.5,0,100.0,0
2893.0,20,0,0,0,1,20,95.8,88.9,6,0,0,0,56.7,27.5,0,100.0,0
2894.0,20,0,0,0,1,20,95.8,89.0,6,0,0,0,56.7,27.4,0,100.0,0
2895.0,20,0,0,0,1,20,96.5,89.0,5,0,0,0,56.6,27.4,0,100.0,0
2896.0,20,0,0,0,1,20,97.2,89.0,4,0,0,0,56.6,27.3,0,100.0,0
2897.0,20,0,0,0,1,20,97.2,89.1,4,0,0,0,56.5,27.3,0,100.0,0
2898.0,20,0,0,0,1,20,97.2,89.1,4,0,0,0,56.5,27.2,0,100.0,0
2899.0,20,0,0,0,1,20,97.2,89.1,4,0,0,0,56.4,27.2,0,100.0,0
2900.0,20,0,0,0,1,20,97.2,89.1,4,0,0,0,56.4,27.1,0,100.0,0
2901.0,20,0,0,0,1,20,97.2,89.2,4,0,0,0,56.3,27.1,0,100.0,0
2902.0,20,0,0,0,1,20,97.2,89.2,4,0,0,0,56.3,27.0,0,100.0,0
2903.0,20,0,0,0,1,20,97.2,89.2,4,0,0,0,56.2,27.0,0,100.0,0
2904.0,20,0,0,0,1,20,97.2,89.2,4,0,0,0,56.2,26.9,0,100.0,0
2905.0,20,0,0,0,1,20,97.9,89.3,3,0,0,0,56.1,26.8,0,100.0,0
2906.0,20,0,0,0,1,20,97.9,89.3,3,0,0,0,56.1,26.8,0,100.0,0
2907.0,20,0,0,0,1,20,97.9,89.3,3,0,0,0,56.0,26.7,0,100.0,0
2908.0,20,0,0,0,1,20,97.9,89.4,3,0,0,0,56.0,26.7,0,100.0,0
2909.0,20,0,0,0,1,20,97.9,89.4,3,0,0,0,55.9,26.6,0,100.0,0
2910.0,20,0,0,0,1,20,97.9,89.4,3,0,0,0,55.9,26.6,0,100.0,0
2911.0,20,0,0,0,1,20,98.6,89.5,2,0,0,0,55.8,26.5,0,100.0,0
2912.0,20,0,0,0,1,20,98.6,89.5,2,0,0,0,55.8,26.5,0,100.0,0
2913.0,20,0,0,0,1,20,98.6,89.5,2,0,0,0,55.7,26.4,0,100.0,0
2914.0,20,0,0,0,1,20,98.6,89.6,2,0,0,0,55.7,26.4,0,100.0,0
2915.0,20,0,0,0,1,20,97.9,89.6,3,0,0,0,55.6,26.3,0,100.0,0
2916.0,20,0,0,0,1,20,97.9,89.6,3,0,0,0,55.6,26.3,0,100.0,0
2917.0,20,0,0,0,1,20,97.9,89.7,3,0,0,0,55.5,26.2,0,100.0,0
2918.0,20,0,0,0,1,20,97.9,89.7,3,0,0,0,55.5,26.2,0,100.0,0
2919.0,20,0,0,0,1,20,97.9,89.7,3,0,0,0,55.4,26.1,0,100.0,0
2920.0,20,0,0,0,1,20,97.9,89.8,3,0,0,0,55.4,26.1,0,100.0,0
2921.0,20,0,0,0,1,20,97.9,89.8,3,0,0,0,55.3,26.0,0,100.0,0
2922.0,20,0,0,0,1,20,97.2,89.8,4,0,0,0,55.3,25.9,0,100.0,0
2923.0,20,0,0,0,1,20,96.5,89.8,5,0,0,0,55.2,25.9,0,100.0,0
2924.0,20,0,0,0,1,20,96.5,89.9,5,0,0,0,55.2,25.8,0,100.0,0
2925.0,20,0,0,0,1,20,96.5,89.9,5,0,0,0,55.1,25.8,0,100.0,0
2926.0,20,0,0,0,1,20,96.5,89.9,5,0,0,0,55.1,25.7,0,100.0,0
2927.0,20,0,0,0,1,20,96.5,89.9,5,0,0,0,55.0,25.7,0,100.0,0
2928.0,20,0,0,0,1,20,96.5,90.0,5,0,0,0,55.0,25.6,0,100.0,0
2929.0,20,0,0,0,1,20,96.5,90.0,5,0,0,0,54.9,25.6,0,100.0,0
2930.0,20,0,0,0,1,20,96.5,90.0,5,0,0,0,54.9,25.5,0,100.0,0
2931.0,20,0,0,0,1,20,96.5,90.1,5,0,0,0,54.8,25.5,0,100.0,0
2932.0,20,0,0,0,1,20,96.5,90.1,5,0,0,0,54.8,25.4,0,100.0,0
2933.0,20,0,0,0,1,20,96.5,90.1,5,0,0,0,54.7,25.4,0,100.0,0
2934.0,20,0,0,0,1,20,96.5,90.2,5,0,0,0,54.7,25.3,0,100.0,0
2935.0,20,0,0,0,1,20,96.5,90.2,5,0,0,0,54.6,25.3,0,100.0,0
2936.0,20,0,0,0,1,20,96.5,90.2,5,0,0,0,54.6,25.2,0,100.0,0
2937.0,20,0,0,0,1,20,96.5,90.2,5,0,0,0,54.5,25.2,0,100.0,0
2938.0,20,0,0,0,1,20,96.5,90.3,5,0,0,0,54.5,25.1,0,100.0,0
2939.0,20,0,0,0,1,20,96.5,90.3,5,0,0,0,54.4,25.0,0,100.0,0
2940.0,20,0,0,0,1,20,96.5,90.3,5,0,0,0,54.4,25.0,0,100.0,0
2941.0,20,0,0,0,1,20,96.5,90.3,5,0,0,0,54.3,24.9,0,100.0,0
2942.0,20,0,0,0,1,20,96.5,90.4,5,0,0,0,54.3,24.9,0,100.0,0
2943.0,20,0,0,0,1,20,96.5,90.4,5,0,0,0,54.2,24.8,0,100.0,0
2944.0,20,0,0,0,1,20,96.5,90.4,5,0,0,0,54.2,24.8,0,100.0,0
2945.0,20,0,0,0,1,20,96.5,90.4,5,0,0,0,54.1,24.7,0,100.0,0
2946.0,20,0,0,0,1,20,96.5,90.5,5,0,0,0,54.1,24.7,0,100.0,0
2947.0,20,0,0,0,1,20,96.5,90.5,5,0,0,0,54.0,24.6,0,100.0,0
2948.0,20,0,0,0,1,20,96.5,90.5,5,0,0,0,54.0,24.6,0,100.0,0
2949.0,20,0,0,0,1,20,96.5,90.5,5,0,0,0,53.9,24.5,0,100.0,0
2950.0,20,0,0,0,1,20,96.5,90.6,5,0,0,0,53.9,24.5,0,100.0,0
2951.0,20,0,0,0,1,20,96.5,90.6,5,0,0,0,53.8,24.4,0,100.0,0
2952.0,20,0,0,0,1,20,95.8,90.6,6,0,0,0,53.8,24.4,0,100.0,0
2953.0,20,0,0,0,1,20,95.8,90.7,6,0,0,0,53.7,24.3,0,100.0,0
2954.0,20,0,0,0,1,20,95.8,90.7,6,0,0,0,53.7,24.3,0,100.0,0
2955.0,20,0,0,0,1,20,95.8,90.7,6,0,0,0,53.6,24.2,0,100.0,0
2956.0,20,0,0,0,1,20,95.8,90.7,6,0,0,0,53.6,24.1,0,100.0,0
2957.0,20,0,0,0,1,20,95.8,90.8,6,0,0,0,53.5,24.1,0,100.0,0
2958.0,20,0,0,0,1,20,95.8,90.8,6,0,0,0,53.5,24.0,0,100.0,0
2959.0,20,0,0,0,1,20,94.4,90.8,8,0,0,0,53.4,24.0,0,100.0,0
2960.0,20,0,0,0,1,20,94.4,90.8,8,0,0,0,53.4,23.9,0,100.0,0
2961.0,20,0,0,0,1,20,94.4,90.9,8,0,0,0,53.3,23.9,0,100.0,0
2962.0,20,0,0,0,1,20,94.4,90.9,8,0,0,0,53.3,23.8,0,100.0,0
2963.0,20,0,0,0,1,20,93.8,90.9,9,0,0,0,53.2,23.8,0,100.0,0
2964.0,20,0,0,0,1,20,94.4,90.9,8,0,0,0,53.2,23.7,0,100.0,0
2965.0,20,0,0,0,1,20,94.4,90.9,8,0,0,0,53.1,23.7,0,100.0,0
2966.0,20,0,0,0,1,20,94.4,91.0,8,0,0,0,53.1,23.6,0,100.0,0
2967.0,20,0,0,0,1,20,94.4,91.0,8,0,0,0,53.0,23.6,0,100.0,0
2968.0,20,0,0,0,1,20,94.4,91.0,8,0,0,0,53.0,23.5,0,100.0,0
2969.0,20,0,0,0,1,20,94.4,91.0,8,0,0,0,52.9,23.5,0,100.0,0
2970.0,20,0,0,0,1,20,95.1,91.1,7,0,0,0,52.9,23.4,0,100.0,0
2971.0,20,0,0,0,1,20,95.1,91.1,7,0,0,0,52.8,23.4,0,100.0,0
2972.0,20,0,0,0,1,20,94.4,91.1,8,0,0,0,52.8,23.3,0,100.0,0
2973.0,20,0,0,0,1,20,94.4,91.1,8,0,0,0,52.7,23.3,0,100.0,0
2974.0,20,0,0,0,1,20,94.4,91.1,8,0,0,0,52.7,23.2,0,100.0,0
2975.0,20,0,0,0,1,20,94.4,91.2,8,0,0,0,52.6,23.1,0,100.0,0
2976.0,20,0,0,0,1,20,94.4,91.2,8,0,0,0,52.6,23.1,0,100.0,0
2977.0,20,0,0,0,1,20,94.4,91.2,8,0,0,0,52.5,23.0,0,100.0,0
2978.0,20,0,0,0,1,20,94.4,91.2,8,0,0,0,52.5,23.0,0,100.0,0
2979.0,20,0,0,0,1,20,94.4,91.2,8,0,0,0,52.4,22.9,0,100.0,0
2980.0,20,0,0,0,1,20,94.4,91.3,8,0,0,0,52.4,22.9,0,100.0,0
2981.0,20,0,0,0,1,20,94.4,91.3,8,0,0,0,52.3,22.8,0,100.0,0
2982.0,20,0,0,0,1,20,94.4,91.3,8,0,0,0,52.3,22.8,0,100.0,0
2983.0,20,0,0,0,1,20,94.4,91.3,8,0,0,0,52.2,22.7,0,100.0,0
2984.0,20,0,0,0,1,20,94.4,91.3,8,0,0,0,52.2,22.7,0,100.0,0
2985.0,20,0,0,0,1,20,93.8,91.4,9,0,0,0,52.1,22.6,0,100.0,0
2986.0,19,0,1,0,1,20,93.8,91.4,9,0,0,0,52.1,22.6,0,100.0,0
2987.0,19,0,1,0,1,20,93.8,91.4,9,0,0,0,52.0,22.5,0,100.0,0
2988.0,19,0,1,0,1,20,93.8,91.4,9,0,0,0,52.0,22.5,0,100.0,0
2989.0,19,0,1,0,1,20,93.8,91.4,9,0,0,0,51.9,22.4,0,100.0,0
2990.0,18,0,2,0,1,20,93.8,91.5,9,0,0,0,51.9,22.4,0,100.0,0
2991.0,18,0,2,0,1,20,93.8,91.5,9,0,0,0,51.9,22.4,0,100.0,0
2992.0,18,0,2,0,1,20,93.8,91.5,9,0,0,0,51.8,22.4,0,100.0,0
2993.0,18,0,2,0,1,20,93.8,91.5,9,0,0,0,51.8,22.4,0,100.0,0
2994.0,18,0,2,0,1,20,93.8,91.6,9,0,0,0,51.7,22.4,0,100.0,0
2995.0,18,0,2,0,1,20,93.8,91.6,9,0,0,0,51.7,22.4,0,100.0,0
2996.0,18,0,2,0,1,20,93.8,91.6,9,0,0,0,51.6,22.4,0,100.0,0
2997.0,18,0,2,0,1,20,93.8,91.6,9,0,0,0,51.6,22.4,0,100.0,0
2998.0,18,0,2,0,1,20,94.4,91.7,8,0,0,0,51.5,22.4,0,100.0,0
2999.0,18,0,2,0,1,20,94.4,91.7,8,0,0,0,51.5,22.4,0,100.0,0
3000.0,18,0,2,0,1,20,94.4,91.7,8,0,0,0,51.4,22.4,0,100.0,0
3001.0,18,0,2,0,1,20,94.4,91.8,8,0,0,0,51.4,22.4,0,100.0,0
3002.0,18,0,2,0,1,20,94.4,91.8,8,0,0,0,51.4,22.4,0,100.0,0
3003.0,17,0,3,0,1,20,94.4,91.8,8,0,0,0,51.3,22.4,0,100.0,0
3004.0,17,0,3,0,1,20,94.4,91.9,8,0,0,0,51.3,22.4,0,100.0,0
3005.0,17,0,3,0,1,20,94.4,91.9,8,0,0,0,51.2,22.4,0,100.0,0
3006.0,17,0,3,0,1,20,94.4,91.9,8,0,0,0,51.2,22.4,0,100.0,0
3007.0,17,0,3,0,1,20,94.4,92.0,8,0,0,0,51.1,22.4,0,100.0,0
3008.0,17,0,3,0,1,20,94.4,92.0,8,0,0,0,51.1,22.4,0,100.0,0
3009.0,17,0,3,0,1,20,93.8,92.1,9,0,0,0,51.1,22.4,0,100.0,0
3010.0,17,0,3,0,1,20,93.8,92.1,9,0,0,0,51.0,22.4,0,100.0,0
3011.0,17,0,3,0,1,20,93.8,92.1,9,0,0,0,51.0,22.4,0,100.0,0
3012.0,17,0,3,0,1,20,93.8,92.2,9,0,0,0,50.9,22.4,0,100.0,0
3013.0,17,0,3,0,1,20,93.8,92.2,9,0,0,0,50.9,22.4,0,100.0,0
3014.0,17,0,3,0,1,20,93.8,92.3,9,0,0,0,50.8,22.4,0,100.0,0
3015.0,17,0,3,0,1,20,93.8,92.3,9,0,0,0,50.8,22.4,0,100.0,0
3016.0,17,0,3,0,1,20,93.1,92.4,10,0,0,0,50.8,22.4,0,100.0,0
3017.0,17,0,3,0,1,20,92.4,92.4,11,0,0,0,50.7,22.4,0,100.0,0
3018.0,17,0,3,0,1,20,91.7,92.4,12,0,0,0,50.7,22.4,0,100.0,0
3019.0,17,0,3,0,1,20,91.7,92.5,12,0,0,0,50.6,22.4,0,100.0,0
3020.0,17,0,3,0,1,20,91.7,92.5,12,0,0,0,50.6,22.4,0,100.0,0
3021.0,17,0,3,0,1,20,91.7,92.6,12,0,0,0,50.6,22.4,0,100.0,0
3022.0,17,0,3,0,1,20,91.7,92.6,12,0,0,0,50.5,22.4,0,100.0,0
3023.0,17,0,3,0,1,20,91.0,92.6,13,0,0,0,50.5,22.4,0,100.0,0
3024.0,17,0,3,0,1,20,91.0,92.7,13,0,0,0,50.4,22.4,0,100.0,0
3025.0,17,0,3,0,1,20,91.0,92.7,13,0,0,0,50.4,22.4,0,100.0,0
3026.0,17,0,3,0,1,20,91.0,92.8,13,0,0,0,50.3,22.4,0,100.0,0
3027.0,17,0,3,0,1,20,91.0,92.8,13,0,0,0,50.3,22.4,0,100.0,0
3028.0,17,0,3,0,1,20,90.3,92.8,14,0,0,0,50.3,22.4,0,100.0,0
3029.0,17,0,3,0,1,20,90.3,92.9,14,0,0,0,50.2,22.4,0,100.0,0
3030.0,17,0,3,0,1,20,90.3,92.9,14,0,0,0,50.2,22.4,0,100.0,1
3031.0,17,0,3,0,1,20,90.3,92.9,14,0,0,0,50.1,22.4,0,100.0,0
3032.0,17,0,3,0,1,20,90.3,93.0,14,0,0,0,50.1,22.4,0,100.0,0
3033.0,17,0,3,0,1,20,90.3,93.0,14,0,0,0,50.0,22.4,0,100.0,0
3034.0,17,0,3,0,1,20,89.6,93.0,15,0,0,0,50.0,22.4,0,100.0,0
3035.0,17,0,3,0,1,20,89.6,93.1,15,0,0,0,50.0,22.4,0,100.0,0
3036.0,17,0,3,0,1,20,88.9,93.1,16,0,0,0,49.9,22.4,0,100.0,0
3037.0,17,0,3,0,1,20,88.2,93.1,17,0,0,0,49.9,22.4,0,100.0,0
3038.0,17,0,3,0,1,20,88.2,93.2,17,0,0,0,49.8,22.4,0,100.0,0
3039.0,17,0,3,0,1,20,88.2,93.2,17,0,0,0,49.8,22.4,0,100.0,0
3040.0,17,0,3,0,1,20,88.2,93.2,17,0,0,0,49.7,22.4,0,100.0,0
3041.0,17,0,3,0,1,20,88.2,93.2,17,0,0,0,49.7,22.4,0,100.0,0
3042.0,17,0,3,0,1,20,87.5,93.3,18,0,0,0,49.7,22.4,0,100.0,0
3043.0,17,0,3,0,1,20,87.5,93.3,18,0,0,0,49.6,22.4,0,100.0,0
3044.0,17,0,3,0,1,20,86.8,93.3,19,0,0,0,49.6,22.4,0,100.0,0
3045.0,17,0,3,0,1,20,86.8,93.3,19,0,0,0,49.5,22.4,0,100.0,0
3046.0,17,1,2,0,1,19,86.8,93.3,19,0,0,0,53.1,22.4,0,100.0,0
3047.0,17,1,2,0,1,19,86.1,93.3,20,0,0,0,53.1,22.4,0,100.0,0
3048.0,17,1,2,0,1,19,86.1,93.3,20,0,0,0,53.0,22.4,0,100.0,0
3049.0,17,1,2,0,1,19,85.4,93.3,21,0,0,0,53.0,22.4,0,100.0,0
3050.0,17,2,1,0,1,18,85.4,93.3,21,0,0,0,56.6,22.6,0,100.0,0
3051.0,17,2,1,0,1,18,84.7,93.3,22,0,0,0,56.6,22.6,0,100.0,0
3052.0,17,2,1,0,1,18,84.7,93.3,22,0,0,0,56.6,22.6,0,100.0,0
3053.0,17,2,1,0,1,18,84.7,93.3,22,0,0,0,56.5,22.6,0,100.0,0
3054.0,17,2,1,0,1,18,84.7,93.3,22,0,0,0,56.5,22.6,0,100.0,0
3055.0,17,2,1,0,1,18,83.3,93.3,24,0,0,0,56.4,22.6,0,100.0,0
3056.0,17,2,1,0,1,18,83.3,93.3,24,0,0,0,56.4,22.6,0,100.0,0
3057.0,17,2,1,0,1,18,83.3,93.3,24,0,0,0,56.3,22.6,0,100.0,0
3058.0,17,2,1,0,1,18,82.6,93.3,25,0,0,0,56.3,22.6,0,100.0,0
3059.0,17,2,1,0,1,18,82.6,93.3,25,0,0,0,56.3,22.6,0,100.0,0
3060.0,18,1,1,0,1,19,83.3,93.3,24,0,0,0,56.2,22.6,0,100.0,0
3061.0,18,1,1,0,1,19,83.3,93.3,24,0,0,0,56.2,22.6,0,100.0,0
3062.0,18,1,1,0,1,19,83.3,93.2,24,0,0,0,56.1,22.6,0,100.0,0
3063.0,18,2,0,0,1,18,83.3,93.2,24,0,0,0,59.8,27.6,0,100.0,0
3064.0,18,2,0,0,1,18,83.3,93.2,24,0,0,0,59.7,27.5,0,100.0,0
3065.0,18,2,0,0,1,18,82.6,93.2,25,0,0,0,59.7,27.4,0,100.0,0
3066.0,18,2,0,0,1,18,82.6,93.2,25,0,0,0,59.6,27.4,0,100.0,0
3067.0,18,2,0,0,1,18,82.6,93.2,25,0,0,0,59.6,27.3,0,100.0,0
3068.0,18,2,0,0,1,18,82.6,93.1,25,0,0,0,59.5,27.3,0,100.0,0
3069.0,18,2,0,0,1,18,82.6,93.1,25,0,0,0,59.5,27.2,0,100.0,0
3070.0,18,2,0,0,1,18,82.6,93.1,25,0,0,0,59.5,27.2,0,100.0,0
3071.0,18,2,0,0,1,18,82.6,93.1,25,0,0,0,59.4,27.1,0,100.0,0
3072.0,18,2,0,0,1,18,83.3,93.0,24,0,0,0,59.4,27.1,0,100.0,0
3073.0,18,2,0,0,1,18,83.3,93.0,24,0,0,0,59.3,27.0,0,100.0,0
3074.0,18,2,0,0,1,18,83.3,93.0,24,0,0,0,59.3,27.0,0,100.0,0
3075.0,18,2,0,0,1,18,83.3,93.0,24,0,0,0,59.2,26.9,0,100.0,0
3076.0,18,2,0,0,1,18,83.3,92.9,24,0,0,0,59.2,26.9,0,100.0,0
3077.0,18,2,0,0,1,18,83.3,92.9,24,0,0,0,59.1,26.8,0,100.0,0
3078.0,18,2,0,0,1,18,83.3,92.9,24,0,0,0,59.1,26.8,0,100.0,0
3079.0,18,2,0,0,1,18,83.3,92.8,24,0,0,0,59.1,26.7,0,100.0,0
3080.0,18,2,0,0,1,18,83.3,92.8,24,0,0,0,59.0,26.7,0,100.0,0
3081.0,18,2,0,0,1,18,84.0,92.8,23,0,0,0,59.0,26.6,0,100.0,0
3082.0,18,2,0,0,1,18,84.7,92.8,22,0,0,0,58.9,26.6,0,100.0,0
3083.0,18,2,0,0,1,18,84.0,92.7,23,0,0,0,58.9,26.5,0,100.0,0
3084.0,18,2,0,0,1,18,84.0,92.7,23,0,0,0,58.8,26.4,0,100.0,0
3085.0,18,2,0,0,1,18,83.3,92.7,24,0,0,0,58.8,26.4,0,100.0,0
3086.0,18,2,0,0,1,18,83.3,92.6,24,0,0,0,58.7,26.3,0,100.0,0
3087.0,18,2,0,0,1,18,83.3,92.6,24,0,0,0,58.7,26.3,0,100.0,0
3088.0,18,2,0,0,1,18,84.0,92.6,23,0,0,0,58.6,26.2,0,100.0,0
3089.0,18,2,0,0,1,18,84.0,92.5,23,0,0,0,58.6,26.2,0,100.0,0
3090.0,18,2,0,0,1,18,86.1,92.5,20,0,0,0,58.6,26.1,0,100.0,0
3091.0,18,2,0,0,1,18,86.1,92.5,20,0,0,0,58.5,26.1,0,100.0,0
3092.0,18,2,0,0,1,18,86.8,92.5,19,0,0,0,58.5,26.0,0,100.0,0
3093.0,18,2,0,0,1,18,86.8,92.5,19,0,0,0,58.4,26.0,0,100.0,0
3094.0,18,2,0,0,1,18,87.5,92.4,18,0,0,0,58.4,25.9,0,100.0,0
3095.0,18,2,0,0,1,18,88.2,92.4,17,0,0,0,58.3,25.9,0,100.0,0
3096.0,18,2,0,0,1,18,87.5,92.4,18,0,0,0,58.3,25.8,0,100.0,0
3097.0,18,2,0,0,1,18,88.2,92.4,17,0,0,0,58.2,25.8,0,100.0,0
3098.0,18,2,0,0,1,18,88.2,92.4,17,0,0,0,58.2,25.7,0,100.0,0
3099.0,18,2,0,0,1,18,88.9,92.3,16,0,0,0,58.2,25.7,0,100.0,0
3100.0,18,2,0,0,1,18,88.9,92.3,16,0,0,0,58.1,25.6,0,100.0,0
3101.0,18,2,0,0,1,18,88.9,92.3,16,0,0,0,58.1,25.5,0,100.0,0
3102.0,18,2,0,0,1,18,89.6,92.3,15,0,0,0,58.0,25.5,0,100.0,0
3103.0,18,2,0,0,1,18,88.9,92.3,16,0,0,0,58.0,25.4,0,100.0,0
3104.0,18,2,0,0,1,18,88.9,92.2,16,0,0,0,57.9,25.4,0,100.0,0
3105.0,18,2,0,0,1,18,88.9,92.2,16,0,0,0,57.9,25.3,0,100.0,0
3106.0,18,2,0,0,1,18,88.9,92.2,16,0,0,0,57.8,25.3,0,100.0,0
3107.0,18,2,0,0,1,18,88.9,92.2,16,0,0,0,57.8,25.2,0,100.0,0
3108.0,18,2,0,0,1,18,89.6,92.1,15,0,0,0,57.7,25.2,0,100.0,0
3109.0,18,2,0,0,1,18,89.6,92.1,15,0,0,0,57.7,25.1,0,100.0,0
3110.0,18,2,0,0,1,18,89.6,92.1,15,0,0,0,57.7,25.1,0,100.0,0
3111.0,18,2,0,0,1,18,90.3,92.1,14,0,0,0,57.6,25.0,0,100.0,0
3112.0,18,2,0,0,1,18,90.3,92.1,14,0,0,0,57.6,25.0,0,100.0,0
3113.0,18,2,0,0,1,18,89.6,92.0,15,0,0,0,57.5,24.9,0,100.0,0
3114.0,18,2,0,0,1,18,89.6,92.0,15,0,0,0,57.5,24.9,0,100.0,0
3115.0,18,2,0,0,1,18,91.0,92.0,13,0,0,0,57.4,24.8,0,100.0,0
3116.0,18,2,0,0,1,18,91.0,92.0,13,0,0,0,57.4,24.8,0,100.0,0
3117.0,19,1,0,0,1,19,90.3,92.0,14,0,0,0,57.3,24.7,0,100.0,0
3118.0,19,1,0,0,1,19,89.6,91.9,15,0,0,0,57.3,24.6,0,100.0,0
3119.0,19,1,0,0,1,19,90.3,91.9,14,0,0,0,57.2,24.6,0,100.0,0
3120.0,19,1,0,0,1,19,90.3,91.9,14,0,0,0,57.2,24.5,0,100.0,0
3121.0,19,1,0,0,1,19,90.3,91.9,14,0,0,0,57.2,24.5,0,100.0,0
3122.0,19,1,0,0,1,19,90.3,91.8,14,0,0,0,57.1,24.4,0,100.0,0
3123.0,19,1,0,0,1,19,90.3,91.8,14,0,0,0,57.1,24.4,0,100.0,0
3124.0,19,1,0,0,1,19,90.3,91.8,14,0,0,0,57.0,24.3,0,100.0,0
3125.0,19,1,0,0,1,19,90.3,91.8,14,0,0,0,57.0,24.3,0,100.0,0
3126.0,19,1,0,0,1,19,90.3,91.8,14,0,0,0,56.9,24.2,0,100.0,0
3127.0,19,1,0,0,1,19,90.3,91.7,14,0,0,0,56.9,24.2,0,100.0,0
3128.0,19,1,0,0,1,19,91.0,91.7,13,0,0,0,56.8,24.1,0,100.0,0
3129.0,19,1,0,0,1,19,91.0,91.7,13,0,0,0,56.8,24.1,0,100.0,0
3130.0,19,1,0,0,1,19,91.0,91.7,13,0,0,0,56.7,24.0,0,100.0,0
3131.0,19,1,0,0,1,19,91.0,91.7,13,0,0,0,56.7,24.0,0,100.0,0
3132.0,19,1,0,0,1,19,91.7,91.6,12,0,0,0,56.6,23.9,0,100.0,0
3133.0,19,1,0,0,1,19,91.7,91.6,12,0,0,0,56.6,23.9,0,100.0,0
3134.0,19,1,0,0,1,19,91.7,91.6,12,0,0,0,56.5,23.8,0,100.0,0
3135.0,19,1,0,0,1,19,91.7,91.6,12,0,0,0,56.5,23.7,0,100.0,0
3136.0,19,1,0,0,1,19,91.0,91.6,13,0,0,0,56.4,23.7,0,100.0,0
3137.0,19,1,0,0,1,19,91.0,91.5,13,0,0,0,56.4,23.6,0,100.0,0
3138.0,19,1,0,0,1,19,91.7,91.5,12,0,0,0,56.3,23.6,0,100.0,0
3139.0,19,1,0,0,1,19,91.7,91.5,12,0,0,0,56.3,23.5,0,100.0,0
3140.0,19,1,0,0,1,19,91.7,91.5,12,0,0,0,56.2,23.5,0,100.0,0
3141.0,19,1,0,0,1,19,91.7,91.4,12,0,0,0,56.2,23.4,0,100.0,0
3142.0,19,0,1,0,1,20,92.4,91.4,11,0,0,0,56.2,23.4,0,100.0,0
3143.0,19,0,1,0,1,20,91.7,91.4,12,0,0,0,56.1,23.3,0,100.0,0
3144.0,19,0,1,0,1,20,91.7,91.4,12,0,0,0,56.1,23.3,0,100.0,0
3145.0,19,0,1,0,1,20,92.4,91.4,11,0,0,0,56.0,23.2,0,100.0,0
3146.0,19,0,1,0,1,20,92.4,91.3,11,0,0,0,56.0,23.2,0,100.0,0
3147.0,19,0,1,0,1,20,92.4,91.3,11,0,0,0,55.9,23.1,0,100.0,0
3148.0,19,0,1,0,1,20,92.4,91.3,11,0,0,0,55.9,23.1,0,100.0,0
3149.0,19,0,1,0,1,20,92.4,91.3,11,0,0,0,55.8,23.0,0,100.0,0
3150.0,19,0,1,0,1,20,91.7,91.2,12,0,0,0,55.8,23.0,0,100.0,0
3151.0,19,0,1,0,1,20,91.7,91.2,12,0,0,0,55.7,22.9,0,100.0,0
3152.0,19,0,1,0,1,20,92.4,91.2,11,0,0,0,55.7,22.8,0,100.0,0
3153.0,19,0,1,0,1,20,92.4,91.2,11,0,0,0,55.6,22.8,0,100.0,0
3154.0,19,0,1,0,1,20,92.4,91.1,11,0,0,0,55.6,22.7,0,100.0,0
3155.0,19,0,1,0,1,20,93.1,91.1,10,0,0,0,55.5,22.7,0,100.0,0
3156.0,19,0,1,0,1,20,93.1,91.1,10,0,0,0,55.5,22.6,0,100.0,0
3157.0,19,0,1,0,1,20,93.1,91.1,10,0,0,0,55.4,22.6,0,100.0,0
3158.0,19,0,1,0,1,20,93.1,91.0,10,0,0,0,55.4,22.5,0,100.0,0
3159.0,19,0,1,0,1,20,93.1,91.0,10,0,0,0,55.3,22.5,0,100.0,0
3160.0,19,0,1,0,1,20,93.1,91.0,10,0,0,0,55.3,22.4,0,100.0,0
3161.0,19,0,1,0,1,20,93.1,91.0,10,0,0,0,55.3,22.4,0,100.0,0
3162.0,19,0,1,0,1,20,93.8,91.0,9,0,0,0,55.2,22.3,0,100.0,0
3163.0,18,0,2,0,1,20,95.1,91.0,7,0,0,0,55.2,22.3,0,100.0,0
3164.0,18,0,2,0,1,20,95.1,91.0,7,0,0,0,55.1,22.2,0,100.0,0
3165.0,18,0,2,0,1,20,95.1,91.0,7,0,0,0,55.1,22.2,0,100.0,0
3166.0,18,0,2,0,1,20,95.1,90.9,7,0,0,0,55.0,22.1,0,100.0,0
3167.0,18,0,2,0,1,20,95.1,90.9,7,0,0,0,55.0,22.1,0,100.0,0
3168.0,18,0,2,0,1,20,95.8,90.9,6,0,0,0,54.9,22.0,0,100.0,0
3169.0,18,0,2,0,1,20,95.1,90.9,7,0,0,0,54.9,21.9,0,100.0,0
3170.0,18,0,2,0,1,20,95.1,90.9,7,0,0,0,54.8,21.9,0,100.0,0
3171.0,18,0,2,0,1,20,95.1,90.9,7,0,0,0,54.8,21.8,0,100.0,0
3172.0,18,0,2,0,1,20,95.1,90.9,7,0,0,0,54.8,21.8,0,100.0,0
3173.0,18,0,2,0,1,20,95.1,90.9,7,0,0,0,54.7,21.7,0,100.0,0
3174.0,18,0,2,0,1,20,95.1,90.9,7,0,0,0,54.7,21.7,0,100.0,0
3175.0,18,0,2,0,1,20,94.4,90.9,8,0,0,0,54.6,21.6,0,100.0,0
3176.0,18,0,2,0,1,20,94.4,90.9,8,0,0,0,54.6,21.6,0,100.0,0
3177.0,18,0,2,0,1,20,94.4,90.9,8,0,0,0,54.5,21.5,0,100.0,0
3178.0,18,0,2,0,1,20,94.4,90.9,8,0,0,0,54.5,21.5,0,100.0,0
3179.0,18,0,2,0,1,20,94.4,90.9,8,0,0,0,54.4,21.4,0,100.0,0
3180.0,18,0,2,0,1,20,94.4,90.9,8,0,0,0,54.4,21.4,0,100.0,0
3181.0,17,0,3,0,1,20,94.4,90.8,8,0,0,0,54.4,21.3,0,100.0,0
3182.0,17,0,3,0,1,20,95.1,90.8,7,0,0,0,54.3,21.3,0,100.0,0
3183.0,17,0,3,0,1,20,95.1,90.8,7,0,0,0,54.3,21.2,0,100.0,0
3184.0,17,0,3,0,1,20,95.1,90.8,7,0,0,0,54.2,21.2,0,100.0,0
3185.0,17,0,3,0,1,20,95.1,90.8,7,0,0,0,54.2,21.1,0,100.0,0
3186.0,17,0,3,0,1,20,94.4,90.8,8,0,0,0,54.1,21.0,0,100.0,0
3187.0,17,0,3,0,1,20,94.4,90.8,8,0,0,0,54.1,21.0,0,100.0,0
3188.0,17,0,3,0,1,20,94.4,90.8,8,0,0,0,54.1,20.9,0,100.0,0
3189.0,16,0,4,0,1,20,95.1,90.8,7,0,0,0,54.0,20.9,0,100.0,0
3190.0,16,0,4,0,1,20,95.1,90.8,7,0,0,0,54.0,20.9,0,100.0,0
3191.0,16,0,4,0,1,20,95.1,90.8,7,0,0,0,53.9,20.9,0,100.0,0
3192.0,16,0,4,0,1,20,95.1,90.8,7,0,0,0,53.9,20.9,0,100.0,0
3193.0,16,0,4,0,1,20,95.1,90.8,7,0,0,0,53.8,20.9,0,100.0,0
3194.0,16,0,4,0,1,20,94.4,90.8,8,0,0,0,53.8,20.9,0,100.0,0
3195.0,16,0,4,0,1,20,94.4,90.8,8,0,0,0,53.8,20.9,0,100.0,0
3196.0,16,0,4,0,1,20,94.4,90.8,8,0,0,0,53.7,20.9,0,100.0,0
3197.0,16,0,4,0,1,20,94.4,90.7,8,0,0,0,53.7,20.9,0,100.0,0
3198.0,16,0,4,0,1,20,94.4,90.7,8,0,0,0,53.6,20.9,0,100.0,0
3199.0,16,0,4,0,1,20,94.4,90.7,8,0,0,0,53.6,20.9,0,100.0,0
3200.0,16,0,4,0,1,20,93.8,90.7,9,0,0,0,53.6,20.9,0,100.0,0
3201.0,16,0,4,0,1,20,93.8,90.7,9,0,0,0,53.5,20.9,0,100.0,0
3202.0,16,1,3,0,1,19,93.8,90.7,9,0,0,0,57.1,20.9,0,100.0,0
3203.0,16,1,3,0,1,19,93.8,90.7,9,0,0,0,57.1,20.9,0,100.0,0
3204.0,16,1,3,0,1,19,92.4,90.7,11,0,0,0,57.0,20.9,0,100.0,0
3205.0,16,1,3,0,1,19,92.4,90.7,11,0,0,0,57.0,20.9,0,100.0,0
3206.0,16,1,3,0,1,19,92.4,90.7,11,0,0,0,57.0,20.9,0,100.0,0
3207.0,16,1,3,0,1,19,92.4,90.7,11,0,0,0,56.9,20.9,0,100.0,0
3208.0,16,1,3,0,1,19,92.4,90.7,11,0,0,0,56.9,20.9,0,100.0,0
3209.0,16,1,3,0,1,19,92.4,90.7,11,0,0,0,56.8,20.9,0,100.0,0
3210.0,16,1,3,0,1,19,92.4,90.7,11,0,0,0,56.8,20.9,0,100.0,0
3211.0,16,1,3,0,1,19,92.4,90.7,11,0,0,0,56.8,20.9,0,100.0,0
3212.0,16,1,3,0,1,19,92.4,90.7,11,0,0,0,56.7,20.9,0,100.0,0
3213.0,16,1,3,0,1,19,91.7,90.6,12,0,0,0,56.7,20.9,0,100.0,0
3214.0,16,1,3,0,1,19,91.7,90.6,12,0,0,0,56.6,20.9,0,100.0,0
3215.0,16,1,3,0,1,19,91.7,90.6,12,0,0,0,56.6,20.9,0,100.0,0
3216.0,16,1,3,0,1,19,91.7,90.6,12,0,0,0,56.6,20.9,0,100.0,0
3217.0,16,1,3,0,1,19,92.4,90.6,11,0,0,0,56.5,20.9,0,100.0,0
3218.0,16,1,3,0,1,19,92.4,90.6,11,0,0,0,56.5,20.9,0,100.0,0
3219.0,16,1,3,0,1,19,92.4,90.6,11,0,0,0,56.4,20.9,0,100.0,0
3220.0,16,1,3,0,1,19,91.7,90.6,12,0,0,0,56.4,20.9,0,100.0,0
3221.0,16,1,3,0,1,19,91.7,90.6,12,0,0,0,56.4,20.9,0,100.0,0
3222.0,16,1,3,0,1,19,91.7,90.5,12,0,0,0,56.3,20.9,0,100.0,0
3223.0,16,2,2,0,1,18,91.7,90.5,12,0,0,0,60.0,20.9,0,100.0,0
3224.0,16,2,2,0,1,18,91.7,90.5,12,0,0,0,59.9,20.9,0,100.0,0
3225.0,16,2,2,0,1,18,91.0,90.5,13,0,0,0,59.9,20.9,0,100.0,0
3226.0,16,2,2,0,1,18,91.0,90.5,13,0,0,0,59.9,20.9,0,100.0,0
3227.0,16,2,2,0,1,18,91.0,90.5,13,0,0,0,59.8,20.9,0,100.0,0
3228.0,16,2,2,0,1,18,90.3,90.5,14,0,0,0,59.8,20.9,0,100.0,0
3229.0,16,2,2,0,1,18,88.9,90.5,16,0,0,0,59.7,20.9,0,100.0,0
3230.0,16,2,2,0,1,18,88.9,90.4,16,0,0,0,59.7,20.9,0,100.0,0
3231.0,16,2,2,0,1,18,88.9,90.4,16,0,0,0,59.7,20.9,0,100.0,0
3232.0,16,2,2,0,1,18,88.9,90.4,16,0,0,0,59.6,20.9,0,100.0,0
3233.0,16,2,2,0,1,18,88.9,90.4,16,0,0,0,59.6,20.9,0,100.0,0
3234.0,16,2,2,0,1,18,88.9,90.4,16,0,0,0,59.5,20.9,0,100.0,0
3235.0,16,2,2,0,1,18,88.9,90.3,16,0,0,0,59.5,20.9,0,100.0,0
3236.0,16,2,2,0,1,18,88.9,90.3,16,0,0,0,59.5,20.9,0,100.0,0
3237.0,16,2,2,0,1,18,88.9,90.3,16,0,0,0,59.4,20.9,0,100.0,0
3238.0,16,2,2,0,1,18,89.6,90.3,15,0,0,0,59.4,20.9,0,100.0,0
3239.0,16,2,2,0,1,18,89.6,90.2,15,0,0,0,59.3,20.9,0,100.0,0
3240.0,16,2,2,0,1,18,89.6,90.2,15,0,0,0,59.3,20.9,0,100.0,0
3241.0,16,3,1,0,1,17,89.6,90.2,15,0,0,0,62.9,20.9,0,100.0,0
3242.0,16,3,1,0,1,17,89.6,90.2,15,0,0,0,62.8,20.9,0,100.0,0
3243.0,16,3,1,0,1,17,89.6,90.2,15,0,0,0,62.8,20.9,0,100.0,0
3244.0,16,3,1,0,1,17,89.6,90.1,15,0,0,0,62.8,20.9,0,100.0,0
3245.0,16,3,1,0,1,17,89.6,90.1,15,0,0,0,62.7,20.9,0,100.0,0
3246.0,16,3,1,0,1,17,89.6,90.1,15,0,0,0,62.7,20.9,0,100.0,0
3247.0,16,3,1,0,1,17,89.6,90.1,15,0,0,0,62.6,20.9,0,100.0,0
3248.0,16,3,1,0,1,17,89.6,90.1,15,0,0,0,62.6,20.9,0,100.0,0
3249.0,16,4,0,0,1,16,90.3,90.1,14,0,0,0,66.3,23.9,0,100.0,0
3250.0,16,4,0,0,1,16,90.3,90.0,14,0,0,0,66.3,23.9,0,100.0,0
3251.0,16,4,0,0,1,16,90.3,90.0,14,0,0,0,66.2,23.8,0,100.0,0
3252.0,16,4,0,0,1,16,90.3,90.0,14,0,0,0,66.2,23.8,0,100.0,0
3253.0,16,4,0,0,1,16,90.3,90.0,14,0,0,0,66.2,23.7,0,100.0,0
3254.0,16,4,0,0,1,16,90.3,90.0,14,0,0,0,66.1,23.7,0,100.0,0
3255.0,16,4,0,0,1,16,90.3,90.0,14,0,0,0,66.1,23.6,0,100.0,0
3256.0,16,4,0,0,1,16,90.3,90.0,14,0,0,0,66.0,23.6,0,100.0,0
3257.0,16,4,0,0,1,16,90.3,89.9,14,0,0,0,66.0,23.5,0,100.0,0
3258.0,16,4,0,0,1,16,90.3,89.9,14,0,0,0,66.0,23.4,0,100.0,0
3259.0,16,3,1,0,1,17,90.3,89.9,14,0,0,0,65.9,23.4,0,100.0,0
3260.0,16,3,1,0,1,17,90.3,89.9,14,0,0,0,65.9,23.4,0,100.0,0
3261.0,16,3,1,0,1,17,89.6,89.9,15,0,0,0,65.8,23.4,0,100.0,0
3262.0,16,3,1,0,1,17,88.9,89.9,16,0,0,0,65.8,23.4,0,100.0,0
3263.0,16,3,1,0,1,17,89.6,89.9,15,0,0,0,65.8,23.4,0,100.0,0
3264.0,16,3,1,0,1,17,89.6,89.9,15,0,0,0,65.7,23.4,0,100.0,0
3265.0,16,3,1,0,1,17,88.9,89.9,16,0,0,0,65.7,23.4,0,100.0,0
3266.0,16,3,1,0,1,17,88.9,89.9,16,0,0,0,65.6,23.4,0,100.0,0
3267.0,16,3,1,0,1,17,88.9,89.9,16,0,0,0,65.6,23.4,0,100.0,0
3268.0,16,3,1,0,1,17,88.9,89.9,16,0,0,0,65.6,23.4,0,100.0,0
3269.0,16,3,1,0,1,17,88.9,89.9,16,0,0,0,65.5,23.4,0,100.0,0
3270.0,16,3,1,0,1,17,88.9,89.9,16,0,0,0,65.5,23.4,0,100.0,0
3271.0,16,3,1,0,1,17,89.6,89.8,15,0,0,0,65.4,23.4,0,100.0,0
3272.0,16,3,1,0,1,17,89.6,89.8,15,0,0,0,65.4,23.4,0,100.0,0
3273.0,16,3,1,0,1,17,89.6,89.8,15,0,0,0,65.4,23.4,0,100.0,0
3274.0,16,3,1,0,1,17,89.6,89.8,15,0,0,0,65.3,23.4,0,100.0,0
3275.0,16,3,1,0,1,17,89.6,89.8,15,0,0,0,65.3,23.4,0,100.0,0
3276.0,16,3,1,0,1,17,88.9,89.8,16,0,0,0,65.2,23.4,0,100.0,0
3277.0,16,3,1,0,1,17,88.9,89.8,16,0,0,0,65.2,23.4,0,100.0,0
3278.0,16,3,1,0,1,17,89.6,89.9,15,0,0,0,65.2,23.4,0,100.0,0
3279.0,16,3,1,0,1,17,89.6,89.9,15,0,0,0,65.1,23.4,0,100.0,0
3280.0,16,3,1,0,1,17,89.6,89.9,15,0,0,0,65.1,23.4,0,100.0,0
3281.0,16,3,1,0,1,17,89.6,89.9,15,0,0,0,65.0,23.4,0,100.0,0
3282.0,16,3,1,0,1,17,89.6,89.9,15,0,0,0,65.0,23.4,0,100.0,0
3283.0,16,3,1,0,1,17,88.9,89.9,16,0,0,0,65.0,23.4,0,100.0,0
3284.0,16,3,1,0,1,17,88.9,89.9,16,0,0,0,64.9,23.4,0,100.0,0
3285.0,16,3,1,0,1,17,88.9,89.9,16,0,0,0,64.9,23.4,0,100.0,0
3286.0,16,3,1,0,1,17,88.2,89.9,17,0,0,0,64.8,23.4,0,100.0,0
3287.0,16,3,1,0,1,17,87.5,89.9,18,0,0,0,64.8,23.4,0,100.0,0
3288.0,16,3,1,0,1,17,87.5,89.9,18,0,0,0,64.8,23.4,0,100.0,0
3289.0,16,3,1,0,1,17,88.2,89.9,17,0,0,0,64.7,23.4,0,100.0,0
3290.0,16,3,1,0,1,17,88.2,89.9,17,0,0,0,64.7,23.4,0,100.0,0
3291.0,16,3,1,0,1,17,87.5,90.0,18,0,0,0,64.6,23.4,0,100.0,0
3292.0,16,3,1,0,1,17,87.5,90.0,18,0,0,0,64.6,23.4,0,100.0,0
3293.0,16,3,1,0,1,17,87.5,90.0,18,0,0,0,64.6,23.4,0,100.0,0
3294.0,16,3,1,0,1,17,86.8,90.0,19,0,0,0,64.5,23.4,0,100.0,0
3295.0,16,3,1,0,1,17,86.1,90.0,20,0,0,0,64.5,23.4,0,100.0,0
3296.0,16,3,1,0,1,17,86.8,90.0,19,0,0,0,64.4,23.4,0,100.0,0
3297.0,16,3,1,0,1,17,86.8,90.0,19,0,0,0,64.4,23.4,0,100.0,0
3298.0,16,3,1,0,1,17,86.8,90.0,19,0,0,0,64.4,23.4,0,100.0,0
3299.0,16,3,1,0,1,17,86.8,90.1,19,0,0,0,64.3,23.4,0,100.0,0
3300.0,16,3,1,0,1,17,86.1,90.1,20,0,0,0,64.3,23.4,0,100.0,0
3301.0,16,3,1,0,1,17,86.1,90.1,20,0,0,0,64.2,23.4,0,100.0,0
3302.0,16,3,1,0,1,17,85.4,90.1,21,0,0,0,64.2,23.4,0,100.0,0
3303.0,16,3,1,0,1,17,85.4,90.1,21,0,0,0,64.2,23.4,0,100.0,0
3304.0,16,3,1,0,1,17,85.4,90.1,21,0,0,0,64.1,23.4,0,100.0,0
3305.0,16,3,1,0,1,17,84.7,90.1,22,0,0,0,64.1,23.4,0,100.0,0
3306.0,16,3,1,0,1,17,84.7,90.1,22,0,0,0,64.0,23.4,0,100.0,0
3307.0,16,3,1,0,1,17,84.7,90.1,22,0,0,0,64.0,23.4,0,100.0,0
3308.0,16,3,1,0,1,17,85.4,90.1,21,0,0,0,64.0,23.4,0,100.0,0
3309.0,16,3,1,0,1,17,84.7,90.2,22,0,0,0,63.9,23.4,0,100.0,0
3310.0,16,3,1,0,1,17,84.7,90.2,22,0,0,0,63.9,23.4,0,100.0,0
3311.0,16,3,1,0,1,17,84.7,90.2,22,0,0,0,63.8,23.4,0,100.0,0
3312.0,16,3,1,0,1,17,84.7,90.2,22,0,0,0,63.8,23.4,0,100.0,0
3313.0,16,3,1,0,1,17,84.7,90.2,22,0,0,0,63.8,23.4,0,100.0,0
3314.0,16,3,1,0,1,17,84.0,90.2,23,0,0,0,63.7,23.4,0,100.0,0
3315.0,16,3,1,0,1,17,84.0,90.2,23,0,0,0,63.7,23.4,0,100.0,0
3316.0,16,3,1,0,1,17,82.6,90.2,25,0,0,0,63.6,23.4,0,100.0,0
3317.0,16,3,1,0,1,17,83.3,90.2,24,0,0,0,63.6,23.4,0,100.0,0
3318.0,16,3,1,0,1,17,82.6,90.2,25,0,0,0,63.6,23.4,0,100.0,0
3319.0,16,4,0,0,1,16,82.6,90.2,25,0,0,0,67.2,25.3,0,100.0,0
3320.0,16,4,0,0,1,16,82.6,90.2,25,0,0,0,67.1,25.3,0,100.0,0
3321.0,16,4,0,0,1,16,82.6,90.2,25,0,0,0,67.1,25.2,0,100.0,0
3322.0,16,4,0,0,1,16,82.6,90.2,25,0,0,0,67.1,25.1,0,100.0,0
3323.0,16,4,0,0,1,16,81.2,90.2,27,0,0,0,67.0,25.1,0,100.0,0
3324.0,16,4,0,0,1,16,81.2,90.1,27,0,0,0,67.0,25.0,0,100.0,0
3325.0,16,4,0,0,1,16,80.6,90.1,28,0,0,0,66.9,25.0,0,100.0,0
3326.0,16,4,0,0,1,16,80.6,90.1,28,0,0,0,66.9,24.9,0,100.0,0
3327.0,16,4,0,0,1,16,80.6,90.1,28,0,0,0,66.9,24.9,0,100.0,0
3328.0,16,4,0,0,1,16,80.6,90.1,28,0,0,0,66.8,24.8,0,100.0,0
3329.0,16,4,0,0,1,16,80.6,90.1,28,0,0,0,66.8,24.8,0,100.0,0
3330.0,16,4,0,0,1,16,81.2,90.1,27,0,0,0,66.7,24.7,0,100.0,0
3331.0,16,4,0,0,1,16,80.6,90.0,28,0,0,0,66.7,24.7,0,100.0,0
3332.0,16,4,0,0,1,16,80.6,90.0,28,0,0,0,66.7,24.6,0,100.0,0
3333.0,16,4,0,0,1,16,80.6,90.0,28,0,0,0,66.6,24.6,0,100.0,0
3334.0,16,4,0,0,1,16,81.2,90.0,27,0,0,0,66.6,24.5,0,100.0,0
3335.0,16,4,0,0,1,16,81.2,89.9,27,0,0,0,66.5,24.5,0,100.0,0
3336.0,16,3,1,0,1,17,80.6,89.9,28,0,0,0,66.5,24.4,0,100.0,0
3337.0,16,3,1,0,1,17,80.6,89.9,28,0,0,0,66.5,24.4,0,100.0,0
3338.0,16,3,1,0,1,17,80.6,89.8,28,0,0,0,66.4,24.4,0,100.0,0
3339.0,16,3,1,0,1,17,81.9,89.8,26,0,0,0,66.4,24.4,0,100.0,0
3340.0,16,3,1,0,1,17,81.2,89.8,27,0,0,0,66.3,24.4,0,100.0,0
3341.0,16,3,1,0,1,17,81.2,89.7,27,0,0,0,66.3,24.4,0,100.0,0
3342.0,16,3,1,0,1,17,81.2,89.7,27,0,0,0,66.3,24.4,0,100.0,0
3343.0,16,3,1,0,1,17,81.2,89.7,27,0,0,0,66.2,24.4,0,100.0,0
3344.0,16,3,1,0,1,17,81.9,89.6,26,0,0,0,66.2,24.4,0,100.0,0
3345.0,16,3,1,0,1,17,81.9,89.6,26,0,0,0,66.1,24.4,0,100.0,0
3346.0,16,3,1,0,1,17,81.9,89.6,26,0,0,0,66.1,24.4,0,100.0,0
3347.0,16,3,1,0,1,17,81.9,89.6,26,0,0,0,66.1,24.4,0,100.0,0
3348.0,16,3,1,0,1,17,81.9,89.5,26,0,0,0,66.0,24.4,0,100.0,0
3349.0,16,3,1,0,1,17,81.9,89.5,26,0,0,0,66.0,24.4,0,100.0,0
3350.0,16,3,1,0,1,17,81.9,89.5,26,0,0,0,65.9,24.4,0,100.0,0
3351.0,16,3,1,0,1,17,83.3,89.4,24,0,0,0,65.9,24.4,0,100.0,0
3352.0,16,3,1,0,1,17,83.3,89.4,24,0,0,0,65.9,24.4,0,100.0,0
3353.0,16,3,1,0,1,17,82.6,89.4,25,0,0,0,65.8,24.3,0,100.0,0
3354.0,16,3,1,0,1,17,82.6,89.3,25,0,0,0,65.8,24.3,0,100.0,0
3355.0,16,3,1,0,1,17,82.6,89.3,25,0,0,0,65.7,24.2,0,100.0,0
3356.0,16,3,1,0,1,17,82.6,89.3,25,0,0,0,65.7,24.2,0,100.0,0
3357.0,16,3,1,0,1,17,81.9,89.2,26,0,0,0,65.7,24.1,0,100.0,0
3358.0,16,3,1,0,1,17,82.6,89.2,25,0,0,0,65.6,24.0,0,100.0,0
3359.0,16,3,1,0,1,17,81.9,89.2,26,0,0,0,65.6,24.0,0,100.0,0
3360.0,16,3,1,0,1,17,81.9,89.1,26,0,0,0,65.5,23.9,0,100.0,0
3361.0,16,3,1,0,1,17,81.9,89.1,26,0,0,0,65.5,23.9,0,100.0,0
3362.0,16,3,1,0,1,17,81.9,89.1,26,0,0,0,65.5,23.8,0,100.0,0
3363.0,16,3,1,0,1,17,81.9,89.0,26,0,0,0,65.4,23.8,0,100.0,0
3364.0,16,3,1,0,1,17,82.6,89.0,25,0,0,0,65.4,23.7,0,100.0,0
3365.0,16,3,1,0,1,17,82.6,89.0,25,0,0,0,65.3,23.7,0,100.0,0
3366.0,16,3,1,0,1,17,82.6,88.9,25,0,0,0,65.3,23.6,0,100.0,0
3367.0,16,3,1,0,1,17,82.6,88.9,25,0,0,0,65.3,23.6,0,100.0,0
3368.0,16,2,2,0,1,18,82.6,88.9,25,0,0,0,65.2,23.5,0,100.0,0
3369.0,16,2,2,0,1,18,82.6,88.8,25,0,0,0,65.2,23.5,0,100.0,0
3370.0,16,2,2,0,1,18,82.6,88.8,25,0,0,0,65.1,23.4,0,100.0,0
3371.0,16,2,2,0,1,18,83.3,88.8,24,0,0,0,65.1,23.4,0,100.0,0
3372.0,16,2,2,0,1,18,83.3,88.7,24,0,0,0,65.1,23.3,0,100.0,0
3373.0,16,1,3,0,1,19,83.3,88.7,24,0,0,0,65.0,23.3,0,100.0,0
3374.0,16,1,3,0,1,19,83.3,88.7,24,0,0,0,65.0,23.3,0,100.0,0
3375.0,16,1,3,0,1,19,83.3,88.6,24,0,0,0,64.9,23.3,0,100.0,0
3376.0,16,1,3,0,1,19,84.0,88.6,23,0,0,0,64.9,23.3,0,100.0,0
3377.0,16,1,3,0,1,19,84.0,88.6,23,0,0,0,64.9,23.3,0,100.0,0
3378.0,16,1,3,0,1,19,84.0,88.6,23,0,0,0,64.8,23.3,0,100.0,0
3379.0,16,1,3,0,1,19,84.0,88.5,23,0,0,0,64.8,23.3,0,100.0,0
3380.0,16,1,3,0,1,19,83.3,88.5,24,0,0,0,64.7,23.3,0,100.0,0
3381.0,16,1,3,0,1,19,83.3,88.4,24,0,0,0,64.7,23.3,0,100.0,0
3382.0,16,1,3,0,1,19,83.3,88.4,24,0,0,0,64.7,23.2,0,100.0,0
3383.0,16,0,4,0,1,20,83.3,88.4,24,0,0,0,64.6,23.2,0,100.0,0
3384.0,16,0,4,0,1,20,83.3,88.3,24,0,0,0,64.6,23.2,0,100.0,0
3385.0,16,0,4,0,1,20,83.3,88.3,24,0,0,0,64.5,23.2,0,100.0,0
3386.0,16,0,4,0,1,20,83.3,88.3,24,0,0,0,64.5,23.2,0,100.0,0
3387.0,16,0,4,0,1,20,83.3,88.2,24,0,0,0,64.5,23.2,0,100.0,0
3388.0,16,0,4,0,1,20,83.3,88.2,24,0,0,0,64.4,23.2,0,100.0,0
3389.0,16,0,4,0,1,20,83.3,88.2,24,0,0,0,64.4,23.2,0,100.0,0
3390.0,16,0,4,0,1,20,83.3,88.1,24,0,0,0,64.3,23.2,0,100.0,0
3391.0,16,0,4,0,1,20,83.3,88.1,24,0,0,0,64.3,23.2,0,100.0,0
3392.0,16,0,4,0,1,20,83.3,88.0,24,0,0,0,64.3,23.2,0,100.0,0
3393.0,16,0,4,0,1,20,83.3,88.0,24,0,0,0,64.2,23.2,0,100.0,0
3394.0,16,0,4,0,1,20,84.0,88.0,23,0,0,0,64.2,23.2,0,100.0,0
3395.0,16,0,4,0,1,20,84.0,87.9,23,0,0,0,64.1,23.2,0,100.0,0
3396.0,16,1,3,0,1,19,83.3,87.9,24,0,0,0,67.7,23.2,0,100.0,0
3397.0,16,1,3,0,1,19,83.3,87.9,24,0,0,0,67.7,23.2,0,100.0,0
3398.0,16,1,3,0,1,19,83.3,87.8,24,0,0,0,67.6,23.2,0,100.0,0
3399.0,16,1,3,0,1,19,83.3,87.8,24,0,0,0,67.6,23.2,0,100.0,0
3400.0,16,1,3,0,1,19,83.3,87.7,24,0,0,0,67.5,23.2,0,100.0,0
3401.0,16,1,3,0,1,19,83.3,87.7,24,0,0,0,67.5,23.2,0,100.0,0
3402.0,16,1,3,0,1,19,83.3,87.7,24,0,0,0,67.5,23.2,0,100.0,0
3403.0,16,1,3,0,1,19,84.0,87.6,23,0,0,0,67.4,23.2,0,100.0,0
3404.0,16,1,3,0,1,19,84.0,87.6,23,0,0,0,67.4,23.2,0,100.0,0
3405.0,16,1,3,0,1,19,84.7,87.5,22,0,0,0,67.3,23.2,0,100.0,0
3406.0,16,1,3,0,1,19,84.7,87.5,22,0,0,0,67.3,23.2,0,100.0,0
3407.0,16,1,3,0,1,19,84.0,87.4,23,0,0,0,67.2,23.2,0,100.0,0
3408.0,16,1,3,0,1,19,84.0,87.4,23,0,0,0,67.2,23.2,0,100.0,0
3409.0,16,1,3,0,1,19,84.0,87.3,23,0,0,0,67.2,23.2,0,100.0,0
3410.0,16,1,3,0,1,19,84.7,87.3,22,0,0,0,67.1,23.2,0,100.0,0
3411.0,16,1,3,0,1,19,84.7,87.2,22,0,0,0,67.1,23.2,0,100.0,0
3412.0,16,1,3,0,1,19,84.0,87.2,23,0,0,0,67.1,23.2,0,100.0,0
3413.0,16,1,3,0,1,19,84.0,87.1,23,0,0,0,67.0,23.2,0,100.0,0
3414.0,16,1,3,0,1,19,84.0,87.1,23,0,0,0,67.0,23.2,0,100.0,0
3415.0,16,1,3,0,1,19,84.0,87.1,23,0,0,0,66.9,23.2,0,100.0,0
3416.0,16,1,3,0,1,19,84.0,87.0,23,0,0,0,66.9,23.2,0,100.0,0
3417.0,16,1,3,0,1,19,84.0,87.0,23,0,0,0,66.9,23.2,0,100.0,0
3418.0,16,1,3,0,1,19,84.0,86.9,23,0,0,0,66.8,23.2,0,100.0,0
3419.0,16,1,3,0,1,19,84.7,86.9,22,0,0,0,66.8,23.2,0,100.0,0
3420.0,16,1,3,0,1,19,84.7,86.8,22,0,0,0,66.7,23.2,0,100.0,0
3421.0,16,1,3,0,1,19,85.4,86.8,21,0,0,0,66.7,23.2,0,100.0,0
3422.0,16,1,3,0,1,19,85.4,86.8,21,0,0,0,66.7,23.2,0,100.0,0
3423.0,17,0,3,0,1,20,85.4,86.7,21,0,0,0,66.6,23.2,0,100.0,0
3424.0,17,0,3,0,1,20,86.1,86.7,20,0,0,0,66.6,23.2,0,100.0,0
3425.0,17,0,3,0,1,20,86.1,86.7,20,0,0,0,66.5,23.2,0,100.0,0
3426.0,17,0,3,0,1,20,86.1,86.6,20,0,0,0,66.5,23.2,0,100.0,0
3427.0,17,0,3,0,1,20,86.1,86.6,20,0,0,0,66.4,23.2,0,100.0,0
3428.0,17,1,2,0,1,19,86.1,86.6,20,0,0,0,70.0,23.2,0,100.0,0
3429.0,17,1,2,0,1,19,86.1,86.5,20,0,0,0,70.0,23.2,0,100.0,0
3430.0,17,1,2,0,1,19,86.1,86.5,20,0,0,0,69.9,23.2,0,100.0,0
3431.0,17,1,2,0,1,19,86.1,86.4,20,0,0,0,69.9,23.2,0,100.0,0
3432.0,17,1,2,0,1,19,86.1,86.4,20,0,0,0,69.9,23.2,0,100.0,0
3433.0,17,2,1,0,1,18,86.8,86.4,19,0,0,0,73.5,23.2,0,100.0,0
3434.0,17,2,1,0,1,18,86.8,86.3,19,0,0,0,73.4,23.2,0,100.0,0
3435.0,17,2,1,0,1,18,86.8,86.3,19,0,0,0,73.4,23.2,0,100.0,0
3436.0,17,2,1,0,1,18,86.8,86.3,19,0,0,0,73.3,23.2,0,100.0,0
3437.0,17,2,1,0,1,18,86.8,86.2,19,0,0,0,73.3,23.2,0,100.0,0
3438.0,17,2,1,0,1,18,86.8,86.2,19,0,0,0,73.3,23.2,0,100.0,0
3439.0,17,2,1,0,1,18,86.8,86.2,19,0,0,0,73.2,23.2,0,100.0,0
3440.0,17,2,1,0,1,18,87.5,86.1,18,0,0,0,73.2,23.2,0,100.0,0
3441.0,17,2,1,0,1,18,88.2,86.1,17,0,0,0,73.1,23.2,0,100.0,0
3442.0,17,2,1,0,1,18,88.2,86.1,17,0,0,0,73.1,23.2,0,100.0,0
3443.0,17,3,0,0,1,17,88.2,86.1,17,0,0,0,76.7,36.5,0,100.0,0
3444.0,17,3,0,0,1,17,88.2,86.1,17,0,0,0,76.7,36.5,0,100.0,0
3445.0,17,3,0,0,1,17,87.5,86.0,18,0,0,0,76.6,36.4,0,100.0,0
3446.0,17,3,0,0,1,17,86.8,86.0,19,0,0,0,76.6,36.4,0,100.0,0
3447.0,17,3,0,0,1,17,87.5,86.0,18,0,0,0,76.5,36.3,0,100.0,0
3448.0,17,3,0,0,1,17,88.2,86.0,17,0,0,0,76.5,36.3,0,100.0,0
3449.0,17,3,0,0,1,17,88.2,86.0,17,0,0,0,76.4,36.2,0,100.0,0
3450.0,17,3,0,0,1,17,88.2,85.9,17,0,0,0,76.4,36.2,0,100.0,0
3451.0,17,3,0,0,1,17,88.2,85.9,17,0,0,0,76.4,36.1,0,100.0,0
3452.0,17,3,0,0,1,17,88.2,85.9,17,0,0,0,76.3,36.1,0,100.0,0
3453.0,17,3,0,0,1,17,88.2,85.9,17,0,0,0,76.3,36.0,0,100.0,0
3454.0,17,3,0,0,1,17,88.9,85.9,16,0,0,0,76.2,35.9,0,100.0,0
3455.0,17,3,0,0,1,17,88.9,85.9,16,0,0,0,76.2,35.9,0,100.0,0
3456.0,17,3,0,0,1,17,88.9,85.9,16,0,0,0,76.1,35.8,0,100.0,0
3457.0,17,3,0,0,1,17,88.9,85.8,16,0,0,0,76.1,35.8,0,100.0,0
3458.0,17,3,0,0,1,17,88.9,85.8,16,0,0,0,76.1,35.7,0,100.0,0
3459.0,17,3,0,0,1,17,88.9,85.8,16,0,0,0,76.0,35.7,0,100.0,0
3460.0,17,3,0,0,1,17,88.9,85.8,16,0,0,0,76.0,35.6,0,100.0,0
3461.0,17,3,0,0,1,17,89.6,85.8,15,0,0,0,75.9,35.6,0,100.0,0
3462.0,17,3,0,0,1,17,88.2,85.8,17,0,0,0,75.9,35.5,0,100.0,0
3463.0,17,3,0,0,1,17,88.2,85.8,17,0,0,0,75.8,35.5,0,100.0,0
3464.0,17,3,0,0,1,17,88.2,85.8,17,0,0,0,75.8,35.4,0,100.0,0
3465.0,17,3,0,0,1,17,88.2,85.7,17,0,0,0,75.8,35.4,0,100.0,0
3466.0,17,3,0,0,1,17,88.2,85.7,17,0,0,0,75.7,35.3,0,100.0,0
3467.0,17,3,0,0,1,17,88.2,85.7,17,0,0,0,75.7,35.3,0,100.0,0
3468.0,17,3,0,0,1,17,88.2,85.7,17,0,0,0,75.6,35.2,0,100.0,0
3469.0,17,3,0,0,1,17,88.9,85.7,16,0,0,0,75.6,35.2,0,100.0,0
3470.0,17,3,0,0,1,17,88.2,85.7,17,0,0,0,75.5,35.1,0,100.0,0
3471.0,17,3,0,0,1,17,88.2,85.7,17,0,0,0,75.5,35.0,0,100.0,0
3472.0,17,3,0,0,1,17,88.2,85.7,17,0,0,0,75.5,35.0,0,100.0,0
3473.0,17,3,0,0,1,17,88.2,85.7,17,0,0,0,75.4,34.9,0,100.0,0
3474.0,17,3,0,0,1,17,88.9,85.7,16,0,0,0,75.4,34.9,0,100.0,0
3475.0,17,3,0,0,1,17,88.9,85.7,16,0,0,0,75.3,34.8,0,100.0,0
3476.0,17,3,0,0,1,17,88.9,85.7,16,0,0,0,75.3,34.8,0,100.0,0
3477.0,17,3,0,0,1,17,88.9,85.7,16,0,0,0,75.3,34.7,0,100.0,0
3478.0,17,3,0,0,1,17,88.9,85.7,16,0,0,0,75.2,34.7,0,100.0,0
3479.0,17,3,0,0,1,17,89.6,85.7,15,0,0,0,75.2,34.6,0,100.0,0
3480.0,17,3,0,0,1,17,89.6,85.7,15,0,0,0,75.1,34.6,0,100.0,0
3481.0,17,3,0,0,1,17,89.6,85.7,15,0,0,0,75.1,34.5,0,100.0,0
3482.0,17,3,0,0,1,17,89.6,85.7,15,0,0,0,75.0,34.5,0,100.0,0
3483.0,17,3,0,0,1,17,89.6,85.7,15,0,0,0,75.0,34.4,0,100.0,0
3484.0,17,3,0,0,1,17,89.6,85.7,15,0,0,0,75.0,34.4,0,100.0,0
3485.0,17,3,0,0,1,17,89.6,85.7,15,0,0,0,74.9,34.4,0,100.0,0
3486.0,17,3,0,0,1,17,88.9,85.7,16,0,0,0,74.9,34.3,0,100.0,0
3487.0,17,3,0,0,1,17,88.9,85.7,16,0,0,0,74.8,34.3,0,100.0,0
3488.0,17,3,0,0,1,17,88.9,85.7,16,0,0,0,74.8,34.2,0,100.0,0
3489.0,17,3,0,0,1,17,88.9,85.7,16,0,0,0,74.7,34.2,0,100.0,0
3490.0,17,3,0,0,1,17,88.9,85.7,16,0,0,0,74.7,34.1,0,100.0,0
3491.0,17,3,0,0,1,17,88.9,85.7,16,0,0,0,74.7,34.1,0,100.0,0
3492.0,17,3,0,0,1,17,88.9,85.7,16,0,0,0,74.6,34.0,0,100.0,0
3493.0,17,3,0,0,1,17,88.9,85.7,16,0,0,0,74.6,34.0,0,100.0,0
3494.0,17,3,0,0,1,17,88.9,85.7,16,0,0,0,74.5,33.9,0,100.0,0
3495.0,17,3,0,0,1,17,88.9,85.6,16,0,0,0,74.5,33.9,0,100.0,0
3496.0,17,3,0,0,1,17,88.2,85.6,17,0,0,0,74.5,33.8,0,100.0,0
3497.0,17,3,0,0,1,17,88.2,85.6,17,0,0,0,74.4,33.7,0,100.0,0
3498.0,17,3,0,0,1,17,88.2,85.6,17,0,0,0,74.4,33.7,0,100.0,0
3499.0,17,3,0,0,1,17,88.2,85.6,17,0,0,0,74.3,33.6,0,100.0,0
3500.0,17,3,0,0,1,17,88.2,85.6,17,0,0,0,74.3,33.6,0,100.0,0
3501.0,17,3,0,0,1,17,86.8,85.6,19,0,0,0,74.2,33.5,0,100.0,0
3502.0,17,3,0,0,1,17,87.5,85.6,18,0,0,0,74.2,33.5,0,100.0,0
3503.0,17,3,0,0,1,17,87.5,85.6,18,0,0,0,74.2,33.4,0,100.0,0
3504.0,17,3,0,0,1,17,87.5,85.6,18,0,0,0,74.1,33.4,0,100.0,0
3505.0,17,3,0,0,1,17,86.8,85.6,19,0,0,0,74.1,33.3,0,100.0,0
3506.0,17,3,0,0,1,17,86.8,85.6,19,0,0,0,74.0,33.3,0,100.0,0
3507.0,17,3,0,0,1,17,86.8,85.5,19,0,0,0,74.0,33.2,0,100.0,0
3508.0,17,3,0,0,1,17,87.5,85.5,18,0,0,0,73.9,33.2,0,100.0,0
3509.0,17,3,0,0,1,17,87.5,85.5,18,0,0,0,73.9,33.1,0,100.0,0
3510.0,17,3,0,0,1,17,87.5,85.5,18,0,0,0,73.9,33.1,0,100.0,0
3511.0,17,3,0,0,1,17,87.5,85.5,18,0,0,0,73.8,33.0,0,100.0,0
3512.0,17,3,0,0,1,17,88.2,85.5,17,0,0,0,73.8,33.0,0,100.0,0
3513.0,17,3,0,0,1,17,88.2,85.5,17,0,0,0,73.7,32.9,0,100.0,0
3514.0,17,3,0,0,1,17,88.2,85.5,17,0,0,0,73.7,32.8,0,100.0,0
3515.0,17,3,0,0,1,17,88.2,85.5,17,0,0,0,73.6,32.8,0,100.0,0
3516.0,17,3,0,0,1,17,88.2,85.5,17,0,0,0,73.6,32.7,0,100.0,0
3517.0,17,3,0,0,1,17,88.2,85.5,17,0,0,0,73.6,32.7,0,100.0,0
3518.0,17,3,0,0,1,17,88.2,85.5,17,0,0,0,73.5,32.6,0,100.0,0
3519.0,17,3,0,0,1,17,88.2,85.5,17,0,0,0,73.5,32.6,0,100.0,0
3520.0,17,3,0,0,1,17,88.2,85.5,17,0,0,0,73.4,32.5,0,100.0,0
3521.0,17,3,0,0,1,17,88.2,85.5,17,0,0,0,73.4,32.5,0,100.0,0
3522.0,17,3,0,0,1,17,88.9,85.5,16,0,0,0,73.3,32.4,0,100.0,0
3523.0,17,3,0,0,1,17,88.2,85.5,17,0,0,0,73.3,32.4,0,100.0,0
3524.0,17,3,0,0,1,17,88.9,85.5,16,0,0,0,73.3,32.3,0,100.0,0
3525.0,17,3,0,0,1,17,88.9,85.5,16,0,0,0,73.2,32.3,0,100.0,0
3526.0,17,3,0,0,1,17,88.9,85.5,16,0,0,0,73.2,32.2,0,100.0,0
3527.0,17,3,0,0,1,17,88.9,85.5,16,0,0,0,73.1,32.2,0,100.0,0
3528.0,17,3,0,0,1,17,88.9,85.5,16,0,0,0,73.1,32.1,0,100.0,0
3529.0,17,3,0,0,1,17,88.9,85.5,16,0,0,0,73.1,32.1,0,100.0,0
3530.0,17,3,0,0,1,17,88.9,85.5,16,0,0,0,73.0,32.0,0,100.0,0
3531.0,17,3,0,0,1,17,88.9,85.5,16,0,0,0,73.0,32.0,0,100.0,0
3532.0,17,3,0,0,1,17,88.9,85.5,16,0,0,0,72.9,31.9,0,100.0,0
3533.0,17,3,0,0,1,17,88.9,85.5,16,0,0,0,72.9,31.8,0,100.0,0
3534.0,17,3,0,0,1,17,88.9,85.5,16,0,0,0,72.8,31.8,0,100.0,0
3535.0,17,3,0,0,1,17,88.9,85.5,16,0,0,0,72.8,31.7,0,100.0,0
3536.0,17,3,0,0,1,17,88.9,85.5,16,0,0,0,72.8,31.7,0,100.0,0
3537.0,17,3,0,0,1,17,88.9,85.5,16,0,0,0,72.7,31.6,0,100.0,0
3538.0,17,3,0,0,1,17,88.9,85.5,16,0,0,0,72.7,31.6,0,100.0,0
3539.0,17,3,0,0,1,17,88.9,85.6,16,0,0,0,72.6,31.5,0,100.0,0
3540.0,17,3,0,0,1,17,88.9,85.6,16,0,0,0,72.6,31.5,0,100.0,0
3541.0,17,3,0,0,1,17,88.9,85.6,16,0,0,0,72.5,31.4,0,100.0,0
3542.0,17,3,0,0,1,17,89.6,85.6,15,0,0,0,72.5,31.4,0,100.0,0
3543.0,17,3,0,0,1,17,89.6,85.6,15,0,0,0,72.5,31.3,0,100.0,0
3544.0,17,3,0,0,1,17,88.9,85.6,16,0,0,0,72.4,31.3,0,100.0,0
3545.0,17,3,0,0,1,17,88.9,85.6,16,0,0,0,72.4,31.2,0,100.0,0
3546.0,17,3,0,0,1,17,88.9,85.7,16,0,0,0,72.3,31.2,0,100.0,0
3547.0,17,3,0,0,1,17,88.9,85.7,16,0,0,0,72.3,31.1,0,100.0,0
3548.0,17,3,0,0,1,17,88.9,85.7,16,0,0,0,72.2,31.1,0,100.0,0
3549.0,17,3,0,0,1,17,88.9,85.7,16,0,0,0,72.2,31.0,0,100.0,0
3550.0,17,3,0,0,1,17,88.9,85.7,16,0,0,0,72.2,30.9,0,100.0,0
3551.0,17,3,0,0,1,17,88.9,85.7,16,0,0,0,72.1,30.9,0,100.0,0
3552.0,17,3,0,0,1,17,88.2,85.8,17,0,0,0,72.1,30.8,0,100.0,0
3553.0,17,3,0,0,1,17,87.5,85.8,18,0,0,0,72.0,30.8,0,100.0,0
3554.0,17,3,0,0,1,17,88.2,85.8,17,0,0,0,72.0,30.7,0,100.0,0
3555.0,17,3,0,0,1,17,87.5,85.8,18,0,0,0,72.0,30.7,0,100.0,0
3556.0,17,3,0,0,1,17,88.2,85.8,17,0,0,0,71.9,30.6,0,100.0,0
3557.0,17,3,0,0,1,17,87.5,85.8,18,0,0,0,71.9,30.6,0,100.0,0
3558.0,17,3,0,0,1,17,86.8,85.9,19,0,0,0,71.8,30.5,0,100.0,0
3559.0,17,3,0,0,1,17,86.8,85.9,19,0,0,0,71.8,30.5,0,100.0,0
3560.0,17,3,0,0,1,17,86.1,85.9,20,0,0,0,71.7,30.4,0,100.0,0
3561.0,17,3,0,0,1,17,86.1,85.9,20,0,0,0,71.7,30.4,0,100.0,0
3562.0,17,3,0,0,1,17,86.1,85.9,20,0,0,0,71.7,30.3,0,100.0,0
3563.0,17,3,0,0,1,17,85.4,85.9,21,0,0,0,71.6,30.3,0,100.0,0
3564.0,17,3,0,0,1,17,85.4,86.0,21,0,0,0,71.6,30.2,0,100.0,0
3565.0,17,3,0,0,1,17,84.0,86.0,23,0,0,0,71.5,30.2,0,100.0,0
3566.0,17,3,0,0,1,17,84.7,86.0,22,0,0,0,71.5,30.1,0,100.0,0
3567.0,17,3,0,0,1,17,84.0,86.0,23,0,0,0,71.4,30.0,0,100.0,0
3568.0,17,3,0,0,1,17,84.0,86.0,23,0,0,0,71.4,30.0,0,100.0,0
3569.0,17,3,0,0,1,17,84.0,86.0,23,0,0,0,71.4,29.9,0,100.0,0
3570.0,17,3,0,0,1,17,84.7,86.0,22,0,0,0,71.3,29.9,0,100.0,0
3571.0,17,3,0,0,1,17,84.7,86.1,22,0,0,0,71.3,29.8,0,100.0,0
3572.0,17,3,0,0,1,17,84.7,86.1,22,0,0,0,71.2,29.8,0,100.0,0
3573.0,17,3,0,0,1,17,84.7,86.1,22,0,0,0,71.2,29.7,0,100.0,0
3574.0,17,3,0,0,1,17,85.4,86.1,21,0,0,0,71.1,29.7,0,100.0,0
3575.0,17,3,0,0,1,17,85.4,86.1,21,0,0,0,71.1,29.6,0,100.0,0
3576.0,17,3,0,0,1,17,85.4,86.2,21,0,0,0,71.1,29.6,0,100.0,0
3577.0,17,3,0,0,1,17,85.4,86.2,21,0,0,0,71.0,29.5,0,100.0,0
3578.0,17,3,0,0,1,17,85.4,86.2,21,0,0,0,71.0,29.5,0,100.0,0
3579.0,17,3,0,0,1,17,86.1,86.2,20,0,0,0,70.9,29.4,0,100.0,0
3580.0,17,3,0,0,1,17,86.1,86.2,20,0,0,0,70.9,29.4,0,100.0,0
3581.0,17,3,0,0,1,17,85.4,86.2,21,0,0,0,70.8,29.3,0,100.0,0
3582.0,17,3,0,0,1,17,86.1,86.3,20,0,0,0,70.8,29.3,0,100.0,0
3583.0,17,3,0,0,1,17,86.1,86.3,20,0,0,0,70.8,29.2,0,100.0,0
3584.0,17,3,0,0,1,17,86.1,86.3,20,0,0,0,70.7,29.1,0,100.0,0
3585.0,17,3,0,0,1,17,84.0,86.3,23,0,0,0,70.7,29.1,0,100.0,0
3586.0,17,3,0,0,1,17,84.0,86.3,23,0,0,0,70.6,29.0,0,100.0,0
3587.0,17,3,0,0,1,17,84.0,86.3,23,0,0,0,70.6,29.0,0,100.0,0
3588.0,17,3,0,0,1,17,84.0,86.3,23,0,0,0,70.6,28.9,0,100.0,0
3589.0,17,3,0,0,1,17,85.4,86.4,21,0,0,0,70.5,28.9,0,100.0,0
3590.0,17,3,0,0,1,17,85.4,86.4,21,0,0,0,70.5,28.8,0,100.0,0
3591.0,17,3,0,0,1,17,84.7,86.4,22,0,0,0,70.4,28.8,0,100.0,0
3592.0,17,3,0,0,1,17,84.7,86.4,22,0,0,0,70.4,28.7,0,100.0,0
3593.0,17,3,0,0,1,17,84.0,86.4,23,0,0,0,70.3,28.7,0,100.0,0
3594.0,17,3,0,0,1,17,84.0,86.4,23,0,0,0,70.3,28.6,0,100.0,0
3595.0,17,3,0,0,1,17,84.0,86.4,23,0,0,0,70.3,28.6,0,100.0,0
3596.0,17,3,0,0,1,17,84.7,86.4,22,0,0,0,70.2,28.5,0,100.0,0
3597.0,17,3,0,0,1,17,84.7,86.4,22,0,0,0,70.2,28.5,0,100.0,0
3598.0,17,3,0,0,1,17,86.1,86.4,20,0,0,0,70.1,28.4,0,100.0,0
3599.0,17,3,0,0,1,17,86.1,86.4,20,0,0,0,70.1,28.4,0,100.0,0
3600.0,17,3,0,0,1,17,86.1,86.5,20,0,0,0,70.0,28.3,0,100.0,0
3601.0,17,3,0,0,1,17,86.1,86.5,20,0,0,0,70.0,28.2,0,100.0,0
3602.0,17,3,0,0,1,17,86.1,86.5,20,0,0,0,70.0,28.2,0,100.0,0
3603.0,17,3,0,0,1,17,86.1,86.5,20,0,0,0,69.9,28.1,0,100.0,0
3604.0,17,3,0,0,1,17,86.1,86.5,20,0,0,0,69.9,28.1,0,100.0,0
3605.0,17,3,0,0,1,17,86.8,86.6,19,0,0,0,69.8,28.0,0,100.0,0
3606.0,17,3,0,0,1,17,87.5,86.6,18,0,0,0,69.8,28.0,0,100.0,0
3607.0,17,3,0,0,1,17,86.8,86.6,19,0,0,0,69.7,27.9,0,100.0,0
3608.0,17,3,0,0,1,17,86.8,86.6,19,0,0,0,69.7,27.9,0,100.0,0
3609.0,17,3,0,0,1,17,88.2,86.6,17,0,0,0,69.7,27.8,0,100.0,0
3610.0,17,3,0,0,1,17,88.9,86.7,16,0,0,0,69.6,27.8,0,100.0,0
3611.0,17,3,0,0,1,17,88.2,86.7,17,0,0,0,69.6,27.7,0,100.0,0
3612.0,17,3,0,0,1,17,88.2,86.7,17,0,0,0,69.5,27.7,0,100.0,0
3613.0,17,3,0,0,1,17,88.2,86.7,17,0,0,0,69.5,27.6,0,100.0,0
3614.0,17,3,0,0,1,17,88.2,86.7,17,0,0,0,69.4,27.6,0,100.0,0
3615.0,17,3,0,0,1,17,88.2,86.8,17,0,0,0,69.4,27.5,0,100.0,0
3616.0,17,3,0,0,1,17,88.2,86.8,17,0,0,0,69.4,27.5,0,100.0,0
3617.0,17,3,0,0,1,17,88.2,86.8,17,0,0,0,69.3,27.4,0,100.0,0
3618.0,17,3,0,0,1,17,88.2,86.8,17,0,0,0,69.3,27.3,0,100.0,0
3619.0,17,3,0,0,1,17,88.2,86.8,17,0,0,0,69.2,27.3,0,100.0,0
3620.0,17,3,0,0,1,17,88.2,86.8,17,0,0,0,69.2,27.2,0,100.0,0
3621.0,17,3,0,0,1,17,88.2,86.9,17,0,0,0,69.2,27.2,0,100.0,0
3622.0,17,3,0,0,1,17,88.9,86.9,16,0,0,0,69.1,27.1,0,100.0,0
3623.0,17,3,0,0,1,17,89.6,86.9,15,0,0,0,69.1,27.1,0,100.0,0
3624.0,17,3,0,0,1,17,90.3,86.9,14,0,0,0,69.0,27.0,0,100.0,0
3625.0,17,3,0,0,1,17,90.3,87.0,14,0,0,0,69.0,27.0,0,100.0,0
3626.0,17,3,0,0,1,17,90.3,87.0,14,0,0,0,68.9,26.9,0,100.0,0
3627.0,17,3,0,0,1,17,90.3,87.0,14,0,0,0,68.9,26.9,0,100.0,0
3628.0,17,3,0,0,1,17,90.3,87.1,14,0,0,0,68.9,26.8,0,100.0,0
3629.0,17,3,0,0,1,17,90.3,87.1,14,0,0,0,68.8,26.8,0,100.0,0
3630.0,17,3,0,0,1,17,91.0,87.1,13,0,0,0,68.8,26.7,0,100.0,0
3631.0,17,3,0,0,1,17,91.0,87.2,13,0,0,0,68.7,26.7,0,100.0,0
3632.0,17,3,0,0,1,17,91.0,87.2,13,0,0,0,68.7,26.6,0,100.0,0
3633.0,17,3,0,0,1,17,91.0,87.2,13,0,0,0,68.6,26.6,0,100.0,0
3634.0,17,3,0,0,1,17,91.0,87.2,13,0,0,0,68.6,26.5,0,100.0,0
3635.0,17,3,0,0,1,17,91.0,87.3,13,0,0,0,68.6,26.4,0,100.0,0
3636.0,17,3,0,0,1,17,91.0,87.3,13,0,0,0,68.5,26.4,0,100.0,0
3637.0,17,3,0,0,1,17,91.0,87.3,13,0,0,0,68.5,26.3,0,100.0,0
3638.0,17,3,0,0,1,17,91.0,87.4,13,0,0,0,68.4,26.3,0,100.0,0
3639.0,17,3,0,0,1,17,91.0,87.4,13,0,0,0,68.4,26.2,0,100.0,0
3640.0,17,3,0,0,1,17,91.0,87.4,13,0,0,0,68.3,26.2,0,100.0,0
3641.0,17,3,0,0,1,17,91.0,87.5,13,0,0,0,68.3,26.1,0,100.0,0
3642.0,17,3,0,0,1,17,91.0,87.5,13,0,0,0,68.3,26.1,0,100.0,0
3643.0,17,3,0,0,1,17,90.3,87.5,14,0,0,0,68.2,26.0,0,100.0,0
3644.0,17,3,0,0,1,17,91.0,87.6,13,0,0,0,68.2,26.0,0,100.0,0
3645.0,17,3,0,0,1,17,91.0,87.6,13,0,0,0,68.1,25.9,0,100.0,0
3646.0,17,3,0,0,1,17,91.0,87.6,13,0,0,0,68.1,25.9,0,100.0,0
3647.0,17,3,0,0,1,17,91.0,87.6,13,0,0,0,68.0,25.8,0,100.0,0
3648.0,17,3,0,0,1,17,91.0,87.7,13,0,0,0,68.0,25.8,0,100.0,0
3649.0,17,3,0,0,1,17,91.0,87.7,13,0,0,0,68.0,25.7,0,100.0,0
3650.0,17,3,0,0,1,17,91.7,87.7,12,0,0,0,67.9,25.7,0,100.0,0
3651.0,17,3,0,0,1,17,91.7,87.7,12,0,0,0,67.9,25.6,0,100.0,0
3652.0,17,3,0,0,1,17,91.7,87.8,12,0,0,0,67.8,25.5,0,100.0,0
3653.0,17,3,0,0,1,17,91.7,87.8,12,0,0,0,67.8,25.5,0,100.0,0
3654.0,17,3,0,0,1,17,91.7,87.8,12,0,0,0,67.8,25.4,0,100.0,0
3655.0,17,3,0,0,1,17,91.7,87.9,12,0,0,0,67.7,25.4,0,100.0,0
3656.0,17,3,0,0,1,17,91.7,87.9,12,0,0,0,67.7,25.3,0,100.0,0
3657.0,17,2,1,0,1,18,91.0,87.9,13,0,0,0,67.6,25.3,0,100.0,0
3658.0,17,2,1,0,1,18,91.0,88.0,13,0,0,0,67.6,25.3,0,100.0,0
3659.0,17,2,1,0,1,18,91.0,88.0,13,0,0,0,67.5,25.3,0,100.0,0
3660.0,17,2,1,0,1,18,91.0,88.0,13,0,0,0,67.5,25.3,0,100.0,0
3661.0,17,2,1,0,1,18,91.0,88.0,13,0,0,0,67.5,25.3,0,100.0,0
3662.0,17,2,1,0,1,18,91.0,88.1,13,0,0,0,67.4,25.3,0,100.0,0
3663.0,17,2,1,0,1,18,91.0,88.1,13,0,0,0,67.4,25.3,0,100.0,0
3664.0,17,2,1,0,1,18,91.0,88.1,13,0,0,0,67.3,25.3,0,100.0,0
3665.0,17,2,1,0,1,18,90.3,88.1,14,0,0,0,67.3,25.3,0,100.0,0
3666.0,17,2,1,0,1,18,90.3,88.1,14,0,0,0,67.2,25.3,0,100.0,0
3667.0,17,2,1,0,1,18,90.3,88.2,14,0,0,0,67.2,25.3,0,100.0,0
3668.0,17,2,1,0,1,18,90.3,88.2,14,0,0,0,67.2,25.3,0,100.0,0
3669.0,17,2,1,0,1,18,90.3,88.2,14,0,0,0,67.1,25.3,0,100.0,0
3670.0,17,2,1,0,1,18,90.3,88.2,14,0,0,0,67.1,25.2,0,100.0,0
3671.0,17,2,1,0,1,18,90.3,88.2,14,0,0,0,67.0,25.2,0,100.0,0
3672.0,17,2,1,0,1,18,90.3,88.2,14,0,0,0,67.0,25.1,0,100.0,0
3673.0,17,2,1,0,1,18,90.3,88.3,14,0,0,0,66.9,25.0,0,100.0,0
3674.0,17,2,1,0,1,18,90.3,88.3,14,0,0,0,66.9,25.0,0,100.0,0
3675.0,17,2,1,0,1,18,90.3,88.3,14,0,0,0,66.9,24.9,0,100.0,0
3676.0,17,2,1,0,1,18,90.3,88.3,14,0,0,0,66.8,24.9,0,100.0,0
3677.0,17,2,1,0,1,18,88.9,88.3,16,0,0,0,66.8,24.8,0,100.0,0
3678.0,17,2,1,0,1,18,88.9,88.3,16,0,0,0,66.7,24.8,0,100.0,0
3679.0,17,2,1,0,1,18,88.9,88.3,16,0,0,0,66.7,24.7,0,100.0,0
3680.0,17,2,1,0,1,18,89.6,88.3,15,0,0,0,66.6,24.7,0,100.0,0
3681.0,17,2,1,0,1,18,89.6,88.3,15,0,0,0,66.6,24.6,0,100.0,0
3682.0,17,2,1,0,1,18,89.6,88.4,15,0,0,0,66.6,24.6,0,100.0,0
3683.0,17,2,1,0,1,18,88.9,88.4,16,0,0,0,66.5,24.5,0,100.0,0
3684.0,17,2,1,0,1,18,88.9,88.4,16,0,0,0,66.5,24.5,0,100.0,0
3685.0,17,2,1,0,1,18,88.9,88.4,16,0,0,0,66.4,24.4,0,100.0,0
3686.0,17,2,1,0,1,18,88.9,88.4,16,0,0,0,66.4,24.4,0,100.0,0
3687.0,17,2,1,0,1,18,88.9,88.4,16,0,0,0,66.3,24.3,0,100.0,0
3688.0,17,2,1,0,1,18,88.9,88.4,16,0,0,0,66.3,24.3,0,100.0,0
3689.0,17,2,1,0,1,18,88.9,88.4,16,0,0,0,66.3,24.2,0,100.0,0
3690.0,17,2,1,0,1,18,88.9,88.4,16,0,0,0,66.2,24.1,0,100.0,0
3691.0,17,2,1,0,1,18,88.9,88.4,16,0,0,0,66.2,24.1,0,100.0,0
3692.0,17,2,1,0,1,18,88.9,88.4,16,0,0,0,66.1,24.0,0,100.0,0
3693.0,17,2,1,0,1,18,88.9,88.4,16,0,0,0,66.1,24.0,0,100.0,0
3694.0,17,2,1,0,1,18,88.9,88.4,16,0,0,0,66.1,23.9,0,100.0,0
3695.0,17,2,1,0,1,18,88.9,88.4,16,0,0,0,66.0,23.9,0,100.0,0
3696.0,17,2,1,0,1,18,88.9,88.4,16,0,0,0,66.0,23.8,0,100.0,0
3697.0,17,2,1,0,1,18,88.9,88.4,16,0,0,0,65.9,23.8,1,87.5,0
3698.0,17,2,1,0,1,18,88.9,88.4,16,0,0,0,65.9,23.7,1,87.5,0
3699.0,17,2,1,0,1,18,88.9,88.4,16,0,0,0,65.8,23.7,1,87.5,0
3700.0,17,2,1,0,1,18,88.2,88.4,17,0,0,0,65.8,23.6,1,87.5,0
3701.0,17,2,1,0,1,18,88.2,88.4,17,0,0,0,65.8,23.6,1,87.5,0
3702.0,17,2,1,0,1,18,87.5,88.4,18,0,0,0,65.7,23.5,1,87.5,0
3703.0,17,2,1,0,1,18,87.5,88.4,18,0,0,0,65.7,23.5,1,87.5,0
3704.0,17,2,1,0,1,18,86.8,88.4,19,0,0,0,65.6,23.4,1,87.5,0
3705.0,17,2,1,0,1,18,86.8,88.4,19,0,0,0,65.6,23.4,1,87.5,0
3706.0,17,2,1,0,1,18,86.8,88.4,19,0,0,0,65.5,23.3,1,87.5,0
3707.0,17,2,1,0,1,18,86.8,88.4,19,0,0,0,65.5,23.2,1,87.5,0
3708.0,17,1,2,0,1,19,86.8,88.4,19,0,0,0,65.5,23.2,1,87.5,0
3709.0,17,1,2,0,1,19,86.8,88.3,19,0,0,0,65.4,23.1,1,87.5,0
3710.0,17,1,2,0,1,19,86.8,88.3,19,0,0,0,65.4,23.1,1,87.5,0
3711.0,17,1,2,0,1,19,86.1,88.3,20,0,0,0,65.3,23.0,1,87.5,0
3712.0,17,1,2,0,1,19,86.1,88.3,20,0,0,0,65.3,23.0,1,87.5,0
3713.0,17,1,2,0,1,19,86.1,88.3,20,0,0,0,65.3,22.9,1,87.5,0
3714.0,17,0,3,0,1,20,86.1,88.3,20,0,0,0,65.2,22.9,1,87.5,0
3715.0,17,0,3,0,1,20,86.1,88.3,20,0,0,0,65.2,22.9,1,87.5,0
3716.0,17,0,3,0,1,20,85.4,88.3,21,0,0,0,65.1,22.9,1,87.5,0
3717.0,17,1,2,0,1,19,85.4,88.3,21,0,0,0,68.6,22.9,1,87.5,0
3718.0,17,1,2,0,1,19,85.4,88.2,21,0,0,0,68.6,22.9,1,87.5,0
3719.0,17,1,2,0,1,19,85.4,88.2,21,0,0,0,68.6,22.9,1,87.5,0
3720.0,17,1,2,0,1,19,84.7,88.2,22,0,0,0,68.5,22.9,1,87.5,0
3721.0,17,1,2,0,1,19,84.7,88.2,22,0,0,0,68.5,22.9,1,87.5,0
3722.0,17,1,2,0,1,19,84.7,88.2,22,0,0,0,68.4,22.9,1,87.5,0
3723.0,17,1,2,0,1,19,84.7,88.1,22,0,0,0,68.4,22.9,1,87.5,0
3724.0,17,1,2,0,1,19,84.7,88.1,22,0,0,0,68.3,22.9,1,87.5,0
3725.0,17,1,2,0,1,19,84.7,88.1,22,0,0,0,68.3,22.9,2,75.0,0
3726.0,17,1,2,0,1,19,84.0,88.1,23,0,0,0,68.3,22.9,2,75.0,0
3727.0,17,1,2,0,1,19,84.0,88.1,23,0,0,0,68.2,22.9,2,75.0,0
3728.0,17,1,2,0,1,19,82.6,88.0,25,0,0,0,68.2,22.9,2,75.0,0
3729.0,17,1,2,0,1,19,82.6,88.0,25,0,0,0,68.1,22.9,2,75.0,0
3730.0,17,1,2,0,1,19,83.3,88.0,24,0,0,0,68.1,22.9,1,87.5,0
3731.0,17,1,2,0,1,19,83.3,88.0,24,0,0,0,68.0,22.9,1,87.5,0
3732.0,17,1,2,0,1,19,83.3,87.9,24,0,0,0,68.0,22.9,1,87.5,0
3733.0,17,1,2,0,1,19,83.3,87.9,24,0,0,0,68.0,22.9,1,87.5,0
3734.0,17,0,3,0,1,20,82.6,87.9,25,0,0,0,67.9,22.9,1,87.5,0
3735.0,17,0,3,0,1,20,82.6,87.9,25,0,0,0,67.9,22.9,1,87.5,0
3736.0,17,0,3,0,1,20,81.2,87.8,27,0,0,0,67.8,22.9,1,87.5,0
3737.0,17,0,3,0,1,20,80.6,87.8,28,0,0,0,67.8,22.9,1,87.5,0
3738.0,17,0,3,0,1,20,79.9,87.8,29,0,0,0,67.7,22.9,1,87.5,0
3739.0,17,0,3,0,1,20,79.9,87.7,29,0,0,0,67.7,22.9,1,87.5,0
3740.0,17,0,3,0,1,20,79.9,87.7,29,0,0,0,67.7,22.9,1,87.5,0
3741.0,17,0,3,0,1,20,79.2,87.7,30,0,0,0,67.6,22.9,1,87.5,0
3742.0,17,0,3,0,1,20,79.2,87.6,30,0,0,0,67.6,22.9,1,87.5,0
3743.0,17,0,3,0,1,20,79.2,87.6,30,0,0,0,67.5,22.9,1,87.5,0
3744.0,17,0,3,0,1,20,78.5,87.6,31,0,0,0,67.5,22.9,1,87.5,0
3745.0,17,0,3,0,1,20,78.5,87.5,31,0,0,0,67.5,22.9,1,87.5,0
3746.0,17,0,3,0,1,20,79.2,87.5,30,0,0,0,67.4,22.9,1,87.5,0
3747.0,17,0,3,0,1,20,78.5,87.5,31,0,0,0,67.4,22.9,1,87.5,0
3748.0,17,0,3,0,1,20,77.8,87.4,32,0,0,0,67.3,22.9,1,87.5,0
3749.0,17,0,3,0,1,20,76.4,87.4,34,0,0,0,67.3,22.9,1,87.5,0
3750.0,17,0,3,0,1,20,77.1,87.3,33,0,0,0,67.2,22.9,1,87.5,0
3751.0,17,0,3,0,1,20,75.7,87.3,35,0,0,0,67.2,22.9,1,87.5,0
3752.0,17,0,3,0,1,20,76.4,87.2,34,0,0,0,67.2,22.9,1,87.5,0
3753.0,17,0,3,0,1,20,77.1,87.2,33,0,0,0,67.1,22.9,1,87.5,0
3754.0,17,0,3,0,1,20,76.4,87.1,34,0,0,0,67.1,22.9,1,87.5,0
3755.0,17,0,3,0,1,20,75.7,87.1,35,0,0,0,67.0,22.9,1,87.5,0
3756.0,17,0,3,0,1,20,75.0,87.0,36,0,0,0,67.0,22.9,1,87.5,0
3757.0,17,0,3,0,1,20,75.7,87.0,35,0,0,0,66.9,22.9,1,87.5,0
3758.0,17,0,3,0,1,20,75.7,86.9,35,0,0,0,66.9,22.9,1,87.5,0
3759.0,17,0,3,0,1,20,75.7,86.9,35,0,0,0,66.9,22.9,1,87.5,0
3760.0,17,0,3,0,1,20,76.4,86.8,34,0,0,0,66.8,22.9,1,87.5,0
3761.0,17,0,3,0,1,20,75.7,86.8,35,0,0,0,66.8,22.9,1,87.5,0
3762.0,17,0,3,0,1,20,75.7,86.7,35,0,0,0,66.7,22.9,1,87.5,0
3763.0,17,0,3,0,1,20,75.0,86.7,36,0,0,0,66.7,22.9,1,87.5,0
3764.0,17,0,3,0,1,20,75.7,86.6,35,0,0,0,66.6,22.9,1,87.5,0
3765.0,17,0,3,0,1,20,75.7,86.6,35,0,0,0,66.6,22.9,1,87.5,0
3766.0,17,0,3,0,1,20,76.4,86.5,34,0,0,0,66.6,22.9,1,87.5,0
3767.0,17,0,3,0,1,20,76.4,86.4,34,0,0,0,66.5,22.9,1,87.5,0
3768.0,17,1,2,0,1,19,76.4,86.4,34,0,0,0,70.0,22.9,1,87.5,0
3769.0,17,1,2,0,1,19,76.4,86.3,34,0,0,0,70.0,22.9,1,87.5,0
3770.0,17,1,2,0,1,19,77.1,86.3,33,0,0,0,70.0,22.9,1,87.5,0
3771.0,17,1,2,0,1,19,77.1,86.2,33,0,0,0,69.9,22.9,1,87.5,0
3772.0,17,1,2,0,1,19,77.1,86.2,33,0,0,0,69.9,22.9,1,87.5,0
3773.0,17,1,2,0,1,19,77.8,86.2,32,0,0,0,69.8,22.9,1,87.5,0
3774.0,17,2,1,0,1,18,77.1,86.1,33,0,0,0,73.5,24.3,1,87.5,0
3775.0,17,2,1,0,1,18,77.8,86.1,32,0,0,0,73.4,24.3,1,87.5,0
3776.0,17,2,1,0,1,18,78.5,86.0,31,0,0,0,73.4,24.3,1,87.5,0
3777.0,17,2,1,0,1,18,78.5,86.0,31,0,0,0,73.3,24.3,1,87.5,0
3778.0,17,2,1,0,1,18,78.5,85.9,31,0,0,0,73.3,24.3,1,87.5,0
3779.0,17,2,1,0,1,18,78.5,85.9,31,0,0,0,73.2,24.3,1,87.5,0
3780.0,17,2,1,0,1,18,79.2,85.8,30,0,0,0,73.2,24.3,1,87.5,0
3781.0,17,2,1,0,1,18,79.2,85.8,30,0,0,0,73.2,24.3,1,87.5,0
3782.0,17,2,1,0,1,18,79.9,85.8,29,0,0,0,73.1,24.3,1,87.5,0
3783.0,17,2,1,0,1,18,79.9,85.7,29,0,0,0,73.1,24.3,1,87.5,0
3784.0,17,2,1,0,1,18,79.9,85.7,29,0,0,0,73.0,24.3,1,87.5,0
3785.0,17,2,1,0,1,18,79.9,85.6,29,0,0,0,73.0,24.3,1,87.5,0
3786.0,17,2,1,0,1,18,80.6,85.6,28,0,0,0,72.9,24.3,1,87.5,0
3787.0,17,2,1,0,1,18,80.6,85.6,28,0,0,0,72.9,24.3,1,87.5,0
3788.0,17,2,1,0,1,18,80.6,85.5,28,0,0,0,72.9,24.3,1,87.5,0
3789.0,17,2,1,0,1,18,80.6,85.5,28,0,0,0,72.8,24.3,1,87.5,0
3790.0,17,2,1,0,1,18,81.2,85.5,27,0,0,0,72.8,24.3,0,100.0,0
3791.0,17,2,1,0,1,18,81.2,85.4,27,0,0,0,72.7,24.3,0,100.0,0
3792.0,17,2,1,0,1,18,81.2,85.4,27,0,0,0,72.7,24.3,0,100.0,0
3793.0,17,2,1,0,1,18,81.9,85.4,26,0,0,0,72.6,24.3,0,100.0,0
3794.0,17,3,0,0,1,17,81.9,85.4,26,0,0,0,76.2,38.3,0,100.0,0
3795.0,17,3,0,0,1,17,81.9,85.3,26,0,0,0,76.2,38.2,0,100.0,0
3796.0,17,3,0,0,1,17,81.2,85.3,27,0,0,0,76.1,38.2,0,100.0,0
3797.0,17,3,0,0,1,17,81.2,85.3,27,0,0,0,76.1,38.1,0,100.0,0
3798.0,17,3,0,0,1,17,81.2,85.3,27,0,0,0,76.0,38.1,0,100.0,0
3799.0,17,3,0,0,1,17,81.2,85.2,27,0,0,0,76.0,38.0,0,100.0,0
3800.0,17,3,0,0,1,17,81.2,85.2,27,0,0,0,76.0,38.0,0,100.0,0
3801.0,17,3,0,0,1,17,81.2,85.2,27,0,0,0,75.9,37.9,0,100.0,0
3802.0,17,3,0,0,1,17,81.9,85.2,26,0,0,0,75.9,37.8,0,100.0,0
3803.0,17,3,0,0,1,17,81.9,85.2,26,0,0,0,75.8,37.8,0,100.0,0
3804.0,17,3,0,0,1,17,81.9,85.2,26,0,0,0,75.8,37.7,0,100.0,0
3805.0,17,3,0,0,1,17,80.6,85.1,28,0,0,0,75.7,37.7,0,100.0,0
3806.0,17,3,0,0,1,17,80.6,85.1,28,0,0,0,75.7,37.6,0,100.0,0
3807.0,17,3,0,0,1,17,80.6,85.1,28,0,0,0,75.7,37.6,0,100.0,0
3808.0,17,3,0,0,1,17,79.9,85.1,29,0,0,0,75.6,37.5,0,100.0,0
3809.0,17,3,0,0,1,17,79.9,85.1,29,0,0,0,75.6,37.5,0,100.0,0
3810.0,17,3,0,0,1,17,80.6,85.1,28,0,0,0,75.5,37.4,0,100.0,0
3811.0,17,3,0,0,1,17,79.9,85.0,29,0,0,0,75.5,37.4,1,87.5,0
3812.0,17,3,0,0,1,17,79.9,85.0,29,0,0,0,75.4,37.3,1,87.5,0
3813.0,17,3,0,0,1,17,79.2,85.0,30,0,0,0,75.4,37.3,1,87.5,0
3814.0,17,3,0,0,1,17,79.2,85.0,30,0,0,0,75.4,37.2,1,87.5,0
3815.0,17,3,0,0,1,17,79.2,84.9,30,0,0,0,75.3,37.2,1,87.5,0
3816.0,17,3,0,0,1,17,79.2,84.9,30,0,0,0,75.3,37.1,1,87.5,0
3817.0,17,3,0,0,1,17,79.2,84.9,30,0,0,0,75.2,37.1,1,87.5,0
3818.0,17,3,0,0,1,17,77.8,84.9,32,0,0,0,75.2,37.0,1,87.5,0
3819.0,17,3,0,0,1,17,78.5,84.8,31,0,0,0,75.1,36.9,1,87.5,0
3820.0,17,3,0,0,1,17,77.8,84.8,32,0,0,0,75.1,36.9,1,87.5,0
3821.0,17,3,0,0,1,17,77.8,84.8,32,0,0,0,75.1,36.8,1,87.5,0
3822.0,17,3,0,0,1,17,78.5,84.7,31,0,0,0,75.0,36.8,1,87.5,0
3823.0,17,3,0,0,1,17,78.5,84.7,31,0,0,0,75.0,36.7,1,87.5,0
3824.0,17,3,0,0,1,17,78.5,84.7,31,0,0,0,74.9,36.7,1,87.5,0
3825.0,17,3,0,0,1,17,77.8,84.6,32,0,0,0,74.9,36.6,1,87.5,0
3826.0,17,3,0,0,1,17,78.5,84.6,31,0,0,0,74.8,36.6,0,100.0,0
3827.0,17,3,0,0,1,17,77.8,84.6,32,0,0,0,74.8,36.5,0,100.0,0
3828.0,17,3,0,0,1,17,77.8,84.6,32,0,0,0,74.8,36.5,0,100.0,0
3829.0,17,3,0,0,1,17,79.2,84.5,30,0,0,0,74.7,36.4,0,100.0,0
3830.0,17,3,0,0,1,17,78.5,84.5,31,0,0,0,74.7,36.4,0,100.0,0
3831.0,17,3,0,0,1,17,77.8,84.5,32,0,0,0,74.6,36.3,0,100.0,0
3832.0,17,3,0,0,1,17,78.5,84.5,31,0,0,0,74.6,36.3,0,100.0,0
3833.0,17,3,0,0,1,17,78.5,84.4,31,0,0,0,74.6,36.2,0,100.0,0
3834.0,17,3,0,0,1,17,78.5,84.4,31,0,0,0,74.5,36.2,0,100.0,0
3835.0,17,3,0,0,1,17,79.2,84.4,30,0,0,0,74.5,36.1,0,100.0,0
3836.0,17,3,0,0,1,17,79.9,84.4,29,0,0,0,74.4,36.1,0,100.0,0
3837.0,17,3,0,0,1,17,79.9,84.3,29,0,0,0,74.4,36.0,0,100.0,0
3838.0,17,3,0,0,1,17,80.6,84.3,28,0,0,0,74.3,35.9,0,100.0,0
3839.0,17,3,0,0,1,17,80.6,84.3,28,0,0,0,74.3,35.9,0,100.0,0
3840.0,17,3,0,0,1,17,80.6,84.3,28,0,0,0,74.3,35.8,0,100.0,0
3841.0,17,3,0,0,1,17,80.6,84.3,28,0,0,0,74.2,35.8,0,100.0,0
3842.0,17,3,0,0,1,17,79.9,84.2,29,0,0,0,74.2,35.7,0,100.0,0
3843.0,17,3,0,0,1,17,81.2,84.2,27,0,0,0,74.1,35.7,0,100.0,0
3844.0,17,3,0,0,1,17,81.9,84.2,26,0,0,0,74.1,35.6,0,100.0,0
3845.0,17,3,0,0,1,17,82.6,84.2,25,0,0,0,74.0,35.6,0,100.0,0
3846.0,17,3,0,0,1,17,82.6,84.1,25,0,0,0,74.0,35.5,0,100.0,0
3847.0,17,3,0,0,1,17,82.6,84.1,25,0,0,0,74.0,35.5,0,100.0,0
3848.0,17,3,0,0,1,17,82.6,84.1,25,0,0,0,73.9,35.4,0,100.0,0
3849.0,17,3,0,0,1,17,84.0,84.1,23,0,0,0,73.9,35.4,0,100.0,0
3850.0,17,3,0,0,1,17,84.0,84.1,23,0,0,0,73.8,35.3,0,100.0,0
3851.0,17,3,0,0,1,17,84.7,84.1,22,0,0,0,73.8,35.3,0,100.0,0
3852.0,17,3,0,0,1,17,84.7,84.0,22,0,0,0,73.7,35.2,0,100.0,0
3853.0,17,3,0,0,1,17,84.7,84.0,22,0,0,0,73.7,35.2,0,100.0,0
3854.0,17,3,0,0,1,17,85.4,84.0,21,0,0,0,73.7,35.1,0,100.0,0
3855.0,17,3,0,0,1,17,86.1,84.0,20,0,0,0,73.6,35.0,0,100.0,0
3856.0,17,3,0,0,1,17,86.1,84.0,20,0,0,0,73.6,35.0,0,100.0,0
3857.0,17,3,0,0,1,17,86.1,84.0,20,0,0,0,73.5,34.9,0,100.0,0
3858.0,17,3,0,0,1,17,86.1,84.0,20,0,0,0,73.5,34.9,0,100.0,0
3859.0,17,3,0,0,1,17,86.1,84.0,20,0,0,0,73.5,34.8,0,100.0,0
3860.0,17,3,0,0,1,17,86.8,84.0,19,0,0,0,73.4,34.8,0,100.0,0
3861.0,17,3,0,0,1,17,87.5,84.0,18,0,0,0,73.4,34.7,0,100.0,0
3862.0,17,3,0,0,1,17,88.9,84.0,16,0,0,0,73.3,34.7,0,100.0,0
3863.0,17,3,0,0,1,17,88.9,84.0,16,0,0,0,73.3,34.6,0,100.0,0
3864.0,17,3,0,0,1,17,88.2,84.0,17,0,0,0,73.2,34.6,0,100.0,0
3865.0,17,3,0,0,1,17,88.2,83.9,17,0,0,0,73.2,34.5,0,100.0,0
3866.0,17,3,0,0,1,17,88.2,83.9,17,0,0,0,73.2,34.5,1,87.5,0
3867.0,17,3,0,0,1,17,88.2,83.9,17,0,0,0,73.1,34.4,1,87.5,0
3868.0,17,3,0,0,1,17,88.2,83.9,17,0,0,0,73.1,34.4,1,87.5,0
3869.0,17,3,0,0,1,17,88.2,83.9,17,0,0,0,73.0,34.3,1,87.5,0
3870.0,17,3,0,0,1,17,87.5,83.9,18,0,0,0,73.0,34.3,1,87.5,0
3871.0,17,3,0,0,1,17,87.5,83.9,18,0,0,0,72.9,34.2,1,87.5,0
3872.0,17,3,0,0,1,17,87.5,83.9,18,0,0,0,72.9,34.1,1,87.5,0
3873.0,17,3,0,0,1,17,87.5,83.9,18,0,0,0,72.9,34.1,1,87.5,0
3874.0,17,3,0,0,1,17,88.2,83.8,17,0,0,0,72.8,34.0,1,87.5,0
3875.0,17,3,0,0,1,17,88.2,83.8,17,0,0,0,72.8,34.0,1,87.5,0
3876.0,17,3,0,0,1,17,88.2,83.8,17,0,0,0,72.7,33.9,1,87.5,0
3877.0,17,3,0,0,1,17,88.2,83.8,17,0,0,0,72.7,33.9,1,87.5,0
3878.0,17,3,0,0,1,17,88.9,83.8,16,0,0,0,72.6,33.8,1,87.5,0
3879.0,17,3,0,0,1,17,88.2,83.8,17,0,0,0,72.6,33.8,1,87.5,0
3880.0,17,3,0,0,1,17,88.2,83.8,17,0,0,0,72.6,33.7,1,87.5,0
3881.0,17,3,0,0,1,17,88.2,83.8,17,0,0,0,72.5,33.7,1,87.5,0
3882.0,17,3,0,0,1,17,88.2,83.8,17,0,0,0,72.5,33.6,1,87.5,0
3883.0,17,3,0,0,1,17,88.2,83.7,17,0,0,0,72.4,33.6,1,87.5,0
3884.0,17,3,0,0,1,17,88.9,83.7,16,0,0,0,72.4,33.5,1,87.5,0
3885.0,17,3,0,0,1,17,87.5,83.7,18,0,0,0,72.4,33.5,1,87.5,0
3886.0,17,3,0,0,1,17,87.5,83.7,18,0,0,0,72.3,33.4,1,87.5,0
3887.0,17,3,0,0,1,17,87.5,83.7,18,0,0,0,72.3,33.4,1,87.5,0
3888.0,17,3,0,0,1,17,87.5,83.7,18,0,0,0,72.2,33.3,1,87.5,0
3889.0,17,3,0,0,1,17,87.5,83.7,18,0,0,0,72.2,33.3,1,87.5,0
3890.0,17,3,0,0,1,17,87.5,83.6,18,0,0,0,72.1,33.2,1,87.5,0
3891.0,17,3,0,0,1,17,87.5,83.6,18,0,0,0,72.1,33.2,1,87.5,0
3892.0,17,3,0,0,1,17,86.8,83.6,19,0,0,0,72.1,33.1,1,87.5,0
3893.0,17,3,0,0,1,17,86.8,83.6,19,0,0,0,72.0,33.1,1,87.5,0
3894.0,17,3,0,0,1,17,86.8,83.6,19,0,0,0,72.0,33.0,1,87.5,0
3895.0,17,3,0,0,1,17,86.8,83.6,19,0,0,0,71.9,33.0,1,87.5,0
3896.0,17,3,0,0,1,17,87.5,83.5,18,0,0,0,71.9,32.9,1,87.5,0
3897.0,17,3,0,0,1,17,87.5,83.5,18,0,0,0,71.8,32.8,1,87.5,0
3898.0,17,3,0,0,1,17,87.5,83.5,18,0,0,0,71.8,32.8,1,87.5,0
3899.0,17,3,0,0,1,17,87.5,83.5,18,0,0,0,71.8,32.7,1,87.5,0
3900.0,17,3,0,0,1,17,87.5,83.5,18,0,0,0,71.7,32.7,1,87.5,0
3901.0,17,3,0,0,1,17,87.5,83.5,18,0,0,0,71.7,32.6,1,87.5,0
3902.0,17,3,0,0,1,17,87.5,83.4,18,0,0,0,71.6,32.6,1,87.5,0
3903.0,17,3,0,0,1,17,87.5,83.4,18,0,0,0,71.6,32.5,1,87.5,0
3904.0,17,3,0,0,1,17,88.2,83.4,17,0,0,0,71.5,32.5,1,87.5,0
3905.0,17,3,0,0,1,17,88.2,83.4,17,0,0,0,71.5,32.4,1,87.5,0
3906.0,17,3,0,0,1,17,88.9,83.4,16,0,0,0,71.5,32.4,1,87.5,0
3907.0,17,3,0,0,1,17,88.9,83.4,16,0,0,0,71.4,32.3,1,87.5,0
3908.0,17,3,0,0,1,17,88.9,83.4,16,0,0,0,71.4,32.3,1,87.5,0
3909.0,17,3,0,0,1,17,88.9,83.4,16,0,0,0,71.3,32.2,1,87.5,0
3910.0,17,3,0,0,1,17,88.9,83.4,16,0,0,0,71.3,32.2,1,87.5,0
3911.0,17,3,0,0,1,17,89.6,83.4,15,0,0,0,71.2,32.1,1,87.5,0
3912.0,17,3,0,0,1,17,89.6,83.4,15,0,0,0,71.2,32.1,1,87.5,0
3913.0,17,3,0,0,1,17,90.3,83.4,14,0,0,0,71.2,32.0,1,87.5,0
3914.0,17,3,0,0,1,17,90.3,83.4,14,0,0,0,71.1,31.9,1,87.5,0
3915.0,17,3,0,0,1,17,89.6,83.4,15,0,0,0,71.1,31.9,1,87.5,0
3916.0,17,3,0,0,1,17,89.6,83.4,15,0,0,0,71.0,31.8,1,87.5,0
3917.0,17,3,0,0,1,17,89.6,83.4,15,0,0,0,71.0,31.8,1,87.5,0
3918.0,17,3,0,0,1,17,89.6,83.4,15,0,0,0,71.0,31.7,1,87.5,0
3919.0,17,3,0,0,1,17,89.6,83.4,15,0,0,0,70.9,31.7,1,87.5,0
3920.0,17,3,0,0,1,17,90.3,83.4,14,0,0,0,70.9,31.6,1,87.5,0
3921.0,17,3,0,0,1,17,90.3,83.4,14,0,0,0,70.8,31.6,1,87.5,0
3922.0,17,3,0,0,1,17,90.3,83.4,14,0,0,0,70.8,31.5,1,87.5,0
3923.0,17,3,0,0,1,17,91.0,83.4,13,0,0,0,70.7,31.5,1,87.5,0
3924.0,17,3,0,0,1,17,90.3,83.4,14,0,0,0,70.7,31.4,1,87.5,0
3925.0,17,3,0,0,1,17,90.3,83.4,14,0,0,0,70.7,31.4,1,87.5,0
3926.0,17,3,0,0,1,17,90.3,83.4,14,0,0,0,70.6,31.3,1,87.5,0
3927.0,17,3,0,0,1,17,90.3,83.4,14,0,0,0,70.6,31.3,1,87.5,0
3928.0,17,3,0,0,1,17,91.0,83.4,13,0,0,0,70.5,31.2,1,87.5,0
3929.0,17,3,0,0,1,17,91.0,83.4,13,0,0,0,70.5,31.2,1,87.5,0
3930.0,17,3,0,0,1,17,91.0,83.4,13,0,0,0,70.4,31.1,1,87.5,0
3931.0,17,3,0,0,1,17,91.0,83.5,13,0,0,0,70.4,31.0,1,87.5,0
3932.0,17,3,0,0,1,17,91.7,83.5,12,0,0,0,70.4,31.0,0,100.0,0
3933.0,17,3,0,0,1,17,92.4,83.5,11,0,0,0,70.3,30.9,0,100.0,0
3934.0,17,3,0,0,1,17,92.4,83.5,11,0,0,0,70.3,30.9,0,100.0,0
3935.0,17,3,0,0,1,17,92.4,83.5,11,0,0,0,70.2,30.8,0,100.0,0
3936.0,17,3,0,0,1,17,92.4,83.5,11,0,0,0,70.2,30.8,0,100.0,0
3937.0,17,3,0,0,1,17,92.4,83.5,11,0,0,0,70.2,30.8,0,100.0,0
3938.0,17,3,0,0,1,17,92.4,83.6,11,0,0,0,70.1,30.7,0,100.0,0
3939.0,17,3,0,0,1,17,92.4,83.6,11,0,0,0,70.1,30.7,0,100.0,0
3940.0,17,3,0,0,1,17,92.4,83.6,11,0,0,0,70.0,30.6,0,100.0,0
3941.0,17,3,0,0,1,17,92.4,83.6,11,0,0,0,70.0,30.6,0,100.0,0
3942.0,17,3,0,0,1,17,92.4,83.6,11,0,0,0,69.9,30.5,0,100.0,0
3943.0,17,3,0,0,1,17,91.7,83.6,12,0,0,0,69.9,30.5,0,100.0,0
3944.0,17,3,0,0,1,17,91.7,83.7,12,0,0,0,69.9,30.4,0,100.0,0
3945.0,17,3,0,0,1,17,91.0,83.7,13,0,0,0,69.8,30.4,0,100.0,0
3946.0,17,3,0,0,1,17,91.7,83.7,12,0,0,0,69.8,30.3,0,100.0,0
3947.0,17,3,0,0,1,17,91.7,83.7,12,0,0,0,69.7,30.3,0,100.0,0
3948.0,17,3,0,0,1,17,91.0,83.7,13,0,0,0,69.7,30.2,0,100.0,0
3949.0,17,3,0,0,1,17,91.0,83.8,13,0,0,0,69.7,30.1,0,100.0,0
3950.0,17,3,0,0,1,17,91.0,83.8,13,0,0,0,69.6,30.1,0,100.0,0
3951.0,17,3,0,0,1,17,91.0,83.8,13,0,0,0,69.6,30.0,0,100.0,0
3952.0,17,3,0,0,1,17,91.0,83.8,13,0,0,0,69.5,30.0,0,100.0,0
3953.0,17,3,0,0,1,17,91.0,83.8,13,0,0,0,69.5,29.9,0,100.0,0
3954.0,17,3,0,0,1,17,91.0,83.9,13,0,0,0,69.4,29.9,0,100.0,0
3955.0,17,3,0,0,1,17,89.6,83.9,15,0,0,0,69.4,29.8,0,100.0,0
3956.0,17,3,0,0,1,17,89.6,83.9,15,0,0,0,69.4,29.8,0,100.0,0
3957.0,17,3,0,0,1,17,89.6,83.9,15,0,0,0,69.3,29.7,0,100.0,0
3958.0,17,3,0,0,1,17,89.6,83.9,15,0,0,0,69.3,29.7,0,100.0,0
3959.0,17,3,0,0,1,17,89.6,83.9,15,0,0,0,69.2,29.6,0,100.0,0
3960.0,17,3,0,0,1,17,89.6,84.0,15,0,0,0,69.2,29.6,0,100.0,0
3961.0,17,3,0,0,1,17,89.6,84.0,15,0,0,0,69.1,29.5,0,100.0,0
3962.0,17,3,0,0,1,17,89.6,84.0,15,0,0,0,69.1,29.5,0,100.0,0
3963.0,17,3,0,0,1,17,89.6,84.0,15,0,0,0,69.1,29.4,0,100.0,0
3964.0,17,3,0,0,1,17,88.9,84.0,16,0,0,0,69.0,29.4,0,100.0,0
3965.0,17,3,0,0,1,17,88.9,84.1,16,0,0,0,69.0,29.3,0,100.0,0
3966.0,17,3,0,0,1,17,88.9,84.1,16,0,0,0,68.9,29.2,0,100.0,0
3967.0,17,3,0,0,1,17,88.2,84.1,17,0,0,0,68.9,29.2,0,100.0,0
3968.0,17,3,0,0,1,17,88.2,84.1,17,0,0,0,68.8,29.1,0,100.0,0
3969.0,17,3,0,0,1,17,88.2,84.1,17,0,0,0,68.8,29.1,0,100.0,0
3970.0,17,3,0,0,1,17,88.2,84.2,17,0,0,0,68.8,29.0,0,100.0,0
3971.0,17,3,0,0,1,17,88.2,84.2,17,0,0,0,68.7,29.0,0,100.0,0
3972.0,17,3,0,0,1,17,87.5,84.2,18,0,0,0,68.7,28.9,0,100.0,0
3973.0,17,3,0,0,1,17,87.5,84.2,18,0,0,0,68.6,28.9,0,100.0,0
3974.0,17,3,0,0,1,17,87.5,84.2,18,0,0,0,68.6,28.8,0,100.0,0
3975.0,17,3,0,0,1,17,85.4,84.2,21,0,0,0,68.5,28.8,0,100.0,0
3976.0,17,3,0,0,1,17,85.4,84.3,21,0,0,0,68.5,28.7,0,100.0,0
3977.0,17,3,0,0,1,17,84.7,84.3,22,0,0,0,68.5,28.7,0,100.0,0
3978.0,17,3,0,0,1,17,84.7,84.3,22,0,0,0,68.4,28.6,0,100.0,0
3979.0,17,3,0,0,1,17,84.7,84.3,22,0,0,0,68.4,28.6,0,100.0,0
3980.0,17,3,0,0,1,17,84.7,84.3,22,0,0,0,68.3,28.5,0,100.0,0
3981.0,17,3,0,0,1,17,84.0,84.4,23,0,0,0,68.3,28.5,0,100.0,0
3982.0,17,3,0,0,1,17,83.3,84.4,24,0,0,0,68.3,28.4,0,100.0,0
3983.0,17,3,0,0,1,17,81.9,84.4,26,0,0,0,68.2,28.3,0,100.0,0
3984.0,17,3,0,0,1,17,81.9,84.4,26,0,0,0,68.2,28.3,0,100.0,0
3985.0,17,3,0,0,1,17,81.9,84.4,26,0,0,0,68.1,28.2,0,100.0,0
3986.0,17,3,0,0,1,17,81.2,84.4,27,0,0,0,68.1,28.2,0,100.0,0
3987.0,17,3,0,0,1,17,81.2,84.4,27,0,0,0,68.0,28.1,0,100.0,0
3988.0,17,3,0,0,1,17,81.2,84.5,27,0,0,0,68.0,28.1,0,100.0,0
3989.0,17,3,0,0,1,17,79.9,84.5,29,0,0,0,68.0,28.0,0,100.0,0
3990.0,17,3,0,0,1,17,79.9,84.5,29,0,0,0,67.9,28.0,0,100.0,0
3991.0,17,3,0,0,1,17,79.9,84.5,29,0,0,0,67.9,27.9,0,100.0,0
3992.0,17,3,0,0,1,17,79.2,84.5,30,0,0,0,67.8,27.9,0,100.0,0
3993.0,17,3,0,0,1,17,79.2,84.5,30,0,0,0,67.8,27.8,0,100.0,0
3994.0,17,3,0,0,1,17,79.2,84.5,30,0,0,0,67.7,27.8,0,100.0,0
3995.0,17,3,0,0,1,17,79.2,84.5,30,0,0,0,67.7,27.7,0,100.0,0
3996.0,17,3,0,0,1,17,79.2,84.6,30,0,0,0,67.7,27.7,0,100.0,0
3997.0,17,3,0,0,1,17,79.2,84.6,30,0,0,0,67.6,27.6,0,100.0,0
3998.0,17,3,0,0,1,17,79.2,84.6,30,0,0,0,67.6,27.6,0,100.0,0
3999.0,17,3,0,0,1,17,79.2,84.6,30,0,0,0,67.5,27.5,0,100.0,0
4000.0,17,3,0,0,1,17,79.2,84.6,30,0,0,0,67.5,27.4,0,100.0,0
4001.0,17,3,0,0,1,17,79.2,84.6,30,0,0,0,67.4,27.4,0,100.0,0
4002.0,17,3,0,0,1,17,79.9,84.6,29,0,0,0,67.4,27.3,0,100.0,0
4003.0,17,3,0,0,1,17,79.9,84.7,29,0,0,0,67.4,27.3,0,100.0,0
4004.0,17,3,0,0,1,17,80.6,84.7,28,0,0,0,67.3,27.2,0,100.0,0
4005.0,17,3,0,0,1,17,80.6,84.7,28,0,0,0,67.3,27.2,0,100.0,0
4006.0,17,3,0,0,1,17,79.9,84.7,29,0,0,0,67.2,27.1,0,100.0,0
4007.0,17,3,0,0,1,17,79.9,84.7,29,0,0,0,67.2,27.1,0,100.0,0
4008.0,17,3,0,0,1,17,80.6,84.8,28,0,0,0,67.2,27.0,0,100.0,0
4009.0,17,3,0,0,1,17,79.9,84.8,29,0,0,0,67.1,27.0,0,100.0,0
4010.0,17,3,0,0,1,17,79.9,84.8,29,0,0,0,67.1,26.9,0,100.0,0
4011.0,17,3,0,0,1,17,79.9,84.8,29,0,0,0,67.0,26.9,0,100.0,0
4012.0,17,3,0,0,1,17,79.9,84.8,29,0,0,0,67.0,26.8,0,100.0,0
4013.0,17,3,0,0,1,17,78.5,84.8,31,0,0,0,66.9,26.8,0,100.0,0
4014.0,17,3,0,0,1,17,78.5,84.8,31,0,0,0,66.9,26.7,0,100.0,0
4015.0,17,3,0,0,1,17,79.9,84.8,29,0,0,0,66.9,26.7,0,100.0,0
4016.0,17,3,0,0,1,17,79.9,84.8,29,0,0,0,66.8,26.6,0,100.0,0
4017.0,17,3,0,0,1,17,79.9,84.8,29,0,0,0,66.8,26.5,0,100.0,0
4018.0,17,3,0,0,1,17,79.9,84.8,29,0,0,0,66.7,26.5,0,100.0,0
4019.0,17,3,0,0,1,17,79.2,84.8,30,0,0,0,66.7,26.4,0,100.0,0
4020.0,17,3,0,0,1,17,79.2,84.8,30,0,0,0,66.6,26.4,0,100.0,0
4021.0,17,3,0,0,1,17,79.9,84.8,29,0,0,0,66.6,26.3,0,100.0,0
4022.0,17,3,0,0,1,17,80.6,84.8,28,0,0,0,66.6,26.3,0,100.0,0
4023.0,17,3,0,0,1,17,80.6,84.8,28,0,0,0,66.5,26.2,0,100.0,0
4024.0,17,3,0,0,1,17,80.6,84.8,28,0,0,0,66.5,26.2,0,100.0,0
4025.0,17,3,0,0,1,17,80.6,84.9,28,0,0,0,66.4,26.1,0,100.0,0
4026.0,17,3,0,0,1,17,80.6,84.9,28,0,0,0,66.4,26.1,0,100.0,0
4027.0,17,3,0,0,1,17,80.6,84.9,28,0,0,0,66.3,26.0,0,100.0,0
4028.0,17,3,0,0,1,17,81.2,84.9,27,0,0,0,66.3,26.0,0,100.0,0
4029.0,17,3,0,0,1,17,81.9,84.9,26,0,0,0,66.3,25.9,0,100.0,0
4030.0,17,3,0,0,1,17,81.9,84.9,26,0,0,0,66.2,25.9,0,100.0,0
4031.0,17,3,0,0,1,17,81.9,84.9,26,0,0,0,66.2,25.8,0,100.0,0
4032.0,17,3,0,0,1,17,81.9,84.9,26,0,0,0,66.1,25.8,0,100.0,0
4033.0,17,3,0,0,1,17,81.9,84.9,26,0,0,0,66.1,25.7,0,100.0,0
4034.0,17,3,0,0,1,17,81.9,84.9,26,0,0,0,66.1,25.6,0,100.0,0
4035.0,17,3,0,0,1,17,83.3,84.9,24,0,0,0,66.0,25.6,0,100.0,0
4036.0,17,3,0,0,1,17,83.3,84.9,24,0,0,0,66.0,25.5,0,100.0,0
4037.0,17,3,0,0,1,17,83.3,84.9,24,0,0,0,65.9,25.5,0,100.0,0
4038.0,17,3,0,0,1,17,83.3,84.9,24,0,0,0,65.9,25.4,0,100.0,0
4039.0,17,3,0,0,1,17,83.3,84.9,24,0,0,0,65.8,25.4,0,100.0,0
4040.0,17,3,0,0,1,17,83.3,84.9,24,0,0,0,65.8,25.3,0,100.0,0
4041.0,17,3,0,0,1,17,84.0,84.9,23,0,0,0,65.8,25.3,0,100.0,0
4042.0,17,3,0,0,1,17,84.0,84.9,23,0,0,0,65.7,25.2,0,100.0,0
4043.0,17,3,0,0,1,17,83.3,84.9,24,0,0,0,65.7,25.2,0,100.0,0
4044.0,17,3,0,0,1,17,83.3,85.0,24,0,0,0,65.6,25.1,0,100.0,0
4045.0,17,3,0,0,1,17,82.6,85.0,25,0,0,0,65.6,25.1,0,100.0,0
4046.0,17,3,0,0,1,17,82.6,85.0,25,0,0,0,65.5,25.0,0,100.0,0
4047.0,17,3,0,0,1,17,82.6,85.0,25,0,0,0,65.5,25.0,0,100.0,0
4048.0,17,3,0,0,1,17,83.3,85.0,24,0,0,0,65.5,24.9,0,100.0,0
4049.0,17,3,0,0,1,17,84.0,85.0,23,0,0,0,65.4,24.9,0,100.0,0
4050.0,17,3,0,0,1,17,84.0,85.0,23,0,0,0,65.4,24.8,0,100.0,0
4051.0,17,3,0,0,1,17,83.3,85.0,24,0,0,0,65.3,24.8,0,100.0,0
4052.0,17,3,0,0,1,17,83.3,85.1,24,0,0,0,65.3,24.7,0,100.0,0
4053.0,17,3,0,0,1,17,83.3,85.1,24,0,0,0,65.2,24.6,0,100.0,0
4054.0,17,3,0,0,1,17,83.3,85.1,24,0,0,0,65.2,24.6,0,100.0,0
4055.0,17,3,0,0,1,17,81.9,85.1,26,0,0,0,65.2,24.5,0,100.0,0
4056.0,17,3,0,0,1,17,84.0,85.1,23,0,0,0,65.1,24.5,0,100.0,0
4057.0,17,3,0,0,1,17,84.0,85.1,23,0,0,0,65.1,24.4,0,100.0,0
4058.0,17,3,0,0,1,17,83.3,85.2,24,0,0,0,65.0,24.4,0,100.0,0
4059.0,17,3,0,0,1,17,83.3,85.2,24,0,0,0,65.0,24.3,0,100.0,0
4060.0,17,3,0,0,1,17,82.6,85.2,25,0,0,0,64.9,24.3,0,100.0,0
4061.0,17,3,0,0,1,17,82.6,85.2,25,0,0,0,64.9,24.2,0,100.0,0
4062.0,17,3,0,0,1,17,84.0,85.2,23,0,0,0,64.9,24.2,0,100.0,0
4063.0,17,3,0,0,1,17,84.7,85.3,22,0,0,0,64.8,24.1,0,100.0,0
4064.0,17,3,0,0,1,17,84.7,85.3,22,0,0,0,64.8,24.1,0,100.0,0
4065.0,17,3,0,0,1,17,84.0,85.3,23,0,0,0,64.7,24.0,0,100.0,0
4066.0,17,3,0,0,1,17,84.0,85.3,23,0,0,0,64.7,24.0,0,100.0,0
4067.0,17,3,0,0,1,17,84.0,85.4,23,0,0,0,64.6,23.9,0,100.0,0
4068.0,17,3,0,0,1,17,84.0,85.4,23,0,0,0,64.6,23.9,0,100.0,0
4069.0,17,3,0,0,1,17,85.4,85.4,21,0,0,0,64.6,23.8,0,100.0,0
4070.0,17,3,0,0,1,17,85.4,85.5,21,0,0,0,64.5,23.7,0,100.0,0
4071.0,17,3,0,0,1,17,84.7,85.5,22,0,0,0,64.5,23.7,0,100.0,0
4072.0,17,3,0,0,1,17,84.7,85.5,22,0,0,0,64.4,23.6,0,100.0,0
4073.0,17,3,0,0,1,17,84.0,85.5,23,0,0,0,64.4,23.6,0,100.0,0
4074.0,17,3,0,0,1,17,84.0,85.6,23,0,0,0,64.4,23.5,0,100.0,0
4075.0,17,3,0,0,1,17,84.0,85.6,23,0,0,0,64.3,23.5,0,100.0,0
4076.0,17,3,0,0,1,17,84.7,85.6,22,0,0,0,64.3,23.4,0,100.0,0
4077.0,17,3,0,0,1,17,84.0,85.6,23,0,0,0,64.2,23.4,0,100.0,0
4078.0,17,3,0,0,1,17,84.7,85.6,22,0,0,0,64.2,23.3,0,100.0,0
4079.0,17,3,0,0,1,17,84.7,85.6,22,0,0,0,64.1,23.3,0,100.0,0
4080.0,17,3,0,0,1,17,84.0,85.7,23,0,0,0,64.1,23.2,0,100.0,0
4081.0,17,3,0,0,1,17,84.0,85.7,23,0,0,0,64.1,23.2,0,100.0,0
4082.0,17,3,0,0,1,17,85.4,85.7,21,0,0,0,64.0,23.1,0,100.0,0
4083.0,17,3,0,0,1,17,85.4,85.7,21,0,0,0,64.0,23.1,0,100.0,0
4084.0,17,3,0,0,1,17,84.7,85.7,22,0,0,0,63.9,23.0,0,100.0,0
4085.0,17,3,0,0,1,17,84.7,85.7,22,0,0,0,63.9,23.0,0,100.0,0
4086.0,17,3,0,0,1,17,85.4,85.7,21,0,0,0,63.8,22.9,0,100.0,0
4087.0,17,3,0,0,1,17,87.5,85.8,18,0,0,0,63.8,22.8,0,100.0,0
4088.0,17,3,0,0,1,17,86.8,85.8,19,0,0,0,63.8,22.8,0,100.0,0
4089.0,17,3,0,0,1,17,87.5,85.8,18,0,0,0,63.7,22.7,0,100.0,0
4090.0,17,3,0,0,1,17,87.5,85.8,18,0,0,0,63.7,22.7,0,100.0,0
4091.0,17,2,1,0,1,18,87.5,85.8,18,0,0,0,63.6,22.7,0,100.0,0
4092.0,17,2,1,0,1,18,88.2,85.8,17,0,0,0,63.6,22.7,0,100.0,0
4093.0,17,2,1,0,1,18,88.9,85.9,16,0,0,0,63.5,22.7,0,100.0,0
4094.0,17,2,1,0,1,18,88.9,85.9,16,0,0,0,63.5,22.7,0,100.0,0
4095.0,17,2,1,0,1,18,88.2,85.9,17,0,0,0,63.5,22.7,0,100.0,0
4096.0,17,2,1,0,1,18,88.2,85.9,17,0,0,0,63.4,22.7,0,100.0,0
4097.0,17,2,1,0,1,18,88.2,85.9,17,0,0,0,63.4,22.7,0,100.0,0
4098.0,17,2,1,0,1,18,88.2,85.9,17,0,0,0,63.3,22.7,0,100.0,0
4099.0,17,2,1,0,1,18,88.9,85.9,16,0,0,0,63.3,22.7,0,100.0,0
4100.0,17,2,1,0,1,18,88.9,85.9,16,0,0,0,63.3,22.7,0,100.0,0
4101.0,17,2,1,0,1,18,88.9,85.9,16,0,0,0,63.2,22.7,0,100.0,0
4102.0,17,2,1,0,1,18,89.6,85.9,15,0,0,0,63.2,22.7,0,100.0,0
4103.0,17,2,1,0,1,18,89.6,85.9,15,0,0,0,63.1,22.7,0,100.0,0
4104.0,17,2,1,0,1,18,88.9,85.9,16,0,0,0,63.1,22.7,0,100.0,0
4105.0,17,2,1,0,1,18,88.9,85.9,16,0,0,0,63.0,22.7,0,100.0,0
4106.0,17,2,1,0,1,18,89.6,86.0,15,0,0,0,63.0,22.7,0,100.0,0
4107.0,17,2,1,0,1,18,90.3,86.0,14,0,0,0,63.0,22.7,0,100.0,0
4108.0,17,2,1,0,1,18,89.6,86.0,15,0,0,0,62.9,22.7,0,100.0,0
4109.0,17,2,1,0,1,18,89.6,86.0,15,0,0,0,62.9,22.7,0,100.0,0
4110.0,17,2,1,0,1,18,89.6,86.0,15,0,0,0,62.8,22.7,0,100.0,0
4111.0,17,2,1,0,1,18,89.6,86.0,15,0,0,0,62.8,22.7,0,100.0,0
4112.0,17,2,1,0,1,18,89.6,86.0,15,0,0,0,62.7,22.7,0,100.0,0
4113.0,17,2,1,0,1,18,89.6,86.0,15,0,0,0,62.7,22.7,0,100.0,0
4114.0,17,2,1,0,1,18,88.9,86.0,16,0,0,0,62.7,22.7,0,100.0,0
4115.0,17,2,1,0,1,18,88.9,86.0,16,0,0,0,62.6,22.7,0,100.0,0
4116.0,17,2,1,0,1,18,88.9,86.0,16,0,0,0,62.6,22.7,0,100.0,0
4117.0,17,2,1,0,1,18,88.9,86.0,16,0,0,0,62.5,22.7,0,100.0,0
4118.0,17,2,1,0,1,18,89.6,86.0,15,0,0,0,62.5,22.7,0,100.0,0
4119.0,17,2,1,0,1,18,89.6,86.0,15,0,0,0,62.4,22.7,0,100.0,0
4120.0,17,2,1,0,1,18,89.6,86.0,15,0,0,0,62.4,22.7,0,100.0,0
4121.0,17,2,1,0,1,18,89.6,86.0,15,0,0,0,62.4,22.7,0,100.0,0
4122.0,17,2,1,0,1,18,89.6,86.0,15,0,0,0,62.3,22.7,0,100.0,0
4123.0,17,2,1,0,1,18,88.9,86.0,16,0,0,0,62.3,22.7,0,100.0,0
4124.0,17,2,1,0,1,18,89.6,86.1,15,0,0,0,62.2,22.7,0,100.0,0
4125.0,17,2,1,0,1,18,90.3,86.1,14,0,0,0,62.2,22.7,0,100.0,0
4126.0,17,2,1,0,1,18,90.3,86.1,14,0,0,0,62.2,22.7,0,100.0,0
4127.0,17,2,1,0,1,18,90.3,86.1,14,0,0,0,62.1,22.7,0,100.0,0
4128.0,17,2,1,0,1,18,90.3,86.1,14,0,0,0,62.1,22.7,0,100.0,0
4129.0,17,2,1,0,1,18,88.9,86.1,16,0,0,0,62.0,22.7,0,100.0,0
4130.0,17,2,1,0,1,18,88.9,86.1,16,0,0,0,62.0,22.7,0,100.0,0
4131.0,17,2,1,0,1,18,88.9,86.1,16,0,0,0,61.9,22.7,0,100.0,0
4132.0,17,2,1,0,1,18,89.6,86.1,15,0,0,0,61.9,22.7,0,100.0,0
4133.0,17,2,1,0,1,18,88.9,86.1,16,0,0,0,61.9,22.7,0,100.0,0
4134.0,17,2,1,0,1,18,88.9,86.1,16,0,0,0,61.8,22.7,0,100.0,0
4135.0,17,2,1,0,1,18,88.9,86.2,16,0,0,0,61.8,22.7,0,100.0,0
4136.0,17,2,1,0,1,18,88.9,86.2,16,0,0,0,61.7,22.7,0,100.0,0
4137.0,17,2,1,0,1,18,88.9,86.2,16,0,0,0,61.7,22.7,0,100.0,0
4138.0,17,2,1,0,1,18,88.9,86.2,16,0,0,0,61.6,22.7,0,100.0,0
4139.0,17,2,1,0,1,18,88.9,86.2,16,0,0,0,61.6,22.7,0,100.0,0
4140.0,17,2,1,0,1,18,88.9,86.2,16,0,0,0,61.6,22.7,0,100.0,0
4141.0,17,2,1,0,1,18,88.9,86.2,16,0,0,0,61.5,22.7,0,100.0,0
4142.0,17,2,1,0,1,18,88.9,86.2,16,0,0,0,61.5,22.7,0,100.0,0
4143.0,17,2,1,0,1,18,88.9,86.2,16,0,0,0,61.4,22.7,0,100.0,0
4144.0,17,2,1,0,1,18,88.9,86.2,16,0,0,0,61.4,22.7,0,100.0,0
4145.0,17,2,1,0,1,18,89.6,86.2,15,0,0,0,61.3,22.7,0,100.0,0
4146.0,17,2,1,0,1,18,90.3,86.2,14,0,0,0,61.3,22.7,0,100.0,0
4147.0,17,2,1,0,1,18,90.3,86.2,14,0,0,0,61.3,22.7,0,100.0,0
4148.0,17,2,1,0,1,18,90.3,86.2,14,0,0,0,61.2,22.7,0,100.0,0
4149.0,17,2,1,0,1,18,90.3,86.2,14,0,0,0,61.2,22.7,0,100.0,0
4150.0,17,2,1,0,1,18,89.6,86.2,15,0,0,0,61.1,22.7,0,100.0,0
4151.0,17,3,0,0,1,17,88.9,86.2,16,0,0,0,64.8,27.4,0,100.0,0
4152.0,17,3,0,0,1,17,88.9,86.2,16,0,0,0,64.7,27.3,0,100.0,0
4153.0,17,3,0,0,1,17,88.9,86.2,16,0,0,0,64.7,27.3,0,100.0,0
4154.0,17,3,0,0,1,17,89.6,86.2,15,0,0,0,64.6,27.2,0,100.0,0
4155.0,17,3,0,0,1,17,89.6,86.2,15,0,0,0,64.6,27.2,0,100.0,0
4156.0,17,3,0,0,1,17,89.6,86.2,15,0,0,0,64.6,27.1,0,100.0,0
4157.0,17,3,0,0,1,17,88.9,86.2,16,0,0,0,64.5,27.1,0,100.0,0
4158.0,17,3,0,0,1,17,88.9,86.2,16,0,0,0,64.5,27.0,0,100.0,0
4159.0,17,3,0,0,1,17,88.9,86.2,16,0,0,0,64.4,27.0,0,100.0,0
4160.0,17,3,0,0,1,17,89.6,86.2,15,0,0,0,64.4,26.9,0,100.0,0
4161.0,17,3,0,0,1,17,89.6,86.2,15,0,0,0,64.3,26.9,0,100.0,0
4162.0,17,3,0,0,1,17,88.9,86.2,16,0,0,0,64.3,26.8,0,100.0,0
4163.0,17,3,0,0,1,17,88.9,86.2,16,0,0,0,64.3,26.8,0,100.0,0
4164.0,17,3,0,0,1,17,88.9,86.2,16,0,0,0,64.2,26.7,0,100.0,0
4165.0,17,3,0,0,1,17,88.9,86.2,16,0,0,0,64.2,26.7,0,100.0,0
4166.0,17,3,0,0,1,17,89.6,86.2,15,0,0,0,64.1,26.6,0,100.0,0
4167.0,17,3,0,0,1,17,89.6,86.2,15,0,0,0,64.1,26.6,0,100.0,0
4168.0,17,3,0,0,1,17,90.3,86.2,14,0,0,0,64.0,26.5,0,100.0,0
4169.0,17,3,0,0,1,17,90.3,86.2,14,0,0,0,64.0,26.5,0,100.0,0
4170.0,17,3,0,0,1,17,90.3,86.2,14,0,0,0,64.0,26.4,0,100.0,0
4171.0,17,3,0,0,1,17,90.3,86.2,14,0,0,0,63.9,26.3,0,100.0,0
4172.0,17,3,0,0,1,17,90.3,86.2,14,0,0,0,63.9,26.3,0,100.0,0
4173.0,17,3,0,0,1,17,90.3,86.1,14,0,0,0,63.8,26.2,0,100.0,0
4174.0,17,3,0,0,1,17,90.3,86.1,14,0,0,0,63.8,26.2,0,100.0,0
4175.0,17,3,0,0,1,17,90.3,86.1,14,0,0,0,63.7,26.1,0,100.0,0
4176.0,17,3,0,0,1,17,90.3,86.1,14,0,0,0,63.7,26.1,0,100.0,0
4177.0,17,3,0,0,1,17,90.3,86.1,14,0,0,0,63.7,26.0,0,100.0,0
4178.0,17,3,0,0,1,17,90.3,86.1,14,0,0,0,63.6,26.0,0,100.0,0
4179.0,17,3,0,0,1,17,90.3,86.1,14,0,0,0,63.6,25.9,0,100.0,0
4180.0,17,3,0,0,1,17,90.3,86.1,14,0,0,0,63.5,25.9,0,100.0,0
4181.0,17,3,0,0,1,17,90.3,86.1,14,0,0,0,63.5,25.8,0,100.0,0
4182.0,17,3,0,0,1,17,90.3,86.1,14,0,0,0,63.4,25.8,0,100.0,0
4183.0,17,3,0,0,1,17,90.3,86.1,14,0,0,0,63.4,25.7,0,100.0,0
4184.0,17,3,0,0,1,17,90.3,86.1,14,0,0,0,63.4,25.7,0,100.0,0
4185.0,17,3,0,0,1,17,90.3,86.1,14,0,0,0,63.3,25.6,0,100.0,0
4186.0,17,3,0,0,1,17,91.0,86.1,13,0,0,0,63.3,25.6,0,100.0,0
4187.0,17,3,0,0,1,17,91.0,86.0,13,0,0,0,63.2,25.5,0,100.0,0
4188.0,17,3,0,0,1,17,91.0,86.0,13,0,0,0,63.2,25.4,0,100.0,0
4189.0,17,3,0,0,1,17,91.0,86.0,13,0,0,0,63.2,25.4,0,100.0,0
4190.0,17,3,0,0,1,17,91.7,86.1,12,0,0,0,63.1,25.3,0,100.0,0
4191.0,17,3,0,0,1,17,91.7,86.1,12,0,0,0,63.1,25.3,0,100.0,0
4192.0,17,3,0,0,1,17,91.7,86.1,12,0,0,0,63.0,25.2,0,100.0,0
4193.0,17,3,0,0,1,17,91.0,86.1,13,0,0,0,63.0,25.2,0,100.0,0
4194.0,17,3,0,0,1,17,90.3,86.1,14,0,0,0,62.9,25.1,0,100.0,0
4195.0,17,3,0,0,1,17,90.3,86.1,14,0,0,0,62.9,25.1,0,100.0,0
4196.0,17,3,0,0,1,17,90.3,86.1,14,0,0,0,62.9,25.0,0,100.0,0
4197.0,17,3,0,0,1,17,90.3,86.1,14,0,0,0,62.8,25.0,0,100.0,0
4198.0,17,3,0,0,1,17,90.3,86.1,14,0,0,0,62.8,24.9,0,100.0,0
4199.0,17,3,0,0,1,17,89.6,86.1,15,0,0,0,62.7,24.9,0,100.0,0
4200.0,17,3,0,0,1,17,89.6,86.1,15,0,0,0,62.7,24.8,0,100.0,0
4201.0,17,3,0,0,1,17,89.6,86.1,15,0,0,0,62.7,24.8,0,100.0,0
4202.0,17,3,0,0,1,17,89.6,86.1,15,0,0,0,62.6,24.7,0,100.0,0
4203.0,17,3,0,0,1,17,89.6,86.1,15,0,0,0,62.6,24.7,0,100.0,0
4204.0,17,3,0,0,1,17,89.6,86.1,15,0,0,0,62.5,24.6,0,100.0,0
4205.0,17,3,0,0,1,17,90.3,86.1,14,0,0,0,62.5,24.5,0,100.0,0
4206.0,17,3,0,0,1,17,89.6,86.1,15,0,0,0,62.4,24.5,0,100.0,0
4207.0,17,3,0,0,1,17,89.6,86.1,15,0,0,0,62.4,24.4,0,100.0,0
4208.0,17,3,0,0,1,17,89.6,86.1,15,0,0,0,62.4,24.4,0,100.0,0
4209.0,17,3,0,0,1,17,89.6,86.1,15,0,0,0,62.3,24.3,0,100.0,0
4210.0,17,3,0,0,1,17,88.9,86.1,16,0,0,0,62.3,24.3,0,100.0,0
4211.0,17,3,0,0,1,17,88.9,86.1,16,0,0,0,62.2,24.2,0,100.0,0
4212.0,17,3,0,0,1,17,88.9,86.1,16,0,0,0,62.2,24.2,0,100.0,0
4213.0,17,3,0,0,1,17,88.2,86.1,17,0,0,0,62.1,24.1,0,100.0,0
4214.0,17,3,0,0,1,17,87.5,86.1,18,0,0,0,62.1,24.1,0,100.0,0
4215.0,17,3,0,0,1,17,87.5,86.1,18,0,0,0,62.1,24.0,0,100.0,0
4216.0,17,3,0,0,1,17,86.8,86.1,19,0,0,0,62.0,24.0,0,100.0,0
4217.0,17,3,0,0,1,17,87.5,86.1,18,0,0,0,62.0,23.9,0,100.0,0
4218.0,17,3,0,0,1,17,86.8,86.1,19,0,0,0,61.9,23.9,0,100.0,0
4219.0,17,3,0,0,1,17,86.1,86.1,20,0,0,0,61.9,23.8,0,100.0,0
4220.0,17,3,0,0,1,17,86.1,86.2,20,0,0,0,61.8,23.8,0,100.0,0
4221.0,17,3,0,0,1,17,84.7,86.2,22,0,0,0,61.8,23.7,0,100.0,0
4222.0,17,3,0,0,1,17,84.7,86.2,22,0,0,0,61.8,23.6,0,100.0,0
4223.0,17,3,0,0,1,17,84.0,86.2,23,0,0,0,61.7,23.6,0,100.0,0
4224.0,17,3,0,0,1,17,83.3,86.2,24,0,0,0,61.7,23.5,0,100.0,0
4225.0,17,3,0,0,1,17,83.3,86.2,24,0,0,0,61.6,23.5,0,100.0,0
4226.0,17,3,0,0,1,17,82.6,86.2,25,0,0,0,61.6,23.4,0,100.0,0
4227.0,17,3,0,0,1,17,81.9,86.2,26,0,0,0,61.5,23.4,0,100.0,0
4228.0,17,3,0,0,1,17,81.9,86.2,26,0,0,0,61.5,23.3,0,100.0,0
4229.0,17,3,0,0,1,17,81.2,86.2,27,0,0,0,61.5,23.3,0,100.0,0
4230.0,17,3,0,0,1,17,81.2,86.2,27,0,0,0,61.4,23.2,0,100.0,0
4231.0,17,3,0,0,1,17,80.6,86.2,28,0,0,0,61.4,23.2,0,100.0,0
4232.0,17,3,0,0,1,17,80.6,86.2,28,0,0,0,61.3,23.1,0,100.0,0
4233.0,17,3,0,0,1,17,79.9,86.2,29,0,0,0,61.3,23.1,0,100.0,0
4234.0,17,3,0,0,1,17,79.9,86.2,29,0,0,0,61.3,23.0,0,100.0,0
4235.0,17,3,0,0,1,17,79.9,86.2,29,0,0,0,61.2,23.0,0,100.0,0
4236.0,17,3,0,0,1,17,79.9,86.2,29,0,0,0,61.2,22.9,0,100.0,0
4237.0,17,3,0,0,1,17,79.2,86.2,30,0,0,0,61.1,22.9,0,100.0,0
4238.0,17,3,0,0,1,17,79.2,86.2,30,0,0,0,61.1,22.8,0,100.0,0
4239.0,17,3,0,0,1,17,79.2,86.2,30,0,0,0,61.0,22.7,0,100.0,0
4240.0,17,3,0,0,1,17,79.2,86.2,30,0,0,0,61.0,22.7,0,100.0,0
4241.0,17,3,0,0,1,17,77.8,86.2,32,0,0,0,61.0,22.6,0,100.0,0
4242.0,17,3,0,0,1,17,77.8,86.2,32,0,0,0,60.9,22.6,0,100.0,0
4243.0,17,3,0,0,1,17,77.8,86.2,32,0,0,0,60.9,22.5,0,100.0,0
4244.0,17,3,0,0,1,17,78.5,86.2,31,0,0,0,60.8,22.5,0,100.0,0
4245.0,17,3,0,0,1,17,78.5,86.2,31,0,0,0,60.8,22.4,0,100.0,0
4246.0,17,3,0,0,1,17,78.5,86.2,31,0,0,0,60.7,22.4,0,100.0,0
4247.0,17,3,0,0,1,17,77.8,86.2,32,0,0,0,60.7,22.3,0,100.0,0
4248.0,17,3,0,0,1,17,77.1,86.2,33,0,0,0,60.7,22.3,0,100.0,0
4249.0,17,2,1,0,1,18,77.1,86.1,33,0,0,0,60.6,22.2,0,100.0,0
4250.0,17,2,1,0,1,18,77.1,86.1,33,0,0,0,60.6,22.2,0,100.0,0
4251.0,17,2,1,0,1,18,76.4,86.1,34,0,0,0,60.5,22.2,0,100.0,0
4252.0,17,2,1,0,1,18,76.4,86.1,34,0,0,0,60.5,22.2,0,100.0,0
4253.0,17,2,1,0,1,18,76.4,86.1,34,0,0,0,60.4,22.2,0,100.0,0
4254.0,17,2,1,0,1,18,76.4,86.1,34,0,0,0,60.4,22.2,0,100.0,0
4255.0,17,2,1,0,1,18,76.4,86.1,34,0,0,0,60.4,22.2,0,100.0,0
4256.0,17,2,1,0,1,18,76.4,86.1,34,0,0,0,60.3,22.2,0,100.0,0
4257.0,17,2,1,0,1,18,76.4,86.0,34,0,0,0,60.3,22.2,0,100.0,0
4258.0,17,2,1,0,1,18,75.7,86.0,35,0,0,0,60.2,22.2,0,100.0,0
4259.0,17,1,2,0,1,19,75.7,86.0,35,0,0,0,60.2,22.2,0,100.0,0
4260.0,17,0,3,0,1,20,75.7,86.0,35,0,0,0,60.1,22.2,0,100.0,0
4261.0,17,0,3,0,1,20,75.7,86.0,35,0,0,0,60.1,22.2,0,100.0,0
4262.0,17,0,3,0,1,20,75.7,86.0,35,0,0,0,60.1,22.2,0,100.0,0
4263.0,17,0,3,0,1,20,75.0,85.9,36,0,0,0,60.0,22.2,0,100.0,0
4264.0,17,0,3,0,1,20,75.0,85.9,36,0,0,0,60.0,22.2,0,100.0,0
4265.0,17,0,3,0,1,20,75.0,85.9,36,0,0,0,59.9,22.2,0,100.0,0
4266.0,17,0,3,0,1,20,75.0,85.9,36,0,0,0,59.9,22.2,0,100.0,0
4267.0,17,0,3,0,1,20,75.0,85.8,36,0,0,0,59.8,22.2,0,100.0,0
4268.0,17,0,3,0,1,20,75.0,85.8,36,0,0,0,59.8,22.2,0,100.0,0
4269.0,17,0,3,0,1,20,74.3,85.8,37,0,0,0,59.8,22.2,0,100.0,0
4270.0,17,0,3,0,1,20,74.3,85.8,37,0,0,0,59.7,22.2,0,100.0,0
4271.0,17,0,3,0,1,20,74.3,85.7,37,0,0,0,59.7,22.2,0,100.0,0
4272.0,17,0,3,0,1,20,74.3,85.7,37,0,0,0,59.6,22.2,0,100.0,0
4273.0,17,0,3,0,1,20,74.3,85.7,37,0,0,0,59.6,22.2,0,100.0,0
4274.0,17,0,3,0,1,20,73.6,85.6,38,0,0,0,59.6,22.2,0,100.0,0
4275.0,17,0,3,0,1,20,74.3,85.6,37,0,0,0,59.5,22.2,0,100.0,0
4276.0,17,0,3,0,1,20,75.0,85.6,36,0,0,0,59.5,22.2,0,100.0,0
4277.0,17,0,3,0,1,20,74.3,85.5,37,0,0,0,59.4,22.2,0,100.0,0
4278.0,17,0,3,0,1,20,74.3,85.5,37,0,0,0,59.4,22.2,0,100.0,0
4279.0,17,0,3,0,1,20,74.3,85.4,37,0,0,0,59.3,22.2,0,100.0,0
4280.0,17,0,3,0,1,20,73.6,85.4,38,0,0,0,59.3,22.2,0,100.0,0
4281.0,17,0,3,0,1,20,73.6,85.4,38,0,0,0,59.3,22.2,0,100.0,0
4282.0,17,0,3,0,1,20,75.0,85.3,36,0,0,0,59.2,22.2,0,100.0,0
4283.0,17,0,3,0,1,20,75.0,85.3,36,0,0,0,59.2,22.2,0,100.0,0
4284.0,17,0,3,0,1,20,75.0,85.2,36,0,0,0,59.1,22.2,0,100.0,0
4285.0,17,0,3,0,1,20,75.0,85.2,36,0,0,0,59.1,22.2,0,100.0,0
4286.0,17,0,3,0,1,20,75.0,85.2,36,0,0,0,59.0,22.2,0,100.0,0
4287.0,17,0,3,0,1,20,75.0,85.2,36,0,0,0,59.0,22.2,0,100.0,0
4288.0,17,0,3,0,1,20,75.7,85.1,35,0,0,0,59.0,22.2,0,100.0,0
4289.0,17,0,3,0,1,20,75.7,85.1,35,0,0,0,58.9,22.2,0,100.0,0
4290.0,17,0,3,0,1,20,75.0,85.0,36,0,0,0,58.9,22.2,0,100.0,0
4291.0,17,0,3,0,1,20,75.0,85.0,36,0,0,0,58.8,22.2,0,100.0,0
4292.0,17,0,3,0,1,20,75.0,85.0,36,0,0,0,58.8,22.2,0,100.0,0
4293.0,17,0,3,0,1,20,75.0,84.9,36,0,0,0,58.7,22.2,0,100.0,0
4294.0,17,0,3,0,1,20,75.0,84.9,36,0,0,0,58.7,22.2,0,100.0,0
4295.0,17,0,3,0,1,20,74.3,84.9,37,0,0,0,58.7,22.2,0,100.0,0
4296.0,17,0,3,0,1,20,75.7,84.8,35,0,0,0,58.6,22.2,0,100.0,0
4297.0,17,0,3,0,1,20,76.4,84.8,34,0,0,0,58.6,22.2,0,100.0,0
4298.0,17,0,3,0,1,20,76.4,84.8,34,0,0,0,58.5,22.2,0,100.0,0
4299.0,17,0,3,0,1,20,76.4,84.8,34,0,0,0,58.5,22.2,0,100.0,0
4300.0,17,0,3,0,1,20,77.1,84.7,33,0,0,0,58.4,22.2,0,100.0,0
4301.0,17,0,3,0,1,20,77.1,84.7,33,0,0,0,58.4,22.2,0,100.0,0
4302.0,17,0,3,0,1,20,77.8,84.7,32,0,0,0,58.4,22.2,0,100.0,0
4303.0,17,0,3,0,1,20,78.5,84.7,31,0,0,0,58.3,22.2,0,100.0,0
4304.0,17,0,3,0,1,20,78.5,84.6,31,0,0,0,58.3,22.2,0,100.0,0
4305.0,17,0,3,0,1,20,77.8,84.6,32,0,0,0,58.2,22.2,0,100.0,0
4306.0,17,0,3,0,1,20,77.8,84.6,32,0,0,0,58.2,22.2,0,100.0,0
4307.0,17,0,3,0,1,20,77.8,84.6,32,0,0,0,58.2,22.2,0,100.0,0
4308.0,17,0,3,0,1,20,78.5,84.5,31,0,0,0,58.1,22.2,0,100.0,0
4309.0,17,1,2,0,1,19,79.2,84.5,30,0,0,0,61.8,22.5,0,100.0,0
4310.0,17,1,2,0,1,19,79.9,84.5,29,0,0,0,61.7,22.5,0,100.0,0
4311.0,17,1,2,0,1,19,79.9,84.5,29,0,0,0,61.7,22.5,0,100.0,0
4312.0,17,1,2,0,1,19,79.9,84.4,29,0,0,0,61.6,22.5,0,100.0,0
4313.0,17,1,2,0,1,19,79.9,84.4,29,0,0,0,61.6,22.5,0,100.0,0
4314.0,17,1,2,0,1,19,79.9,84.4,29,0,0,0,61.6,22.5,0,100.0,0
4315.0,17,1,2,0,1,19,79.9,84.4,29,0,0,0,61.5,22.5,0,100.0,0
4316.0,17,1,2,0,1,19,81.2,84.4,27,0,0,0,61.5,22.5,0,100.0,0
4317.0,17,1,2,0,1,19,81.2,84.4,27,0,0,0,61.4,22.5,0,100.0,0
4318.0,17,1,2,0,1,19,81.9,84.3,26,0,0,0,61.4,22.5,0,100.0,0
4319.0,17,2,1,0,1,18,81.9,84.3,26,0,0,0,65.0,22.5,0,100.0,0
4320.0,17,3,0,0,1,17,81.9,84.3,26,0,0,0,68.6,34.0,0,100.0,0
4321.0,17,3,0,0,1,17,81.9,84.3,26,0,0,0,68.6,33.9,0,100.0,0
4322.0,17,3,0,0,1,17,83.3,84.3,24,0,0,0,68.6,33.9,0,100.0,0
4323.0,17,3,0,0,1,17,84.0,84.3,23,0,0,0,68.5,33.8,0,100.0,0
4324.0,17,3,0,0,1,17,84.7,84.3,22,0,0,0,68.5,33.8,0,100.0,0
4325.0,17,3,0,0,1,17,84.7,84.3,22,0,0,0,68.4,33.7,0,100.0,0
4326.0,17,3,0,0,1,17,85.4,84.3,21,0,0,0,68.4,33.7,0,100.0,0
4327.0,17,3,0,0,1,17,86.1,84.3,20,0,0,0,68.3,33.6,0,100.0,0
4328.0,17,3,0,0,1,17,86.1,84.3,20,0,0,0,68.3,33.5,0,100.0,0
4329.0,17,3,0,0,1,17,86.8,84.3,19,0,0,0,68.3,33.5,0,100.0,0
4330.0,17,3,0,0,1,17,86.8,84.3,19,0,0,0,68.2,33.4,0,100.0,0
4331.0,17,3,0,0,1,17,86.8,84.3,19,0,0,0,68.2,33.4,0,100.0,0
4332.0,17,3,0,0,1,17,87.5,84.3,18,0,0,0,68.1,33.3,0,100.0,0
4333.0,17,3,0,0,1,17,88.2,84.3,17,0,0,0,68.1,33.3,0,100.0,0
4334.0,17,3,0,0,1,17,88.2,84.3,17,0,0,0,68.0,33.2,0,100.0,0
4335.0,17,3,0,0,1,17,88.2,84.3,17,0,0,0,68.0,33.2,0,100.0,0
4336.0,17,3,0,0,1,17,88.2,84.3,17,0,0,0,68.0,33.1,0,100.0,0
4337.0,17,3,0,0,1,17,88.2,84.3,17,0,0,0,67.9,33.1,0,100.0,0
4338.0,17,3,0,0,1,17,88.2,84.3,17,0,0,0,67.9,33.0,0,100.0,0
4339.0,17,3,0,0,1,17,88.9,84.3,16,0,0,0,67.8,33.0,0,100.0,0
4340.0,17,3,0,0,1,17,88.9,84.3,16,0,0,0,67.8,32.9,0,100.0,0
4341.0,17,3,0,0,1,17,89.6,84.3,15,0,0,0,67.7,32.9,0,100.0,0
4342.0,17,3,0,0,1,17,90.3,84.3,14,0,0,0,67.7,32.8,0,100.0,0
4343.0,17,3,0,0,1,17,90.3,84.3,14,0,0,0,67.7,32.8,0,100.0,0
4344.0,17,3,0,0,1,17,90.3,84.3,14,0,0,0,67.6,32.7,0,100.0,0
4345.0,17,3,0,0,1,17,90.3,84.3,14,0,0,0,67.6,32.6,0,100.0,0
4346.0,17,3,0,0,1,17,90.3,84.3,14,0,0,0,67.5,32.6,0,100.0,0
4347.0,17,3,0,0,1,17,91.0,84.3,13,0,0,0,67.5,32.5,0,100.0,0
4348.0,17,3,0,0,1,17,90.3,84.3,14,0,0,0,67.4,32.5,0,100.0,0
4349.0,17,3,0,0,1,17,89.6,84.3,15,0,0,0,67.4,32.4,0,100.0,0
4350.0,17,3,0,0,1,17,89.6,84.3,15,0,0,0,67.4,32.4,0,100.0,0
4351.0,17,3,0,0,1,17,89.6,84.3,15,0,0,0,67.3,32.3,0,100.0,0
4352.0,17,3,0,0,1,17,89.6,84.3,15,0,0,0,67.3,32.3,0,100.0,0
4353.0,17,3,0,0,1,17,89.6,84.3,15,0,0,0,67.2,32.2,0,100.0,0
4354.0,17,3,0,0,1,17,89.6,84.3,15,0,0,0,67.2,32.2,0,100.0,0
4355.0,17,3,0,0,1,17,89.6,84.3,15,0,0,0,67.1,32.1,0,100.0,0
4356.0,17,3,0,0,1,17,89.6,84.3,15,0,0,0,67.1,32.1,0,100.0,0
4357.0,17,3,0,0,1,17,89.6,84.3,15,0,0,0,67.1,32.0,0,100.0,0
4358.0,17,3,0,0,1,17,90.3,84.3,14,0,0,0,67.0,32.0,0,100.0,0
4359.0,17,3,0,0,1,17,90.3,84.3,14,0,0,0,67.0,31.9,0,100.0,0
4360.0,17,3,0,0,1,17,90.3,84.3,14,0,0,0,66.9,31.9,0,100.0,0
4361.0,17,3,0,0,1,17,89.6,84.3,15,0,0,0,66.9,31.8,0,100.0,0
4362.0,17,3,0,0,1,17,89.6,84.3,15,0,0,0,66.9,31.7,0,100.0,0
4363.0,17,3,0,0,1,17,89.6,84.3,15,0,0,0,66.8,31.7,0,100.0,0
4364.0,17,3,0,0,1,17,90.3,84.3,14,0,0,0,66.8,31.6,0,100.0,0
4365.0,17,3,0,0,1,17,90.3,84.3,14,0,0,0,66.7,31.6,0,100.0,0
4366.0,17,3,0,0,1,17,90.3,84.3,14,0,0,0,66.7,31.5,0,100.0,0
4367.0,17,3,0,0,1,17,90.3,84.3,14,0,0,0,66.6,31.5,0,100.0,0
4368.0,17,3,0,0,1,17,90.3,84.3,14,0,0,0,66.6,31.4,0,100.0,0
4369.0,17,3,0,0,1,17,90.3,84.3,14,0,0,0,66.6,31.4,0,100.0,0
4370.0,17,3,0,0,1,17,91.0,84.3,13,0,0,0,66.5,31.3,0,100.0,0
4371.0,17,3,0,0,1,17,91.0,84.4,13,0,0,0,66.5,31.3,0,100.0,0
4372.0,17,3,0,0,1,17,91.0,84.4,13,0,0,0,66.4,31.2,0,100.0,0
4373.0,17,3,0,0,1,17,91.0,84.4,13,0,0,0,66.4,31.2,0,100.0,0
4374.0,17,3,0,0,1,17,91.0,84.4,13,0,0,0,66.3,31.1,0,100.0,0
4375.0,17,3,0,0,1,17,91.0,84.4,13,0,0,0,66.3,31.1,0,100.0,0
4376.0,17,3,0,0,1,17,91.0,84.4,13,0,0,0,66.3,31.0,0,100.0,0
4377.0,17,3,0,0,1,17,91.0,84.4,13,0,0,0,66.2,31.0,0,100.0,0
4378.0,17,3,0,0,1,17,91.0,84.4,13,0,0,0,66.2,30.9,0,100.0,0
4379.0,17,3,0,0,1,17,91.0,84.4,13,0,0,0,66.1,30.9,0,100.0,0
4380.0,17,3,0,0,1,17,91.0,84.4,13,0,0,0,66.1,30.8,0,100.0,0
4381.0,17,3,0,0,1,17,91.0,84.4,13,0,0,0,66.0,30.8,0,100.0,0
4382.0,17,3,0,0,1,17,91.0,84.5,13,0,0,0,66.0,30.7,0,100.0,0
4383.0,17,3,0,0,1,17,91.0,84.5,13,0,0,0,66.0,30.7,0,100.0,0
4384.0,17,3,0,0,1,17,91.0,84.5,13,0,0,0,65.9,30.6,0,100.0,0
4385.0,17,3,0,0,1,17,91.0,84.5,13,0,0,0,65.9,30.5,0,100.0,0
4386.0,17,3,0,0,1,17,91.0,84.5,13,0,0,0,65.8,30.5,0,100.0,0
4387.0,17,3,0,0,1,17,91.7,84.5,12,0,0,0,65.8,30.4,0,100.0,0
4388.0,17,3,0,0,1,17,91.7,84.5,12,0,0,0,65.7,30.4,0,100.0,0
4389.0,17,3,0,0,1,17,90.3,84.5,14,0,0,0,65.7,30.3,0,100.0,0
4390.0,17,3,0,0,1,17,91.0,84.5,13,0,0,0,65.7,30.3,0,100.0,0
4391.0,17,3,0,0,1,17,90.3,84.5,14,0,0,0,65.6,30.2,0,100.0,0
4392.0,17,3,0,0,1,17,90.3,84.5,14,0,0,0,65.6,30.2,0,100.0,0
4393.0,17,3,0,0,1,17,90.3,84.5,14,0,0,0,65.5,30.1,0,100.0,0
4394.0,17,3,0,0,1,17,90.3,84.5,14,0,0,0,65.5,30.1,0,100.0,0
4395.0,17,3,0,0,1,17,89.6,84.5,15,0,0,0,65.4,30.0,0,100.0,0
4396.0,17,3,0,0,1,17,90.3,84.5,14,0,0,0,65.4,30.0,0,100.0,0
4397.0,17,3,0,0,1,17,90.3,84.5,14,0,0,0,65.4,29.9,0,100.0,0
4398.0,17,3,0,0,1,17,90.3,84.5,14,0,0,0,65.3,29.9,0,100.0,0
4399.0,17,3,0,0,1,17,90.3,84.5,14,0,0,0,65.3,29.8,0,100.0,0
4400.0,17,3,0,0,1,17,91.0,84.5,13,0,0,0,65.2,29.8,0,100.0,0
4401.0,17,3,0,0,1,17,91.0,84.5,13,0,0,0,65.2,29.7,0,100.0,0
4402.0,17,3,0,0,1,17,91.0,84.6,13,0,0,0,65.2,29.6,0,100.0,0
4403.0,17,3,0,0,1,17,91.0,84.6,13,0,0,0,65.1,29.6,0,100.0,0
4404.0,17,3,0,0,1,17,91.0,84.6,13,0,0,0,65.1,29.5,0,100.0,0
4405.0,17,3,0,0,1,17,91.0,84.6,13,0,0,0,65.0,29.5,0,100.0,0
4406.0,17,3,0,0,1,17,91.7,84.6,12,0,0,0,65.0,29.4,0,100.0,0
4407.0,17,3,0,0,1,17,91.7,84.6,12,0,0,0,64.9,29.4,0,100.0,0
4408.0,17,3,0,0,1,17,92.4,84.6,11,0,0,0,64.9,29.3,0,100.0,0
4409.0,17,3,0,0,1,17,92.4,84.6,11,0,0,0,64.9,29.3,0,100.0,0
4410.0,17,3,0,0,1,17,92.4,84.6,11,0,0,0,64.8,29.2,0,100.0,0
4411.0,17,3,0,0,1,17,91.7,84.6,12,0,0,0,64.8,29.2,0,100.0,0
4412.0,17,3,0,0,1,17,91.7,84.6,12,0,0,0,64.7,29.1,0,100.0,0
4413.0,17,3,0,0,1,17,91.7,84.6,12,0,0,0,64.7,29.1,0,100.0,0
4414.0,17,3,0,0,1,17,91.7,84.6,12,0,0,0,64.6,29.0,0,100.0,0
4415.0,17,3,0,0,1,17,91.7,84.7,12,0,0,0,64.6,29.0,0,100.0,0
4416.0,17,3,0,0,1,17,91.7,84.7,12,0,0,0,64.6,28.9,0,100.0,0
4417.0,17,3,0,0,1,17,91.7,84.7,12,0,0,0,64.5,28.9,0,100.0,0
4418.0,17,3,0,0,1,17,91.7,84.7,12,0,0,0,64.5,28.8,0,100.0,0
4419.0,17,3,0,0,1,17,91.0,84.7,13,0,0,0,64.4,28.7,0,100.0,0
4420.0,17,3,0,0,1,17,91.7,84.7,12,0,0,0,64.4,28.7,0,100.0,0
4421.0,17,3,0,0,1,17,91.7,84.7,12,0,0,0,64.3,28.6,0,100.0,0
4422.0,17,3,0,0,1,17,91.7,84.7,12,0,0,0,64.3,28.6,0,100.0,0
4423.0,17,3,0,0,1,17,91.7,84.7,12,0,0,0,64.3,28.5,0,100.0,0
4424.0,17,3,0,0,1,17,92.4,84.7,11,0,0,0,64.2,28.5,0,100.0,0
4425.0,17,3,0,0,1,17,92.4,84.7,11,0,0,0,64.2,28.4,0,100.0,0
4426.0,17,3,0,0,1,17,92.4,84.7,11,0,0,0,64.1,28.4,0,100.0,0
4427.0,17,3,0,0,1,17,92.4,84.7,11,0,0,0,64.1,28.3,0,100.0,0
4428.0,17,3,0,0,1,17,92.4,84.7,11,0,0,0,64.0,28.3,0,100.0,0
4429.0,17,3,0,0,1,17,92.4,84.7,11,0,0,0,64.0,28.2,0,100.0,0
4430.0,17,3,0,0,1,17,92.4,84.7,11,0,0,0,64.0,28.2,0,100.0,0
4431.0,17,3,0,0,1,17,92.4,84.7,11,0,0,0,63.9,28.1,0,100.0,0
4432.0,17,3,0,0,1,17,91.7,84.7,12,0,0,0,63.9,28.1,0,100.0,0
4433.0,17,3,0,0,1,17,91.0,84.7,13,0,0,0,63.8,28.0,0,100.0,0
4434.0,17,3,0,0,1,17,91.0,84.7,13,0,0,0,63.8,28.0,0,100.0,0
4435.0,17,3,0,0,1,17,91.0,84.7,13,0,0,0,63.7,27.9,0,100.0,0
4436.0,17,3,0,0,1,17,91.0,84.8,13,0,0,0,63.7,27.8,0,100.0,0
4437.0,17,3,0,0,1,17,91.0,84.8,13,0,0,0,63.7,27.8,0,100.0,0
4438.0,17,3,0,0,1,17,91.0,84.8,13,0,0,0,63.6,27.7,0,100.0,0
4439.0,17,3,0,0,1,17,89.6,84.8,15,0,0,0,63.6,27.7,0,100.0,0
4440.0,17,3,0,0,1,17,89.6,84.8,15,0,0,0,63.5,27.6,0,100.0,0
4441.0,17,3,0,0,1,17,89.6,84.8,15,0,0,0,63.5,27.6,0,100.0,0
4442.0,17,3,0,0,1,17,90.3,84.8,14,0,0,0,63.5,27.5,0,100.0,0
4443.0,17,3,0,0,1,17,90.3,84.8,14,0,0,0,63.4,27.5,0,100.0,0
4444.0,17,3,0,0,1,17,90.3,84.8,14,0,0,0,63.4,27.4,0,100.0,0
4445.0,17,3,0,0,1,17,90.3,84.8,14,0,0,0,63.3,27.4,0,100.0,0
4446.0,17,3,0,0,1,17,89.6,84.8,15,0,0,0,63.3,27.3,0,100.0,0
4447.0,17,3,0,0,1,17,90.3,84.8,14,0,0,0,63.2,27.3,0,100.0,0
4448.0,17,3,0,0,1,17,90.3,84.8,14,0,0,0,63.2,27.2,0,100.0,0
4449.0,17,3,0,0,1,17,90.3,84.8,14,0,0,0,63.2,27.2,0,100.0,0
4450.0,17,3,0,0,1,17,90.3,84.8,14,0,0,0,63.1,27.1,0,100.0,0
4451.0,17,3,0,0,1,17,90.3,84.8,14,0,0,0,63.1,27.1,0,100.0,0
4452.0,17,3,0,0,1,17,90.3,84.8,14,0,0,0,63.0,27.0,0,100.0,0
4453.0,17,3,0,0,1,17,89.6,84.8,15,0,0,0,63.0,26.9,0,100.0,0
4454.0,17,3,0,0,1,17,89.6,84.8,15,0,0,0,63.0,26.9,0,100.0,0
4455.0,17,3,0,0,1,17,89.6,84.8,15,0,0,0,62.9,26.8,0,100.0,0
4456.0,17,3,0,0,1,17,89.6,84.8,15,0,0,0,62.9,26.8,0,100.0,0
4457.0,17,3,0,0,1,17,89.6,84.8,15,0,0,0,62.8,26.7,0,100.0,0
4458.0,17,3,0,0,1,17,89.6,84.8,15,0,0,0,62.8,26.7,0,100.0,0
4459.0,17,3,0,0,1,17,89.6,84.9,15,0,0,0,62.7,26.6,0,100.0,0
4460.0,17,3,0,0,1,17,89.6,84.9,15,0,0,0,62.7,26.6,0,100.0,0
4461.0,17,3,0,0,1,17,89.6,84.9,15,0,0,0,62.7,26.5,0,100.0,0
4462.0,17,3,0,0,1,17,89.6,84.9,15,0,0,0,62.6,26.5,0,100.0,0
4463.0,17,3,0,0,1,17,89.6,84.9,15,0,0,0,62.6,26.4,0,100.0,0
4464.0,17,3,0,0,1,17,88.9,85.0,16,0,0,0,62.5,26.4,0,100.0,0
4465.0,17,3,0,0,1,17,88.2,85.0,17,0,0,0,62.5,26.3,0,100.0,0
4466.0,17,3,0,0,1,17,88.9,85.0,16,0,0,0,62.4,26.3,0,100.0,0
4467.0,17,3,0,0,1,17,88.9,85.0,16,0,0,0,62.4,26.2,0,100.0,0
4468.0,17,3,0,0,1,17,88.9,85.1,16,0,0,0,62.4,26.2,0,100.0,0
4469.0,17,3,0,0,1,17,88.9,85.1,16,0,0,0,62.3,26.1,0,100.0,0
4470.0,17,3,0,0,1,17,88.9,85.1,16,0,0,0,62.3,26.0,0,100.0,0
4471.0,17,3,0,0,1,17,89.6,85.2,15,0,0,0,62.2,26.0,0,100.0,0
4472.0,17,3,0,0,1,17,88.9,85.2,16,0,0,0,62.2,25.9,0,100.0,0
4473.0,17,3,0,0,1,17,88.2,85.2,17,0,0,0,62.1,25.9,0,100.0,0
4474.0,17,3,0,0,1,17,88.9,85.3,16,0,0,0,62.1,25.8,0,100.0,0
4475.0,17,3,0,0,1,17,88.9,85.3,16,0,0,0,62.1,25.8,0,100.0,0
4476.0,17,3,0,0,1,17,88.9,85.4,16,0,0,0,62.0,25.7,0,100.0,0
4477.0,17,3,0,0,1,17,88.9,85.4,16,0,0,0,62.0,25.7,0,100.0,0
4478.0,17,3,0,0,1,17,88.2,85.4,17,0,0,0,61.9,25.6,0,100.0,0
4479.0,17,3,0,0,1,17,88.2,85.5,17,0,0,0,61.9,25.6,0,100.0,0
4480.0,17,3,0,0,1,17,87.5,85.5,18,0,0,0,61.9,25.5,0,100.0,0
4481.0,17,3,0,0,1,17,87.5,85.5,18,0,0,0,61.8,25.5,0,100.0,0
4482.0,17,3,0,0,1,17,87.5,85.6,18,0,0,0,61.8,25.4,0,100.0,0
4483.0,17,3,0,0,1,17,86.8,85.6,19,0,0,0,61.7,25.4,0,100.0,0
4484.0,17,3,0,0,1,17,87.5,85.7,18,0,0,0,61.7,25.3,0,100.0,0
4485.0,17,3,0,0,1,17,87.5,85.7,18,0,0,0,61.6,25.3,0,100.0,0
4486.0,17,3,0,0,1,17,87.5,85.7,18,0,0,0,61.6,25.2,0,100.0,0
4487.0,17,3,0,0,1,17,87.5,85.8,18,0,0,0,61.6,25.2,0,100.0,0
4488.0,17,3,0,0,1,17,87.5,85.8,18,0,0,0,61.5,25.1,0,100.0,0
4489.0,17,3,0,0,1,17,87.5,85.9,18,0,0,0,61.5,25.0,0,100.0,0
4490.0,17,3,0,0,1,17,87.5,85.9,18,0,0,0,61.4,25.0,0,100.0,0
4491.0,17,3,0,0,1,17,87.5,85.9,18,0,0,0,61.4,24.9,0,100.0,0
4492.0,17,3,0,0,1,17,87.5,86.0,18,0,0,0,61.3,24.9,0,100.0,0
4493.0,17,3,0,0,1,17,87.5,86.0,18,0,0,0,61.3,24.8,0,100.0,0
4494.0,17,3,0,0,1,17,86.8,86.1,19,0,0,0,61.3,24.8,0,100.0,0
4495.0,17,3,0,0,1,17,86.8,86.1,19,0,0,0,61.2,24.7,0,100.0,0
4496.0,17,3,0,0,1,17,86.8,86.2,19,0,0,0,61.2,24.7,0,100.0,0
4497.0,17,3,0,0,1,17,86.8,86.2,19,0,0,0,61.1,24.6,0,100.0,0
4498.0,17,3,0,0,1,17,86.8,86.3,19,0,0,0,61.1,24.6,0,100.0,0
4499.0,17,3,0,0,1,17,86.8,86.3,19,0,0,0,61.0,24.5,0,100.0,0
4500.0,17,3,0,0,1,17,86.8,86.4,19,0,0,0,61.0,24.5,0,100.0,0
4501.0,17,3,0,0,1,17,86.1,86.4,20,0,0,0,61.0,24.4,0,100.0,0
4502.0,17,3,0,0,1,17,86.1,86.4,20,0,0,0,60.9,24.4,0,100.0,0
4503.0,17,3,0,0,1,17,86.1,86.5,20,0,0,0,60.9,24.3,0,100.0,0
4504.0,17,3,0,0,1,17,86.1,86.5,20,0,0,0,60.8,24.3,0,100.0,0
4505.0,17,3,0,0,1,17,86.1,86.6,20,0,0,0,60.8,24.2,0,100.0,0
4506.0,17,3,0,0,1,17,86.1,86.6,20,0,0,0,60.7,24.1,0,100.0,0
4507.0,17,3,0,0,1,17,86.1,86.7,20,0,0,0,60.7,24.1,0,100.0,0
4508.0,17,3,0,0,1,17,86.1,86.7,20,0,0,0,60.7,24.0,0,100.0,0
4509.0,17,3,0,0,1,17,86.1,86.8,20,0,0,0,60.6,24.0,0,100.0,0
4510.0,17,3,0,0,1,17,86.1,86.8,20,0,0,0,60.6,23.9,0,100.0,0
4511.0,17,3,0,0,1,17,86.1,86.9,20,0,0,0,60.5,23.9,0,100.0,0
4512.0,17,2,1,0,1,18,86.1,86.9,20,0,0,0,60.5,23.8,0,100.0,0
4513.0,17,2,1,0,1,18,85.4,87.0,21,0,0,0,60.4,23.8,0,100.0,0
4514.0,17,2,1,0,1,18,85.4,87.0,21,0,0,0,60.4,23.8,0,100.0,0
4515.0,17,2,1,0,1,18,85.4,87.1,21,0,0,0,60.4,23.8,0,100.0,0
4516.0,17,2,1,0,1,18,86.1,87.1,20,0,0,0,60.3,23.8,0,100.0,0
4517.0,17,2,1,0,1,18,86.1,87.2,20,0,0,0,60.3,23.8,0,100.0,0
4518.0,17,2,1,0,1,18,85.4,87.2,21,0,0,0,60.2,23.8,0,100.0,0
4519.0,17,2,1,0,1,18,84.7,87.2,22,0,0,0,60.2,23.8,0,100.0,0
4520.0,17,2,1,0,1,18,84.7,87.3,22,0,0,0,60.2,23.8,0,100.0,0
4521.0,17,2,1,0,1,18,84.7,87.3,22,0,0,0,60.1,23.8,0,100.0,0
4522.0,17,2,1,0,1,18,84.0,87.4,23,0,0,0,60.1,23.8,0,100.0,0
4523.0,17,2,1,0,1,18,84.7,87.4,22,0,0,0,60.0,23.8,0,100.0,0
4524.0,17,2,1,0,1,18,84.7,87.5,22,0,0,0,60.0,23.8,0,100.0,0
4525.0,17,2,1,0,1,18,84.7,87.5,22,0,0,0,59.9,23.8,0,100.0,0
4526.0,17,2,1,0,1,18,84.7,87.5,22,0,0,0,59.9,23.8,0,100.0,0
4527.0,17,2,1,0,1,18,85.4,87.6,21,0,0,0,59.9,23.8,0,100.0,0
4528.0,17,2,1,0,1,18,85.4,87.6,21,0,0,0,59.8,23.8,0,100.0,0
4529.0,17,2,1,0,1,18,85.4,87.7,21,0,0,0,59.8,23.8,0,100.0,0
4530.0,17,2,1,0,1,18,85.4,87.7,21,0,0,0,59.7,23.8,0,100.0,0
4531.0,17,2,1,0,1,18,86.1,87.7,20,0,0,0,59.7,23.8,0,100.0,0
4532.0,17,2,1,0,1,18,86.1,87.8,20,0,0,0,59.6,23.8,0,100.0,0
4533.0,17,2,1,0,1,18,85.4,87.8,21,0,0,0,59.6,23.8,0,100.0,0
4534.0,17,2,1,0,1,18,85.4,87.9,21,0,0,0,59.6,23.8,0,100.0,0
4535.0,17,2,1,0,1,18,85.4,87.9,21,0,0,0,59.5,23.8,0,100.0,0
4536.0,17,2,1,0,1,18,85.4,88.0,21,0,0,0,59.5,23.8,0,100.0,0
4537.0,17,2,1,0,1,18,85.4,88.0,21,0,0,0,59.4,23.8,0,100.0,0
4538.0,17,2,1,0,1,18,85.4,88.0,21,0,0,0,59.4,23.8,0,100.0,0
4539.0,17,2,1,0,1,18,85.4,88.1,21,0,0,0,59.3,23.8,0,100.0,0
4540.0,17,2,1,0,1,18,85.4,88.1,21,0,0,0,59.3,23.8,0,100.0,0
4541.0,17,2,1,0,1,18,86.1,88.2,20,0,0,0,59.3,23.8,0,100.0,0
4542.0,17,2,1,0,1,18,86.1,88.2,20,0,0,0,59.2,23.8,0,100.0,0
4543.0,17,2,1,0,1,18,86.1,88.2,20,0,0,0,59.2,23.8,0,100.0,0
4544.0,17,2,1,0,1,18,86.1,88.3,20,0,0,0,59.1,23.8,0,100.0,0
4545.0,17,2,1,0,1,18,86.1,88.3,20,0,0,0,59.1,23.8,0,100.0,0
4546.0,17,2,1,0,1,18,86.1,88.3,20,0,0,0,59.1,23.8,0,100.0,0
4547.0,17,2,1,0,1,18,86.1,88.4,20,0,0,0,59.0,23.8,0,100.0,0
4548.0,17,2,1,0,1,18,86.1,88.4,20,0,0,0,59.0,23.8,0,100.0,0
4549.0,17,2,1,0,1,18,86.1,88.4,20,0,0,0,58.9,23.8,0,100.0,0
4550.0,17,2,1,0,1,18,86.1,88.4,20,0,0,0,58.9,23.8,0,100.0,0
4551.0,17,2,1,0,1,18,86.1,88.5,20,0,0,0,58.8,23.8,0,100.0,0
4552.0,17,2,1,0,1,18,86.1,88.5,20,0,0,0,58.8,23.8,0,100.0,0
4553.0,17,2,1,0,1,18,86.1,88.5,20,0,0,0,58.8,23.8,0,100.0,0
4554.0,17,2,1,0,1,18,86.1,88.5,20,0,0,0,58.7,23.8,0,100.0,0
4555.0,17,2,1,0,1,18,86.1,88.6,20,0,0,0,58.7,23.8,0,100.0,0
4556.0,17,2,1,0,1,18,86.1,88.6,20,0,0,0,58.6,23.8,0,100.0,0
4557.0,17,2,1,0,1,18,86.1,88.6,20,0,0,0,58.6,23.8,0,100.0,0
4558.0,17,2,1,0,1,18,86.8,88.6,19,0,0,0,58.5,23.8,0,100.0,0
4559.0,17,2,1,0,1,18,86.8,88.7,19,0,0,0,58.5,23.8,0,100.0,0
4560.0,17,2,1,0,1,18,86.8,88.7,19,0,0,0,58.5,23.8,0,100.0,0
4561.0,17,2,1,0,1,18,86.8,88.7,19,0,0,0,58.4,23.8,0,100.0,0
4562.0,17,1,2,0,1,19,87.5,88.7,18,0,0,0,58.4,23.8,0,100.0,0
4563.0,17,1,2,0,1,19,87.5,88.7,18,0,0,0,58.3,23.8,0,100.0,0
4564.0,17,1,2,0,1,19,87.5,88.7,18,0,0,0,58.3,23.8,0,100.0,0
4565.0,17,1,2,0,1,19,87.5,88.8,18,0,0,0,58.2,23.8,0,100.0,0
4566.0,17,1,2,0,1,19,88.2,88.8,17,0,0,0,58.2,23.8,0,100.0,0
4567.0,17,1,2,0,1,19,88.9,88.8,16,0,0,0,58.2,23.8,0,100.0,0
4568.0,17,1,2,0,1,19,89.6,88.8,15,0,0,0,58.1,23.8,0,100.0,0
4569.0,17,1,2,0,1,19,89.6,88.8,15,0,0,0,58.1,23.8,0,100.0,0
4570.0,17,1,2,0,1,19,89.6,88.8,15,0,0,0,58.0,23.8,0,100.0,0
4571.0,17,1,2,0,1,19,89.6,88.8,15,0,0,0,58.0,23.8,0,100.0,0
4572.0,17,2,1,0,1,18,89.6,88.8,15,0,0,0,61.6,24.1,0,100.0,0
4573.0,17,2,1,0,1,18,90.3,88.8,14,0,0,0,61.5,24.1,0,100.0,0
4574.0,17,2,1,0,1,18,90.3,88.8,14,0,0,0,61.5,24.1,0,100.0,0
4575.0,17,2,1,0,1,18,90.3,88.9,14,0,0,0,61.4,24.1,0,100.0,0
4576.0,17,2,1,0,1,18,90.3,88.9,14,0,0,0,61.4,24.1,0,100.0,0
4577.0,17,2,1,0,1,18,91.0,88.9,13,0,0,0,61.4,24.1,0,100.0,0
4578.0,17,2,1,0,1,18,91.0,88.9,13,0,0,0,61.3,24.1,0,100.0,0
4579.0,17,2,1,0,1,18,91.7,88.9,12,0,0,0,61.3,24.1,0,100.0,0
4580.0,17,2,1,0,1,18,91.7,88.9,12,0,0,0,61.2,24.1,0,100.0,0
4581.0,17,2,1,0,1,18,91.7,88.9,12,0,0,0,61.2,24.1,0,100.0,0
4582.0,17,2,1,0,1,18,91.7,88.9,12,0,0,0,61.1,24.1,0,100.0,0
4583.0,17,2,1,0,1,18,91.7,88.9,12,0,0,0,61.1,24.1,0,100.0,0
4584.0,17,2,1,0,1,18,91.7,88.9,12,0,0,0,61.1,24.1,0,100.0,0
4585.0,17,2,1,0,1,18,91.7,88.9,12,0,0,0,61.0,24.1,0,100.0,0
4586.0,17,2,1,0,1,18,91.7,88.9,12,0,0,0,61.0,24.1,0,100.0,0
4587.0,17,2,1,0,1,18,92.4,89.0,11,0,0,0,60.9,24.1,0,100.0,0
4588.0,17,2,1,0,1,18,92.4,89.0,11,0,0,0,60.9,24.1,0,100.0,0
4589.0,17,2,1,0,1,18,92.4,89.0,11,0,0,0,60.9,24.1,0,100.0,0
4590.0,17,2,1,0,1,18,92.4,89.0,11,0,0,0,60.8,24.1,0,100.0,0
4591.0,17,2,1,0,1,18,92.4,89.0,11,0,0,0,60.8,24.1,0,100.0,0
4592.0,17,2,1,0,1,18,92.4,89.0,11,0,0,0,60.7,24.1,0,100.0,0
4593.0,17,2,1,0,1,18,92.4,89.0,11,0,0,0,60.7,24.1,0,100.0,0
4594.0,17,2,1,0,1,18,92.4,89.0,11,0,0,0,60.6,24.0,0,100.0,0
4595.0,17,1,2,0,1,19,92.4,89.0,11,0,0,0,60.6,24.0,0,100.0,0
4596.0,17,1,2,0,1,19,92.4,89.1,11,0,0,0,60.6,24.0,0,100.0,0
4597.0,17,1,2,0,1,19,92.4,89.1,11,0,0,0,60.5,24.0,0,100.0,0
4598.0,17,1,2,0,1,19,92.4,89.1,11,0,0,0,60.5,24.0,0,100.0,0
4599.0,17,1,2,0,1,19,92.4,89.1,11,0,0,0,60.4,24.0,0,100.0,0
4600.0,17,1,2,0,1,19,92.4,89.1,11,0,0,0,60.4,24.0,0,100.0,0
4601.0,17,1,2,0,1,19,91.7,89.1,12,0,0,0,60.3,24.0,0,100.0,0
4602.0,17,1,2,0,1,19,91.7,89.1,12,0,0,0,60.3,24.0,0,100.0,0
4603.0,17,1,2,0,1,19,91.7,89.1,12,0,0,0,60.3,24.0,0,100.0,0
4604.0,17,1,2,0,1,19,91.0,89.1,13,0,0,0,60.2,24.0,0,100.0,0
4605.0,17,1,2,0,1,19,91.7,89.1,12,0,0,0,60.2,24.0,0,100.0,0
4606.0,17,1,2,0,1,19,91.7,89.1,12,0,0,0,60.1,24.0,0,100.0,0
4607.0,17,1,2,0,1,19,91.7,89.1,12,0,0,0,60.1,24.0,0,100.0,0
4608.0,17,1,2,0,1,19,91.7,89.1,12,0,0,0,60.0,24.0,0,100.0,0
4609.0,17,1,2,0,1,19,91.0,89.1,13,0,0,0,60.0,24.0,0,100.0,0
4610.0,17,1,2,0,1,19,91.0,89.1,13,0,0,0,60.0,24.0,0,100.0,0
4611.0,17,1,2,0,1,19,91.0,89.1,13,0,0,0,59.9,24.0,0,100.0,0
4612.0,17,1,2,0,1,19,91.0,89.1,13,0,0,0,59.9,24.0,0,100.0,0
4613.0,17,1,2,0,1,19,91.0,89.1,13,0,0,0,59.8,24.0,0,100.0,0
4614.0,17,1,2,0,1,19,92.4,89.2,11,0,0,0,59.8,24.0,0,100.0,0
4615.0,17,1,2,0,1,19,92.4,89.2,11,0,0,0,59.7,24.0,0,100.0,0
4616.0,17,1,2,0,1,19,91.7,89.2,12,0,0,0,59.7,24.0,0,100.0,0
4617.0,17,1,2,0,1,19,91.7,89.2,12,0,0,0,59.7,24.0,0,100.0,0
4618.0,17,1,2,0,1,19,91.0,89.2,13,0,0,0,59.6,24.0,0,100.0,0
4619.0,17,1,2,0,1,19,91.0,89.2,13,0,0,0,59.6,24.0,0,100.0,0
4620.0,17,1,2,0,1,19,91.7,89.2,12,0,0,0,59.5,24.0,0,100.0,0
4621.0,17,1,2,0,1,19,91.7,89.2,12,0,0,0,59.5,24.0,0,100.0,0
4622.0,17,2,1,0,1,18,91.7,89.2,12,0,0,0,63.1,24.0,0,100.0,0
4623.0,17,2,1,0,1,18,91.7,89.2,12,0,0,0,63.0,24.0,0,100.0,0
4624.0,17,2,1,0,1,18,92.4,89.2,11,0,0,0,63.0,24.0,0,100.0,0
4625.0,17,2,1,0,1,18,92.4,89.2,11,0,0,0,62.9,24.0,0,100.0,0
4626.0,17,2,1,0,1,18,92.4,89.2,11,0,0,0,62.9,24.0,0,100.0,0
4627.0,17,2,1,0,1,18,92.4,89.2,11,0,0,0,62.8,24.0,0,100.0,0
4628.0,17,2,1,0,1,18,92.4,89.2,11,0,0,0,62.8,24.0,0,100.0,0
4629.0,17,2,1,0,1,18,93.1,89.2,10,0,0,0,62.8,24.0,0,100.0,0
4630.0,17,2,1,0,1,18,93.1,89.2,10,0,0,0,62.7,24.0,0,100.0,0
4631.0,17,2,1,0,1,18,93.1,89.2,10,0,0,0,62.7,24.0,0,100.0,0
4632.0,17,2,1,0,1,18,93.1,89.2,10,0,0,0,62.6,24.0,0,100.0,0
4633.0,17,2,1,0,1,18,93.8,89.3,9,0,0,0,62.6,24.0,0,100.0,0
4634.0,17,2,1,0,1,18,93.8,89.3,9,0,0,0,62.6,24.0,0,100.0,0
4635.0,17,2,1,0,1,18,93.8,89.3,9,0,0,0,62.5,24.0,0,100.0,0
4636.0,17,2,1,0,1,18,93.8,89.3,9,0,0,0,62.5,24.0,0,100.0,0
4637.0,17,2,1,0,1,18,93.8,89.3,9,0,0,0,62.4,24.0,0,100.0,0
4638.0,17,2,1,0,1,18,93.8,89.3,9,0,0,0,62.4,24.0,0,100.0,0
4639.0,17,2,1,0,1,18,93.8,89.3,9,0,0,0,62.3,24.0,0,100.0,0
4640.0,17,2,1,0,1,18,93.8,89.4,9,0,0,0,62.3,24.0,0,100.0,0
4641.0,17,2,1,0,1,18,94.4,89.4,8,0,0,0,62.3,24.0,0,100.0,0
4642.0,17,2,1,0,1,18,94.4,89.4,8,0,0,0,62.2,24.0,0,100.0,0
4643.0,17,2,1,0,1,18,94.4,89.4,8,0,0,0,62.2,24.0,0,100.0,0
4644.0,17,2,1,0,1,18,94.4,89.4,8,0,0,0,62.1,24.0,0,100.0,0
4645.0,17,2,1,0,1,18,94.4,89.4,8,0,0,0,62.1,24.0,0,100.0,0
4646.0,17,2,1,0,1,18,94.4,89.4,8,0,0,0,62.0,24.0,0,100.0,0
4647.0,17,2,1,0,1,18,94.4,89.5,8,0,0,0,62.0,24.0,0,100.0,0
4648.0,17,2,1,0,1,18,94.4,89.5,8,0,0,0,62.0,24.0,0,100.0,0
4649.0,17,2,1,0,1,18,94.4,89.5,8,0,0,0,61.9,24.0,0,100.0,0
4650.0,17,2,1,0,1,18,94.4,89.5,8,0,0,0,61.9,24.0,0,100.0,0
4651.0,17,2,1,0,1,18,94.4,89.5,8,0,0,0,61.8,24.0,0,100.0,0
4652.0,17,2,1,0,1,18,94.4,89.5,8,0,0,0,61.8,24.0,0,100.0,0
4653.0,17,2,1,0,1,18,94.4,89.5,8,0,0,0,61.8,24.0,0,100.0,0
4654.0,17,2,1,0,1,18,92.4,89.5,11,0,0,0,61.7,24.0,0,100.0,0
4655.0,17,3,0,0,1,17,91.7,89.5,12,0,0,0,65.3,26.7,0,100.0,0
4656.0,17,3,0,0,1,17,91.7,89.5,12,0,0,0,65.2,26.7,0,100.0,0
4657.0,17,3,0,0,1,17,91.0,89.5,13,0,0,0,65.2,26.6,0,100.0,0
4658.0,17,3,0,0,1,17,91.0,89.5,13,0,0,0,65.2,26.6,0,100.0,0
4659.0,17,3,0,0,1,17,91.0,89.5,13,0,0,0,65.1,26.5,0,100.0,0
4660.0,17,3,0,0,1,17,91.0,89.5,13,0,0,0,65.1,26.5,0,100.0,0
4661.0,17,3,0,0,1,17,90.3,89.5,14,0,0,0,65.0,26.4,0,100.0,0
4662.0,17,3,0,0,1,17,90.3,89.5,14,0,0,0,65.0,26.4,0,100.0,0
4663.0,17,3,0,0,1,17,90.3,89.5,14,0,0,0,64.9,26.3,0,100.0,0
4664.0,17,3,0,0,1,17,90.3,89.5,14,0,0,0,64.9,26.2,0,100.0,0
4665.0,17,3,0,0,1,17,90.3,89.5,14,0,0,0,64.9,26.2,0,100.0,0
4666.0,17,3,0,0,1,17,90.3,89.5,14,0,0,0,64.8,26.1,0,100.0,0
4667.0,17,3,0,0,1,17,90.3,89.5,14,0,0,0,64.8,26.1,0,100.0,0
4668.0,17,3,0,0,1,17,89.6,89.4,15,0,0,0,64.7,26.0,0,100.0,0
4669.0,17,3,0,0,1,17,89.6,89.4,15,0,0,0,64.7,26.0,0,100.0,0
4670.0,17,3,0,0,1,17,89.6,89.4,15,0,0,0,64.7,25.9,0,100.0,0
4671.0,17,3,0,0,1,17,89.6,89.4,15,0,0,0,64.6,25.9,0,100.0,0
4672.0,17,3,0,0,1,17,88.9,89.4,16,0,0,0,64.6,25.8,0,100.0,0
4673.0,17,3,0,0,1,17,88.2,89.4,17,0,0,0,64.5,25.8,0,100.0,0
4674.0,17,3,0,0,1,17,88.2,89.4,17,0,0,0,64.5,25.7,0,100.0,0
4675.0,17,3,0,0,1,17,88.9,89.4,16,0,0,0,64.4,25.7,0,100.0,0
4676.0,17,3,0,0,1,17,88.9,89.4,16,0,0,0,64.4,25.6,0,100.0,0
4677.0,17,3,0,0,1,17,88.9,89.4,16,0,0,0,64.4,25.6,0,100.0,0
4678.0,17,3,0,0,1,17,88.9,89.3,16,0,0,0,64.3,25.5,0,100.0,0
4679.0,17,3,0,0,1,17,88.2,89.3,17,0,0,0,64.3,25.5,0,100.0,0
4680.0,17,3,0,0,1,17,88.2,89.3,17,0,0,0,64.2,25.4,0,100.0,0
4681.0,17,3,0,0,1,17,88.2,89.3,17,0,0,0,64.2,25.3,0,100.0,0
4682.0,17,3,0,0,1,17,88.2,89.3,17,0,0,0,64.1,25.3,0,100.0,0
4683.0,17,3,0,0,1,17,88.2,89.3,17,0,0,0,64.1,25.2,0,100.0,0
4684.0,17,3,0,0,1,17,88.2,89.3,17,0,0,0,64.1,25.2,0,100.0,0
4685.0,17,3,0,0,1,17,88.2,89.3,17,0,0,0,64.0,25.1,0,100.0,0
4686.0,17,3,0,0,1,17,87.5,89.3,18,0,0,0,64.0,25.1,0,100.0,0
4687.0,17,3,0,0,1,17,87.5,89.3,18,0,0,0,63.9,25.0,0,100.0,0
4688.0,17,3,0,0,1,17,88.2,89.3,17,0,0,0,63.9,25.0,0,100.0,0
4689.0,17,3,0,0,1,17,88.2,89.3,17,0,0,0,63.8,24.9,0,100.0,0
4690.0,17,3,0,0,1,17,88.2,89.2,17,0,0,0,63.8,24.9,0,100.0,0
4691.0,17,3,0,0,1,17,88.2,89.2,17,0,0,0,63.8,24.8,0,100.0,0
4692.0,17,3,0,0,1,17,88.2,89.2,17,0,0,0,63.7,24.8,0,100.0,0
4693.0,17,3,0,0,1,17,87.5,89.2,18,0,0,0,63.7,24.7,0,100.0,0
4694.0,17,3,0,0,1,17,88.2,89.2,17,0,0,0,63.6,24.7,0,100.0,0
4695.0,17,3,0,0,1,17,88.2,89.2,17,0,0,0,63.6,24.6,0,100.0,0
4696.0,17,3,0,0,1,17,88.2,89.2,17,0,0,0,63.5,24.6,0,100.0,0
4697.0,17,3,0,0,1,17,88.2,89.2,17,0,0,0,63.5,24.5,0,100.0,0
4698.0,17,3,0,0,1,17,88.2,89.2,17,0,0,0,63.5,24.4,0,100.0,0
4699.0,17,3,0,0,1,17,88.2,89.2,17,0,0,0,63.4,24.4,0,100.0,0
4700.0,17,3,0,0,1,17,88.2,89.2,17,0,0,0,63.4,24.3,0,100.0,0
4701.0,17,3,0,0,1,17,87.5,89.2,18,0,0,0,63.3,24.3,0,100.0,0
4702.0,17,3,0,0,1,17,87.5,89.2,18,0,0,0,63.3,24.2,0,100.0,0
4703.0,17,3,0,0,1,17,87.5,89.2,18,0,0,0,63.2,24.2,0,100.0,0
4704.0,17,3,0,0,1,17,87.5,89.1,18,0,0,0,63.2,24.1,0,100.0,0
4705.0,17,3,0,0,1,17,86.8,89.1,19,0,0,0,63.2,24.1,0,100.0,0
4706.0,17,2,1,0,1,18,86.8,89.1,19,0,0,0,63.1,24.0,0,100.0,0
4707.0,17,2,1,0,1,18,86.8,89.1,19,0,0,0,63.1,24.0,0,100.0,0
4708.0,17,2,1,0,1,18,86.8,89.1,19,0,0,0,63.0,24.0,0,100.0,0
4709.0,17,2,1,0,1,18,86.8,89.1,19,0,0,0,63.0,24.0,0,100.0,0
4710.0,17,2,1,0,1,18,86.8,89.1,19,0,0,0,63.0,24.0,0,100.0,0
4711.0,17,2,1,0,1,18,87.5,89.1,18,0,0,0,62.9,24.0,0,100.0,0
4712.0,17,2,1,0,1,18,87.5,89.1,18,0,0,0,62.9,24.0,0,100.0,0
4713.0,17,2,1,0,1,18,87.5,89.1,18,0,0,0,62.8,24.0,0,100.0,0
4714.0,17,2,1,0,1,18,88.2,89.1,17,0,0,0,62.8,24.0,0,100.0,0
4715.0,17,2,1,0,1,18,88.2,89.1,17,0,0,0,62.7,24.0,0,100.0,0
4716.0,17,2,1,0,1,18,88.2,89.1,17,0,0,0,62.7,24.0,0,100.0,0
4717.0,17,2,1,0,1,18,88.2,89.1,17,0,0,0,62.7,24.0,0,100.0,0
4718.0,17,2,1,0,1,18,87.5,89.1,18,0,0,0,62.6,24.0,0,100.0,0
4719.0,17,2,1,0,1,18,87.5,89.1,18,0,0,0,62.6,24.0,0,100.0,0
4720.0,17,2,1,0,1,18,87.5,89.1,18,0,0,0,62.5,24.0,0,100.0,0
4721.0,17,2,1,0,1,18,87.5,89.1,18,0,0,0,62.5,24.0,0,100.0,0
4722.0,17,2,1,0,1,18,88.2,89.1,17,0,0,0,62.5,24.0,0,100.0,0
4723.0,17,2,1,0,1,18,88.2,89.1,17,0,0,0,62.4,24.0,0,100.0,0
4724.0,17,2,1,0,1,18,88.2,89.1,17,0,0,0,62.4,24.0,0,100.0,0
4725.0,17,2,1,0,1,18,88.2,89.1,17,0,0,0,62.3,24.0,0,100.0,0
4726.0,17,2,1,0,1,18,87.5,89.1,18,0,0,0,62.3,24.0,0,100.0,0
4727.0,17,2,1,0,1,18,87.5,89.1,18,0,0,0,62.2,24.0,0,100.0,0
4728.0,17,2,1,0,1,18,87.5,89.1,18,0,0,0,62.2,24.0,0,100.0,0
4729.0,17,2,1,0,1,18,87.5,89.1,18,0,0,0,62.2,24.0,0,100.0,0
4730.0,17,2,1,0,1,18,87.5,89.1,18,0,0,0,62.1,24.0,0,100.0,0
4731.0,17,2,1,0,1,18,87.5,89.1,18,0,0,0,62.1,24.0,0,100.0,0
4732.0,17,2,1,0,1,18,86.8,89.1,19,0,0,0,62.0,24.0,0,100.0,0
4733.0,17,2,1,0,1,18,86.1,89.1,20,0,0,0,62.0,24.0,0,100.0,0
4734.0,17,2,1,0,1,18,85.4,89.1,21,0,0,0,61.9,24.0,0,100.0,0
4735.0,17,2,1,0,1,18,85.4,89.1,21,0,0,0,61.9,24.0,0,100.0,0
4736.0,17,2,1,0,1,18,85.4,89.1,21,0,0,0,61.9,24.0,0,100.0,0
4737.0,17,2,1,0,1,18,84.7,89.0,22,0,0,0,61.8,24.0,0,100.0,0
4738.0,17,2,1,0,1,18,86.1,89.0,20,0,0,0,61.8,24.0,0,100.0,0
4739.0,17,2,1,0,1,18,86.1,89.0,20,0,0,0,61.7,24.0,0,100.0,0
4740.0,17,2,1,0,1,18,86.1,89.0,20,0,0,0,61.7,24.0,0,100.0,0
4741.0,17,2,1,0,1,18,85.4,89.0,21,0,0,0,61.6,24.0,0,100.0,0
4742.0,17,2,1,0,1,18,85.4,89.0,21,0,0,0,61.6,24.0,0,100.0,0
4743.0,17,2,1,0,1,18,85.4,89.0,21,0,0,0,61.6,24.0,0,100.0,0
4744.0,17,2,1,0,1,18,85.4,89.0,21,0,0,0,61.5,24.0,0,100.0,0
4745.0,17,2,1,0,1,18,85.4,89.0,21,0,0,0,61.5,24.0,0,100.0,0
4746.0,17,2,1,0,1,18,85.4,89.0,21,0,0,0,61.4,24.0,0,100.0,0
4747.0,17,2,1,0,1,18,85.4,89.0,21,0,0,0,61.4,24.0,0,100.0,0
4748.0,17,2,1,0,1,18,84.7,89.0,22,0,0,0,61.3,24.0,0,100.0,0
4749.0,17,2,1,0,1,18,84.7,89.0,22,0,0,0,61.3,24.0,0,100.0,0
4750.0,17,2,1,0,1,18,84.7,89.0,22,0,0,0,61.3,24.0,0,100.0,0
4751.0,17,2,1,0,1,18,84.7,89.0,22,0,0,0,61.2,24.0,0,100.0,0
4752.0,17,2,1,0,1,18,85.4,89.0,21,0,0,0,61.2,24.0,0,100.0,0
4753.0,17,2,1,0,1,18,85.4,89.0,21,0,0,0,61.1,24.0,0,100.0,0
4754.0,17,2,1,0,1,18,85.4,89.0,21,0,0,0,61.1,24.0,0,100.0,0
4755.0,17,2,1,0,1,18,84.7,89.0,22,0,0,0,61.0,24.0,0,100.0,0
4756.0,17,2,1,0,1,18,84.0,89.0,23,0,0,0,61.0,24.0,0,100.0,0
4757.0,17,2,1,0,1,18,84.0,89.0,23,0,0,0,61.0,24.0,0,100.0,0
4758.0,17,2,1,0,1,18,84.0,89.0,23,0,0,0,60.9,24.0,0,100.0,0
4759.0,17,2,1,0,1,18,84.0,89.0,23,0,0,0,60.9,24.0,0,100.0,0
4760.0,17,2,1,0,1,18,84.0,89.0,23,0,0,0,60.8,24.0,0,100.0,0
4761.0,17,2,1,0,1,18,84.0,89.0,23,0,0,0,60.8,24.0,0,100.0,0
4762.0,17,2,1,0,1,18,84.0,89.0,23,0,0,0,60.7,24.0,0,100.0,0
4763.0,17,2,1,0,1,18,84.0,88.9,23,0,0,0,60.7,24.0,0,100.0,0
4764.0,17,2,1,0,1,18,84.0,88.9,23,0,0,0,60.7,24.0,0,100.0,0
4765.0,17,2,1,0,1,18,84.7,88.9,22,0,0,0,60.6,24.0,0,100.0,0
4766.0,17,3,0,0,1,17,84.0,88.9,23,0,0,0,64.2,24.9,0,100.0,0
4767.0,17,3,0,0,1,17,84.0,88.9,23,0,0,0,64.2,24.9,0,100.0,0
4768.0,17,3,0,0,1,17,84.0,88.9,23,0,0,0,64.1,24.8,0,100.0,0
4769.0,17,3,0,0,1,17,84.0,88.9,23,0,0,0,64.1,24.8,0,100.0,0
4770.0,17,3,0,0,1,17,83.3,88.9,24,0,0,0,64.0,24.7,0,100.0,0
4771.0,17,3,0,0,1,17,83.3,88.9,24,0,0,0,64.0,24.7,0,100.0,0
4772.0,17,3,0,0,1,17,83.3,88.9,24,0,0,0,63.9,24.6,0,100.0,0
4773.0,17,3,0,0,1,17,83.3,88.9,24,0,0,0,63.9,24.6,0,100.0,0
4774.0,17,3,0,0,1,17,83.3,88.9,24,0,0,0,63.9,24.5,0,100.0,0
4775.0,17,3,0,0,1,17,83.3,88.9,24,0,0,0,63.8,24.5,0,100.0,0
4776.0,17,3,0,0,1,17,82.6,88.9,25,0,0,0,63.8,24.4,0,100.0,0
4777.0,17,3,0,0,1,17,82.6,88.8,25,0,0,0,63.7,24.4,0,100.0,0
4778.0,17,3,0,0,1,17,82.6,88.8,25,0,0,0,63.7,24.3,0,100.0,0
4779.0,17,3,0,0,1,17,82.6,88.8,25,0,0,0,63.6,24.2,0,100.0,0
4780.0,17,3,0,0,1,17,82.6,88.8,25,0,0,0,63.6,24.2,0,100.0,0
4781.0,17,3,0,0,1,17,82.6,88.8,25,0,0,0,63.6,24.1,0,100.0,0
4782.0,17,3,0,0,1,17,82.6,88.8,25,0,0,0,63.5,24.1,0,100.0,0
4783.0,17,2,1,0,1,18,82.6,88.8,25,0,0,0,63.5,24.0,0,100.0,0
4784.0,17,2,1,0,1,18,82.6,88.8,25,0,0,0,63.4,24.0,0,100.0,0
4785.0,17,2,1,0,1,18,82.6,88.7,25,0,0,0,63.4,24.0,0,100.0,0
4786.0,17,2,1,0,1,18,82.6,88.7,25,0,0,0,63.3,24.0,0,100.0,0
4787.0,17,2,1,0,1,18,82.6,88.7,25,0,0,0,63.3,24.0,0,100.0,0
4788.0,17,2,1,0,1,18,82.6,88.7,25,0,0,0,63.3,24.0,0,100.0,0
4789.0,17,2,1,0,1,18,82.6,88.7,25,0,0,0,63.2,24.0,0,100.0,0
4790.0,17,2,1,0,1,18,82.6,88.7,25,0,0,0,63.2,24.0,0,100.0,0
4791.0,17,2,1,0,1,18,81.9,88.6,26,0,0,0,63.1,24.0,0,100.0,0
4792.0,17,2,1,0,1,18,81.9,88.6,26,0,0,0,63.1,24.0,0,100.0,0
4793.0,17,2,1,0,1,18,81.9,88.6,26,0,0,0,63.0,24.0,0,100.0,0
4794.0,17,2,1,0,1,18,81.9,88.6,26,0,0,0,63.0,24.0,0,100.0,0
4795.0,17,2,1,0,1,18,81.9,88.6,26,0,0,0,63.0,24.0,0,100.0,0
4796.0,17,2,1,0,1,18,81.9,88.6,26,0,0,0,62.9,24.0,0,100.0,0
4797.0,17,2,1,0,1,18,81.9,88.5,26,0,0,0,62.9,24.0,0,100.0,0
4798.0,17,2,1,0,1,18,82.6,88.5,25,0,0,0,62.8,24.0,0,100.0,0
4799.0,17,2,1,0,1,18,82.6,88.5,25,0,0,0,62.8,24.0,0,100.0,0
4800.0,17,2,1,0,1,18,82.6,88.5,25,0,0,0,62.8,24.0,0,100.0,0
